Operation_Type,Operation,Input_Shapes,Predicted_result,Kernel_Name,Actual_Duration_us,Error_Percentage,M,K,N
matmul,linear,"[(128, 128), (128, 128)]",510,matmul_linear_1,1.3068839,38924.12448420246,128,128,128
matmul,linear,"[(256, 128), (128, 128)]",638,matmul_linear_2,1.5885357,40062.77380483171,256,128,128
matmul,linear,"[(384, 128), (128, 128)]",766,matmul_linear_3,1.6233214,47087.205195471455,384,128,128
matmul,linear,"[(512, 128), (128, 128)]",894,matmul_linear_4,1.7705803,50391.92064319251,512,128,128
matmul,linear,"[(640, 128), (128, 128)]",1022,matmul_linear_5,1.9364375000000005,52677.32950327599,640,128,128
matmul,linear,"[(768, 128), (128, 128)]",1150,matmul_linear_6,2.1204286,54134.318476934335,768,128,128
matmul,linear,"[(896, 128), (128, 128)]",1278,matmul_linear_7,2.3604644,54041.88835044493,896,128,128
matmul,linear,"[(1024, 128), (128, 128)]",1406,matmul_linear_8,2.4382947,57563.25128787756,1024,128,128
matmul,linear,"[(1152, 128), (128, 128)]",1534,matmul_linear_9,2.5858662,59222.48157309918,1152,128,128
matmul,linear,"[(1280, 128), (128, 128)]",1662,matmul_linear_10,2.8697144,57815.17093129546,1280,128,128
matmul,linear,"[(1408, 128), (128, 128)]",1790,matmul_linear_11,2.9287144,61018.96742133681,1408,128,128
matmul,linear,"[(1536, 128), (128, 128)]",1918,matmul_linear_12,3.0945713,61879.50585271699,1536,128,128
matmul,linear,"[(1664, 128), (128, 128)]",2046,matmul_linear_13,3.3279912000000005,61378.52794803063,1664,128,128
matmul,linear,"[(1792, 128), (128, 128)]",2174,matmul_linear_14,3.5464106,61201.418397520014,1792,128,128
matmul,linear,"[(1920, 128), (128, 128)]",2302,matmul_linear_15,3.5340001,65038.65124112475,1920,128,128
matmul,linear,"[(2048, 128), (128, 128)]",2430,matmul_linear_16,3.7297322,65052.13076155977,2048,128,128
matmul,linear,"[(128, 128), (128, 256)]",638,matmul_linear_17,1.4648838999999998,43452.93958790864,128,128,256
matmul,linear,"[(256, 128), (128, 256)]",1276,matmul_linear_18,1.7524376,72712.8636363429,256,128,256
matmul,linear,"[(384, 128), (128, 256)]",1532,matmul_linear_19,2.117982,72233.00377434747,384,128,256
matmul,linear,"[(512, 128), (128, 256)]",1788,matmul_linear_20,2.4354374000000005,73315.97037148233,512,128,256
matmul,linear,"[(640, 128), (128, 256)]",2044,matmul_linear_21,2.759,73984.81333816602,640,128,256
matmul,linear,"[(768, 128), (128, 256)]",2300,matmul_linear_22,3.0558572000000006,75165.29708259927,768,128,256
matmul,linear,"[(896, 128), (128, 256)]",2556,matmul_linear_23,3.3742768999999995,75649.56281744395,896,128,256
matmul,linear,"[(1024, 128), (128, 256)]",2812,matmul_linear_24,3.7050092,75797.24743463524,1024,128,256
matmul,linear,"[(1152, 128), (128, 256)]",3068,matmul_linear_25,3.6954376,82921.29090205718,1152,128,256
matmul,linear,"[(1280, 128), (128, 256)]",3324,matmul_linear_26,4.0297499000000006,82386.50865404823,1280,128,256
matmul,linear,"[(1408, 128), (128, 256)]",3580,matmul_linear_27,4.2724019,83693.61501547876,1408,128,256
matmul,linear,"[(1536, 128), (128, 256)]",3836,matmul_linear_28,4.5041339,85066.20698154643,1536,128,256
matmul,linear,"[(1664, 128), (128, 256)]",4092,matmul_linear_29,4.7566875,85926.25251290946,1664,128,256
matmul,linear,"[(1792, 128), (128, 256)]",4348,matmul_linear_30,5.131259099999999,84635.53791115324,1792,128,256
matmul,linear,"[(1920, 128), (128, 256)]",4604,matmul_linear_31,5.335125,86196.00993416276,1920,128,256
matmul,linear,"[(2048, 128), (128, 256)]",4860,matmul_linear_32,5.589580199999999,86847.49562766808,2048,128,256
matmul,linear,"[(128, 128), (128, 384)]",766,matmul_linear_33,1.6605625,46028.94726937408,128,128,384
matmul,linear,"[(256, 128), (128, 384)]",1532,matmul_linear_34,1.7659821,86650.59616968938,256,128,384
matmul,linear,"[(384, 128), (128, 384)]",2298,matmul_linear_35,2.6000178,88284.01029408339,384,128,384
matmul,linear,"[(512, 128), (128, 384)]",2682,matmul_linear_36,2.980134,89895.95320210434,512,128,384
matmul,linear,"[(640, 128), (128, 384)]",3066,matmul_linear_37,3.4344373,89172.26594004207,640,128,384
matmul,linear,"[(768, 128), (128, 384)]",3450,matmul_linear_38,3.772125,91360.38373595785,768,128,384
matmul,linear,"[(896, 128), (128, 384)]",3834,matmul_linear_39,4.1821251,91575.88028392552,896,128,384
matmul,linear,"[(1024, 128), (128, 384)]",4218,matmul_linear_40,4.5428481,92749.2414263202,1024,128,384
matmul,linear,"[(1152, 128), (128, 384)]",4602,matmul_linear_41,4.8546965,94694.80334146532,1152,128,384
matmul,linear,"[(1280, 128), (128, 384)]",4986,matmul_linear_42,5.26525,94596.35819761644,1280,128,384
matmul,linear,"[(1408, 128), (128, 384)]",5370,matmul_linear_43,5.6114554,95597.09847466668,1408,128,384
matmul,linear,"[(1536, 128), (128, 384)]",5754,matmul_linear_44,6.0463752,95064.45489522384,1536,128,384
matmul,linear,"[(1664, 128), (128, 384)]",6138,matmul_linear_45,6.413874900000001,95598.7795318552,1664,128,384
matmul,linear,"[(1792, 128), (128, 384)]",6522,matmul_linear_46,6.7675804,96271.22301494933,1792,128,384
matmul,linear,"[(1920, 128), (128, 384)]",6906,matmul_linear_47,6.9274551,99590.2888623558,1920,128,384
matmul,linear,"[(2048, 128), (128, 384)]",7290,matmul_linear_48,7.2010178,101135.68921048912,2048,128,384
matmul,linear,"[(128, 128), (128, 512)]",894,matmul_linear_49,1.7757499,50244.9275148488,128,128,512
matmul,linear,"[(256, 128), (128, 512)]",1788,matmul_linear_50,2.3825716,74944.96402122817,256,128,512
matmul,linear,"[(384, 128), (128, 512)]",2682,matmul_linear_51,2.9018483,92323.85275618992,384,128,512
matmul,linear,"[(512, 128), (128, 512)]",3576,matmul_linear_52,3.4267232,104256.25497851708,512,128,512
matmul,linear,"[(640, 128), (128, 512)]",4088,matmul_linear_53,3.9976161,102160.94496667651,640,128,512
matmul,linear,"[(768, 128), (128, 512)]",4600,matmul_linear_54,4.500848,102102.96264170665,768,128,512
matmul,linear,"[(896, 128), (128, 512)]",5112,matmul_linear_55,5.0251606,101628.09203351632,896,128,512
matmul,linear,"[(1024, 128), (128, 512)]",5624,matmul_linear_56,5.546285800000001,101301.19356993826,1024,128,512
matmul,linear,"[(1152, 128), (128, 512)]",6136,matmul_linear_57,6.072875,100939.45824671182,1152,128,512
matmul,linear,"[(1280, 128), (128, 512)]",6648,matmul_linear_58,6.7312678,98662.97003069764,1280,128,512
matmul,linear,"[(1408, 128), (128, 512)]",7160,matmul_linear_59,6.7788657,105522.39048341084,1408,128,512
matmul,linear,"[(1536, 128), (128, 512)]",7672,matmul_linear_60,7.244982500000001,105793.975589313,1536,128,512
matmul,linear,"[(1664, 128), (128, 512)]",8184,matmul_linear_61,7.774571499999999,105166.2516512968,1664,128,512
matmul,linear,"[(1792, 128), (128, 512)]",8696,matmul_linear_62,8.1812587,106191.71278986691,1792,128,512
matmul,linear,"[(1920, 128), (128, 512)]",9208,matmul_linear_63,8.6668573,106143.8168908123,1920,128,512
matmul,linear,"[(2048, 128), (128, 512)]",9720,matmul_linear_64,9.1431607,106208.97037607575,2048,128,512
matmul,linear,"[(128, 128), (128, 640)]",1022,matmul_linear_65,1.9366874,52670.51939306261,128,128,640
matmul,linear,"[(256, 128), (128, 640)]",2044,matmul_linear_66,2.4362857,83798.2061914988,256,128,640
matmul,linear,"[(384, 128), (128, 640)]",3066,matmul_linear_67,3.2397232,94537.71472822124,384,128,640
matmul,linear,"[(512, 128), (128, 640)]",4088,matmul_linear_68,3.8621341,105748.21485095508,512,128,640
matmul,linear,"[(640, 128), (128, 640)]",5110,matmul_linear_69,4.7876873,106632.1167779692,640,128,640
matmul,linear,"[(768, 128), (128, 640)]",5750,matmul_linear_70,5.4094465,106195.5331936456,768,128,640
matmul,linear,"[(896, 128), (128, 640)]",6390,matmul_linear_71,6.0128839,106171.80079096487,896,128,640
matmul,linear,"[(1024, 128), (128, 640)]",7030,matmul_linear_72,6.582848200000001,106692.67980081934,1024,128,640
matmul,linear,"[(1152, 128), (128, 640)]",7670,matmul_linear_73,7.230553500000001,105977.63292256948,1152,128,640
matmul,linear,"[(1280, 128), (128, 640)]",8310,matmul_linear_74,7.6281342,108838.82805575184,1280,128,640
matmul,linear,"[(1408, 128), (128, 640)]",8950,matmul_linear_75,8.196428500000001,109093.9007337159,1408,128,640
matmul,linear,"[(1536, 128), (128, 640)]",9590,matmul_linear_76,8.5944197,111484.0316711552,1536,128,640
matmul,linear,"[(1664, 128), (128, 640)]",10230,matmul_linear_77,9.222276699999998,110827.0555718633,1664,128,640
matmul,linear,"[(1792, 128), (128, 640)]",10870,matmul_linear_78,9.7810001,111033.82976041478,1792,128,640
matmul,linear,"[(1920, 128), (128, 640)]",11510,matmul_linear_79,10.1972409,112773.669582524,1920,128,640
matmul,linear,"[(2048, 128), (128, 640)]",12150,matmul_linear_80,10.698866,113463.43747084972,2048,128,640
matmul,linear,"[(128, 128), (128, 768)]",1150,matmul_linear_81,1.8575536,61809.38447213582,128,128,768
matmul,linear,"[(256, 128), (128, 768)]",2300,matmul_linear_82,2.8963036000000004,79311.56445063285,256,128,768
matmul,linear,"[(384, 128), (128, 768)]",3450,matmul_linear_83,3.5908573,95977.33506981746,384,128,768
matmul,linear,"[(512, 128), (128, 768)]",4600,matmul_linear_84,4.3934105,104602.2580749056,512,128,768
matmul,linear,"[(640, 128), (128, 768)]",5750,matmul_linear_85,5.0445714,113883.91546207474,640,128,768
matmul,linear,"[(768, 128), (128, 768)]",6900,matmul_linear_86,6.0084554,114738.16622821234,768,128,768
matmul,linear,"[(896, 128), (128, 768)]",7668,matmul_linear_87,6.7555447,113406.76134227934,896,128,768
matmul,linear,"[(1024, 128), (128, 768)]",8436,matmul_linear_88,7.1375625,118091.60953056451,1024,128,768
matmul,linear,"[(1152, 128), (128, 768)]",9204,matmul_linear_89,7.832285799999999,117413.58715740433,1152,128,768
matmul,linear,"[(1280, 128), (128, 768)]",9972,matmul_linear_90,8.4817053,117470.69654377169,1280,128,768
matmul,linear,"[(1408, 128), (128, 768)]",10740,matmul_linear_91,9.1632946,117106.7522526232,1408,128,768
matmul,linear,"[(1536, 128), (128, 768)]",11508,matmul_linear_92,9.780705299999996,117560.22640514486,1536,128,768
matmul,linear,"[(1664, 128), (128, 768)]",12276,matmul_linear_93,10.4324107,117571.74771982472,1664,128,768
matmul,linear,"[(1792, 128), (128, 768)]",13044,matmul_linear_94,11.1091338,117316.8952758495,1792,128,768
matmul,linear,"[(1920, 128), (128, 768)]",13812,matmul_linear_95,11.7725624,117223.65079670335,1920,128,768
matmul,linear,"[(2048, 128), (128, 768)]",14580,matmul_linear_96,12.4181339,117308.9449945454,2048,128,768
matmul,linear,"[(128, 128), (128, 896)]",1278,matmul_linear_97,2.0951071,60899.26824743232,128,128,896
matmul,linear,"[(256, 128), (128, 896)]",2556,matmul_linear_98,3.0141158,84700.98873440761,256,128,896
matmul,linear,"[(384, 128), (128, 896)]",3834,matmul_linear_99,3.842286000000001,99684.34713084863,384,128,896
matmul,linear,"[(512, 128), (128, 896)]",5112,matmul_linear_100,4.7151427,108316.6551311374,512,128,896
matmul,linear,"[(640, 128), (128, 896)]",6390,matmul_linear_101,5.5773038,114471.48882583732,640,128,896
matmul,linear,"[(768, 128), (128, 896)]",7668,matmul_linear_102,6.428419600000001,119182.81719506922,768,128,896
matmul,linear,"[(896, 128), (128, 896)]",8946,matmul_linear_103,7.972821400000001,112106.20093157986,896,128,896
matmul,linear,"[(1024, 128), (128, 896)]",9842,matmul_linear_104,8.659982,113549.19696137938,1024,128,896
matmul,linear,"[(1152, 128), (128, 896)]",10738,matmul_linear_105,9.3209909,115102.34399113082,1152,128,896
matmul,linear,"[(1280, 128), (128, 896)]",11634,matmul_linear_106,10.048277,115681.04385458324,1280,128,896
matmul,linear,"[(1408, 128), (128, 896)]",12530,matmul_linear_107,10.736294699999998,116606.9305577091,1408,128,896
matmul,linear,"[(1536, 128), (128, 896)]",13426,matmul_linear_108,11.4320268,117341.99200092848,1536,128,896
matmul,linear,"[(1664, 128), (128, 896)]",14322,matmul_linear_109,12.115536,118111.85624804384,1664,128,896
matmul,linear,"[(1792, 128), (128, 896)]",15218,matmul_linear_110,12.750410699999998,119253.01817375972,1792,128,896
matmul,linear,"[(1920, 128), (128, 896)]",16114,matmul_linear_111,13.5220089,119068.68358221537,1920,128,896
matmul,linear,"[(2048, 128), (128, 896)]",17010,matmul_linear_112,14.1335714,120251.74633921616,2048,128,896
matmul,linear,"[(128, 128), (128, 1024)]",1406,matmul_linear_113,2.4091159,58261.65873132131,128,128,1024
matmul,linear,"[(256, 128), (128, 1024)]",2812,matmul_linear_114,3.272143,85837.56446463373,256,128,1024
matmul,linear,"[(384, 128), (128, 1024)]",4218,matmul_linear_115,4.171562400000001,101013.1944232693,384,128,1024
matmul,linear,"[(512, 128), (128, 1024)]",5624,matmul_linear_116,5.1178483,109789.93167304312,512,128,1024
matmul,linear,"[(640, 128), (128, 1024)]",7030,matmul_linear_117,6.114294599999999,114876.46842204824,640,128,1024
matmul,linear,"[(768, 128), (128, 1024)]",8436,matmul_linear_118,7.0535357,119499.59315155944,768,128,1024
matmul,linear,"[(896, 128), (128, 1024)]",9842,matmul_linear_119,8.0115537,122747.58198650031,896,128,1024
matmul,linear,"[(1024, 128), (128, 1024)]",11248,matmul_linear_120,8.8960268,126338.46801360809,1024,128,1024
matmul,linear,"[(1152, 128), (128, 1024)]",12272,matmul_linear_121,9.6988482,126430.48843469888,1152,128,1024
matmul,linear,"[(1280, 128), (128, 1024)]",13296,matmul_linear_122,10.5354286,126102.74413895229,1280,128,1024
matmul,linear,"[(1408, 128), (128, 1024)]",14320,matmul_linear_123,11.316018,126446.28156300208,1408,128,1024
matmul,linear,"[(1536, 128), (128, 1024)]",15344,matmul_linear_124,12.2232766,125430.98896575734,1536,128,1024
matmul,linear,"[(1664, 128), (128, 1024)]",16368,matmul_linear_125,12.9927235,125878.20618594709,1664,128,1024
matmul,linear,"[(1792, 128), (128, 1024)]",17392,matmul_linear_126,13.837437499999998,125588.01123762982,1792,128,1024
matmul,linear,"[(1920, 128), (128, 1024)]",18416,matmul_linear_127,14.6497143,125608.93618041412,1920,128,1024
matmul,linear,"[(2048, 128), (128, 1024)]",19440,matmul_linear_128,15.4598571,125645.0173973471,2048,128,1024
matmul,linear,"[(128, 128), (128, 1152)]",1534,matmul_linear_129,2.5609823,59798.89114032534,128,128,1152
matmul,linear,"[(256, 128), (128, 1152)]",3068,matmul_linear_130,3.747410700000001,81769.86283622448,256,128,1152
matmul,linear,"[(384, 128), (128, 1152)]",4602,matmul_linear_131,4.935687499999999,93139.2903724152,384,128,1152
matmul,linear,"[(512, 128), (128, 1152)]",6136,matmul_linear_132,6.0350176,101573.2743248338,512,128,1152
matmul,linear,"[(640, 128), (128, 1152)]",7670,matmul_linear_133,7.0682767,108413.01279702308,640,128,1152
matmul,linear,"[(768, 128), (128, 1152)]",9204,matmul_linear_134,8.1211161,113234.17582836922,768,128,1152
matmul,linear,"[(896, 128), (128, 1152)]",10738,matmul_linear_135,9.1251341,117574.98299011296,896,128,1152
matmul,linear,"[(1024, 128), (128, 1152)]",12272,matmul_linear_136,10.1907231,120323.25043646804,1024,128,1152
matmul,linear,"[(1152, 128), (128, 1152)]",13806,matmul_linear_137,11.6223123,118688.75428257076,1152,128,1152
matmul,linear,"[(1280, 128), (128, 1152)]",14958,matmul_linear_138,12.420857000000002,120326.472988136,1280,128,1152
matmul,linear,"[(1408, 128), (128, 1152)]",16110,matmul_linear_139,13.2935805,121086.31244607124,1408,128,1152
matmul,linear,"[(1536, 128), (128, 1152)]",17262,matmul_linear_140,14.185294800000005,121589.39908108216,1536,128,1152
matmul,linear,"[(1664, 128), (128, 1152)]",18414,matmul_linear_141,15.066589400000002,122117.44092926562,1664,128,1152
matmul,linear,"[(1792, 128), (128, 1152)]",19566,matmul_linear_142,15.9648571,122456.6873379656,1792,128,1152
matmul,linear,"[(1920, 128), (128, 1152)]",20718,matmul_linear_143,16.7749911,123405.28162128205,1920,128,1152
matmul,linear,"[(2048, 128), (128, 1152)]",21870,matmul_linear_144,17.6991606,123465.18195557815,2048,128,1152
matmul,linear,"[(128, 128), (128, 1280)]",1662,matmul_linear_145,2.5935894,63981.07621044411,128,128,1280
matmul,linear,"[(256, 128), (128, 1280)]",3324,matmul_linear_146,4.1569818000000005,79861.86079044176,256,128,1280
matmul,linear,"[(384, 128), (128, 1280)]",4986,matmul_linear_147,5.309151699999999,93813.3082221026,384,128,1280
matmul,linear,"[(512, 128), (128, 1280)]",6648,matmul_linear_148,6.475571700000001,102562.75022481798,512,128,1280
matmul,linear,"[(640, 128), (128, 1280)]",8310,matmul_linear_149,7.6007054,109231.95753120494,640,128,1280
matmul,linear,"[(768, 128), (128, 1280)]",9972,matmul_linear_150,8.773392699999999,113561.84486418804,768,128,1280
matmul,linear,"[(896, 128), (128, 1280)]",11634,matmul_linear_151,9.9355804,116994.31690573404,896,128,1280
matmul,linear,"[(1024, 128), (128, 1280)]",13296,matmul_linear_152,11.0363125,120375.02279407185,1024,128,1280
matmul,linear,"[(1152, 128), (128, 1280)]",14958,matmul_linear_153,12.1565981,122944.29147822202,1152,128,1280
matmul,linear,"[(1280, 128), (128, 1280)]",16620,matmul_linear_154,12.690830299999998,130860.6984501243,1280,128,1280
matmul,linear,"[(1408, 128), (128, 1280)]",17900,matmul_linear_155,13.6909999,130642.82470778484,1408,128,1280
matmul,linear,"[(1536, 128), (128, 1280)]",19180,matmul_linear_156,14.7247321,130157.03876812808,1536,128,1280
matmul,linear,"[(1664, 128), (128, 1280)]",20460,matmul_linear_157,15.770598199999998,129635.09146913656,1664,128,1280
matmul,linear,"[(1792, 128), (128, 1280)]",21740,matmul_linear_158,16.721017800000002,129916.00895371332,1792,128,1280
matmul,linear,"[(1920, 128), (128, 1280)]",23020,matmul_linear_159,17.6871339,130051.1037918925,1920,128,1280
matmul,linear,"[(2048, 128), (128, 1280)]",24300,matmul_linear_160,18.7801517,129291.92605137476,2048,128,1280
matmul,linear,"[(128, 128), (128, 1408)]",1790,matmul_linear_161,2.8118840000000005,63558.3870458383,128,128,1408
matmul,linear,"[(256, 128), (128, 1408)]",3580,matmul_linear_162,4.3484105,82228.93375636915,256,128,1408
matmul,linear,"[(384, 128), (128, 1408)]",5370,matmul_linear_163,5.57475,96227.18956006996,384,128,1408
matmul,linear,"[(512, 128), (128, 1408)]",7160,matmul_linear_164,6.889107,103832.1932436236,512,128,1408
matmul,linear,"[(640, 128), (128, 1408)]",8950,matmul_linear_165,8.1358394,109907.08789802316,640,128,1408
matmul,linear,"[(768, 128), (128, 1408)]",10740,matmul_linear_166,9.3992769,114164.10897629795,768,128,1408
matmul,linear,"[(896, 128), (128, 1408)]",12530,matmul_linear_167,10.656152,117484.65907768582,896,128,1408
matmul,linear,"[(1024, 128), (128, 1408)]",14320,matmul_linear_168,11.907410700000002,120161.2420179645,1024,128,1408
matmul,linear,"[(1152, 128), (128, 1408)]",16110,matmul_linear_169,12.871294699999998,125062.23406803048,1152,128,1408
matmul,linear,"[(1280, 128), (128, 1408)]",17900,matmul_linear_170,13.9069998,128612.1611952565,1280,128,1408
matmul,linear,"[(1408, 128), (128, 1408)]",19690,matmul_linear_171,15.9083126,123671.76948358431,1408,128,1408
matmul,linear,"[(1536, 128), (128, 1408)]",21098,matmul_linear_172,16.900321400000003,124737.86255094533,1536,128,1408
matmul,linear,"[(1664, 128), (128, 1408)]",22506,matmul_linear_173,17.9765893,125096.16276709398,1664,128,1408
matmul,linear,"[(1792, 128), (128, 1408)]",23914,matmul_linear_174,18.9940267,125802.7397281694,1792,128,1408
matmul,linear,"[(1920, 128), (128, 1408)]",25322,matmul_linear_175,20.6276876,122657.3370851321,1920,128,1408
matmul,linear,"[(2048, 128), (128, 1408)]",26730,matmul_linear_176,21.127732100000003,126416.18201841928,2048,128,1408
matmul,linear,"[(128, 128), (128, 1536)]",1918,matmul_linear_177,2.9061519,65897.92667410124,128,128,1536
matmul,linear,"[(256, 128), (128, 1536)]",3836,matmul_linear_178,4.403294600000001,87016.58765688763,256,128,1536
matmul,linear,"[(384, 128), (128, 1536)]",5754,matmul_linear_179,5.930830300000001,96918.4562522384,384,128,1536
matmul,linear,"[(512, 128), (128, 1536)]",7672,matmul_linear_180,7.2633036,105526.86654045412,512,128,1536
matmul,linear,"[(640, 128), (128, 1536)]",9590,matmul_linear_181,8.7831431,109086.42552914798,640,128,1536
matmul,linear,"[(768, 128), (128, 1536)]",11508,matmul_linear_182,10.1309824,113492.1428508256,768,128,1536
matmul,linear,"[(896, 128), (128, 1536)]",13426,matmul_linear_183,11.5428305,116214.62490937556,896,128,1536
matmul,linear,"[(1024, 128), (128, 1536)]",15344,matmul_linear_184,12.849991,119308.64394379732,1024,128,1536
matmul,linear,"[(1152, 128), (128, 1536)]",17262,matmul_linear_185,14.275990899999996,120816.30010775644,1152,128,1536
matmul,linear,"[(1280, 128), (128, 1536)]",19180,matmul_linear_186,15.6433925,122507.67605236526,1280,128,1536
matmul,linear,"[(1408, 128), (128, 1536)]",21098,matmul_linear_187,17.020428599999995,123856.92550303935,1408,128,1536
matmul,linear,"[(1536, 128), (128, 1536)]",23016,matmul_linear_188,17.161151699999998,134016.87282037138,1536,128,1536
matmul,linear,"[(1664, 128), (128, 1536)]",24552,matmul_linear_189,18.303116100000004,134041.0930568265,1664,128,1536
matmul,linear,"[(1792, 128), (128, 1536)]",26088,matmul_linear_190,19.512544400000003,133598.60672809024,1792,128,1536
matmul,linear,"[(1920, 128), (128, 1536)]",27624,matmul_linear_191,20.5425804,134371.90889417185,1920,128,1536
matmul,linear,"[(2048, 128), (128, 1536)]",29160,matmul_linear_192,21.7378214,134044.0775661171,2048,128,1536
matmul,linear,"[(128, 128), (128, 1664)]",2046,matmul_linear_193,3.0458661,67073.01197186574,128,128,1664
matmul,linear,"[(256, 128), (128, 1664)]",4092,matmul_linear_194,5.0584285,80794.68893352945,256,128,1664
matmul,linear,"[(384, 128), (128, 1664)]",6138,matmul_linear_195,6.713124900000001,91332.8288454755,384,128,1664
matmul,linear,"[(512, 128), (128, 1664)]",8184,matmul_linear_196,8.156026800000001,100242.97582249236,512,128,1664
matmul,linear,"[(640, 128), (128, 1664)]",10230,matmul_linear_197,9.6462768,105951.27980569664,640,128,1664
matmul,linear,"[(768, 128), (128, 1664)]",12276,matmul_linear_198,11.1365714,110131.41287452256,768,128,1664
matmul,linear,"[(896, 128), (128, 1664)]",14322,matmul_linear_199,12.5553038,113971.31382993696,896,128,1664
matmul,linear,"[(1024, 128), (128, 1664)]",16368,matmul_linear_200,13.9374107,117339.31747666727,1024,128,1664
matmul,linear,"[(1152, 128), (128, 1664)]",18414,matmul_linear_201,15.2907056,120326.09727572024,1152,128,1664
matmul,linear,"[(1280, 128), (128, 1664)]",20460,matmul_linear_202,16.4344107,124394.88073217007,1280,128,1664
matmul,linear,"[(1408, 128), (128, 1664)]",22506,matmul_linear_203,17.8089822,126274.43143718792,1408,128,1664
matmul,linear,"[(1536, 128), (128, 1664)]",24552,matmul_linear_204,19.0361249,128875.82952925464,1536,128,1664
matmul,linear,"[(1664, 128), (128, 1664)]",26598,matmul_linear_205,20.9871341,126634.78843402443,1664,128,1664
matmul,linear,"[(1792, 128), (128, 1664)]",28262,matmul_linear_206,22.198589,127214.39822594132,1792,128,1664
matmul,linear,"[(1920, 128), (128, 1664)]",29926,matmul_linear_207,24.0188749,124493.67944832424,1920,128,1664
matmul,linear,"[(2048, 128), (128, 1664)]",31590,matmul_linear_208,26.3148391,119946.33537736507,2048,128,1664
matmul,linear,"[(128, 128), (128, 1792)]",2174,matmul_linear_209,3.0832767999999997,70409.40090750206,128,128,1792
matmul,linear,"[(256, 128), (128, 1792)]",4348,matmul_linear_210,4.7660978,91127.67056941216,256,128,1792
matmul,linear,"[(384, 128), (128, 1792)]",6522,matmul_linear_211,7.032723299999999,92637.90140442469,384,128,1792
matmul,linear,"[(512, 128), (128, 1792)]",8696,matmul_linear_212,8.5850178,101192.74280596134,512,128,1792
matmul,linear,"[(640, 128), (128, 1792)]",10870,matmul_linear_213,10.2288483,106168.073210158,640,128,1792
matmul,linear,"[(768, 128), (128, 1792)]",13044,matmul_linear_214,11.6928573,111455.2825569846,768,128,1792
matmul,linear,"[(896, 128), (128, 1792)]",15218,matmul_linear_215,13.4950176,112667.54466774462,896,128,1792
matmul,linear,"[(1024, 128), (128, 1792)]",17392,matmul_linear_216,14.8096877,117336.64250259649,1024,128,1792
matmul,linear,"[(1152, 128), (128, 1792)]",19566,matmul_linear_217,16.147000000000002,121074.21192791229,1152,128,1792
matmul,linear,"[(1280, 128), (128, 1792)]",21740,matmul_linear_218,17.415714299999998,124729.79236745976,1280,128,1792
matmul,linear,"[(1408, 128), (128, 1792)]",23914,matmul_linear_219,18.7908661,127163.95831217169,1408,128,1792
matmul,linear,"[(1536, 128), (128, 1792)]",26088,matmul_linear_220,20.1989909,129054.9668453982,1536,128,1792
matmul,linear,"[(1664, 128), (128, 1792)]",28262,matmul_linear_221,21.4537229,131634.71164764598,1664,128,1792
matmul,linear,"[(1792, 128), (128, 1792)]",30436,matmul_linear_222,22.3601517,136017.14450041056,1792,128,1792
matmul,linear,"[(1920, 128), (128, 1792)]",32228,matmul_linear_223,23.5697323,136634.6883273681,1920,128,1792
matmul,linear,"[(2048, 128), (128, 1792)]",34020,matmul_linear_224,25.134009,135254.45141282477,2048,128,1792
matmul,linear,"[(128, 128), (128, 1920)]",2302,matmul_linear_225,3.2985715,69687.78540953257,128,128,1920
matmul,linear,"[(256, 128), (128, 1920)]",4604,matmul_linear_226,5.6248662000000005,81750.83584743757,256,128,1920
matmul,linear,"[(384, 128), (128, 1920)]",6906,matmul_linear_227,7.307267899999999,94408.64665848642,384,128,1920
matmul,linear,"[(512, 128), (128, 1920)]",9208,matmul_linear_228,9.0328753,101838.74811932808,512,128,1920
matmul,linear,"[(640, 128), (128, 1920)]",11510,matmul_linear_229,10.746339,107006.24334482657,640,128,1920
matmul,linear,"[(768, 128), (128, 1920)]",13812,matmul_linear_230,12.3738661,111522.34897628316,768,128,1920
matmul,linear,"[(896, 128), (128, 1920)]",16114,matmul_linear_231,14.1795717,113542.36057990383,896,128,1920
matmul,linear,"[(1024, 128), (128, 1920)]",18416,matmul_linear_232,15.6441521,117618.10886446189,1024,128,1920
matmul,linear,"[(1152, 128), (128, 1920)]",20718,matmul_linear_233,17.050151800000002,121412.11463114365,1152,128,1920
matmul,linear,"[(1280, 128), (128, 1920)]",23020,matmul_linear_234,18.4636964,124577.09336901797,1280,128,1920
matmul,linear,"[(1408, 128), (128, 1920)]",25322,matmul_linear_235,19.882598100000003,127257.60121812248,1408,128,1920
matmul,linear,"[(1536, 128), (128, 1920)]",27624,matmul_linear_236,21.3665715,129186.06725697665,1536,128,1920
matmul,linear,"[(1664, 128), (128, 1920)]",29926,matmul_linear_237,22.7376963,131514.03690663248,1664,128,1920
matmul,linear,"[(1792, 128), (128, 1920)]",32228,matmul_linear_238,24.2842946,132611.28740136436,1792,128,1920
matmul,linear,"[(1920, 128), (128, 1920)]",34530,matmul_linear_239,27.433732,125766.94365899616,1920,128,1920
matmul,linear,"[(2048, 128), (128, 1920)]",36450,matmul_linear_240,29.915973099999995,121741.26479241956,2048,128,1920
matmul,linear,"[(128, 128), (128, 2048)]",2430,matmul_linear_241,3.2928571,73696.09640515526,128,128,2048
matmul,linear,"[(256, 128), (128, 2048)]",4860,matmul_linear_242,5.2273035000000005,92873.3657133166,256,128,2048
matmul,linear,"[(384, 128), (128, 2048)]",7290,matmul_linear_243,7.291571299999998,99878.45046101382,384,128,2048
matmul,linear,"[(512, 128), (128, 2048)]",9720,matmul_linear_244,9.0292857,107549.71142733916,512,128,2048
matmul,linear,"[(640, 128), (128, 2048)]",12150,matmul_linear_245,10.6907143,113550.02991427804,640,128,2048
matmul,linear,"[(768, 128), (128, 2048)]",14580,matmul_linear_246,12.4724643,116797.50837771493,768,128,2048
matmul,linear,"[(896, 128), (128, 2048)]",17010,matmul_linear_247,14.2069999,119629.71154874151,896,128,2048
matmul,linear,"[(1024, 128), (128, 2048)]",19440,matmul_linear_248,15.989437599999995,121480.26120943743,1024,128,2048
matmul,linear,"[(1152, 128), (128, 2048)]",21870,matmul_linear_249,17.5752589,124336.28924294253,1152,128,2048
matmul,linear,"[(1280, 128), (128, 2048)]",24300,matmul_linear_250,19.3965981,125179.70046458818,1280,128,2048
matmul,linear,"[(1408, 128), (128, 2048)]",26730,matmul_linear_251,21.178607300000003,126112.26514738765,1408,128,2048
matmul,linear,"[(1536, 128), (128, 2048)]",29160,matmul_linear_252,24.3546873,119630.54566789696,1536,128,2048
matmul,linear,"[(1664, 128), (128, 2048)]",31590,matmul_linear_253,26.1794732,120567.05757853064,1664,128,2048
matmul,linear,"[(1792, 128), (128, 2048)]",34020,matmul_linear_254,28.0609734,121135.99390176537,1792,128,2048
matmul,linear,"[(1920, 128), (128, 2048)]",36450,matmul_linear_255,29.933160699999995,121671.30362314195,1920,128,2048
matmul,linear,"[(2048, 128), (128, 2048)]",38880,matmul_linear_256,28.286839300000004,137349.07866040725,2048,128,2048
matmul,linear,"[(128, 256), (256, 128)]",1020,matmul_linear_257,1.6033213,63517.94108267633,128,256,128
matmul,linear,"[(256, 256), (256, 128)]",1276,matmul_linear_258,1.8291339,69659.79177904909,256,256,128
matmul,linear,"[(384, 256), (256, 128)]",1532,matmul_linear_259,2.0250177000000003,75553.65971862862,384,256,128
matmul,linear,"[(512, 256), (256, 128)]",1788,matmul_linear_260,2.2658658000000003,78810.23378348355,512,256,128
matmul,linear,"[(640, 256), (256, 128)]",2044,matmul_linear_261,2.505152,81491.855504177,640,256,128
matmul,linear,"[(768, 256), (256, 128)]",2300,matmul_linear_262,2.7434108000000004,83737.24376968989,768,256,128
matmul,linear,"[(896, 256), (256, 128)]",2556,matmul_linear_263,2.9694287,85977.16359715928,896,256,128
matmul,linear,"[(1024, 256), (256, 128)]",2812,matmul_linear_264,3.2335713,86862.6718916017,1024,256,128
matmul,linear,"[(1152, 256), (256, 128)]",3068,matmul_linear_265,3.4111252,89840.9965954929,1152,256,128
matmul,linear,"[(1280, 256), (256, 128)]",3324,matmul_linear_266,3.7101341,89492.44896296338,1280,256,128
matmul,linear,"[(1408, 256), (256, 128)]",3580,matmul_linear_267,3.9622856,90251.89184747307,1408,256,128
matmul,linear,"[(1536, 256), (256, 128)]",3836,matmul_linear_268,4.197125,91295.89600023824,1536,256,128
matmul,linear,"[(1664, 256), (256, 128)]",4092,matmul_linear_269,4.3845536,93227.6308904058,1664,256,128
matmul,linear,"[(1792, 256), (256, 128)]",4348,matmul_linear_270,4.6084196,94249.04755634666,1792,256,128
matmul,linear,"[(1920, 256), (256, 128)]",4604,matmul_linear_271,4.857964400000001,94672.20541179756,1920,256,128
matmul,linear,"[(2048, 256), (256, 128)]",4860,matmul_linear_272,5.0970001,95250.20413281924,2048,256,128
matmul,linear,"[(128, 256), (256, 256)]",1276,matmul_linear_273,1.7325982,73546.61927964602,128,256,256
matmul,linear,"[(256, 256), (256, 256)]",2552,matmul_linear_274,2.2488481999999994,113380.31405587983,256,256,256
matmul,linear,"[(384, 256), (256, 256)]",3064,matmul_linear_275,2.7003037999999995,113368.71414986716,384,256,256
matmul,linear,"[(512, 256), (256, 256)]",3576,matmul_linear_276,3.165134,112880.99859279262,512,256,256
matmul,linear,"[(640, 256), (256, 256)]",4088,matmul_linear_277,3.662991,111502.78581083057,640,256,256
matmul,linear,"[(768, 256), (256, 256)]",4600,matmul_linear_278,4.1631428,110393.44740228464,768,256,256
matmul,linear,"[(896, 256), (256, 256)]",5112,matmul_linear_279,4.587999900000001,111321.10094640584,896,256,256
matmul,linear,"[(1024, 256), (256, 256)]",5624,matmul_linear_280,5.0497235,111272.43455012931,1024,256,256
matmul,linear,"[(1152, 256), (256, 256)]",6136,matmul_linear_281,5.5735535,109991.344776721,1152,256,256
matmul,linear,"[(1280, 256), (256, 256)]",6648,matmul_linear_282,5.9965357,110764.01103223648,1280,256,256
matmul,linear,"[(1408, 256), (256, 256)]",7160,matmul_linear_283,6.4359999000000006,111149.22484849632,1408,256,256
matmul,linear,"[(1536, 256), (256, 256)]",7672,matmul_linear_284,6.9728572,109926.63298482576,1536,256,256
matmul,linear,"[(1664, 256), (256, 256)]",8184,matmul_linear_285,7.327419699999998,111590.06737801578,1664,256,256
matmul,linear,"[(1792, 256), (256, 256)]",8696,matmul_linear_286,7.7304194,112390.66253766256,1792,256,256
matmul,linear,"[(1920, 256), (256, 256)]",9208,matmul_linear_287,8.2398393,111649.75220693929,1920,256,256
matmul,linear,"[(2048, 256), (256, 256)]",9720,matmul_linear_288,8.6217144,112638.598717675,2048,256,256
matmul,linear,"[(128, 256), (256, 384)]",1532,matmul_linear_289,1.7174194,89103.60396534475,128,256,384
matmul,linear,"[(256, 256), (256, 384)]",3064,matmul_linear_290,2.4525536,124831.01068209072,256,256,384
matmul,linear,"[(384, 256), (256, 384)]",4596,matmul_linear_291,3.4745893000000003,132174.6259536343,384,256,384
matmul,linear,"[(512, 256), (256, 384)]",5364,matmul_linear_292,3.8759642,138291.37110709122,512,256,384
matmul,linear,"[(640, 256), (256, 384)]",6132,matmul_linear_293,4.2486874,144226.92788836383,640,256,384
matmul,linear,"[(768, 256), (256, 384)]",6900,matmul_linear_294,4.7702592,144546.22802886687,768,256,384
matmul,linear,"[(896, 256), (256, 384)]",7668,matmul_linear_295,5.157589199999999,148574.11309144204,896,256,384
matmul,linear,"[(1024, 256), (256, 384)]",8436,matmul_linear_296,5.6256963,149854.7709320889,1024,256,384
matmul,linear,"[(1152, 256), (256, 384)]",9204,matmul_linear_297,6.441312300000002,142790.1374646902,1152,256,384
matmul,linear,"[(1280, 256), (256, 384)]",9972,matmul_linear_298,6.8681518,145091.8986414948,1280,256,384
matmul,linear,"[(1408, 256), (256, 384)]",10740,matmul_linear_299,7.2654197,147723.531791288,1408,256,384
matmul,linear,"[(1536, 256), (256, 384)]",11508,matmul_linear_300,7.6088661,151144.61186141783,1536,256,384
matmul,linear,"[(1664, 256), (256, 384)]",12276,matmul_linear_301,8.0574553,152255.79401849114,1664,256,384
matmul,linear,"[(1792, 256), (256, 384)]",13044,matmul_linear_302,8.4452946,154352.87130658532,1792,256,384
matmul,linear,"[(1920, 256), (256, 384)]",13812,matmul_linear_303,8.849428699999999,155977.87200997508,1920,256,384
matmul,linear,"[(2048, 256), (256, 384)]",14580,matmul_linear_304,9.2805893,157002.09264405226,2048,256,384
matmul,linear,"[(128, 256), (256, 512)]",1788,matmul_linear_305,2.3087323,77345.09833383455,128,256,512
matmul,linear,"[(256, 256), (256, 512)]",3576,matmul_linear_306,2.6866249000000004,133003.80619192502,256,256,512
matmul,linear,"[(384, 256), (256, 512)]",5364,matmul_linear_307,3.3134021,161787.98817988316,384,256,512
matmul,linear,"[(512, 256), (256, 512)]",7152,matmul_linear_308,4.3594644,163956.8506534885,512,256,512
matmul,linear,"[(640, 256), (256, 512)]",8176,matmul_linear_309,5.0232676,162662.58107372184,640,256,512
matmul,linear,"[(768, 256), (256, 512)]",9200,matmul_linear_310,5.7494196,159916.15189122743,768,256,512
matmul,linear,"[(896, 256), (256, 512)]",10224,matmul_linear_311,6.4577322,158221.8331661384,896,256,512
matmul,linear,"[(1024, 256), (256, 512)]",11248,matmul_linear_312,7.056,159310.43083900228,1024,256,512
matmul,linear,"[(1152, 256), (256, 512)]",12272,matmul_linear_313,7.6630267,160045.59886630694,1152,256,512
matmul,linear,"[(1280, 256), (256, 512)]",13296,matmul_linear_314,8.297883799999997,160133.6248671017,1280,256,512
matmul,linear,"[(1408, 256), (256, 512)]",14320,matmul_linear_315,8.9180267,160473.63900917678,1408,256,512
matmul,linear,"[(1536, 256), (256, 512)]",15344,matmul_linear_316,9.541303799999998,160716.5961553389,1536,256,512
matmul,linear,"[(1664, 256), (256, 512)]",16368,matmul_linear_317,10.1155893,161709.6535413908,1664,256,512
matmul,linear,"[(1792, 256), (256, 512)]",17392,matmul_linear_318,10.745437499999998,161754.7406748213,1792,256,512
matmul,linear,"[(1920, 256), (256, 512)]",18416,matmul_linear_319,11.3397054,162302.80810116988,1920,256,512
matmul,linear,"[(2048, 256), (256, 512)]",19440,matmul_linear_320,11.9708571,162294.38694828292,2048,256,512
matmul,linear,"[(128, 256), (256, 640)]",2044,matmul_linear_321,2.3447053,87075.13454675947,128,256,640
matmul,linear,"[(256, 256), (256, 640)]",4088,matmul_linear_322,3.3595803,121581.8660354688,256,256,640
matmul,linear,"[(384, 256), (256, 640)]",6132,matmul_linear_323,4.0516786,151244.67970880022,384,256,640
matmul,linear,"[(512, 256), (256, 640)]",8176,matmul_linear_324,4.8054197,170041.2261659476,512,256,640
matmul,linear,"[(640, 256), (256, 640)]",10220,matmul_linear_325,6.096160599999999,167546.50196387546,640,256,640
matmul,linear,"[(768, 256), (256, 640)]",11500,matmul_linear_326,7.575267799999999,151709.81456523557,768,256,640
matmul,linear,"[(896, 256), (256, 640)]",12780,matmul_linear_327,8.126312600000002,157166.90110345985,896,256,640
matmul,linear,"[(1024, 256), (256, 640)]",14060,matmul_linear_328,8.738839299999999,160790.93204860744,1024,256,640
matmul,linear,"[(1152, 256), (256, 640)]",15340,matmul_linear_329,9.3957679,163164.9950835844,1152,256,640
matmul,linear,"[(1280, 256), (256, 640)]",16620,matmul_linear_330,9.9405533,167093.9126366336,1280,256,640
matmul,linear,"[(1408, 256), (256, 640)]",17900,matmul_linear_331,10.5345627,169816.87751784894,1408,256,640
matmul,linear,"[(1536, 256), (256, 640)]",19180,matmul_linear_332,11.0608301,173304.70675885346,1536,256,640
matmul,linear,"[(1664, 256), (256, 640)]",20460,matmul_linear_333,11.7005804,174763.12046537452,1664,256,640
matmul,linear,"[(1792, 256), (256, 640)]",21740,matmul_linear_334,12.286616,176840.50176224273,1792,256,640
matmul,linear,"[(1920, 256), (256, 640)]",23020,matmul_linear_335,12.9338303,177882.85168470163,1920,256,640
matmul,linear,"[(2048, 256), (256, 640)]",24300,matmul_linear_336,13.484151699999998,180111.55902599348,2048,256,640
matmul,linear,"[(128, 256), (256, 768)]",2300,matmul_linear_337,2.5205805000000003,91148.82145204248,128,256,768
matmul,linear,"[(256, 256), (256, 768)]",4600,matmul_linear_338,3.5791788,128421.100985511,256,256,768
matmul,linear,"[(384, 256), (256, 768)]",6900,matmul_linear_339,4.4152589,156176.22651980838,384,256,768
matmul,linear,"[(512, 256), (256, 768)]",9200,matmul_linear_340,5.2857144,173954.0502907232,512,256,768
matmul,linear,"[(640, 256), (256, 768)]",11500,matmul_linear_341,6.161285899999999,186549.3486367838,640,256,768
matmul,linear,"[(768, 256), (256, 768)]",13800,matmul_linear_342,7.5961517,181570.93740373827,768,256,768
matmul,linear,"[(896, 256), (256, 768)]",15336,matmul_linear_343,8.383142800000002,182838.55139864728,896,256,768
matmul,linear,"[(1024, 256), (256, 768)]",16872,matmul_linear_344,9.2124286,183043.88889809145,1024,256,768
matmul,linear,"[(1152, 256), (256, 768)]",18408,matmul_linear_345,10.0007052,183967.01959377824,1152,256,768
matmul,linear,"[(1280, 256), (256, 768)]",19944,matmul_linear_346,10.8208481,184210.8767047566,1280,256,768
matmul,linear,"[(1408, 256), (256, 768)]",21480,matmul_linear_347,11.6657143,184029.31645342967,1408,256,768
matmul,linear,"[(1536, 256), (256, 768)]",23016,matmul_linear_348,12.4574463,184656.96740510935,1536,256,768
matmul,linear,"[(1664, 256), (256, 768)]",24552,matmul_linear_349,13.2777233,184811.21892862456,1664,256,768
matmul,linear,"[(1792, 256), (256, 768)]",26088,matmul_linear_350,14.3902768,181189.07708015732,1792,256,768
matmul,linear,"[(1920, 256), (256, 768)]",27624,matmul_linear_351,15.147884100000002,182262.10296855916,1920,256,768
matmul,linear,"[(2048, 256), (256, 768)]",29160,matmul_linear_352,16.0249999,181865.67976265636,2048,256,768
matmul,linear,"[(128, 256), (256, 896)]",2556,matmul_linear_353,2.7204021000000003,93856.69853364692,128,256,896
matmul,linear,"[(256, 256), (256, 896)]",5112,matmul_linear_354,4.228607200000001,120790.86922048467,256,256,896
matmul,linear,"[(384, 256), (256, 896)]",7668,matmul_linear_355,5.2271518,146595.56755554717,384,256,896
matmul,linear,"[(512, 256), (256, 896)]",10224,matmul_linear_356,6.162321400000001,165811.50211671853,512,256,896
matmul,linear,"[(640, 256), (256, 896)]",12780,matmul_linear_357,7.143142899999999,178812.84241282643,640,256,896
matmul,linear,"[(768, 256), (256, 896)]",15336,matmul_linear_358,8.0998214,189237.5081085121,768,256,896
matmul,linear,"[(896, 256), (256, 896)]",17892,matmul_linear_359,10.7058929,167022.91227946058,896,256,896
matmul,linear,"[(1024, 256), (256, 896)]",19684,matmul_linear_360,11.5392768,170482.6139814932,1024,256,896
matmul,linear,"[(1152, 256), (256, 896)]",21476,matmul_linear_361,12.2685359,174949.41237527784,1152,256,896
matmul,linear,"[(1280, 256), (256, 896)]",23268,matmul_linear_362,13.134446399999998,177052.49879127,1280,256,896
matmul,linear,"[(1408, 256), (256, 896)]",25060,matmul_linear_363,13.840723,180959.90561331224,1408,256,896
matmul,linear,"[(1536, 256), (256, 896)]",26852,matmul_linear_364,15.9333123,168427.41912301563,1536,256,896
matmul,linear,"[(1664, 256), (256, 896)]",28644,matmul_linear_365,15.435874899999998,185467.7127831608,1664,256,896
matmul,linear,"[(1792, 256), (256, 896)]",30436,matmul_linear_366,16.194991199999997,187834.6498193837,1792,256,896
matmul,linear,"[(1920, 256), (256, 896)]",32228,matmul_linear_367,18.1497321,177467.3592449334,1920,256,896
matmul,linear,"[(2048, 256), (256, 896)]",34020,matmul_linear_368,19.0392765,178583.2603644367,2048,256,896
matmul,linear,"[(128, 256), (256, 1024)]",2812,matmul_linear_369,2.7005715,104026.10812192902,128,256,1024
matmul,linear,"[(256, 256), (256, 1024)]",5624,matmul_linear_370,4.498393,124922.4246747672,256,256,1024
matmul,linear,"[(384, 256), (256, 1024)]",8436,matmul_linear_371,5.5765804,151175.50209802407,384,256,1024
matmul,linear,"[(512, 256), (256, 1024)]",11248,matmul_linear_372,6.6860089,168131.90289202277,512,256,1024
matmul,linear,"[(640, 256), (256, 1024)]",14060,matmul_linear_373,7.719866000000001,182027.5136122829,640,256,1024
matmul,linear,"[(768, 256), (256, 1024)]",16872,matmul_linear_374,10.364018000000002,162694.00518216004,768,256,1024
matmul,linear,"[(896, 256), (256, 1024)]",19684,matmul_linear_375,11.7714283,167118.450457707,896,256,1024
matmul,linear,"[(1024, 256), (256, 1024)]",22496,matmul_linear_376,11.2647054,199603.40280714308,1024,256,1024
matmul,linear,"[(1152, 256), (256, 1024)]",24544,matmul_linear_377,12.3218663,199090.60475441127,1152,256,1024
matmul,linear,"[(1280, 256), (256, 1024)]",26592,matmul_linear_378,13.2633929,200391.685653073,1280,256,1024
matmul,linear,"[(1408, 256), (256, 1024)]",28640,matmul_linear_379,14.928312599999998,191750.21621264817,1408,256,1024
matmul,linear,"[(1536, 256), (256, 1024)]",30688,matmul_linear_380,15.7607232,194611.8771808644,1536,256,1024
matmul,linear,"[(1664, 256), (256, 1024)]",32736,matmul_linear_381,16.9300268,193260.59172688372,1664,256,1024
matmul,linear,"[(1792, 256), (256, 1024)]",34784,matmul_linear_382,17.7808481,195526.21425240117,1792,256,1024
matmul,linear,"[(1920, 256), (256, 1024)]",36832,matmul_linear_383,18.6315716,197585.95366372637,1920,256,1024
matmul,linear,"[(2048, 256), (256, 1024)]",38880,matmul_linear_384,20.3003127,191424.14336947628,2048,256,1024
matmul,linear,"[(128, 256), (256, 1152)]",3068,matmul_linear_385,3.3348661,91897.69669912684,128,256,1152
matmul,linear,"[(256, 256), (256, 1152)]",6136,matmul_linear_386,5.1742678,118486.82691297888,256,256,1152
matmul,linear,"[(384, 256), (256, 1152)]",9204,matmul_linear_387,6.3723128,144337.3540482821,384,256,1152
matmul,linear,"[(512, 256), (256, 1152)]",12272,matmul_linear_388,7.556169499999998,162310.33237806542,512,256,1152
matmul,linear,"[(640, 256), (256, 1152)]",15340,matmul_linear_389,8.720437500000001,175808.60550287756,640,256,1152
matmul,linear,"[(768, 256), (256, 1152)]",18408,matmul_linear_390,9.950553500000002,184894.73421252397,768,256,1152
matmul,linear,"[(896, 256), (256, 1152)]",21476,matmul_linear_391,12.1275447,176984.48438042038,896,256,1152
matmul,linear,"[(1024, 256), (256, 1152)]",24544,matmul_linear_392,13.1274106,186867.5654085201,1024,256,1152
matmul,linear,"[(1152, 256), (256, 1152)]",27612,matmul_linear_393,15.1901605,181675.56451757048,1152,256,1152
matmul,linear,"[(1280, 256), (256, 1152)]",29916,matmul_linear_394,16.0645984,186123.1426837287,1280,256,1152
matmul,linear,"[(1408, 256), (256, 1152)]",32220,matmul_linear_395,17.143982200000004,187837.66596421215,1408,256,1152
matmul,linear,"[(1536, 256), (256, 1152)]",34524,matmul_linear_396,19.8543927,173785.95320772516,1536,256,1152
matmul,linear,"[(1664, 256), (256, 1152)]",36828,matmul_linear_397,20.7777054,177147.6762520658,1664,256,1152
matmul,linear,"[(1792, 256), (256, 1152)]",39132,matmul_linear_398,23.2941696,167890.53442111114,1792,256,1152
matmul,linear,"[(1920, 256), (256, 1152)]",41436,matmul_linear_399,22.425544700000003,184671.4316611449,1920,256,1152
matmul,linear,"[(2048, 256), (256, 1152)]",43740,matmul_linear_400,25.2176964,173349.62563670168,2048,256,1152
matmul,linear,"[(128, 256), (256, 1280)]",3324,matmul_linear_401,3.4132947,97283.9147261442,128,256,1280
matmul,linear,"[(256, 256), (256, 1280)]",6648,matmul_linear_402,5.393312300000001,123163.7687233502,256,256,1280
matmul,linear,"[(384, 256), (256, 1280)]",9972,matmul_linear_403,6.6742767,149309.4483676411,384,256,1280
matmul,linear,"[(512, 256), (256, 1280)]",13296,matmul_linear_404,7.984276600000001,166427.2969125343,512,256,1280
matmul,linear,"[(640, 256), (256, 1280)]",16620,matmul_linear_405,9.258857,179403.79836301607,640,256,1280
matmul,linear,"[(768, 256), (256, 1280)]",19944,matmul_linear_406,11.8824376,167744.34870501654,768,256,1280
matmul,linear,"[(896, 256), (256, 1280)]",23268,matmul_linear_407,12.9816964,179136.97553117946,896,256,1280
matmul,linear,"[(1024, 256), (256, 1280)]",26592,matmul_linear_408,14.0920086,188602.69494442403,1024,256,1280
matmul,linear,"[(1152, 256), (256, 1280)]",29916,matmul_linear_409,15.2601428,195940.10520792764,1152,256,1280
matmul,linear,"[(1280, 256), (256, 1280)]",33240,matmul_linear_410,15.7498481,210949.6545042869,1280,256,1280
matmul,linear,"[(1408, 256), (256, 1280)]",35800,matmul_linear_411,17.7221518,201907.07230145723,1408,256,1280
matmul,linear,"[(1536, 256), (256, 1280)]",38360,matmul_linear_412,18.7612946,204363.5022148205,1536,256,1280
matmul,linear,"[(1664, 256), (256, 1280)]",40920,matmul_linear_413,20.7412947,197187.5878379955,1664,256,1280
matmul,linear,"[(1792, 256), (256, 1280)]",43480,matmul_linear_414,21.0128842,206820.6663214753,1792,256,1280
matmul,linear,"[(1920, 256), (256, 1280)]",46040,matmul_linear_415,22.1489554,207765.33345947324,1920,256,1280
matmul,linear,"[(2048, 256), (256, 1280)]",48600,matmul_linear_416,24.0328751,202122.9957829723,2048,256,1280
matmul,linear,"[(128, 256), (256, 1408)]",3580,matmul_linear_417,3.6395536,98263.71141779584,128,256,1408
matmul,linear,"[(256, 256), (256, 1408)]",7160,matmul_linear_418,6.0448482,118347.97028980812,256,256,1408
matmul,linear,"[(384, 256), (256, 1408)]",10740,matmul_linear_419,7.5035624,143032.01420168107,384,256,1408
matmul,linear,"[(512, 256), (256, 1408)]",14320,matmul_linear_420,8.8897321,160984.7193021711,512,256,1408
matmul,linear,"[(640, 256), (256, 1408)]",17900,matmul_linear_421,10.3598751,172682.0058371167,640,256,1408
matmul,linear,"[(768, 256), (256, 1408)]",21480,matmul_linear_422,13.1791427,162884.80477034368,768,256,1408
matmul,linear,"[(896, 256), (256, 1408)]",25060,matmul_linear_423,14.4291247,173576.50859653324,896,256,1408
matmul,linear,"[(1024, 256), (256, 1408)]",28640,matmul_linear_424,15.521740799999998,184415.38631543188,1024,256,1408
matmul,linear,"[(1152, 256), (256, 1408)]",32220,matmul_linear_425,16.7972946,191716.6036094884,1152,256,1408
matmul,linear,"[(1280, 256), (256, 1408)]",35800,matmul_linear_426,17.962696700000002,199201.9233019728,1280,256,1408
matmul,linear,"[(1408, 256), (256, 1408)]",39380,matmul_linear_427,24.705723,159296.2662011551,1408,256,1408
matmul,linear,"[(1536, 256), (256, 1408)]",42196,matmul_linear_428,23.5331785,179204.29584766887,1536,256,1408
matmul,linear,"[(1664, 256), (256, 1408)]",45012,matmul_linear_429,26.826009,167692.38387640892,1664,256,1408
matmul,linear,"[(1792, 256), (256, 1408)]",47828,matmul_linear_430,27.8699999,171511.05192540743,1792,256,1408
matmul,linear,"[(1920, 256), (256, 1408)]",50644,matmul_linear_431,26.8658751,188406.7946288487,1920,256,1408
matmul,linear,"[(2048, 256), (256, 1408)]",53460,matmul_linear_432,30.2122946,176847.8310329994,2048,256,1408
matmul,linear,"[(128, 256), (256, 1536)]",3836,matmul_linear_433,3.6289734,105604.825502441,128,256,1536
matmul,linear,"[(256, 256), (256, 1536)]",7672,matmul_linear_434,5.2922947,144865.4721608757,256,256,1536
matmul,linear,"[(384, 256), (256, 1536)]",11508,matmul_linear_435,7.7355803,148667.11964324125,384,256,1536
matmul,linear,"[(512, 256), (256, 1536)]",15344,matmul_linear_436,9.4688302,161947.47234774576,512,256,1536
matmul,linear,"[(640, 256), (256, 1536)]",19180,matmul_linear_437,11.2371519,170583.8189132248,640,256,1536
matmul,linear,"[(768, 256), (256, 1536)]",23016,matmul_linear_438,12.965580300000004,177416.15791543087,768,256,1536
matmul,linear,"[(896, 256), (256, 1536)]",26852,matmul_linear_439,16.241589299999998,165228.6479790497,896,256,1536
matmul,linear,"[(1024, 256), (256, 1536)]",30688,matmul_linear_440,18.305428400000004,167544.26010374055,1024,256,1536
matmul,linear,"[(1152, 256), (256, 1536)]",34524,matmul_linear_441,20.1458482,171270.29752859948,1152,256,1536
matmul,linear,"[(1280, 256), (256, 1536)]",38360,matmul_linear_442,22.127732100000003,173257.12411304907,1280,256,1536
matmul,linear,"[(1408, 256), (256, 1536)]",42196,matmul_linear_443,24.0428482,175403.3332531709,1408,256,1536
matmul,linear,"[(1536, 256), (256, 1536)]",46032,matmul_linear_444,21.7164196,211868.64330250837,1536,256,1536
matmul,linear,"[(1664, 256), (256, 1536)]",49104,matmul_linear_445,24.143009,203288.06981350173,1664,256,1536
matmul,linear,"[(1792, 256), (256, 1536)]",52176,matmul_linear_446,25.364821600000003,205602.2155440667,1792,256,1536
matmul,linear,"[(1920, 256), (256, 1536)]",55248,matmul_linear_447,26.7282678,206602.5084206916,1920,256,1536
matmul,linear,"[(2048, 256), (256, 1536)]",58320,matmul_linear_448,28.0259732,207992.68453878348,2048,256,1536
matmul,linear,"[(128, 256), (256, 1664)]",4092,matmul_linear_449,4.260446499999999,95946.2712065508,128,256,1664
matmul,linear,"[(256, 256), (256, 1664)]",8184,matmul_linear_450,6.9643037,117413.54266758928,256,256,1664
matmul,linear,"[(384, 256), (256, 1664)]",12276,matmul_linear_451,8.6171073,142360.8000413317,384,256,1664
matmul,linear,"[(512, 256), (256, 1664)]",16368,matmul_linear_452,10.2713212,159256.32506556218,512,256,1664
matmul,linear,"[(640, 256), (256, 1664)]",20460,matmul_linear_453,13.8544196,147578.5068643366,640,256,1664
matmul,linear,"[(768, 256), (256, 1664)]",24552,matmul_linear_454,15.1941071,161488.96234185423,768,256,1664
matmul,linear,"[(896, 256), (256, 1664)]",28644,matmul_linear_455,16.6615715,171816.5566105214,896,256,1664
matmul,linear,"[(1024, 256), (256, 1664)]",32736,matmul_linear_456,18.0051337,181714.8120721814,1024,256,1664
matmul,linear,"[(1152, 256), (256, 1664)]",36828,matmul_linear_457,19.4275893,189465.46502658463,1152,256,1664
matmul,linear,"[(1280, 256), (256, 1664)]",40920,matmul_linear_458,20.7582858,197026.1037363692,1280,256,1664
matmul,linear,"[(1408, 256), (256, 1664)]",45012,matmul_linear_459,22.1814642,202826.1891557186,1408,256,1664
matmul,linear,"[(1536, 256), (256, 1664)]",49104,matmul_linear_460,23.5928841,208030.55238125808,1536,256,1664
matmul,linear,"[(1664, 256), (256, 1664)]",53196,matmul_linear_461,31.2897321,169911.04333520326,1664,256,1664
matmul,linear,"[(1792, 256), (256, 1664)]",56524,matmul_linear_462,32.557133900000004,173514.7910734857,1792,256,1664
matmul,linear,"[(1920, 256), (256, 1664)]",59852,matmul_linear_463,33.7227322,177382.65367418833,1920,256,1664
matmul,linear,"[(2048, 256), (256, 1664)]",63180,matmul_linear_464,34.9954284,180437.8670546579,2048,256,1664
matmul,linear,"[(128, 256), (256, 1792)]",4348,matmul_linear_465,4.2963036,101103.27623029248,128,256,1792
matmul,linear,"[(256, 256), (256, 1792)]",8696,matmul_linear_466,6.2517412,138997.24861931265,256,256,1792
matmul,linear,"[(384, 256), (256, 1792)]",13044,matmul_linear_467,8.958883799999999,145498.49520539603,384,256,1792
matmul,linear,"[(512, 256), (256, 1792)]",17392,matmul_linear_468,10.6739823,162838.25032855826,512,256,1792
matmul,linear,"[(640, 256), (256, 1792)]",21740,matmul_linear_469,14.600384000000002,148800.19330998414,640,256,1792
matmul,linear,"[(768, 256), (256, 1792)]",26088,matmul_linear_470,16.0618305,162322.3341168991,768,256,1792
matmul,linear,"[(896, 256), (256, 1792)]",30436,matmul_linear_471,17.574008799999998,173087.5768720453,896,256,1792
matmul,linear,"[(1024, 256), (256, 1792)]",34784,matmul_linear_472,19.0297501,182687.47654179647,1024,256,1792
matmul,linear,"[(1152, 256), (256, 1792)]",39132,matmul_linear_473,20.5079731,190713.59142215768,1152,256,1792
matmul,linear,"[(1280, 256), (256, 1792)]",43480,matmul_linear_474,21.9974375,197559.3864626277,1280,256,1792
matmul,linear,"[(1408, 256), (256, 1792)]",47828,matmul_linear_475,23.4550358,203813.5663992464,1408,256,1792
matmul,linear,"[(1536, 256), (256, 1792)]",52176,matmul_linear_476,24.996848300000003,208630.31421325225,1536,256,1792
matmul,linear,"[(1664, 256), (256, 1792)]",56524,matmul_linear_477,26.5054554,213154.2118102977,1664,256,1792
matmul,linear,"[(1792, 256), (256, 1792)]",60872,matmul_linear_478,28.9216875,210371.8128912775,1792,256,1792
matmul,linear,"[(1920, 256), (256, 1792)]",64456,matmul_linear_479,30.247812400000004,212993.09627958413,1920,256,1792
matmul,linear,"[(2048, 256), (256, 1792)]",68040,matmul_linear_480,31.7665716,214087.4195829178,2048,256,1792
matmul,linear,"[(128, 256), (256, 1920)]",4604,matmul_linear_481,4.4981964,102252.13384635674,128,256,1920
matmul,linear,"[(256, 256), (256, 1920)]",9208,matmul_linear_482,7.911295,116290.55300048854,256,256,1920
matmul,linear,"[(384, 256), (256, 1920)]",13812,matmul_linear_483,9.2704553,148889.44607391613,384,256,1920
matmul,linear,"[(512, 256), (256, 1920)]",18416,matmul_linear_484,11.282562400000002,163125.33257161512,512,256,1920
matmul,linear,"[(640, 256), (256, 1920)]",23020,matmul_linear_485,15.7405893,146146.1129076025,640,256,1920
matmul,linear,"[(768, 256), (256, 1920)]",27624,matmul_linear_486,17.3485534,159129.41448247785,768,256,1920
matmul,linear,"[(896, 256), (256, 1920)]",32228,matmul_linear_487,18.846536,170902.24677893062,896,256,1920
matmul,linear,"[(1024, 256), (256, 1920)]",36832,matmul_linear_488,20.4767233,179772.52872631236,1024,256,1920
matmul,linear,"[(1152, 256), (256, 1920)]",41436,matmul_linear_489,22.1325983,187117.06072802123,1152,256,1920
matmul,linear,"[(1280, 256), (256, 1920)]",46040,matmul_linear_490,23.609125,194909.3449037184,1280,256,1920
matmul,linear,"[(1408, 256), (256, 1920)]",50644,matmul_linear_491,25.2024106,200849.03143907987,1408,256,1920
matmul,linear,"[(1536, 256), (256, 1920)]",55248,matmul_linear_492,29.3010091,188453.233137626,1536,256,1920
matmul,linear,"[(1664, 256), (256, 1920)]",59852,matmul_linear_493,28.4624375,210184.16838859988,1664,256,1920
matmul,linear,"[(1792, 256), (256, 1920)]",64456,matmul_linear_494,29.9854464,214857.6135708288,1792,256,1920
matmul,linear,"[(1920, 256), (256, 1920)]",69060,matmul_linear_495,38.5634197,178981.62848949828,1920,256,1920
matmul,linear,"[(2048, 256), (256, 1920)]",72900,matmul_linear_496,39.9567229,182347.39485379567,2048,256,1920
matmul,linear,"[(128, 256), (256, 2048)]",4860,matmul_linear_497,4.4991429,107920.5743187219,128,256,2048
matmul,linear,"[(256, 256), (256, 2048)]",9720,matmul_linear_498,7.3401428,132322.4918349,256,256,2048
matmul,linear,"[(384, 256), (256, 2048)]",14580,matmul_linear_499,9.4504376,154178.57012674207,384,256,2048
matmul,linear,"[(512, 256), (256, 2048)]",19440,matmul_linear_500,11.652428699999998,166732.17293575892,512,256,2048
matmul,linear,"[(640, 256), (256, 2048)]",24300,matmul_linear_501,13.741875000000002,176731.7642243143,640,256,2048
matmul,linear,"[(768, 256), (256, 2048)]",29160,matmul_linear_502,15.946553499999998,182760.8294576004,768,256,2048
matmul,linear,"[(896, 256), (256, 2048)]",34020,matmul_linear_503,20.7722858,163675.90953423144,896,256,2048
matmul,linear,"[(1024, 256), (256, 2048)]",38880,matmul_linear_504,23.3447144,166447.33629981783,1024,256,2048
matmul,linear,"[(1152, 256), (256, 2048)]",43740,matmul_linear_505,25.8597054,169043.45822361924,1152,256,2048
matmul,linear,"[(1280, 256), (256, 2048)]",48600,matmul_linear_506,28.2988482,171638.43845701113,1280,256,2048
matmul,linear,"[(1408, 256), (256, 2048)]",53460,matmul_linear_507,30.7337411,173845.6313699474,1408,256,2048
matmul,linear,"[(1536, 256), (256, 2048)]",58320,matmul_linear_508,33.28100930000001,175135.07016958162,1536,256,2048
matmul,linear,"[(1664, 256), (256, 2048)]",63180,matmul_linear_509,35.8152856,176305.12686572017,1664,256,2048
matmul,linear,"[(1792, 256), (256, 2048)]",68040,matmul_linear_510,38.3504196,177316.57251645825,1792,256,2048
matmul,linear,"[(1920, 256), (256, 2048)]",72900,matmul_linear_511,40.929410700000005,178011.5309339159,1920,256,2048
matmul,linear,"[(2048, 256), (256, 2048)]",77760,matmul_linear_512,35.63940189999999,218085.47970638087,2048,256,2048
matmul,linear,"[(128, 384), (384, 128)]",1530,matmul_linear_513,1.8254018,83717.16288435785,128,384,128
matmul,linear,"[(256, 384), (384, 128)]",1914,matmul_linear_514,2.1205625,90159.07041174216,256,384,128
matmul,linear,"[(384, 384), (384, 128)]",2298,matmul_linear_515,2.4128481,95140.14379521032,384,384,128
matmul,linear,"[(512, 384), (384, 128)]",2682,matmul_linear_516,2.7464284,97554.10232431328,512,384,128
matmul,linear,"[(640, 384), (384, 128)]",3066,matmul_linear_517,2.9837051,102658.1445632814,640,384,128
matmul,linear,"[(768, 384), (384, 128)]",3450,matmul_linear_518,3.3457410000000003,103016.1706778857,768,384,128
matmul,linear,"[(896, 384), (384, 128)]",3834,matmul_linear_519,3.6878304,103863.56622039885,896,384,128
matmul,linear,"[(1024, 384), (384, 128)]",4218,matmul_linear_520,3.934125,107115.70870269756,1024,384,128
matmul,linear,"[(1152, 384), (384, 128)]",4602,matmul_linear_521,4.276999900000001,107498.78671028255,1152,384,128
matmul,linear,"[(1280, 384), (384, 128)]",4986,matmul_linear_522,4.484419600000001,111084.9569117038,1280,384,128
matmul,linear,"[(1408, 384), (384, 128)]",5370,matmul_linear_523,4.8401339,110847.34383278116,1408,384,128
matmul,linear,"[(1536, 384), (384, 128)]",5754,matmul_linear_524,5.0495803,113850.06432514796,1536,384,128
matmul,linear,"[(1664, 384), (384, 128)]",6138,matmul_linear_525,5.4102769,113350.7551729931,1664,384,128
matmul,linear,"[(1792, 384), (384, 128)]",6522,matmul_linear_526,5.770446399999999,112924.18474938092,1792,384,128
matmul,linear,"[(1920, 384), (384, 128)]",6906,matmul_linear_527,5.984276899999999,115302.41394912728,1920,384,128
matmul,linear,"[(2048, 384), (384, 128)]",7290,matmul_linear_528,6.3269644,115121.13195389562,2048,384,128
matmul,linear,"[(128, 384), (384, 256)]",1914,matmul_linear_529,1.9397678,98571.6038899089,128,384,256
matmul,linear,"[(256, 384), (384, 256)]",3828,matmul_linear_530,2.6908839,142158.08850392987,256,384,256
matmul,linear,"[(384, 384), (384, 256)]",4596,matmul_linear_531,3.2678392,140543.39518296983,384,384,256
matmul,linear,"[(512, 384), (384, 256)]",5364,matmul_linear_532,3.8370091,139696.38463719047,512,384,256
matmul,linear,"[(640, 384), (384, 256)]",6132,matmul_linear_533,4.4984731,136212.91915472384,640,384,256
matmul,linear,"[(768, 384), (384, 256)]",6900,matmul_linear_534,5.0431338,136719.68937647462,768,384,256
matmul,linear,"[(896, 384), (384, 256)]",7668,matmul_linear_535,5.644732,135743.4731710912,896,384,256
matmul,linear,"[(1024, 384), (384, 256)]",8436,matmul_linear_536,6.2418212,135052.8621165887,1024,384,256
matmul,linear,"[(1152, 384), (384, 256)]",9204,matmul_linear_537,6.957437400000001,132190.087151916,1152,384,256
matmul,linear,"[(1280, 384), (384, 256)]",9972,matmul_linear_538,7.568455299999999,131657.40101153802,1280,384,256
matmul,linear,"[(1408, 384), (384, 256)]",10740,matmul_linear_539,8.1276699,132041.1933818818,1408,384,256
matmul,linear,"[(1536, 384), (384, 256)]",11508,matmul_linear_540,8.648267899999999,132967.1081546861,1536,384,256
matmul,linear,"[(1664, 384), (384, 256)]",12276,matmul_linear_541,9.1906964,133469.8565780064,1664,384,256
matmul,linear,"[(1792, 384), (384, 256)]",13044,matmul_linear_542,9.8462947,132376.22986543353,1792,384,256
matmul,linear,"[(1920, 384), (384, 256)]",13812,matmul_linear_543,10.3796962,132967.47841039894,1920,384,256
matmul,linear,"[(2048, 384), (384, 256)]",14580,matmul_linear_544,10.9534285,133009.00783257038,2048,384,256
matmul,linear,"[(128, 384), (384, 384)]",2298,matmul_linear_545,2.1134465,108632.34784982727,128,384,384
matmul,linear,"[(256, 384), (384, 384)]",4596,matmul_linear_546,2.8940001000000004,158711.32830645028,256,384,384
matmul,linear,"[(384, 384), (384, 384)]",6894,matmul_linear_547,4.200580199999999,164020.18511157105,384,384,384
matmul,linear,"[(512, 384), (384, 384)]",8046,matmul_linear_548,4.791259,167830.80900030662,512,384,384
matmul,linear,"[(640, 384), (384, 384)]",9198,matmul_linear_549,5.260446499999999,174752.07767059322,640,384,384
matmul,linear,"[(768, 384), (384, 384)]",10350,matmul_linear_550,5.830142800000001,177425.6688395351,768,384,384
matmul,linear,"[(896, 384), (384, 384)]",11502,matmul_linear_551,7.056142599999999,162906.90975264588,896,384,384
matmul,linear,"[(1024, 384), (384, 384)]",12654,matmul_linear_552,7.6158389,166053.72470654547,1024,384,384
matmul,linear,"[(1152, 384), (384, 384)]",13806,matmul_linear_553,8.049875100000001,171405.76659257727,1152,384,384
matmul,linear,"[(1280, 384), (384, 384)]",14958,matmul_linear_554,8.543,174990.71754652934,1280,384,384
matmul,linear,"[(1408, 384), (384, 384)]",16110,matmul_linear_555,8.965714100000001,179584.51615025286,1408,384,384
matmul,linear,"[(1536, 384), (384, 384)]",17262,matmul_linear_556,9.4429732,182702.5944201557,1536,384,384
matmul,linear,"[(1664, 384), (384, 384)]",18414,matmul_linear_557,9.9264465,185404.45015746568,1664,384,384
matmul,linear,"[(1792, 384), (384, 384)]",19566,matmul_linear_558,10.4424107,187270.52738214945,1792,384,384
matmul,linear,"[(1920, 384), (384, 384)]",20718,matmul_linear_559,10.824018,191307.66395621296,1920,384,384
matmul,linear,"[(2048, 384), (384, 384)]",21870,matmul_linear_560,11.3620089,192383.5668805012,2048,384,384
matmul,linear,"[(128, 384), (384, 512)]",2682,matmul_linear_561,2.511,106710.0358422939,128,384,512
matmul,linear,"[(256, 384), (384, 512)]",5364,matmul_linear_562,3.3974197000000004,157784.5263068322,256,384,512
matmul,linear,"[(384, 384), (384, 512)]",8046,matmul_linear_563,4.1005802,196116.1354629767,384,384,512
matmul,linear,"[(512, 384), (384, 512)]",10728,matmul_linear_564,5.3229731000000005,201441.50318738224,512,384,512
matmul,linear,"[(640, 384), (384, 512)]",12264,matmul_linear_565,6.5661338,186676.5777176213,640,384,512
matmul,linear,"[(768, 384), (384, 512)]",13800,matmul_linear_566,7.376714199999999,186975.16145874272,768,384,512
matmul,linear,"[(896, 384), (384, 512)]",15336,matmul_linear_567,8.0514377,190375.2985917037,896,384,512
matmul,linear,"[(1024, 384), (384, 512)]",16872,matmul_linear_568,8.8428571,190698.0623140456,1024,384,512
matmul,linear,"[(1152, 384), (384, 512)]",18408,matmul_linear_569,9.6904286,189860.6380671336,1152,384,512
matmul,linear,"[(1280, 384), (384, 512)]",19944,matmul_linear_570,10.3714106,192197.85387148787,1280,384,512
matmul,linear,"[(1408, 384), (384, 512)]",21480,matmul_linear_571,11.1460357,192614.25803884692,1408,384,512
matmul,linear,"[(1536, 384), (384, 512)]",23016,matmul_linear_572,11.9101519,193146.90560831552,1536,384,512
matmul,linear,"[(1664, 384), (384, 512)]",24552,matmul_linear_573,12.6502858,193982.5716364448,1664,384,512
matmul,linear,"[(1792, 384), (384, 512)]",26088,matmul_linear_574,13.9499908,186910.8760215096,1792,384,512
matmul,linear,"[(1920, 384), (384, 512)]",27624,matmul_linear_575,14.601571299999998,189085.1187275989,1920,384,512
matmul,linear,"[(2048, 384), (384, 512)]",29160,matmul_linear_576,15.5307413,187656.65267182063,2048,384,512
matmul,linear,"[(128, 384), (384, 640)]",3066,matmul_linear_577,3.079143,99473.1604540614,128,384,640
matmul,linear,"[(256, 384), (384, 640)]",6132,matmul_linear_578,4.0365894,151810.4221994935,256,384,640
matmul,linear,"[(384, 384), (384, 640)]",9198,matmul_linear_579,4.914562600000001,187058.05960025816,384,384,640
matmul,linear,"[(512, 384), (384, 640)]",12264,matmul_linear_580,5.7825446,211986.56133841147,512,384,640
matmul,linear,"[(640, 384), (384, 640)]",15330,matmul_linear_581,8.900009,172147.01682885937,640,384,640
matmul,linear,"[(768, 384), (384, 640)]",17250,matmul_linear_582,9.6065894,179464.2478484612,768,384,640
matmul,linear,"[(896, 384), (384, 640)]",19170,matmul_linear_583,10.2873928,186244.5906333041,896,384,640
matmul,linear,"[(1024, 384), (384, 640)]",21090,matmul_linear_584,10.9011429,193365.9530057165,1024,384,640
matmul,linear,"[(1152, 384), (384, 640)]",23010,matmul_linear_585,11.661106999999998,197222.60410611107,1152,384,640
matmul,linear,"[(1280, 384), (384, 640)]",24930,matmul_linear_586,12.4554553,200053.2613584989,1280,384,640
matmul,linear,"[(1408, 384), (384, 640)]",26850,matmul_linear_587,13.0942856,204951.27824613816,1408,384,640
matmul,linear,"[(1536, 384), (384, 640)]",28770,matmul_linear_588,15.147277,189835.1282742106,1536,384,640
matmul,linear,"[(1664, 384), (384, 640)]",30690,matmul_linear_589,15.851705299999995,193506.9301010788,1664,384,640
matmul,linear,"[(1792, 384), (384, 640)]",32610,matmul_linear_590,15.061017800000002,216419.23152232112,1792,384,640
matmul,linear,"[(1920, 384), (384, 640)]",34530,matmul_linear_591,17.1786876,200904.87769508077,1920,384,640
matmul,linear,"[(2048, 384), (384, 640)]",36450,matmul_linear_592,18.0164018,202215.6477338333,2048,384,640
matmul,linear,"[(128, 384), (384, 768)]",3450,matmul_linear_593,2.8935984,119128.70844827674,128,384,768
matmul,linear,"[(256, 384), (384, 768)]",6900,matmul_linear_594,4.7727323,144471.27628968423,256,384,768
matmul,linear,"[(384, 384), (384, 768)]",10350,matmul_linear_595,5.755705299999999,179721.57634095688,384,384,768
matmul,linear,"[(512, 384), (384, 768)]",13800,matmul_linear_596,6.7461696,204460.5257241087,512,384,768
matmul,linear,"[(640, 384), (384, 768)]",17250,matmul_linear_597,7.734875100000001,222915.88295847204,640,384,768
matmul,linear,"[(768, 384), (384, 768)]",20700,matmul_linear_598,9.4474195,219007.45045247543,768,384,768
matmul,linear,"[(896, 384), (384, 768)]",23004,matmul_linear_599,10.4066875,220950.1660590846,896,384,768
matmul,linear,"[(1024, 384), (384, 768)]",25308,matmul_linear_600,11.3328662,223215.08687537487,1024,384,768
matmul,linear,"[(1152, 384), (384, 768)]",27612,matmul_linear_601,12.262401700000002,225076.11700813877,1152,384,768
matmul,linear,"[(1280, 384), (384, 768)]",29916,matmul_linear_602,13.2088661,226384.24000603653,1280,384,768
matmul,linear,"[(1408, 384), (384, 768)]",32220,matmul_linear_603,15.1228749,212954.72810596356,1408,384,768
matmul,linear,"[(1536, 384), (384, 768)]",34524,matmul_linear_604,15.8570176,217620.63871582004,1536,384,768
matmul,linear,"[(1664, 384), (384, 768)]",36828,matmul_linear_605,16.9321519,217403.36411758745,1664,384,768
matmul,linear,"[(1792, 384), (384, 768)]",39132,matmul_linear_606,17.9346874,218091.70374834636,1792,384,768
matmul,linear,"[(1920, 384), (384, 768)]",41436,matmul_linear_607,18.639527,222201.77836594245,1920,384,768
matmul,linear,"[(2048, 384), (384, 768)]",43740,matmul_linear_608,20.5005624,213260.0003090647,2048,384,768
matmul,linear,"[(128, 384), (384, 896)]",3834,matmul_linear_609,3.3882678,113055.16441764135,128,384,896
matmul,linear,"[(256, 384), (384, 896)]",7668,matmul_linear_610,5.204687399999999,147228.73294177093,256,384,896
matmul,linear,"[(384, 384), (384, 896)]",11502,matmul_linear_611,6.4365892,178597.12735434473,384,384,896
matmul,linear,"[(512, 384), (384, 896)]",15336,matmul_linear_612,7.683562500000001,199494.9144683862,512,384,896
matmul,linear,"[(640, 384), (384, 896)]",19170,matmul_linear_613,8.803723200000002,217648.78156096497,640,384,896
matmul,linear,"[(768, 384), (384, 896)]",23004,matmul_linear_614,11.2530177,204325.16499374207,768,384,896
matmul,linear,"[(896, 384), (384, 896)]",26838,matmul_linear_615,13.5788571,197545.49992944548,896,384,896
matmul,linear,"[(1024, 384), (384, 896)]",29526,matmul_linear_616,14.3897322,205087.9742418,1024,384,896
matmul,linear,"[(1152, 384), (384, 896)]",32214,matmul_linear_617,17.4931609,184051.9676412512,1152,384,896
matmul,linear,"[(1280, 384), (384, 896)]",34902,matmul_linear_618,18.5804195,187742.9063455753,1280,384,896
matmul,linear,"[(1408, 384), (384, 896)]",37590,matmul_linear_619,17.147428700000003,219116.5406117128,1408,384,896
matmul,linear,"[(1536, 384), (384, 896)]",40278,matmul_linear_620,19.933259,201964.29866786965,1536,384,896
matmul,linear,"[(1664, 384), (384, 896)]",42966,matmul_linear_621,20.8762767,205712.5623521746,1664,384,896
matmul,linear,"[(1792, 384), (384, 896)]",45654,matmul_linear_622,24.0371339,189831.1298507182,1792,384,896
matmul,linear,"[(1920, 384), (384, 896)]",48342,matmul_linear_623,22.5935535,213863.68658874303,1920,384,896
matmul,linear,"[(2048, 384), (384, 896)]",51030,matmul_linear_624,25.624428400000006,199045.90563120611,2048,384,896
matmul,linear,"[(128, 384), (384, 1024)]",4218,matmul_linear_625,3.4301518,122868.3187781952,128,384,1024
matmul,linear,"[(256, 384), (384, 1024)]",8436,matmul_linear_626,5.7085626000000005,147678.00632334308,256,384,1024
matmul,linear,"[(384, 384), (384, 1024)]",12654,matmul_linear_627,6.889848000000001,183561.52635007328,384,384,1024
matmul,linear,"[(512, 384), (384, 1024)]",16872,matmul_linear_628,9.372991,179906.5742088091,512,384,1024
matmul,linear,"[(640, 384), (384, 1024)]",21090,matmul_linear_629,11.254723199999995,187287.9936913953,640,384,1024
matmul,linear,"[(768, 384), (384, 1024)]",25308,matmul_linear_630,12.8851787,196311.7113874408,768,384,1024
matmul,linear,"[(896, 384), (384, 1024)]",29526,matmul_linear_631,13.5118662,218419.03773292253,896,384,1024
matmul,linear,"[(1024, 384), (384, 1024)]",33744,matmul_linear_632,14.9681252,225339.0549859912,1024,384,1024
matmul,linear,"[(1152, 384), (384, 1024)]",36816,matmul_linear_633,16.0302857,229565.2766456932,1152,384,1024
matmul,linear,"[(1280, 384), (384, 1024)]",39888,matmul_linear_634,17.2874731,230633.54775024933,1280,384,1024
matmul,linear,"[(1408, 384), (384, 1024)]",42960,matmul_linear_635,18.2710268,235026.3586346444,1408,384,1024
matmul,linear,"[(1536, 384), (384, 1024)]",46032,matmul_linear_636,19.3263303,238082.82770423312,1536,384,1024
matmul,linear,"[(1664, 384), (384, 1024)]",49104,matmul_linear_637,21.7011696,226173.51845589007,1664,384,1024
matmul,linear,"[(1792, 384), (384, 1024)]",52176,matmul_linear_638,22.679535500000004,229957.6217709573,1792,384,1024
matmul,linear,"[(1920, 384), (384, 1024)]",55248,matmul_linear_639,23.800223500000005,232032.2738838985,1920,384,1024
matmul,linear,"[(2048, 384), (384, 1024)]",58320,matmul_linear_640,24.9034199,234084.7032824596,2048,384,1024
matmul,linear,"[(128, 384), (384, 1152)]",4602,matmul_linear_641,4.0932677,112328.51279919953,128,384,1152
matmul,linear,"[(256, 384), (384, 1152)]",9204,matmul_linear_642,6.450571399999999,142585.03407310552,256,384,1152
matmul,linear,"[(384, 384), (384, 1152)]",13806,matmul_linear_643,7.7436964,178186.94833645594,384,384,1152
matmul,linear,"[(512, 384), (384, 1152)]",18408,matmul_linear_644,9.035857099999998,203621.6812558933,512,384,1152
matmul,linear,"[(640, 384), (384, 1152)]",23010,matmul_linear_645,12.7838661,179892.4985134192,640,384,1152
matmul,linear,"[(768, 384), (384, 1152)]",27612,matmul_linear_646,13.8034194,199937.39073522607,768,384,1152
matmul,linear,"[(896, 384), (384, 1152)]",32214,matmul_linear_647,14.969419599999998,215098.72420437733,896,384,1152
matmul,linear,"[(1024, 384), (384, 1152)]",36816,matmul_linear_648,16.0614017,229120.3425806852,1024,384,1152
matmul,linear,"[(1152, 384), (384, 1152)]",41418,matmul_linear_649,18.9031429,219006.4217157243,1152,384,1152
matmul,linear,"[(1280, 384), (384, 1152)]",44874,matmul_linear_650,22.7165535,197438.76836994663,1280,384,1152
matmul,linear,"[(1408, 384), (384, 1152)]",48330,matmul_linear_651,26.7595537,180508.3933305659,1408,384,1152
matmul,linear,"[(1536, 384), (384, 1152)]",51786,matmul_linear_652,24.7770089,208908.27944570823,1536,384,1152
matmul,linear,"[(1664, 384), (384, 1152)]",55242,matmul_linear_653,28.6888569,192455.5981284148,1664,384,1152
matmul,linear,"[(1792, 384), (384, 1152)]",58698,matmul_linear_654,29.664151800000003,197775.2010027133,1792,384,1152
matmul,linear,"[(1920, 384), (384, 1152)]",62154,matmul_linear_655,30.527723,203498.54549256756,1920,384,1152
matmul,linear,"[(2048, 384), (384, 1152)]",65610,matmul_linear_656,31.780821300000003,206345.2626339144,2048,384,1152
matmul,linear,"[(128, 384), (384, 1280)]",4986,matmul_linear_657,4.081267899999999,122067.9174748612,128,384,1280
matmul,linear,"[(256, 384), (384, 1280)]",9972,matmul_linear_658,7.0611518,141123.41910281547,256,384,1280
matmul,linear,"[(384, 384), (384, 1280)]",14958,matmul_linear_659,8.528428400000001,175289.87605266168,384,384,1280
matmul,linear,"[(512, 384), (384, 1280)]",19944,matmul_linear_660,12.7599999,156200.94166380048,512,384,1280
matmul,linear,"[(640, 384), (384, 1280)]",24930,matmul_linear_661,13.987151799999998,178134.99992328678,640,384,1280
matmul,linear,"[(768, 384), (384, 1280)]",29916,matmul_linear_662,15.2461516,196120.00872666124,768,384,1280
matmul,linear,"[(896, 384), (384, 1280)]",34902,matmul_linear_663,16.505857,211352.2135990879,896,384,1280
matmul,linear,"[(1024, 384), (384, 1280)]",39888,matmul_linear_664,17.6913036,225366.70896541508,1024,384,1280
matmul,linear,"[(1152, 384), (384, 1280)]",44874,matmul_linear_665,18.937134,236862.9955620529,1152,384,1280
matmul,linear,"[(1280, 384), (384, 1280)]",49860,matmul_linear_666,21.9661338,226885.7793545808,1280,384,1280
matmul,linear,"[(1408, 384), (384, 1280)]",53700,matmul_linear_667,23.2579641,230788.65288944184,1408,384,1280
matmul,linear,"[(1536, 384), (384, 1280)]",57540,matmul_linear_668,24.732017899999995,232553.8830460737,1536,384,1280
matmul,linear,"[(1664, 384), (384, 1280)]",61380,matmul_linear_669,25.7958484,237845.2656420481,1664,384,1280
matmul,linear,"[(1792, 384), (384, 1280)]",65220,matmul_linear_670,27.1315893,240284.00138984853,1792,384,1280
matmul,linear,"[(1920, 384), (384, 1280)]",69060,matmul_linear_671,28.3908569,243147.3251626301,1920,384,1280
matmul,linear,"[(2048, 384), (384, 1280)]",72900,matmul_linear_672,29.765732,244812.50542738207,2048,384,1280
matmul,linear,"[(128, 384), (384, 1408)]",5370,matmul_linear_673,4.755991,112810.2220756936,128,384,1408
matmul,linear,"[(256, 384), (384, 1408)]",10740,matmul_linear_674,7.599714400000001,141221.1001718696,256,384,1408
matmul,linear,"[(384, 384), (384, 1408)]",16110,matmul_linear_675,9.1970268,175065.30450906153,384,384,1408
matmul,linear,"[(512, 384), (384, 1408)]",21480,matmul_linear_676,13.8727321,154736.1191232115,512,384,1408
matmul,linear,"[(640, 384), (384, 1408)]",26850,matmul_linear_677,15.193419699999998,176621.2420255856,640,384,1408
matmul,linear,"[(768, 384), (384, 1408)]",32220,matmul_linear_678,16.570821700000003,194338.1551097131,768,384,1408
matmul,linear,"[(896, 384), (384, 1408)]",37590,matmul_linear_679,18.0161695,208545.90555722735,896,384,1408
matmul,linear,"[(1024, 384), (384, 1408)]",42960,matmul_linear_680,19.324732,222205.79963541016,1024,384,1408
matmul,linear,"[(1152, 384), (384, 1408)]",48330,matmul_linear_681,20.6805715,233597.60356961124,1152,384,1408
matmul,linear,"[(1280, 384), (384, 1408)]",53700,matmul_linear_682,21.9956071,244039.65823202944,1280,384,1408
matmul,linear,"[(1408, 384), (384, 1408)]",59070,matmul_linear_683,26.5635179,222272.65494115892,1408,384,1408
matmul,linear,"[(1536, 384), (384, 1408)]",63294,matmul_linear_684,27.9936963,226000.90258069997,1536,384,1408
matmul,linear,"[(1664, 384), (384, 1408)]",67518,matmul_linear_685,34.44085700000001,195940.41792572115,1664,384,1408
matmul,linear,"[(1792, 384), (384, 1408)]",71742,matmul_linear_686,35.653259000000006,201121.4367275653,1792,384,1408
matmul,linear,"[(1920, 384), (384, 1408)]",75966,matmul_linear_687,36.8294465,206164.2999535711,1920,384,1408
matmul,linear,"[(2048, 384), (384, 1408)]",80190,matmul_linear_688,37.8958841,211506.0936549043,2048,384,1408
matmul,linear,"[(128, 384), (384, 1536)]",5754,matmul_linear_689,4.7991518,119796.18665531688,128,384,1536
matmul,linear,"[(256, 384), (384, 1536)]",11508,matmul_linear_690,7.475142699999999,153850.2383011364,256,384,1536
matmul,linear,"[(384, 384), (384, 1536)]",17262,matmul_linear_691,9.5992947,179725.71157024693,384,384,1536
matmul,linear,"[(512, 384), (384, 1536)]",23016,matmul_linear_692,11.6765714,197012.6558606065,512,384,1536
matmul,linear,"[(640, 384), (384, 1536)]",28770,matmul_linear_693,15.4935535,185590.1323508516,640,384,1536
matmul,linear,"[(768, 384), (384, 1536)]",34524,matmul_linear_694,17.8828393,192956.591410515,768,384,1536
matmul,linear,"[(896, 384), (384, 1536)]",40278,matmul_linear_695,20.287125,198439.71422761973,896,384,1536
matmul,linear,"[(1024, 384), (384, 1536)]",46032,matmul_linear_696,22.6825892,202839.79489784173,1024,384,1536
matmul,linear,"[(1152, 384), (384, 1536)]",51786,matmul_linear_697,25.1297322,205974.6194501826,1152,384,1536
matmul,linear,"[(1280, 384), (384, 1536)]",57540,matmul_linear_698,27.5527234,208735.98025739996,1280,384,1536
matmul,linear,"[(1408, 384), (384, 1536)]",63294,matmul_linear_699,30.011991000000005,210795.7049867168,1408,384,1536
matmul,linear,"[(1536, 384), (384, 1536)]",69048,matmul_linear_700,28.239009,244412.82975263047,1536,384,1536
matmul,linear,"[(1664, 384), (384, 1536)]",73656,matmul_linear_701,29.7002768,247897.68869494167,1664,384,1536
matmul,linear,"[(1792, 384), (384, 1536)]",78264,matmul_linear_702,31.148616100000005,251159.9588653956,1792,384,1536
matmul,linear,"[(1920, 384), (384, 1536)]",82872,matmul_linear_703,32.6207325,253947.02362217032,1920,384,1536
matmul,linear,"[(2048, 384), (384, 1536)]",87480,matmul_linear_704,34.0058661,257149.7337452023,2048,384,1536
matmul,linear,"[(128, 384), (384, 1664)]",6138,matmul_linear_705,5.2731073,116301.95525700758,128,384,1664
matmul,linear,"[(256, 384), (384, 1664)]",12276,matmul_linear_706,8.801267699999999,139379.90696840186,256,384,1664
matmul,linear,"[(384, 384), (384, 1664)]",18414,matmul_linear_707,10.5464283,174499.39494397357,384,384,1664
matmul,linear,"[(512, 384), (384, 1664)]",24552,matmul_linear_708,16.0795714,152590.63701536224,512,384,1664
matmul,linear,"[(640, 384), (384, 1664)]",30690,matmul_linear_709,17.6522677,173758.68219073064,640,384,1664
matmul,linear,"[(768, 384), (384, 1664)]",36828,matmul_linear_710,19.102741,192689.087178641,768,384,1664
matmul,linear,"[(896, 384), (384, 1664)]",42966,matmul_linear_711,20.741107000000003,207053.8418851028,896,384,1664
matmul,linear,"[(1024, 384), (384, 1664)]",49104,matmul_linear_712,22.1331607,221757.15210570893,1024,384,1664
matmul,linear,"[(1152, 384), (384, 1664)]",55242,matmul_linear_713,23.737267700000004,232622.6566181414,1152,384,1664
matmul,linear,"[(1280, 384), (384, 1664)]",61380,matmul_linear_714,25.3301603,242219.82456107865,1280,384,1664
matmul,linear,"[(1408, 384), (384, 1664)]",67518,matmul_linear_715,26.8254377,251593.9360135772,1408,384,1664
matmul,linear,"[(1536, 384), (384, 1664)]",73656,matmul_linear_716,31.8901429,230867.92081166877,1536,384,1664
matmul,linear,"[(1664, 384), (384, 1664)]",79794,matmul_linear_717,34.22655350000001,233034.7794045345,1664,384,1664
matmul,linear,"[(1792, 384), (384, 1664)]",84786,matmul_linear_718,35.9854823,235511.6816586337,1792,384,1664
matmul,linear,"[(1920, 384), (384, 1664)]",89778,matmul_linear_719,39.62629460000001,226461.683110285,1920,384,1664
matmul,linear,"[(2048, 384), (384, 1664)]",94770,matmul_linear_720,44.1220265,214690.6783021401,2048,384,1664
matmul,linear,"[(128, 384), (384, 1792)]",6522,matmul_linear_721,5.317446599999999,122552.85372118266,128,384,1792
matmul,linear,"[(256, 384), (384, 1792)]",13044,matmul_linear_722,7.701294499999999,169274.12275299954,256,384,1792
matmul,linear,"[(384, 384), (384, 1792)]",19566,matmul_linear_723,15.2559019,128152.0045570036,384,384,1792
matmul,linear,"[(512, 384), (384, 1792)]",26088,matmul_linear_724,17.1949999,151618.52370874395,512,384,1792
matmul,linear,"[(640, 384), (384, 1792)]",32610,matmul_linear_725,18.8304377,173077.06852878944,640,384,1792
matmul,linear,"[(768, 384), (384, 1792)]",39132,matmul_linear_726,20.4615892,191146.1423084381,768,384,1792
matmul,linear,"[(896, 384), (384, 1792)]",45654,matmul_linear_727,22.0565537,206886.09864876576,896,384,1792
matmul,linear,"[(1024, 384), (384, 1792)]",52176,matmul_linear_728,23.7087144,219970.9794707384,1024,384,1792
matmul,linear,"[(1152, 384), (384, 1792)]",58698,matmul_linear_729,29.6244283,198040.53255501983,1152,384,1792
matmul,linear,"[(1280, 384), (384, 1792)]",65220,matmul_linear_730,27.0868838,240680.74274457517,1280,384,1792
matmul,linear,"[(1408, 384), (384, 1792)]",71742,matmul_linear_731,28.7211697,249687.87684959784,1408,384,1792
matmul,linear,"[(1536, 384), (384, 1792)]",78264,matmul_linear_732,34.1261426,229237.37609125505,1536,384,1792
matmul,linear,"[(1664, 384), (384, 1792)]",84786,matmul_linear_733,35.7592676,237002.17152210357,1664,384,1792
matmul,linear,"[(1792, 384), (384, 1792)]",91308,matmul_linear_734,36.348857,251099.09547637223,1792,384,1792
matmul,linear,"[(1920, 384), (384, 1792)]",96684,matmul_linear_735,39.9031427,242196.70511641176,1920,384,1792
matmul,linear,"[(2048, 384), (384, 1792)]",102060,matmul_linear_736,39.8876073,255768.94503947848,2048,384,1792
matmul,linear,"[(128, 384), (384, 1920)]",6906,matmul_linear_737,6.4211338,107451.09946470826,128,384,1920
matmul,linear,"[(256, 384), (384, 1920)]",13812,matmul_linear_738,8.908892999999999,154936.097077381,256,384,1920
matmul,linear,"[(384, 384), (384, 1920)]",20718,matmul_linear_739,11.434018,181096.14644650725,384,384,1920
matmul,linear,"[(512, 384), (384, 1920)]",27624,matmul_linear_740,13.7981606,200100.59775213807,512,384,1920
matmul,linear,"[(640, 384), (384, 1920)]",34530,matmul_linear_741,20.0739911,171913.62612938494,640,384,1920
matmul,linear,"[(768, 384), (384, 1920)]",41436,matmul_linear_742,21.776009,190182.8015914211,768,384,1920
matmul,linear,"[(896, 384), (384, 1920)]",48342,matmul_linear_743,23.727009,203642.4944711741,896,384,1920
matmul,linear,"[(1024, 384), (384, 1920)]",55248,matmul_linear_744,25.4243035,217203.8879904812,1024,384,1920
matmul,linear,"[(1152, 384), (384, 1920)]",62154,matmul_linear_745,31.481731899999996,197328.7824997329,1152,384,1920
matmul,linear,"[(1280, 384), (384, 1920)]",69060,matmul_linear_746,33.4631518,206276.25652464692,1280,384,1920
matmul,linear,"[(1408, 384), (384, 1920)]",75966,matmul_linear_747,39.6227409,191623.2333616779,1408,384,1920
matmul,linear,"[(1536, 384), (384, 1920)]",82872,matmul_linear_748,36.5806785,226445.8252776804,1536,384,1920
matmul,linear,"[(1664, 384), (384, 1920)]",89778,matmul_linear_749,42.9890001,208739.47007643935,1664,384,1920
matmul,linear,"[(1792, 384), (384, 1920)]",96684,matmul_linear_750,44.6252946,216557.39322648643,1792,384,1920
matmul,linear,"[(1920, 384), (384, 1920)]",103590,matmul_linear_751,44.22858960000001,234115.02005119328,1920,384,1920
matmul,linear,"[(2048, 384), (384, 1920)]",109350,matmul_linear_752,43.9805715,248532.51265391128,2048,384,1920
matmul,linear,"[(128, 384), (384, 2048)]",7290,matmul_linear_753,6.475562399999999,112477.09446209646,128,384,2048
matmul,linear,"[(256, 384), (384, 2048)]",14580,matmul_linear_754,8.9678571,162480.64593825876,256,384,2048
matmul,linear,"[(384, 384), (384, 2048)]",21870,matmul_linear_755,11.4328838,191190.31994534924,384,384,2048
matmul,linear,"[(512, 384), (384, 2048)]",29160,matmul_linear_756,13.9712858,208613.7892490897,512,384,2048
matmul,linear,"[(640, 384), (384, 2048)]",36450,matmul_linear_757,19.8016875,183975.2208618584,640,384,2048
matmul,linear,"[(768, 384), (384, 2048)]",43740,matmul_linear_758,22.899973,190904.5920141478,768,384,2048
matmul,linear,"[(896, 384), (384, 2048)]",51030,matmul_linear_759,25.989455300000003,196248.86307140108,896,384,2048
matmul,linear,"[(1024, 384), (384, 2048)]",58320,matmul_linear_760,29.097276900000004,200331.1269416417,1024,384,2048
matmul,linear,"[(1152, 384), (384, 2048)]",65610,matmul_linear_761,32.2711609,203208.4592255868,1152,384,2048
matmul,linear,"[(1280, 384), (384, 2048)]",72900,matmul_linear_762,35.42312489999999,205697.76687064677,1280,384,2048
matmul,linear,"[(1408, 384), (384, 2048)]",80190,matmul_linear_763,38.5645713,207836.96726508148,1408,384,2048
matmul,linear,"[(1536, 384), (384, 2048)]",87480,matmul_linear_764,41.6801696,209783.982813736,1536,384,2048
matmul,linear,"[(1664, 384), (384, 2048)]",94770,matmul_linear_765,44.7812769,211528.62374743944,1664,384,2048
matmul,linear,"[(1792, 384), (384, 2048)]",102060,matmul_linear_766,47.9243125,212860.8014721129,1792,384,2048
matmul,linear,"[(1920, 384), (384, 2048)]",109350,matmul_linear_767,51.0445534,214124.61891889133,1920,384,2048
matmul,linear,"[(2048, 384), (384, 2048)]",116640,matmul_linear_768,44.296018100000005,263219.3794906816,2048,384,2048
matmul,linear,"[(128, 512), (512, 128)]",2040,matmul_linear_769,2.2627231,90056.85569303643,128,512,128
matmul,linear,"[(256, 512), (512, 128)]",2552,matmul_linear_770,2.4268039000000003,105058.88819858908,256,512,128
matmul,linear,"[(384, 512), (512, 128)]",3064,matmul_linear_771,2.8788482,106331.45407944746,384,512,128
matmul,linear,"[(512, 512), (512, 128)]",3576,matmul_linear_772,3.1627144,112967.43346790972,512,512,128
matmul,linear,"[(640, 512), (512, 128)]",4088,matmul_linear_773,3.4733306,117596.82966545138,640,512,128
matmul,linear,"[(768, 512), (512, 128)]",4600,matmul_linear_774,3.9271429,117033.50181374862,768,512,128
matmul,linear,"[(896, 512), (512, 128)]",5112,matmul_linear_775,4.2273127,120827.8887743507,896,512,128
matmul,linear,"[(1024, 512), (512, 128)]",5624,matmul_linear_776,4.5962855000000005,122259.67500278214,1024,512,128
matmul,linear,"[(1152, 512), (512, 128)]",6136,matmul_linear_777,5.0571252,121233.75697323056,1152,512,128
matmul,linear,"[(1280, 512), (512, 128)]",6648,matmul_linear_778,5.4144108,122683.44302947978,1280,512,128
matmul,linear,"[(1408, 512), (512, 128)]",7160,matmul_linear_779,5.6972413,125574.85951490242,1408,512,128
matmul,linear,"[(1536, 512), (512, 128)]",7672,matmul_linear_780,6.120285699999999,125253.62524007664,1536,512,128
matmul,linear,"[(1664, 512), (512, 128)]",8184,matmul_linear_781,6.7958306,120326.78050273942,1664,512,128
matmul,linear,"[(1792, 512), (512, 128)]",8696,matmul_linear_782,7.215133799999999,120424.44543717265,1792,512,128
matmul,linear,"[(1920, 512), (512, 128)]",9208,matmul_linear_783,7.585857199999999,121283.77716891376,1920,512,128
matmul,linear,"[(2048, 512), (512, 128)]",9720,matmul_linear_784,7.844866099999999,123802.688409175,2048,512,128
matmul,linear,"[(128, 512), (512, 256)]",2552,matmul_linear_785,2.0760089,122828.182051628,128,512,256
matmul,linear,"[(256, 512), (512, 256)]",5104,matmul_linear_786,3.1004464,164521.45580068728,256,512,256
matmul,linear,"[(384, 512), (512, 256)]",6128,matmul_linear_787,3.8798661,157843.59501220932,384,512,256
matmul,linear,"[(512, 512), (512, 256)]",7152,matmul_linear_788,4.6411606,153999.38626127265,512,512,256
matmul,linear,"[(640, 512), (512, 256)]",8176,matmul_linear_789,5.372759,152075.07429609256,640,512,256
matmul,linear,"[(768, 512), (512, 256)]",9200,matmul_linear_790,6.1010266,150694.29419304617,768,512,256
matmul,linear,"[(896, 512), (512, 256)]",10224,matmul_linear_791,7.088249899999999,144138.7069338512,896,512,256
matmul,linear,"[(1024, 512), (512, 256)]",11248,matmul_linear_792,7.835884,143444.74874819483,1024,512,256
matmul,linear,"[(1152, 512), (512, 256)]",12272,matmul_linear_793,8.4828303,144568.6962487037,1152,512,256
matmul,linear,"[(1280, 512), (512, 256)]",13296,matmul_linear_794,9.2203037,144103.49299340323,1280,512,256
matmul,linear,"[(1408, 512), (512, 256)]",14320,matmul_linear_795,9.9175713,144290.18956183354,1408,512,256
matmul,linear,"[(1536, 512), (512, 256)]",15344,matmul_linear_796,10.5509643,145327.465809926,1536,512,256
matmul,linear,"[(1664, 512), (512, 256)]",16368,matmul_linear_797,11.2794553,145013.39036025968,1664,512,256
matmul,linear,"[(1792, 512), (512, 256)]",17392,matmul_linear_798,11.983705400000002,145030.4034893915,1792,512,256
matmul,linear,"[(1920, 512), (512, 256)]",18416,matmul_linear_799,12.7171519,144712.2987349078,1920,512,256
matmul,linear,"[(2048, 512), (512, 256)]",19440,matmul_linear_800,13.4047947,144922.73578274198,2048,512,256
matmul,linear,"[(128, 512), (512, 384)]",3064,matmul_linear_801,2.5855622999999994,118404.20312827118,128,512,384
matmul,linear,"[(256, 512), (512, 384)]",6128,matmul_linear_802,3.3644197,182041.36601328303,256,512,384
matmul,linear,"[(384, 512), (512, 384)]",9192,matmul_linear_803,4.971142599999999,184807.18813819587,384,512,384
matmul,linear,"[(512, 512), (512, 384)]",10728,matmul_linear_804,5.603866099999999,191339.26368975875,512,512,384
matmul,linear,"[(640, 512), (512, 384)]",12264,matmul_linear_805,7.4484464,164551.78563948584,640,512,384
matmul,linear,"[(768, 512), (512, 384)]",13800,matmul_linear_806,7.854580099999998,175593.66948081672,768,512,384
matmul,linear,"[(896, 512), (512, 384)]",15336,matmul_linear_807,8.444714199999998,181504.7250006401,896,512,384
matmul,linear,"[(1024, 512), (512, 384)]",16872,matmul_linear_808,9.0322949,186696.38106147308,1024,512,384
matmul,linear,"[(1152, 512), (512, 384)]",18408,matmul_linear_809,9.5531339,192590.69388842123,1152,512,384
matmul,linear,"[(1280, 512), (512, 384)]",19944,matmul_linear_810,10.1048748,197270.08517908605,1280,512,384
matmul,linear,"[(1408, 512), (512, 384)]",21480,matmul_linear_811,10.685982,200911.00675632808,1408,512,384
matmul,linear,"[(1536, 512), (512, 384)]",23016,matmul_linear_812,11.2447141,204582.83849030896,1536,512,384
matmul,linear,"[(1664, 512), (512, 384)]",24552,matmul_linear_813,11.758866200000002,208695.64051847105,1664,512,384
matmul,linear,"[(1792, 512), (512, 384)]",26088,matmul_linear_814,12.2842769,212269.03248248983,1792,512,384
matmul,linear,"[(1920, 512), (512, 384)]",27624,matmul_linear_815,14.0721427,196202.72794206388,1920,512,384
matmul,linear,"[(2048, 512), (512, 384)]",29160,matmul_linear_816,14.7684378,197348.10111195376,2048,512,384
matmul,linear,"[(128, 512), (512, 512)]",3576,matmul_linear_817,2.6675625,133954.96590988967,128,512,512
matmul,linear,"[(256, 512), (512, 512)]",7152,matmul_linear_818,4.055589299999999,176249.21760938666,256,512,512
matmul,linear,"[(384, 512), (512, 512)]",10728,matmul_linear_819,4.9655448,215948.80092915488,384,512,512
matmul,linear,"[(512, 512), (512, 512)]",14304,matmul_linear_820,6.955410799999998,205552.84224477445,512,512,512
matmul,linear,"[(640, 512), (512, 512)]",16352,matmul_linear_821,7.858732199999999,207974.2743721437,640,512,512
matmul,linear,"[(768, 512), (512, 512)]",18400,matmul_linear_822,8.7165624,210992.39119311527,768,512,512
matmul,linear,"[(896, 512), (512, 512)]",20448,matmul_linear_823,9.5904642,213111.78593211365,896,512,512
matmul,linear,"[(1024, 512), (512, 512)]",22496,matmul_linear_824,10.5164018,213813.46990945132,1024,512,512
matmul,linear,"[(1152, 512), (512, 512)]",24544,matmul_linear_825,11.3424106,216291.3903804541,1152,512,512
matmul,linear,"[(1280, 512), (512, 512)]",26592,matmul_linear_826,12.2324107,217289.69245040143,1280,512,512
matmul,linear,"[(1408, 512), (512, 512)]",28640,matmul_linear_827,14.040115899999998,203886.92007948452,1408,512,512
matmul,linear,"[(1536, 512), (512, 512)]",30688,matmul_linear_828,14.8133124,207065.0092250805,1536,512,512
matmul,linear,"[(1664, 512), (512, 512)]",32736,matmul_linear_829,15.7989731,207103.34032342897,1664,512,512
matmul,linear,"[(1792, 512), (512, 512)]",34784,matmul_linear_830,16.6013037,209425.7133329836,1792,512,512
matmul,linear,"[(1920, 512), (512, 512)]",36832,matmul_linear_831,17.3964464,211621.40075688105,1920,512,512
matmul,linear,"[(2048, 512), (512, 512)]",38880,matmul_linear_832,18.3651518,211605.30155922807,2048,512,512
matmul,linear,"[(128, 512), (512, 640)]",4088,matmul_linear_833,3.8325893,106564.18131470543,128,512,640
matmul,linear,"[(256, 512), (512, 640)]",8176,matmul_linear_834,4.8095716,169894.3504323753,256,512,640
matmul,linear,"[(384, 512), (512, 640)]",12264,matmul_linear_835,5.695696400000001,215220.4654658208,384,512,640
matmul,linear,"[(512, 512), (512, 640)]",16352,matmul_linear_836,6.709124699999999,243627.76973425463,512,512,640
matmul,linear,"[(640, 512), (512, 640)]",20440,matmul_linear_837,9.7597502,209331.5897552378,640,512,640
matmul,linear,"[(768, 512), (512, 640)]",23000,matmul_linear_838,11.616571099999998,197893.02050499225,768,512,640
matmul,linear,"[(896, 512), (512, 640)]",25560,matmul_linear_839,12.329991,207199.42138643895,896,512,640
matmul,linear,"[(1024, 512), (512, 640)]",28120,matmul_linear_840,13.095268,214634.0550800488,1024,512,640
matmul,linear,"[(1152, 512), (512, 640)]",30680,matmul_linear_841,16.0741339,190765.64906616835,1152,512,640
matmul,linear,"[(1280, 512), (512, 640)]",33240,matmul_linear_842,14.7252769,225634.29502028585,1280,512,640
matmul,linear,"[(1408, 512), (512, 640)]",35800,matmul_linear_843,15.393741199999996,232462.0493087152,1408,512,640
matmul,linear,"[(1536, 512), (512, 640)]",38360,matmul_linear_844,18.2075626,210581.68674043167,1536,512,640
matmul,linear,"[(1664, 512), (512, 640)]",40920,matmul_linear_845,19.1297322,213807.85596047185,1664,512,640
matmul,linear,"[(1792, 512), (512, 640)]",43480,matmul_linear_846,21.993866,197591.48361638648,1792,512,640
matmul,linear,"[(1920, 512), (512, 640)]",46040,matmul_linear_847,20.3874018,225725.73518514755,1920,512,640
matmul,linear,"[(2048, 512), (512, 640)]",48600,matmul_linear_848,23.2757322,208701.16501770023,2048,512,640
matmul,linear,"[(128, 512), (512, 768)]",4600,matmul_linear_849,3.3975357,135292.2491528198,128,512,768
matmul,linear,"[(256, 512), (512, 768)]",9200,matmul_linear_850,5.500857099999999,167146.66416075418,256,512,768
matmul,linear,"[(384, 512), (512, 768)]",13800,matmul_linear_851,6.6942947,206045.69000077035,384,512,768
matmul,linear,"[(512, 512), (512, 768)]",18400,matmul_linear_852,7.7339644,237811.6200741757,512,512,768
matmul,linear,"[(640, 512), (512, 768)]",23000,matmul_linear_853,8.7589912,262487.31713305064,640,512,768
matmul,linear,"[(768, 512), (512, 768)]",27600,matmul_linear_854,11.1326875,247818.57312082103,768,512,768
matmul,linear,"[(896, 512), (512, 768)]",30672,matmul_linear_855,12.2364553,250560.8265875821,896,512,768
matmul,linear,"[(1024, 512), (512, 768)]",33744,matmul_linear_856,14.7098661,229297.05752997985,1024,512,768
matmul,linear,"[(1152, 512), (512, 768)]",36816,matmul_linear_857,15.5927142,236010.27257845848,1152,512,768
matmul,linear,"[(1280, 512), (512, 768)]",39888,matmul_linear_858,16.8925537,236027.708743054,1280,512,768
matmul,linear,"[(1408, 512), (512, 768)]",42960,matmul_linear_859,17.861169500000003,240421.764266332,1408,512,768
matmul,linear,"[(1536, 512), (512, 768)]",46032,matmul_linear_860,18.8887143,243601.07604412228,1536,512,768
matmul,linear,"[(1664, 512), (512, 768)]",49104,matmul_linear_861,21.1541428,232024.74485139624,1664,512,768
matmul,linear,"[(1792, 512), (512, 768)]",52176,matmul_linear_862,22.2228212,234685.671587008,1792,512,768
matmul,linear,"[(1920, 512), (512, 768)]",55248,matmul_linear_863,23.3205983,236806.44334798225,1920,512,768
matmul,linear,"[(2048, 512), (512, 768)]",58320,matmul_linear_864,24.3322855,239581.5539584228,2048,512,768
matmul,linear,"[(128, 512), (512, 896)]",5112,matmul_linear_865,4.1644554,122653.14558537476,128,512,896
matmul,linear,"[(256, 512), (512, 896)]",10224,matmul_linear_866,6.2227321,164200.82214209417,256,512,896
matmul,linear,"[(384, 512), (512, 896)]",15336,matmul_linear_867,7.4113037,206827.1564191871,384,512,896
matmul,linear,"[(512, 512), (512, 896)]",20448,matmul_linear_868,8.6627321,235945.62352793987,512,512,896
matmul,linear,"[(640, 512), (512, 896)]",25560,matmul_linear_869,12.3243035,207295.0872761288,640,512,896
matmul,linear,"[(768, 512), (512, 896)]",30672,matmul_linear_870,13.3544286,229576.6182867607,768,512,896
matmul,linear,"[(896, 512), (512, 896)]",35784,matmul_linear_871,16.5091605,216652.3902865927,896,512,896
matmul,linear,"[(1024, 512), (512, 896)]",39368,matmul_linear_872,17.626000400000002,223251.86149207165,1024,512,896
matmul,linear,"[(1152, 512), (512, 896)]",42952,matmul_linear_873,21.1145713,203323.50024411813,1152,512,896
matmul,linear,"[(1280, 512), (512, 896)]",46536,matmul_linear_874,22.2583038,208972.53498804345,1280,512,896
matmul,linear,"[(1408, 512), (512, 896)]",50120,matmul_linear_875,26.1844375,191311.4061071581,1408,512,896
matmul,linear,"[(1536, 512), (512, 896)]",53704,matmul_linear_876,24.026169700000004,223422.93632555165,1536,512,896
matmul,linear,"[(1664, 512), (512, 896)]",57288,matmul_linear_877,27.9841429,204615.9357523149,1664,512,896
matmul,linear,"[(1792, 512), (512, 896)]",60872,matmul_linear_878,28.8582678,210834.3513681025,1792,512,896
matmul,linear,"[(1920, 512), (512, 896)]",64456,matmul_linear_879,29.7972948,216214.93876417264,1920,512,896
matmul,linear,"[(2048, 512), (512, 896)]",68040,matmul_linear_880,30.785143,220915.7022821041,2048,512,896
matmul,linear,"[(128, 512), (512, 1024)]",5624,matmul_linear_881,4.077589399999999,137824.627722448,128,512,1024
matmul,linear,"[(256, 512), (512, 1024)]",11248,matmul_linear_882,7.157553700000001,157048.66379556464,256,512,1024
matmul,linear,"[(384, 512), (512, 1024)]",16872,matmul_linear_883,9.1586876,184118.53366851385,384,512,1024
matmul,linear,"[(512, 512), (512, 1024)]",22496,matmul_linear_884,11.2458391,199938.43021371344,512,512,1024
matmul,linear,"[(640, 512), (512, 1024)]",28120,matmul_linear_885,13.3265537,210907.29140497893,640,512,1024
matmul,linear,"[(768, 512), (512, 1024)]",33744,matmul_linear_886,15.0161247,224618.43217977535,768,512,1024
matmul,linear,"[(896, 512), (512, 1024)]",39368,matmul_linear_887,16.167303599999997,243403.80851387,896,512,1024
matmul,linear,"[(1024, 512), (512, 1024)]",44992,matmul_linear_888,17.9352947,250757.3221269679,1024,512,1024
matmul,linear,"[(1152, 512), (512, 1024)]",49088,matmul_linear_889,19.1470358,256273.8873878326,1152,512,1024
matmul,linear,"[(1280, 512), (512, 1024)]",53184,matmul_linear_890,22.1347053,240174.262878937,1280,512,1024
matmul,linear,"[(1408, 512), (512, 1024)]",57280,matmul_linear_891,23.3440087,245273.4520755212,1408,512,1024
matmul,linear,"[(1536, 512), (512, 1024)]",61376,matmul_linear_892,24.6519554,248870.10806696495,1536,512,1024
matmul,linear,"[(1664, 512), (512, 1024)]",65472,matmul_linear_893,26.0534465,251198.8060907796,1664,512,1024
matmul,linear,"[(1792, 512), (512, 1024)]",69568,matmul_linear_894,27.2243126,255436.29589163623,1792,512,1024
matmul,linear,"[(1920, 512), (512, 1024)]",73664,matmul_linear_895,28.4280178,259024.6442796304,1920,512,1024
matmul,linear,"[(2048, 512), (512, 1024)]",77760,matmul_linear_896,29.6518571,262143.27109683797,2048,512,1024
matmul,linear,"[(128, 512), (512, 1152)]",6136,matmul_linear_897,4.8153034,127327.06928913348,128,512,1152
matmul,linear,"[(256, 512), (512, 1152)]",12272,matmul_linear_898,7.623866100000001,160868.19958577183,256,512,1152
matmul,linear,"[(384, 512), (512, 1152)]",18408,matmul_linear_899,9.0382947,203566.73815139043,384,512,1152
matmul,linear,"[(512, 512), (512, 1152)]",24544,matmul_linear_900,14.0778396,174244.9328688189,512,512,1152
matmul,linear,"[(640, 512), (512, 1152)]",30680,matmul_linear_901,15.273812099999995,200766.68474859663,640,512,1152
matmul,linear,"[(768, 512), (512, 1152)]",36816,matmul_linear_902,16.5885981,221835.5715176438,768,512,1152
matmul,linear,"[(896, 512), (512, 1152)]",42952,matmul_linear_903,17.7582679,241770.43602377464,896,512,1152
matmul,linear,"[(1024, 512), (512, 1152)]",49088,matmul_linear_904,19.1159999,256690.1248001157,1024,512,1152
matmul,linear,"[(1152, 512), (512, 1152)]",55224,matmul_linear_905,24.5012769,225292.33455216367,1152,512,1152
matmul,linear,"[(1280, 512), (512, 1152)]",59832,matmul_linear_906,25.9525802,230443.5511186668,1280,512,1152
matmul,linear,"[(1408, 512), (512, 1152)]",64440,matmul_linear_907,27.3634645,235396.4957014124,1408,512,1152
matmul,linear,"[(1536, 512), (512, 1152)]",69048,matmul_linear_908,28.8619821,239135.1286227151,1536,512,1152
matmul,linear,"[(1664, 512), (512, 1152)]",73656,matmul_linear_909,35.016562500000006,210246.17547053623,1664,512,1152
matmul,linear,"[(1792, 512), (512, 1152)]",78264,matmul_linear_910,36.103419800000005,216677.24834255173,1792,512,1152
matmul,linear,"[(1920, 512), (512, 1152)]",82872,matmul_linear_911,37.012143,223804.89521236316,1920,512,1152
matmul,linear,"[(2048, 512), (512, 1152)]",87480,matmul_linear_912,38.14140189999999,229257.06513713647,2048,512,1152
matmul,linear,"[(128, 512), (512, 1280)]",6648,matmul_linear_913,4.790571299999999,138672.59273857382,128,512,1280
matmul,linear,"[(256, 512), (512, 1280)]",13296,matmul_linear_914,8.3872768,158425.82807330263,256,512,1280
matmul,linear,"[(384, 512), (512, 1280)]",19944,matmul_linear_915,9.9145624,201058.65123810203,384,512,1280
matmul,linear,"[(512, 512), (512, 1280)]",26592,matmul_linear_916,15.3765717,172838.41903653985,512,512,1280
matmul,linear,"[(640, 512), (512, 1280)]",33240,matmul_linear_917,16.757125000000002,198263.38274017768,640,512,1280
matmul,linear,"[(768, 512), (512, 1280)]",39888,matmul_linear_918,18.0824286,220489.838247723,768,512,1280
matmul,linear,"[(896, 512), (512, 1280)]",46536,matmul_linear_919,19.4610177,239024.18516530105,896,512,1280
matmul,linear,"[(1024, 512), (512, 1280)]",53184,matmul_linear_920,20.8423125,255073.2203420326,1024,512,1280
matmul,linear,"[(1152, 512), (512, 1280)]",59832,matmul_linear_921,22.2926697,268293.1570564651,1152,512,1280
matmul,linear,"[(1280, 512), (512, 1280)]",66480,matmul_linear_922,26.1675714,253954.9101167257,1280,512,1280
matmul,linear,"[(1408, 512), (512, 1280)]",71600,matmul_linear_923,27.6967232,258414.33573196127,1408,512,1280
matmul,linear,"[(1536, 512), (512, 1280)]",76720,matmul_linear_924,29.0916964,263617.8628056905,1536,512,1280
matmul,linear,"[(1664, 512), (512, 1280)]",81840,matmul_linear_925,30.5362858,267909.018961959,1664,512,1280
matmul,linear,"[(1792, 512), (512, 1280)]",86960,matmul_linear_926,31.955973400000005,272024.3972496234,1792,512,1280
matmul,linear,"[(1920, 512), (512, 1280)]",92080,matmul_linear_927,35.5872232,258644.54852099845,1920,512,1280
matmul,linear,"[(2048, 512), (512, 1280)]",97200,matmul_linear_928,34.852,278793.6072535292,2048,512,1280
matmul,linear,"[(128, 512), (512, 1408)]",7160,matmul_linear_929,6.443696300000001,111016.34792595672,128,512,1408
matmul,linear,"[(256, 512), (512, 1408)]",14320,matmul_linear_930,8.8738395,161273.21392842408,256,512,1408
matmul,linear,"[(384, 512), (512, 1408)]",21480,matmul_linear_931,11.2998571,189990.8994681004,384,512,1408
matmul,linear,"[(512, 512), (512, 1408)]",28640,matmul_linear_932,16.8308482,170063.73542006043,512,512,1408
matmul,linear,"[(640, 512), (512, 1408)]",35800,matmul_linear_933,18.210982100000003,196484.67513402252,640,512,1408
matmul,linear,"[(768, 512), (512, 1408)]",42960,matmul_linear_934,19.6765626,218230.8175992081,768,512,1408
matmul,linear,"[(896, 512), (512, 1408)]",50120,matmul_linear_935,21.1168483,237246.0247853369,896,512,1408
matmul,linear,"[(1024, 512), (512, 1408)]",57280,matmul_linear_936,22.5414017,254010.1958180356,1024,512,1408
matmul,linear,"[(1152, 512), (512, 1408)]",64440,matmul_linear_937,28.5798483,225373.55508531508,1152,512,1408
matmul,linear,"[(1280, 512), (512, 1408)]",71600,matmul_linear_938,30.1453124,237416.1983725204,1280,512,1408
matmul,linear,"[(1408, 512), (512, 1408)]",78760,matmul_linear_939,31.752294800000005,247945.06413186865,1408,512,1408
matmul,linear,"[(1536, 512), (512, 1408)]",84392,matmul_linear_940,33.44401789999999,252238.1019958132,1536,512,1408
matmul,linear,"[(1664, 512), (512, 1408)]",90024,matmul_linear_941,35.223428600000005,255479.88980096043,1664,512,1408
matmul,linear,"[(1792, 512), (512, 1408)]",95656,matmul_linear_942,36.9547142,258746.5425068827,1792,512,1408
matmul,linear,"[(1920, 512), (512, 1408)]",101288,matmul_linear_943,40.9927141,246987.8111483719,1920,512,1408
matmul,linear,"[(2048, 512), (512, 1408)]",106920,matmul_linear_944,45.4920001,234930.3344873157,2048,512,1408
matmul,linear,"[(128, 512), (512, 1536)]",7672,matmul_linear_945,6.3885538,119989.77681302458,128,512,1536
matmul,linear,"[(256, 512), (512, 1536)]",15344,matmul_linear_946,8.7860178,174541.12125973613,256,512,1536
matmul,linear,"[(384, 512), (512, 1536)]",23016,matmul_linear_947,11.391866,201938.893364792,384,512,1536
matmul,linear,"[(512, 512), (512, 1536)]",30688,matmul_linear_948,15.646303499999998,196035.7837651558,512,512,1536
matmul,linear,"[(640, 512), (512, 1536)]",38360,matmul_linear_949,18.5101249,207137.9317116331,640,512,1536
matmul,linear,"[(768, 512), (512, 1536)]",46032,matmul_linear_950,21.3590087,215415.6198798683,768,512,1536
matmul,linear,"[(896, 512), (512, 1536)]",53704,matmul_linear_951,24.2171875,221659.8554745468,896,512,1536
matmul,linear,"[(1024, 512), (512, 1536)]",61376,matmul_linear_952,27.1664377,225825.8305331656,1024,512,1536
matmul,linear,"[(1152, 512), (512, 1536)]",69048,matmul_linear_953,29.951267800000004,230434.48174904965,1152,512,1536
matmul,linear,"[(1280, 512), (512, 1536)]",76720,matmul_linear_954,32.910893,233014.30656105265,1280,512,1536
matmul,linear,"[(1408, 512), (512, 1536)]",84392,matmul_linear_955,35.772116000000004,235815.59414601023,1408,512,1536
matmul,linear,"[(1536, 512), (512, 1536)]",92064,matmul_linear_956,33.706839200000005,273031.5133220797,1536,512,1536
matmul,linear,"[(1664, 512), (512, 1536)]",98208,matmul_linear_957,35.5795716,275923.5595416781,1664,512,1536
matmul,linear,"[(1792, 512), (512, 1536)]",104352,matmul_linear_958,37.2425713,280095.4761915164,1792,512,1536
matmul,linear,"[(1920, 512), (512, 1536)]",110496,matmul_linear_959,41.2378573,267847.9663459624,1920,512,1536
matmul,linear,"[(2048, 512), (512, 1536)]",116640,matmul_linear_960,40.6626875,286747.73971223616,2048,512,1536
matmul,linear,"[(128, 512), (512, 1664)]",8184,matmul_linear_961,6.171410799999999,132511.49298309555,128,512,1664
matmul,linear,"[(256, 512), (512, 1664)]",16368,matmul_linear_962,10.5557499,154962.40821412412,256,512,1664
matmul,linear,"[(384, 512), (512, 1664)]",24552,matmul_linear_963,17.8264197,137628.16086002957,384,512,1664
matmul,linear,"[(512, 512), (512, 1664)]",32736,matmul_linear_964,19.579875,167092.07860111466,512,512,1664
matmul,linear,"[(640, 512), (512, 1664)]",40920,matmul_linear_965,21.1734195,193161.1782428436,640,512,1664
matmul,linear,"[(768, 512), (512, 1664)]",49104,matmul_linear_966,22.796410700000003,215302.33085904171,768,512,1664
matmul,linear,"[(896, 512), (512, 1664)]",57288,matmul_linear_967,24.5734375,233029.776816939,896,512,1664
matmul,linear,"[(1024, 512), (512, 1664)]",65472,matmul_linear_968,26.2456877,249358.1233624905,1024,512,1664
matmul,linear,"[(1152, 512), (512, 1664)]",73656,matmul_linear_969,33.2388839,221495.8881820337,1152,512,1664
matmul,linear,"[(1280, 512), (512, 1664)]",81840,matmul_linear_970,35.019696200000006,233597.0587426169,1280,512,1664
matmul,linear,"[(1408, 512), (512, 1664)]",90024,matmul_linear_971,42.1252856,213605.3760414149,1408,512,1664
matmul,linear,"[(1536, 512), (512, 1664)]",98208,matmul_linear_972,38.0724464,257850.32703756072,1536,512,1664
matmul,linear,"[(1664, 512), (512, 1664)]",106392,matmul_linear_973,39.807178500000006,267168.3772350255,1664,512,1664
matmul,linear,"[(1792, 512), (512, 1664)]",113048,matmul_linear_974,44.6077054,253327.0682302345,1792,512,1664
matmul,linear,"[(1920, 512), (512, 1664)]",119704,matmul_linear_975,46.4882412,257393.0711725872,1920,512,1664
matmul,linear,"[(2048, 512), (512, 1664)]",126360,matmul_linear_976,51.3542679,245955.498729055,2048,512,1664
matmul,linear,"[(128, 512), (512, 1792)]",8696,matmul_linear_977,6.244276599999999,139163.52974177987,128,512,1792
matmul,linear,"[(256, 512), (512, 1792)]",17392,matmul_linear_978,10.533580099999998,165010.05598182144,256,512,1792
matmul,linear,"[(384, 512), (512, 1792)]",26088,matmul_linear_979,19.0389644,136924.25957579922,384,512,1792
matmul,linear,"[(512, 512), (512, 1792)]",34784,matmul_linear_980,20.8251697,166928.65091178587,512,512,1792
matmul,linear,"[(640, 512), (512, 1792)]",43480,matmul_linear_981,22.5998214,192290.9009298631,640,512,1792
matmul,linear,"[(768, 512), (512, 1792)]",52176,matmul_linear_982,24.3884107,213837.6798341353,768,512,1792
matmul,linear,"[(896, 512), (512, 1792)]",60872,matmul_linear_983,26.1913126,232312.9413811815,896,512,1792
matmul,linear,"[(1024, 512), (512, 1792)]",69568,matmul_linear_984,27.9821248,248515.85922167,1024,512,1792
matmul,linear,"[(1152, 512), (512, 1792)]",78264,matmul_linear_985,35.503026899999995,220343.1757901747,1152,512,1792
matmul,linear,"[(1280, 512), (512, 1792)]",86960,matmul_linear_986,37.3977234,232427.52331977512,1280,512,1792
matmul,linear,"[(1408, 512), (512, 1792)]",95656,matmul_linear_987,45.0271521,212340.70641545195,1408,512,1792
matmul,linear,"[(1536, 512), (512, 1792)]",104352,matmul_linear_988,40.65257150000001,256592.24885318748,1536,512,1792
matmul,linear,"[(1664, 512), (512, 1792)]",113048,matmul_linear_989,48.287116,234016.28062442163,1664,512,1792
matmul,linear,"[(1792, 512), (512, 1792)]",121744,matmul_linear_990,45.0102771,270380.4498970747,1792,512,1792
matmul,linear,"[(1920, 512), (512, 1792)]",128912,matmul_linear_991,46.7304464,275762.97570656205,1920,512,1792
matmul,linear,"[(2048, 512), (512, 1792)]",136080,matmul_linear_992,51.72441980000001,262986.56631852634,2048,512,1792
matmul,linear,"[(128, 512), (512, 1920)]",9208,matmul_linear_993,7.7500178,118712.63034002324,128,512,1920
matmul,linear,"[(256, 512), (512, 1920)]",18416,matmul_linear_994,10.590259,173795.6525992424,256,512,1920
matmul,linear,"[(384, 512), (512, 1920)]",27624,matmul_linear_995,13.4295893,205595.04683214697,384,512,1920
matmul,linear,"[(512, 512), (512, 1920)]",36832,matmul_linear_996,19.7167321,186705.8043959526,512,512,1920
matmul,linear,"[(640, 512), (512, 1920)]",46040,matmul_linear_997,23.4040267,196618.28523422423,640,512,1920
matmul,linear,"[(768, 512), (512, 1920)]",55248,matmul_linear_998,26.9844377,204640.2306997118,768,512,1920
matmul,linear,"[(896, 512), (512, 1920)]",64456,matmul_linear_999,27.803267800000004,231728.86437543135,896,512,1920
matmul,linear,"[(1024, 512), (512, 1920)]",73664,matmul_linear_1000,29.828249700000004,246860.5181024081,1024,512,1920
matmul,linear,"[(1152, 512), (512, 1920)]",82872,matmul_linear_1001,37.7547141,219401.0662257935,1152,512,1920
matmul,linear,"[(1280, 512), (512, 1920)]",92080,matmul_linear_1002,46.2585627,198955.0389495781,1280,512,1920
matmul,linear,"[(1408, 512), (512, 1920)]",101288,matmul_linear_1003,47.8735892,211473.85876553413,1408,512,1920
matmul,linear,"[(1536, 512), (512, 1920)]",110496,matmul_linear_1004,43.2105446,255615.3607362773,1536,512,1920
matmul,linear,"[(1664, 512), (512, 1920)]",119704,matmul_linear_1005,51.3677322,232933.45285700585,1664,512,1920
matmul,linear,"[(1792, 512), (512, 1920)]",128912,matmul_linear_1006,53.1565447,242413.88183250368,1792,512,1920
matmul,linear,"[(1920, 512), (512, 1920)]",138120,matmul_linear_1007,55.5485805,248547.2179068554,1920,512,1920
matmul,linear,"[(2048, 512), (512, 1920)]",145800,matmul_linear_1008,57.69229469999999,252620.05691255684,2048,512,1920
matmul,linear,"[(128, 512), (512, 2048)]",9720,matmul_linear_1009,7.810428499999999,124348.99790069136,128,512,2048
matmul,linear,"[(256, 512), (512, 2048)]",19440,matmul_linear_1010,10.6494197,182445.15783615893,256,512,2048
matmul,linear,"[(384, 512), (512, 2048)]",29160,matmul_linear_1011,13.5885534,214492.37890620495,384,512,2048
matmul,linear,"[(512, 512), (512, 2048)]",38880,matmul_linear_1012,20.0018392,194282.12461982,512,512,2048
matmul,linear,"[(640, 512), (512, 2048)]",48600,matmul_linear_1013,23.6866875,205078.54174417595,640,512,2048
matmul,linear,"[(768, 512), (512, 2048)]",58320,matmul_linear_1014,27.479687299999995,212129.489234399,768,512,2048
matmul,linear,"[(896, 512), (512, 2048)]",68040,matmul_linear_1015,31.1169998,218558.61245401943,896,512,2048
matmul,linear,"[(1024, 512), (512, 2048)]",77760,matmul_linear_1016,34.904026900000005,222682.31741793663,1024,512,2048
matmul,linear,"[(1152, 512), (512, 2048)]",87480,matmul_linear_1017,38.5351519,226913.50763327343,1152,512,2048
matmul,linear,"[(1280, 512), (512, 2048)]",97200,matmul_linear_1018,42.2861428,229762.53548763023,1280,512,2048
matmul,linear,"[(1408, 512), (512, 2048)]",106920,matmul_linear_1019,45.9424285,232626.05191081707,1408,512,2048
matmul,linear,"[(1536, 512), (512, 2048)]",116640,matmul_linear_1020,49.7049732,234564.64719872337,1536,512,2048
matmul,linear,"[(1664, 512), (512, 2048)]",126360,matmul_linear_1021,53.3553036,236727.4407120045,1664,512,2048
matmul,linear,"[(1792, 512), (512, 2048)]",136080,matmul_linear_1022,56.4767145,240848.86043698597,1792,512,2048
matmul,linear,"[(1920, 512), (512, 2048)]",145800,matmul_linear_1023,58.3240356,249882.7018142757,1920,512,2048
matmul,linear,"[(2048, 512), (512, 2048)]",155520,matmul_linear_1024,58.1452678,267368.0260050329,2048,512,2048
matmul,linear,"[(128, 640), (640, 128)]",2550,matmul_linear_1025,2.6522768,96043.8112341819,128,640,128
matmul,linear,"[(256, 640), (640, 128)]",3190,matmul_linear_1026,2.8487499,111878.94206156884,256,640,128
matmul,linear,"[(384, 640), (640, 128)]",3830,matmul_linear_1027,3.2233125,118721.86415372384,384,640,128
matmul,linear,"[(512, 640), (640, 128)]",4470,matmul_linear_1028,3.5464104999999995,125942.93834568789,512,640,128
matmul,linear,"[(640, 640), (640, 128)]",5110,matmul_linear_1029,3.9911338,127933.79330454918,640,640,128
matmul,linear,"[(768, 640), (640, 128)]",5750,matmul_linear_1030,4.3817322,131126.64137256035,768,640,128
matmul,linear,"[(896, 640), (640, 128)]",6390,matmul_linear_1031,4.8883036,130620.1950386224,896,640,128
matmul,linear,"[(1024, 640), (640, 128)]",7030,matmul_linear_1032,5.2898484,132796.05804204146,1024,640,128
matmul,linear,"[(1152, 640), (640, 128)]",7670,matmul_linear_1033,5.6941162,134600.4474548658,1152,640,128
matmul,linear,"[(1280, 640), (640, 128)]",8310,matmul_linear_1034,6.6390181,125069.11198058038,1280,640,128
matmul,linear,"[(1408, 640), (640, 128)]",8950,matmul_linear_1035,7.060598200000001,126659.7977746418,1408,640,128
matmul,linear,"[(1536, 640), (640, 128)]",9590,matmul_linear_1036,7.427580400000001,129013.3785640341,1536,640,128
matmul,linear,"[(1664, 640), (640, 128)]",10230,matmul_linear_1037,7.822856999999999,130670.63788843388,1664,640,128
matmul,linear,"[(1792, 640), (640, 128)]",10870,matmul_linear_1038,8.2382587,131845.3587928721,1792,640,128
matmul,linear,"[(1920, 640), (640, 128)]",11510,matmul_linear_1039,8.650875000000001,132950.12498735674,1920,640,128
matmul,linear,"[(2048, 640), (640, 128)]",12150,matmul_linear_1040,9.0528211,134112.30648200924,2048,640,128
matmul,linear,"[(128, 640), (640, 256)]",3190,matmul_linear_1041,2.4161608,131927.63657120836,128,640,256
matmul,linear,"[(256, 640), (640, 256)]",6380,matmul_linear_1042,3.5818663,178019.4345528754,256,640,256
matmul,linear,"[(384, 640), (640, 256)]",7660,matmul_linear_1043,4.3462856,176142.44481310665,384,640,256
matmul,linear,"[(512, 640), (640, 256)]",8940,matmul_linear_1044,5.2194196,171183.4124315278,512,640,256
matmul,linear,"[(640, 640), (640, 256)]",10220,matmul_linear_1045,6.577571399999999,155276.4965592012,640,640,256
matmul,linear,"[(768, 640), (640, 256)]",11500,matmul_linear_1046,7.3810089,155705.25854670085,768,640,256
matmul,linear,"[(896, 640), (640, 256)]",12780,matmul_linear_1047,8.1853123,156033.32187704067,896,640,256
matmul,linear,"[(1024, 640), (640, 256)]",14060,matmul_linear_1048,9.001553699999999,156095.2577142322,1024,640,256
matmul,linear,"[(1152, 640), (640, 256)]",15340,matmul_linear_1049,9.839991,155794.45152947804,1152,640,256
matmul,linear,"[(1280, 640), (640, 256)]",16620,matmul_linear_1050,10.6640269,155751.06973051614,1280,640,256
matmul,linear,"[(1408, 640), (640, 256)]",17900,matmul_linear_1051,11.4521518,156202.5037792461,1408,640,256
matmul,linear,"[(1536, 640), (640, 256)]",19180,matmul_linear_1052,12.265723400000002,156270.72005064125,1536,640,256
matmul,linear,"[(1664, 640), (640, 256)]",20460,matmul_linear_1053,13.0906962,156194.20840123078,1664,640,256
matmul,linear,"[(1792, 640), (640, 256)]",21740,matmul_linear_1054,13.889437399999997,156421.81851512578,1792,640,256
matmul,linear,"[(1920, 640), (640, 256)]",23020,matmul_linear_1055,15.158142899999998,151765.56923143932,1920,640,256
matmul,linear,"[(2048, 640), (640, 256)]",24300,matmul_linear_1056,16.1195714,150648.424986039,2048,640,256
matmul,linear,"[(128, 640), (640, 384)]",3830,matmul_linear_1057,3.0777052,124343.36774035408,128,640,384
matmul,linear,"[(256, 640), (640, 384)]",7660,matmul_linear_1058,4.0512766,188976.2037822843,256,640,384
matmul,linear,"[(384, 640), (640, 384)]",11490,matmul_linear_1059,5.765294599999999,199195.97353099703,384,640,384
matmul,linear,"[(512, 640), (640, 384)]",13410,matmul_linear_1060,7.9586963,168394.93302062553,512,640,384
matmul,linear,"[(640, 640), (640, 384)]",15330,matmul_linear_1061,8.6586964,176947.4363785292,640,640,384
matmul,linear,"[(768, 640), (640, 384)]",17250,matmul_linear_1062,9.330437299999998,184778.7944805117,768,640,384
matmul,linear,"[(896, 640), (640, 384)]",19170,matmul_linear_1063,9.9619912,192331.4086926718,896,640,384
matmul,linear,"[(1024, 640), (640, 384)]",21090,matmul_linear_1064,10.5148482,200473.5089927404,1024,640,384
matmul,linear,"[(1152, 640), (640, 384)]",23010,matmul_linear_1065,11.2001161,205344.29892115132,1152,640,384
matmul,linear,"[(1280, 640), (640, 384)]",24930,matmul_linear_1066,11.8548752,210193.23024842975,1280,640,384
matmul,linear,"[(1408, 640), (640, 384)]",26850,matmul_linear_1067,12.496277,214763.99509229828,1408,640,384
matmul,linear,"[(1536, 640), (640, 384)]",28770,matmul_linear_1068,14.7798661,194556.70260706893,1536,640,384
matmul,linear,"[(1664, 640), (640, 384)]",30690,matmul_linear_1069,15.4581431,198436.13594766115,1664,640,384
matmul,linear,"[(1792, 640), (640, 384)]",32610,matmul_linear_1070,16.096169800000002,202494.7812752323,1792,640,384
matmul,linear,"[(1920, 640), (640, 384)]",34530,matmul_linear_1071,16.582401700000002,208132.80381634945,1920,640,384
matmul,linear,"[(2048, 640), (640, 384)]",36450,matmul_linear_1072,17.214696500000002,211637.68587787764,2048,640,384
matmul,linear,"[(128, 640), (640, 512)]",4470,matmul_linear_1073,3.3606964,132908.14676386715,128,640,512
matmul,linear,"[(256, 640), (640, 512)]",8940,matmul_linear_1074,4.708857200000001,189754.9822237124,256,640,512
matmul,linear,"[(384, 640), (640, 512)]",13410,matmul_linear_1075,5.7694016,232333.1175004354,384,640,512
matmul,linear,"[(512, 640), (640, 512)]",17880,matmul_linear_1076,8.1040448,220530.56709656885,512,640,512
matmul,linear,"[(640, 640), (640, 512)]",20440,matmul_linear_1077,9.0467323,225837.9334127086,640,640,512
matmul,linear,"[(768, 640), (640, 512)]",23000,matmul_linear_1078,10.0772766,228136.26772336484,768,640,512
matmul,linear,"[(896, 640), (640, 512)]",25560,matmul_linear_1079,11.0851697,230478.33747010655,896,640,512
matmul,linear,"[(1024, 640), (640, 512)]",28120,matmul_linear_1080,12.1398573,231533.6947387347,1024,640,512
matmul,linear,"[(1152, 640), (640, 512)]",30680,matmul_linear_1081,14.2172856,215693.6533257797,1152,640,512
matmul,linear,"[(1280, 640), (640, 512)]",33240,matmul_linear_1082,15.346884100000002,216491.1971668568,1280,640,512
matmul,linear,"[(1408, 640), (640, 512)]",35800,matmul_linear_1083,16.298277000000002,219555.12059955785,1408,640,512
matmul,linear,"[(1536, 640), (640, 512)]",38360,matmul_linear_1084,17.155133999999997,223506.5308495988,1536,640,512
matmul,linear,"[(1664, 640), (640, 512)]",40920,matmul_linear_1085,18.4163392,222093.9960793077,1664,640,512
matmul,linear,"[(1792, 640), (640, 512)]",43480,matmul_linear_1086,19.3250447,224893.0112710166,1792,640,512
matmul,linear,"[(1920, 640), (640, 512)]",46040,matmul_linear_1087,20.1822678,228021.04395919276,1920,640,512
matmul,linear,"[(2048, 640), (640, 512)]",48600,matmul_linear_1088,22.2245624,218576.9715654784,2048,640,512
matmul,linear,"[(128, 640), (640, 640)]",5110,matmul_linear_1089,4.511312800000001,113170.79780413362,128,640,640
matmul,linear,"[(256, 640), (640, 640)]",10220,matmul_linear_1090,5.742696499999999,177865.17716024176,256,640,640
matmul,linear,"[(384, 640), (640, 640)]",15330,matmul_linear_1091,6.8468574,223798.33911248104,384,640,640
matmul,linear,"[(512, 640), (640, 640)]",20440,matmul_linear_1092,8.179277000000003,249799.83833534425,512,640,640
matmul,linear,"[(640, 640), (640, 640)]",25550,matmul_linear_1093,11.479,222480.3641432181,640,640,640
matmul,linear,"[(768, 640), (640, 640)]",28750,matmul_linear_1094,14.3965713,199600.32725778257,768,640,640
matmul,linear,"[(896, 640), (640, 640)]",31950,matmul_linear_1095,14.483383899999998,220497.61876504568,896,640,640
matmul,linear,"[(1024, 640), (640, 640)]",35150,matmul_linear_1096,15.275991199999998,229999.6350403764,1024,640,640
matmul,linear,"[(1152, 640), (640, 640)]",38350,matmul_linear_1097,16.2135712,236430.2469575611,1152,640,640
matmul,linear,"[(1280, 640), (640, 640)]",41550,matmul_linear_1098,19.8672855,209037.78080050243,1280,640,640
matmul,linear,"[(1408, 640), (640, 640)]",44750,matmul_linear_1099,20.823616,214800.23634703984,1408,640,640
matmul,linear,"[(1536, 640), (640, 640)]",47950,matmul_linear_1100,21.3274197,224727.94765838457,1536,640,640
matmul,linear,"[(1664, 640), (640, 640)]",51150,matmul_linear_1101,22.2507143,229780.26051819837,1664,640,640
matmul,linear,"[(1792, 640), (640, 640)]",54350,matmul_linear_1102,23.2861516,233300.5246276933,1792,640,640
matmul,linear,"[(1920, 640), (640, 640)]",57550,matmul_linear_1103,23.8777231,240919.6305526301,1920,640,640
matmul,linear,"[(2048, 640), (640, 640)]",60750,matmul_linear_1104,27.4266965,221399.51599165436,2048,640,640
matmul,linear,"[(128, 640), (640, 768)]",5750,matmul_linear_1105,4.0869912,140590.295589577,128,640,768
matmul,linear,"[(256, 640), (640, 768)]",11500,matmul_linear_1106,6.630401999999999,173343.48050088066,256,640,768
matmul,linear,"[(384, 640), (640, 768)]",17250,matmul_linear_1107,7.9642322,216493.3836032556,384,640,768
matmul,linear,"[(512, 640), (640, 768)]",23000,matmul_linear_1108,9.0887233,252960.84519043507,512,640,768
matmul,linear,"[(640, 640), (640, 768)]",28750,matmul_linear_1109,13.076981999999996,219751.9505494464,640,640,768
matmul,linear,"[(768, 640), (640, 768)]",34500,matmul_linear_1110,14.649848,235397.323931279,768,640,768
matmul,linear,"[(896, 640), (640, 768)]",38340,matmul_linear_1111,16.0337232,239021.0046584813,896,640,768
matmul,linear,"[(1024, 640), (640, 768)]",42180,matmul_linear_1112,17.1775982,245452.3729737723,1024,640,768
matmul,linear,"[(1152, 640), (640, 768)]",46020,matmul_linear_1113,18.3576965,250585.0464599412,1152,640,768
matmul,linear,"[(1280, 640), (640, 768)]",49860,matmul_linear_1114,21.305124900000003,233928.19853921625,1280,640,768
matmul,linear,"[(1408, 640), (640, 768)]",53700,matmul_linear_1115,22.4408393,239195.8626997521,1408,640,768
matmul,linear,"[(1536, 640), (640, 768)]",57540,matmul_linear_1116,23.5970357,243744.1875985296,1536,640,768
matmul,linear,"[(1664, 640), (640, 768)]",61380,matmul_linear_1117,24.788741100000003,247512.4130402088,1664,640,768
matmul,linear,"[(1792, 640), (640, 768)]",65220,matmul_linear_1118,26.035267800000003,250406.3535394093,1792,640,768
matmul,linear,"[(1920, 640), (640, 768)]",69060,matmul_linear_1119,27.3302858,252586.70992090396,1920,640,768
matmul,linear,"[(2048, 640), (640, 768)]",72900,matmul_linear_1120,28.4367143,256258.73128985232,2048,640,768
matmul,linear,"[(128, 640), (640, 896)]",6390,matmul_linear_1121,5.9164285,107904.3475552861,128,640,896
matmul,linear,"[(256, 640), (640, 896)]",12780,matmul_linear_1122,7.3557232,173642.26371106514,256,640,896
matmul,linear,"[(384, 640), (640, 896)]",19170,matmul_linear_1123,8.7664197,218575.3618469807,384,640,896
matmul,linear,"[(512, 640), (640, 896)]",25560,matmul_linear_1124,13.5380267,188701.51861423053,512,640,896
matmul,linear,"[(640, 640), (640, 896)]",31950,matmul_linear_1125,14.7454464,216577.0617402265,640,640,896
matmul,linear,"[(768, 640), (640, 896)]",38340,matmul_linear_1126,15.8292947,242109.1490911468,768,640,896
matmul,linear,"[(896, 640), (640, 896)]",44730,matmul_linear_1127,21.3085894,209815.349910492,896,640,896
matmul,linear,"[(1024, 640), (640, 896)]",49210,matmul_linear_1128,22.7385804,216316.32474118748,1024,640,896
matmul,linear,"[(1152, 640), (640, 896)]",53690,matmul_linear_1129,24.1665806,222066.3084598737,1152,640,896
matmul,linear,"[(1280, 640), (640, 896)]",58170,matmul_linear_1130,25.4494285,228470.9480666727,1280,640,896
matmul,linear,"[(1408, 640), (640, 896)]",62650,matmul_linear_1131,26.875285599999994,233013.8017748173,1408,640,896
matmul,linear,"[(1536, 640), (640, 896)]",67130,matmul_linear_1132,28.2923125,237172.93412300607,1536,640,896
matmul,linear,"[(1664, 640), (640, 896)]",71610,matmul_linear_1133,29.7378393,240704.31425291885,1664,640,896
matmul,linear,"[(1792, 640), (640, 896)]",76090,matmul_linear_1134,31.1687322,244022.85848443973,1792,640,896
matmul,linear,"[(1920, 640), (640, 896)]",80570,matmul_linear_1135,31.3484198,256914.54974135573,1920,640,896
matmul,linear,"[(2048, 640), (640, 896)]",85050,matmul_linear_1136,32.516285700000005,261461.2397574671,2048,640,896
matmul,linear,"[(128, 640), (640, 1024)]",7030,matmul_linear_1137,4.855116100000001,144695.71353607794,128,640,1024
matmul,linear,"[(256, 640), (640, 1024)]",14060,matmul_linear_1138,8.340294700000001,168479.17502603354,256,640,1024
matmul,linear,"[(384, 640), (640, 1024)]",21090,matmul_linear_1139,10.771866,195687.8050098284,384,640,1024
matmul,linear,"[(512, 640), (640, 1024)]",28120,matmul_linear_1140,13.1557142,213647.42239383704,512,640,1024
matmul,linear,"[(640, 640), (640, 1024)]",35150,matmul_linear_1141,16.2651788,216005.8321719771,640,640,1024
matmul,linear,"[(768, 640), (640, 1024)]",42180,matmul_linear_1142,17.6026963,239522.38103261488,768,640,1024
matmul,linear,"[(896, 640), (640, 1024)]",49210,matmul_linear_1143,18.8610268,260808.38278221415,896,640,1024
matmul,linear,"[(1024, 640), (640, 1024)]",56240,matmul_linear_1144,23.049598300000003,243895.5754022837,1024,640,1024
matmul,linear,"[(1152, 640), (640, 1024)]",61360,matmul_linear_1145,24.421874800000005,251150.16200639925,1152,640,1024
matmul,linear,"[(1280, 640), (640, 1024)]",66480,matmul_linear_1146,25.825410700000003,257320.88198426983,1280,640,1024
matmul,linear,"[(1408, 640), (640, 1024)]",71600,matmul_linear_1147,27.2302945,262842.43714477646,1408,640,1024
matmul,linear,"[(1536, 640), (640, 1024)]",76720,matmul_linear_1148,28.665848200000006,267535.5482828517,1536,640,1024
matmul,linear,"[(1664, 640), (640, 1024)]",81840,matmul_linear_1149,30.098125,271810.62566189753,1664,640,1024
matmul,linear,"[(1792, 640), (640, 1024)]",86960,matmul_linear_1150,31.4386962,276501.8013177023,1792,640,1024
matmul,linear,"[(1920, 640), (640, 1024)]",92080,matmul_linear_1151,35.1228839,262065.2602962936,1920,640,1024
matmul,linear,"[(2048, 640), (640, 1024)]",97200,matmul_linear_1152,34.2503124,283693.03191406804,2048,640,1024
matmul,linear,"[(128, 640), (640, 1152)]",7670,matmul_linear_1153,5.7866966,132445.39731701158,128,640,1152
matmul,linear,"[(256, 640), (640, 1152)]",15340,matmul_linear_1154,9.1288661,167938.39416595234,256,640,1152
matmul,linear,"[(384, 640), (640, 1152)]",23010,matmul_linear_1155,15.4472768,148858.2940599601,384,640,1152
matmul,linear,"[(512, 640), (640, 1152)]",30680,matmul_linear_1156,16.8723125,181736.36653244772,512,640,1152
matmul,linear,"[(640, 640), (640, 1152)]",38350,matmul_linear_1157,18.2081697,210519.7417525167,640,640,1152
matmul,linear,"[(768, 640), (640, 1152)]",46020,matmul_linear_1158,19.6572767,234011.7780572321,768,640,1152
matmul,linear,"[(896, 640), (640, 1152)]",53690,matmul_linear_1159,21.0921605,254449.5517161459,896,640,1152
matmul,linear,"[(1024, 640), (640, 1152)]",61360,matmul_linear_1160,22.517964400000004,272393.5474185224,1024,640,1152
matmul,linear,"[(1152, 640), (640, 1152)]",69030,matmul_linear_1161,28.912875,238651.76716255303,1152,640,1152
matmul,linear,"[(1280, 640), (640, 1152)]",74790,matmul_linear_1162,30.4641429,245401.7370601948,1280,640,1152
matmul,linear,"[(1408, 640), (640, 1152)]",80550,matmul_linear_1163,32.1111427,250747.50409707468,1408,640,1152
matmul,linear,"[(1536, 640), (640, 1152)]",86310,matmul_linear_1164,33.7151251,255897.86370064516,1536,640,1152
matmul,linear,"[(1664, 640), (640, 1152)]",92070,matmul_linear_1165,35.3901341,260057.25100063975,1664,640,1152
matmul,linear,"[(1792, 640), (640, 1152)]",97830,matmul_linear_1166,39.7798839,245828.31956455257,1792,640,1152
matmul,linear,"[(1920, 640), (640, 1152)]",103590,matmul_linear_1167,41.3408572,250475.35575242012,1920,640,1152
matmul,linear,"[(2048, 640), (640, 1152)]",109350,matmul_linear_1168,40.2764376,271398.68885127024,2048,640,1152
matmul,linear,"[(128, 640), (640, 1280)]",8310,matmul_linear_1169,5.8003125,143168.14288023277,128,640,1280
matmul,linear,"[(256, 640), (640, 1280)]",16620,matmul_linear_1170,10.0284286,165628.8560642492,256,640,1280
matmul,linear,"[(384, 640), (640, 1280)]",24930,matmul_linear_1171,16.7604286,148643.21292714434,384,640,1280
matmul,linear,"[(512, 640), (640, 1280)]",33240,matmul_linear_1172,18.531009,179275.01406426387,512,640,1280
matmul,linear,"[(640, 640), (640, 1280)]",41550,matmul_linear_1173,20.0460268,207172.9943671431,640,640,1280
matmul,linear,"[(768, 640), (640, 1280)]",49860,matmul_linear_1174,21.4816875,232004.67054787945,768,640,1280
matmul,linear,"[(896, 640), (640, 1280)]",58170,matmul_linear_1175,22.917562500000003,253722.8051085276,896,640,1280
matmul,linear,"[(1024, 640), (640, 1280)]",66480,matmul_linear_1176,24.4811251,271456.14673935063,1024,640,1280
matmul,linear,"[(1152, 640), (640, 1280)]",74790,matmul_linear_1177,31.201884,239597.0644464931,1152,640,1280
matmul,linear,"[(1280, 640), (640, 1280)]",83100,matmul_linear_1178,30.799143000000004,269712.70225603355,1280,640,1280
matmul,linear,"[(1408, 640), (640, 1280)]",89500,matmul_linear_1179,32.47341959999999,275510.025375954,1408,640,1280
matmul,linear,"[(1536, 640), (640, 1280)]",95900,matmul_linear_1180,34.0178573,281810.75985259074,1536,640,1280
matmul,linear,"[(1664, 640), (640, 1280)]",102300,matmul_linear_1181,35.7751339,285852.80813190754,1664,640,1280
matmul,linear,"[(1792, 640), (640, 1280)]",108700,matmul_linear_1182,40.1717052,270488.463842456,1792,640,1280
matmul,linear,"[(1920, 640), (640, 1280)]",115100,matmul_linear_1183,41.7153125,275817.8658915716,1920,640,1280
matmul,linear,"[(2048, 640), (640, 1280)]",121500,matmul_linear_1184,40.6451519,298828.64049057715,2048,640,1280
matmul,linear,"[(128, 640), (640, 1408)]",8950,matmul_linear_1185,7.4531072,119984.14423450126,128,640,1408
matmul,linear,"[(256, 640), (640, 1408)]",17900,matmul_linear_1186,10.3060178,173584.93192394832,256,640,1408
matmul,linear,"[(384, 640), (640, 1408)]",26850,matmul_linear_1187,14.760598000000002,181803.19931482448,384,640,1408
matmul,linear,"[(512, 640), (640, 1408)]",35800,matmul_linear_1188,20.0838482,178152.6916330706,512,640,1408
matmul,linear,"[(640, 640), (640, 1408)]",44750,matmul_linear_1189,21.6471248,206624.9134166769,640,640,1408
matmul,linear,"[(768, 640), (640, 1408)]",53700,matmul_linear_1190,23.230866,231057.9774942527,768,640,1408
matmul,linear,"[(896, 640), (640, 1408)]",62650,matmul_linear_1191,24.7950088,252571.81998338315,896,640,1408
matmul,linear,"[(1024, 640), (640, 1408)]",71600,matmul_linear_1192,26.4031699,271079.5601481926,1024,640,1408
matmul,linear,"[(1152, 640), (640, 1408)]",80550,matmul_linear_1193,33.8672858,237740.1401153913,1152,640,1408
matmul,linear,"[(1280, 640), (640, 1408)]",89500,matmul_linear_1194,35.458732,252306.09280670277,1280,640,1408
matmul,linear,"[(1408, 640), (640, 1408)]",98450,matmul_linear_1195,36.8121337,267338.99389890564,1408,640,1408
matmul,linear,"[(1536, 640), (640, 1408)]",105490,matmul_linear_1196,38.6867232,272577.526743852,1536,640,1408
matmul,linear,"[(1664, 640), (640, 1408)]",112530,matmul_linear_1197,40.5172858,277633.3125310185,1664,640,1408
matmul,linear,"[(1792, 640), (640, 1408)]",119570,matmul_linear_1198,45.758875,261204.50103941583,1792,640,1408
matmul,linear,"[(1920, 640), (640, 1408)]",126610,matmul_linear_1199,47.3305713,267401.5249604646,1920,640,1408
matmul,linear,"[(2048, 640), (640, 1408)]",133650,matmul_linear_1200,46.162714300000005,289419.3708312771,2048,640,1408
matmul,linear,"[(128, 640), (640, 1536)]",9590,matmul_linear_1201,7.585624900000001,126323.33527459284,128,640,1536
matmul,linear,"[(256, 640), (640, 1536)]",19180,matmul_linear_1202,10.3476875,185255.4236151797,256,640,1536
matmul,linear,"[(384, 640), (640, 1536)]",28770,matmul_linear_1203,14.937267699999998,192505.50575792388,384,640,1536
matmul,linear,"[(512, 640), (640, 1536)]",38360,matmul_linear_1204,18.3456966,208995.3580906816,512,640,1536
matmul,linear,"[(640, 640), (640, 1536)]",47950,matmul_linear_1205,21.7284287,220578.63563461447,640,640,1536
matmul,linear,"[(768, 640), (640, 1536)]",57540,matmul_linear_1206,25.075312500000003,229368.7254645381,768,640,1536
matmul,linear,"[(896, 640), (640, 1536)]",67130,matmul_linear_1207,28.462142600000004,235757.15574343305,896,640,1536
matmul,linear,"[(1024, 640), (640, 1536)]",76720,matmul_linear_1208,31.8082858,241095.01592254933,1024,640,1536
matmul,linear,"[(1152, 640), (640, 1536)]",86310,matmul_linear_1209,36.263428700000006,237908.3822575773,1152,640,1536
matmul,linear,"[(1280, 640), (640, 1536)]",95900,matmul_linear_1210,38.1617054,251199.0417875822,1280,640,1536
matmul,linear,"[(1408, 640), (640, 1536)]",105490,matmul_linear_1211,46.2289823,228090.1844938516,1408,640,1536
matmul,linear,"[(1536, 640), (640, 1536)]",115080,matmul_linear_1212,39.05875,294533.08477613854,1536,640,1536
matmul,linear,"[(1664, 640), (640, 1536)]",122760,matmul_linear_1213,40.8484288,300425.6349052035,1664,640,1536
matmul,linear,"[(1792, 640), (640, 1536)]",130440,matmul_linear_1214,46.032696400000006,283263.80486284086,1792,640,1536
matmul,linear,"[(1920, 640), (640, 1536)]",138120,matmul_linear_1215,47.690009100000005,289520.41024227854,1920,640,1536
matmul,linear,"[(2048, 640), (640, 1536)]",145800,matmul_linear_1216,46.6089999,312715.1222141971,2048,640,1536
matmul,linear,"[(128, 640), (640, 1664)]",10230,matmul_linear_1217,7.368259099999999,138738.76586261744,128,640,1664
matmul,linear,"[(256, 640), (640, 1664)]",20460,matmul_linear_1218,12.5118574,163424.88160550807,256,640,1664
matmul,linear,"[(384, 640), (640, 1664)]",30690,matmul_linear_1219,21.5640179,142220.416085353,384,640,1664
matmul,linear,"[(512, 640), (640, 1664)]",40920,matmul_linear_1220,23.3510177,175138.61497479829,512,640,1664
matmul,linear,"[(640, 640), (640, 1664)]",51150,matmul_linear_1221,25.2191338,202722.19209289417,640,640,1664
matmul,linear,"[(768, 640), (640, 1664)]",61380,matmul_linear_1222,34.2162856,179288.2618281629,768,640,1664
matmul,linear,"[(896, 640), (640, 1664)]",71610,matmul_linear_1223,28.9008749,247677.9660573528,896,640,1664
matmul,linear,"[(1024, 640), (640, 1664)]",81840,matmul_linear_1224,45.0868482,181416.3473768832,1024,640,1664
matmul,linear,"[(1152, 640), (640, 1664)]",92070,matmul_linear_1225,39.28942860000001,234237.84425157047,1152,640,1664
matmul,linear,"[(1280, 640), (640, 1664)]",102300,matmul_linear_1226,48.3605627,211436.00017974977,1280,640,1664
matmul,linear,"[(1408, 640), (640, 1664)]",112530,matmul_linear_1227,49.9761252,225067.51658850093,1408,640,1664
matmul,linear,"[(1536, 640), (640, 1664)]",122760,matmul_linear_1228,51.579134,237903.22044957173,1536,640,1664
matmul,linear,"[(1664, 640), (640, 1664)]",132990,matmul_linear_1229,46.2423036,287493.8040422363,1664,640,1664
matmul,linear,"[(1792, 640), (640, 1664)]",141310,matmul_linear_1230,48.4666963,291461.0321886123,1792,640,1664
matmul,linear,"[(1920, 640), (640, 1664)]",149630,matmul_linear_1231,54.2125896,275905.99990523234,1920,640,1664
matmul,linear,"[(2048, 640), (640, 1664)]",157950,matmul_linear_1232,52.7634195,299255.1242447431,2048,640,1664
matmul,linear,"[(128, 640), (640, 1792)]",10870,matmul_linear_1233,7.4490091,145825.44933258306,128,640,1792
matmul,linear,"[(256, 640), (640, 1792)]",21740,matmul_linear_1234,12.3332857,176170.95105726772,256,640,1792
matmul,linear,"[(384, 640), (640, 1792)]",32610,matmul_linear_1235,22.787990900000004,143001.68958334977,384,640,1792
matmul,linear,"[(512, 640), (640, 1792)]",43480,matmul_linear_1236,24.9004288,174515.4668629642,512,640,1792
matmul,linear,"[(640, 640), (640, 1792)]",54350,matmul_linear_1237,26.8710003,202162.6600915932,640,640,1792
matmul,linear,"[(768, 640), (640, 1792)]",65220,matmul_linear_1238,36.4347054,178905.15259826966,768,640,1792
matmul,linear,"[(896, 640), (640, 1792)]",76090,matmul_linear_1239,38.5537053,197261.05624068252,896,640,1792
matmul,linear,"[(1024, 640), (640, 1792)]",86960,matmul_linear_1240,47.9542857,181239.3708833828,1024,640,1792
matmul,linear,"[(1152, 640), (640, 1792)]",97830,matmul_linear_1241,41.907741,233341.35872176936,1152,640,1792
matmul,linear,"[(1280, 640), (640, 1792)]",108700,matmul_linear_1242,51.6322678,210427.2625658329,1280,640,1792
matmul,linear,"[(1408, 640), (640, 1792)]",119570,matmul_linear_1243,53.41112489999999,223767.2190931519,1408,640,1792
matmul,linear,"[(1536, 640), (640, 1792)]",130440,matmul_linear_1244,55.086000200000015,236693.37676798683,1536,640,1792
matmul,linear,"[(1664, 640), (640, 1792)]",141310,matmul_linear_1245,56.8561608,248439.46874302495,1664,640,1792
matmul,linear,"[(1792, 640), (640, 1792)]",152180,matmul_linear_1246,48.7204284,312253.5752817806,1792,640,1792
matmul,linear,"[(1920, 640), (640, 1792)]",161140,matmul_linear_1247,54.5295714,295409.3830060803,1920,640,1792
matmul,linear,"[(2048, 640), (640, 1792)]",170100,matmul_linear_1248,53.1645446,319850.07439601014,2048,640,1792
matmul,linear,"[(128, 640), (640, 1920)]",11510,matmul_linear_1249,9.1465805,125739.37789647178,128,640,1920
matmul,linear,"[(256, 640), (640, 1920)]",23020,matmul_linear_1250,12.3418569,186419.7448529808,256,640,1920
matmul,linear,"[(384, 640), (640, 1920)]",34530,matmul_linear_1251,19.0181787,181463.1272830558,384,640,1920
matmul,linear,"[(512, 640), (640, 1920)]",46040,matmul_linear_1252,23.2314197,198079.8813612756,512,640,1920
matmul,linear,"[(640, 640), (640, 1920)]",57550,matmul_linear_1253,27.698160900000005,207675.52779686532,640,640,1920
matmul,linear,"[(768, 640), (640, 1920)]",69060,matmul_linear_1254,31.8985535,216398.8453159796,768,640,1920
matmul,linear,"[(896, 640), (640, 1920)]",80570,matmul_linear_1255,36.2058393,222433.1646986568,896,640,1920
matmul,linear,"[(1024, 640), (640, 1920)]",92080,matmul_linear_1256,51.4418663,178898.17137855286,1024,640,1920
matmul,linear,"[(1152, 640), (640, 1920)]",103590,matmul_linear_1257,44.6751249,231774.00199075887,1152,640,1920
matmul,linear,"[(1280, 640), (640, 1920)]",115100,matmul_linear_1258,55.26013390000001,208187.58795316637,1280,640,1920
matmul,linear,"[(1408, 640), (640, 1920)]",126610,matmul_linear_1259,57.016848,221957.1715925089,1408,640,1920
matmul,linear,"[(1536, 640), (640, 1920)]",138120,matmul_linear_1260,58.8332766,234665.098906628,1536,640,1920
matmul,linear,"[(1664, 640), (640, 1920)]",149630,matmul_linear_1261,60.706419800000006,246381.3449598291,1664,640,1920
matmul,linear,"[(1792, 640), (640, 1920)]",161140,matmul_linear_1262,62.5139018,257666.665269964,1792,640,1920
matmul,linear,"[(1920, 640), (640, 1920)]",172650,matmul_linear_1263,58.0895448,297113.55296280445,1920,640,1920
matmul,linear,"[(2048, 640), (640, 1920)]",182250,matmul_linear_1264,65.4457232,278375.0341027632,2048,640,1920
matmul,linear,"[(128, 640), (640, 2048)]",12150,matmul_linear_1265,9.0759821,133769.81007818427,128,640,2048
matmul,linear,"[(256, 640), (640, 2048)]",24300,matmul_linear_1266,12.396741,195919.2602233119,256,640,2048
matmul,linear,"[(384, 640), (640, 2048)]",36450,matmul_linear_1267,19.1786518,189955.06946009625,384,640,2048
matmul,linear,"[(512, 640), (640, 2048)]",48600,matmul_linear_1268,23.5982766,205847.24277449987,512,640,2048
matmul,linear,"[(640, 640), (640, 2048)]",60750,matmul_linear_1269,27.9718128,217082.92065789888,640,640,2048
matmul,linear,"[(768, 640), (640, 2048)]",72900,matmul_linear_1270,32.237134,226036.7279113584,768,640,2048
matmul,linear,"[(896, 640), (640, 2048)]",85050,matmul_linear_1271,36.6093034,232217.9959769461,896,640,2048
matmul,linear,"[(1024, 640), (640, 2048)]",97200,matmul_linear_1272,40.9430356,237303.0126872176,1024,640,2048
matmul,linear,"[(1152, 640), (640, 2048)]",109350,matmul_linear_1273,45.2711608,241444.50221210145,1152,640,2048
matmul,linear,"[(1280, 640), (640, 2048)]",121500,matmul_linear_1274,49.6408838,244657.93076029,1280,640,2048
matmul,linear,"[(1408, 640), (640, 2048)]",133650,matmul_linear_1275,54.0327412,247250.02709801443,1408,640,2048
matmul,linear,"[(1536, 640), (640, 2048)]",145800,matmul_linear_1276,61.9740092,235159.91279583052,1536,640,2048
matmul,linear,"[(1664, 640), (640, 2048)]",157950,matmul_linear_1277,63.9735803,246798.79675219615,1664,640,2048
matmul,linear,"[(1792, 640), (640, 2048)]",170100,matmul_linear_1278,66.1108659,257195.0719739401,1792,640,2048
matmul,linear,"[(1920, 640), (640, 2048)]",182250,matmul_linear_1279,68.04270519999999,267746.49355769594,1920,640,2048
matmul,linear,"[(2048, 640), (640, 2048)]",194400,matmul_linear_1280,65.51828559999998,296611.06046156987,2048,640,2048
matmul,linear,"[(128, 768), (768, 128)]",3060,matmul_linear_1281,2.6581874999999995,115016.03301121536,128,768,128
matmul,linear,"[(256, 768), (768, 128)]",3828,matmul_linear_1282,3.1027144,123275.84148898783,256,768,128
matmul,linear,"[(384, 768), (768, 128)]",4596,matmul_linear_1283,3.549259,129391.8178695891,384,768,128
matmul,linear,"[(512, 768), (768, 128)]",5364,matmul_linear_1284,4.0359733,132804.7444392162,512,768,128
matmul,linear,"[(640, 768), (768, 128)]",6132,matmul_linear_1285,4.5875803,133565.23524394768,640,768,128
matmul,linear,"[(768, 768), (768, 128)]",6900,matmul_linear_1286,5.0971517,135269.7203086971,768,768,128
matmul,linear,"[(896, 768), (768, 128)]",7668,matmul_linear_1287,5.5448573,138190.30370177425,896,768,128
matmul,linear,"[(1024, 768), (768, 128)]",8436,matmul_linear_1288,6.0362591000000005,139655.43230077717,1024,768,128
matmul,linear,"[(1152, 768), (768, 128)]",9204,matmul_linear_1289,7.1820446,128052.92180168304,1152,768,128
matmul,linear,"[(1280, 768), (768, 128)]",9972,matmul_linear_1290,7.596142899999999,131177.1511973531,1280,768,128
matmul,linear,"[(1408, 768), (768, 128)]",10740,matmul_linear_1291,8.097571399999998,132532.359376294,1408,768,128
matmul,linear,"[(1536, 768), (768, 128)]",11508,matmul_linear_1292,8.6174018,133443.73240435417,1536,768,128
matmul,linear,"[(1664, 768), (768, 128)]",12276,matmul_linear_1293,9.0711429,135230.24598256522,1664,768,128
matmul,linear,"[(1792, 768), (768, 128)]",13044,matmul_linear_1294,9.5764552,136109.06408041256,1792,768,128
matmul,linear,"[(1920, 768), (768, 128)]",13812,matmul_linear_1295,10.0192769,137754.25972207636,1920,768,128
matmul,linear,"[(2048, 768), (768, 128)]",14580,matmul_linear_1296,10.5342588,138305.56110127084,2048,768,128
matmul,linear,"[(128, 768), (768, 256)]",3828,matmul_linear_1297,2.725982,140326.45916223954,128,768,256
matmul,linear,"[(256, 768), (768, 256)]",7656,matmul_linear_1298,4.0352945,189625.9295449192,256,768,256
matmul,linear,"[(384, 768), (768, 256)]",9192,matmul_linear_1299,4.979277,184505.11435696387,384,768,256
matmul,linear,"[(512, 768), (768, 256)]",10728,matmul_linear_1300,5.9944283,178866.19098772103,512,768,256
matmul,linear,"[(640, 768), (768, 256)]",12264,matmul_linear_1301,7.5825715,161639.32550454687,640,768,256
matmul,linear,"[(768, 768), (768, 256)]",13800,matmul_linear_1302,8.5875625,160597.52039650365,768,768,256
matmul,linear,"[(896, 768), (768, 256)]",15336,matmul_linear_1303,9.5005356,161322.47811797055,896,768,256
matmul,linear,"[(1024, 768), (768, 256)]",16872,matmul_linear_1304,10.404883899999998,162054.62048548186,1024,768,256
matmul,linear,"[(1152, 768), (768, 256)]",18408,matmul_linear_1305,11.4233929,161043.01732543926,1152,768,256
matmul,linear,"[(1280, 768), (768, 256)]",19944,matmul_linear_1306,12.4027144,160703.50927051905,1280,768,256
matmul,linear,"[(1408, 768), (768, 256)]",21480,matmul_linear_1307,14.1079913,152154.13415161378,1408,768,256
matmul,linear,"[(1536, 768), (768, 256)]",23016,matmul_linear_1308,14.923437399999996,154127.2023736301,1536,768,256
matmul,linear,"[(1664, 768), (768, 256)]",24552,matmul_linear_1309,15.9926874,153420.16447216994,1664,768,256
matmul,linear,"[(1792, 768), (768, 256)]",26088,matmul_linear_1310,16.977160700000002,153565.27101319126,1792,768,256
matmul,linear,"[(1920, 768), (768, 256)]",27624,matmul_linear_1311,17.7619911,155423.10461409928,1920,768,256
matmul,linear,"[(2048, 768), (768, 256)]",29160,matmul_linear_1312,19.4228659,150032.32419011864,2048,768,256
matmul,linear,"[(128, 768), (768, 384)]",4596,matmul_linear_1313,3.5504552999999994,129348.1865466663,128,768,384
matmul,linear,"[(256, 768), (768, 384)]",9192,matmul_linear_1314,4.711535799999998,194995.6204131996,256,768,384
matmul,linear,"[(384, 768), (768, 384)]",13788,matmul_linear_1315,6.385151899999999,215838.48064914485,384,768,384
matmul,linear,"[(512, 768), (768, 384)]",16092,matmul_linear_1316,7.0384376,228530.28578956213,512,768,384
matmul,linear,"[(640, 768), (768, 384)]",18396,matmul_linear_1317,7.752883600000001,237179.4556079753,640,768,384
matmul,linear,"[(768, 768), (768, 384)]",20700,matmul_linear_1318,10.7052856,193262.4265007932,768,768,384
matmul,linear,"[(896, 768), (768, 384)]",23004,matmul_linear_1319,11.3553123,202483.59604957764,896,768,384
matmul,linear,"[(1024, 768), (768, 384)]",25308,matmul_linear_1320,12.1699999,207853.9869182743,1024,768,384
matmul,linear,"[(1152, 768), (768, 384)]",27612,matmul_linear_1321,12.783026799999998,215905.1796183358,1152,768,384
matmul,linear,"[(1280, 768), (768, 384)]",29916,matmul_linear_1322,13.502133699999998,221464.9812444088,1280,768,384
matmul,linear,"[(1408, 768), (768, 384)]",32220,matmul_linear_1323,14.1439732,227700.20539066065,1408,768,384
matmul,linear,"[(1536, 768), (768, 384)]",34524,matmul_linear_1324,16.8376788,204940.13890560737,1536,768,384
matmul,linear,"[(1664, 768), (768, 384)]",36828,matmul_linear_1325,17.581741100000002,209367.30924163136,1664,768,384
matmul,linear,"[(1792, 768), (768, 384)]",39132,matmul_linear_1326,18.3668304,212957.9917588829,1792,768,384
matmul,linear,"[(1920, 768), (768, 384)]",41436,matmul_linear_1327,18.9037145,219095.0158790221,1920,768,384
matmul,linear,"[(2048, 768), (768, 384)]",43740,matmul_linear_1328,19.706116,221861.54736935472,2048,768,384
matmul,linear,"[(128, 768), (768, 512)]",5364,matmul_linear_1329,3.5893037000000008,149344.02726356089,128,768,512
matmul,linear,"[(256, 768), (768, 512)]",10728,matmul_linear_1330,5.4870001,195416.6722158434,256,768,512
matmul,linear,"[(384, 768), (768, 512)]",16092,matmul_linear_1331,6.6374375,242342.9608565053,384,768,512
matmul,linear,"[(512, 768), (768, 512)]",21456,matmul_linear_1332,9.260884,231584.1459195472,512,768,512
matmul,linear,"[(640, 768), (768, 512)]",24528,matmul_linear_1333,10.4369911,234910.260763756,640,768,512
matmul,linear,"[(768, 768), (768, 512)]",27600,matmul_linear_1334,12.9884642,212396.25494598504,768,768,512
matmul,linear,"[(896, 768), (768, 512)]",30672,matmul_linear_1335,14.2078661,215780.41289324933,896,768,512
matmul,linear,"[(1024, 768), (768, 512)]",33744,matmul_linear_1336,15.338571499999995,219894.410822416,1024,768,512
matmul,linear,"[(1152, 768), (768, 512)]",36816,matmul_linear_1337,16.483535600000003,223250.14097339648,1152,768,512
matmul,linear,"[(1280, 768), (768, 512)]",39888,matmul_linear_1338,18.8894197,211065.8305733977,1280,768,512
matmul,linear,"[(1408, 768), (768, 512)]",42960,matmul_linear_1339,20.0658842,213994.72700933856,1408,768,512
matmul,linear,"[(1536, 768), (768, 512)]",46032,matmul_linear_1340,21.1998569,217033.5411231007,1536,768,512
matmul,linear,"[(1664, 768), (768, 512)]",49104,matmul_linear_1341,22.3695624,219412.56409021217,1664,768,512
matmul,linear,"[(1792, 768), (768, 512)]",52176,matmul_linear_1342,23.4818574,222097.0737289292,1792,768,512
matmul,linear,"[(1920, 768), (768, 512)]",55248,matmul_linear_1343,24.5341785,225087.89451213944,1920,768,512
matmul,linear,"[(2048, 768), (768, 512)]",58320,matmul_linear_1344,25.7212858,226638.27604683748,2048,768,512
matmul,linear,"[(128, 768), (768, 640)]",6132,matmul_linear_1345,5.2094285,117609.64895669458,128,768,640
matmul,linear,"[(256, 768), (768, 640)]",12264,matmul_linear_1346,6.657143100000001,184123.1692450775,256,768,640
matmul,linear,"[(384, 768), (768, 640)]",18396,matmul_linear_1347,7.817285700000001,235224.64727494863,384,768,640
matmul,linear,"[(512, 768), (768, 640)]",24528,matmul_linear_1348,9.0791251,270058.1895815049,512,768,640
matmul,linear,"[(640, 768), (768, 640)]",30660,matmul_linear_1349,13.1264196,233474.73655649408,640,768,640
matmul,linear,"[(768, 768), (768, 640)]",34500,matmul_linear_1350,16.482714399999995,209210.184977785,768,768,640
matmul,linear,"[(896, 768), (768, 640)]",38340,matmul_linear_1351,17.9155805,213903.67127372735,896,768,640
matmul,linear,"[(1024, 768), (768, 640)]",42180,matmul_linear_1352,19.2740001,218744.0374657879,1024,768,640
matmul,linear,"[(1152, 768), (768, 640)]",46020,matmul_linear_1353,20.5021428,224364.342332061,1152,768,640
matmul,linear,"[(1280, 768), (768, 640)]",49860,matmul_linear_1354,19.336705100000003,257751.5819636717,1280,768,640
matmul,linear,"[(1408, 768), (768, 640)]",53700,matmul_linear_1355,20.2825626,264659.44415426085,1408,768,640
matmul,linear,"[(1536, 768), (768, 640)]",57540,matmul_linear_1356,24.4808751,234940.6174818481,1536,768,640
matmul,linear,"[(1664, 768), (768, 640)]",61380,matmul_linear_1357,25.6416966,239275.7361593616,1664,768,640
matmul,linear,"[(1792, 768), (768, 640)]",65220,matmul_linear_1358,26.4801428,246197.76543350064,1792,768,640
matmul,linear,"[(1920, 768), (768, 640)]",69060,matmul_linear_1359,27.043,255271.07569426467,1920,768,640
matmul,linear,"[(2048, 768), (768, 640)]",72900,matmul_linear_1360,28.2448572,258000.08343749036,2048,768,640
matmul,linear,"[(128, 768), (768, 768)]",6900,matmul_linear_1361,4.7595712,144871.04276956714,128,768,768
matmul,linear,"[(256, 768), (768, 768)]",13800,matmul_linear_1362,7.4227143,185815.81788349312,256,768,768
matmul,linear,"[(384, 768), (768, 768)]",20700,matmul_linear_1363,8.7346964,236885.9128704233,384,768,768
matmul,linear,"[(512, 768), (768, 768)]",27600,matmul_linear_1364,13.6273124,202434.43371563128,512,768,768
matmul,linear,"[(640, 768), (768, 768)]",34500,matmul_linear_1365,14.8312678,232516.6614023381,640,768,768
matmul,linear,"[(768, 768), (768, 768)]",41400,matmul_linear_1366,16.832151599999996,245857.8607882786,768,768,768
matmul,linear,"[(896, 768), (768, 768)]",46008,matmul_linear_1367,18.2722856,251691.1607073392,896,768,768
matmul,linear,"[(1024, 768), (768, 768)]",50616,matmul_linear_1368,19.6621605,257328.47537024223,1024,768,768
matmul,linear,"[(1152, 768), (768, 768)]",55224,matmul_linear_1369,20.8939823,264205.766163112,1152,768,768
matmul,linear,"[(1280, 768), (768, 768)]",59832,matmul_linear_1370,24.2787232,246338.00049584155,1280,768,768
matmul,linear,"[(1408, 768), (768, 768)]",64440,matmul_linear_1371,25.5587145,252025.35630459816,1408,768,768
matmul,linear,"[(1536, 768), (768, 768)]",69048,matmul_linear_1372,26.9886876,255740.5248278912,1536,768,768
matmul,linear,"[(1664, 768), (768, 768)]",73656,matmul_linear_1373,28.4425537,258864.08872737747,1664,768,768
matmul,linear,"[(1792, 768), (768, 768)]",78264,matmul_linear_1374,29.798017800000004,262548.3430048826,1792,768,768
matmul,linear,"[(1920, 768), (768, 768)]",82872,matmul_linear_1375,31.099589400000003,266372.97150489065,1920,768,768
matmul,linear,"[(2048, 768), (768, 768)]",87480,matmul_linear_1376,32.4785714,269246.82231743727,2048,768,768
matmul,linear,"[(128, 768), (768, 896)]",7668,matmul_linear_1377,6.719151800000001,114021.5473060156,128,768,896
matmul,linear,"[(256, 768), (768, 896)]",15336,matmul_linear_1378,8.558705299999998,179085.98038420605,256,768,896
matmul,linear,"[(384, 768), (768, 896)]",23004,matmul_linear_1379,14.2237143,161629.90763741647,384,768,896
matmul,linear,"[(512, 768), (768, 896)]",30672,matmul_linear_1380,15.6665803,195679.80269248676,512,768,896
matmul,linear,"[(640, 768), (768, 896)]",38340,matmul_linear_1381,17.0288482,225047.3473114876,640,768,896
matmul,linear,"[(768, 768), (768, 896)]",46008,matmul_linear_1382,18.3148929,251105.4001691705,768,768,896
matmul,linear,"[(896, 768), (768, 896)]",53676,matmul_linear_1383,23.411152,229175.34706536445,896,768,896
matmul,linear,"[(1024, 768), (768, 896)]",59052,matmul_linear_1384,25.7432857,229287.9681411452,1024,768,896
matmul,linear,"[(1152, 768), (768, 896)]",64428,matmul_linear_1385,27.9817057,230150.4382354361,1152,768,896
matmul,linear,"[(1280, 768), (768, 896)]",69804,matmul_linear_1386,30.1685716,231279.86420278516,1280,768,896
matmul,linear,"[(1408, 768), (768, 896)]",75180,matmul_linear_1387,32.4334283,231697.88243353847,1408,768,896
matmul,linear,"[(1536, 768), (768, 896)]",80556,matmul_linear_1388,34.6921607,232102.31422483872,1536,768,896
matmul,linear,"[(1664, 768), (768, 896)]",85932,matmul_linear_1389,36.9991428,232154.02940956783,1664,768,896
matmul,linear,"[(1792, 768), (768, 896)]",91308,matmul_linear_1390,39.2678658,232426.00603519435,1792,768,896
matmul,linear,"[(1920, 768), (768, 896)]",96684,matmul_linear_1391,44.2935535,218180.070936282,1920,768,896
matmul,linear,"[(2048, 768), (768, 896)]",102060,matmul_linear_1392,38.6525445,263944.7125026918,2048,768,896
matmul,linear,"[(128, 768), (768, 1024)]",8436,matmul_linear_1393,6.7195625,125443.88771590411,128,768,1024
matmul,linear,"[(256, 768), (768, 1024)]",16872,matmul_linear_1394,9.572,176164.10363560385,256,768,1024
matmul,linear,"[(384, 768), (768, 1024)]",25308,matmul_linear_1395,12.3302591,205151.161348264,384,768,1024
matmul,linear,"[(512, 768), (768, 1024)]",33744,matmul_linear_1396,17.5039998,192678.79562132995,512,768,1024
matmul,linear,"[(640, 768), (768, 1024)]",42180,matmul_linear_1397,18.7994374,224268.41647186744,640,768,1024
matmul,linear,"[(768, 768), (768, 1024)]",50616,matmul_linear_1398,20.1420269,251195.46421169763,768,768,1024
matmul,linear,"[(896, 768), (768, 1024)]",59052,matmul_linear_1399,21.4898481,274690.2159438717,896,768,1024
matmul,linear,"[(1024, 768), (768, 1024)]",67488,matmul_linear_1400,25.8458126,261017.73324550068,1024,768,1024
matmul,linear,"[(1152, 768), (768, 1024)]",73632,matmul_linear_1401,28.0789554,262131.9774759142,1152,768,1024
matmul,linear,"[(1280, 768), (768, 1024)]",79776,matmul_linear_1402,30.4105715,262229.82829671586,1280,768,1024
matmul,linear,"[(1408, 768), (768, 1024)]",85920,matmul_linear_1403,32.6307322,263210.0583627112,1408,768,1024
matmul,linear,"[(1536, 768), (768, 1024)]",92064,matmul_linear_1404,34.9786965,263100.20244322147,1536,768,1024
matmul,linear,"[(1664, 768), (768, 1024)]",98208,matmul_linear_1405,37.188009,263985.1248583918,1664,768,1024
matmul,linear,"[(1792, 768), (768, 1024)]",104352,matmul_linear_1406,39.5334731,263858.5946219332,1792,768,1024
matmul,linear,"[(1920, 768), (768, 1024)]",110496,matmul_linear_1407,44.38625,248841.9583767496,1920,768,1024
matmul,linear,"[(2048, 768), (768, 1024)]",116640,matmul_linear_1408,39.1349733,297945.43139933614,2048,768,1024
matmul,linear,"[(128, 768), (768, 1152)]",9204,matmul_linear_1409,6.6658663,137976.57678342573,128,768,1152
matmul,linear,"[(256, 768), (768, 1152)]",18408,matmul_linear_1410,10.4464464,176113.03259642437,256,768,1152
matmul,linear,"[(384, 768), (768, 1152)]",27612,matmul_linear_1411,17.7509018,155452.66042877888,384,768,1152
matmul,linear,"[(512, 768), (768, 1152)]",36816,matmul_linear_1412,19.518455300000003,188521.4837912916,512,768,1152
matmul,linear,"[(640, 768), (768, 1152)]",46020,matmul_linear_1413,21.0899912,218107.77241481256,640,768,1152
matmul,linear,"[(768, 768), (768, 1152)]",55224,matmul_linear_1414,22.507384100000003,245259.47738146965,768,768,1152
matmul,linear,"[(896, 768), (768, 1152)]",64428,matmul_linear_1415,23.955125,268852.8858647158,896,768,1152
matmul,linear,"[(1024, 768), (768, 1152)]",73632,matmul_linear_1416,25.545241,288141.5554427535,1024,768,1152
matmul,linear,"[(1152, 768), (768, 1152)]",82836,matmul_linear_1417,29.4497143,281179.46898282814,1152,768,1152
matmul,linear,"[(1280, 768), (768, 1152)]",89748,matmul_linear_1418,34.4701341,260264.5223416755,1280,768,1152
matmul,linear,"[(1408, 768), (768, 1152)]",96660,matmul_linear_1419,36.4189909,265310.9782047805,1408,768,1152
matmul,linear,"[(1536, 768), (768, 1152)]",103572,matmul_linear_1420,38.2171339,270909.3338527408,1536,768,1152
matmul,linear,"[(1664, 768), (768, 1152)]",110484,matmul_linear_1421,40.0403036,275831.973702617,1664,768,1152
matmul,linear,"[(1792, 768), (768, 1152)]",117396,matmul_linear_1422,41.9896249,279483.3501241874,1792,768,1152
matmul,linear,"[(1920, 768), (768, 1152)]",124308,matmul_linear_1423,43.89925900000001,283066.510851584,1920,768,1152
matmul,linear,"[(2048, 768), (768, 1152)]",131220,matmul_linear_1424,45.7010001,287027.1957131633,2048,768,1152
matmul,linear,"[(128, 768), (768, 1280)]",9972,matmul_linear_1425,6.7281251,148113.65316171068,128,768,1280
matmul,linear,"[(256, 768), (768, 1280)]",19944,matmul_linear_1426,11.2731163,176816.47517199838,256,768,1280
matmul,linear,"[(384, 768), (768, 1280)]",29916,matmul_linear_1427,19.4570178,153654.2921916842,384,768,1280
matmul,linear,"[(512, 768), (768, 1280)]",39888,matmul_linear_1428,21.0944553,188992.3440910086,512,768,1280
matmul,linear,"[(640, 768), (768, 1280)]",49860,matmul_linear_1429,22.7198659,219355.52064195945,640,768,1280
matmul,linear,"[(768, 768), (768, 1280)]",59832,matmul_linear_1430,24.3745535,245369.1118752185,768,768,1280
matmul,linear,"[(896, 768), (768, 1280)]",69804,matmul_linear_1431,26.078848200000003,267565.19542837783,896,768,1280
matmul,linear,"[(1024, 768), (768, 1280)]",79776,matmul_linear_1432,27.6208483,288725.3073675511,1024,768,1280
matmul,linear,"[(1152, 768), (768, 1280)]",89748,matmul_linear_1433,35.5391427,252432.82207057852,1152,768,1280
matmul,linear,"[(1280, 768), (768, 1280)]",99720,matmul_linear_1434,34.913892999999995,285516.9605606571,1280,768,1280
matmul,linear,"[(1408, 768), (768, 1280)]",107400,matmul_linear_1435,36.8101338,291667.4806169816,1408,768,1280
matmul,linear,"[(1536, 768), (768, 1280)]",115080,matmul_linear_1436,38.65859830000001,297582.8055351401,1536,768,1280
matmul,linear,"[(1664, 768), (768, 1280)]",122760,matmul_linear_1437,40.4943036,303053.75024747924,1664,768,1280
matmul,linear,"[(1792, 768), (768, 1280)]",130440,matmul_linear_1438,42.4324286,307306.3971912275,1792,768,1280
matmul,linear,"[(1920, 768), (768, 1280)]",138120,matmul_linear_1439,44.3705627,311187.46537172043,1920,768,1280
matmul,linear,"[(2048, 768), (768, 1280)]",145800,matmul_linear_1440,46.1552857,315790.1473336563,2048,768,1280
matmul,linear,"[(128, 768), (768, 1408)]",10740,matmul_linear_1441,8.6726874,123737.04732629936,128,768,1408
matmul,linear,"[(256, 768), (768, 1408)]",21480,matmul_linear_1442,11.7332945,182968.7877134593,256,768,1408
matmul,linear,"[(384, 768), (768, 1408)]",32220,matmul_linear_1443,21.3873838,150549.56191603013,384,768,1408
matmul,linear,"[(512, 768), (768, 1408)]",42960,matmul_linear_1444,23.2819911,184420.30075726644,512,768,1408
matmul,linear,"[(640, 768), (768, 1408)]",53700,matmul_linear_1445,25.0184284,214541.77981699287,640,768,1408
matmul,linear,"[(768, 768), (768, 1408)]",64440,matmul_linear_1446,34.0530002,189134.4275732862,768,768,1408
matmul,linear,"[(896, 768), (768, 1408)]",75180,matmul_linear_1447,35.8409909,209659.8255856257,896,768,1408
matmul,linear,"[(1024, 768), (768, 1408)]",85920,matmul_linear_1448,44.7857229,191746.85305146652,1024,768,1408
matmul,linear,"[(1152, 768), (768, 1408)]",96660,matmul_linear_1449,38.8355893,248795.4120235276,1152,768,1408
matmul,linear,"[(1280, 768), (768, 1408)]",107400,matmul_linear_1450,48.0678659,223334.0925878301,1280,768,1408
matmul,linear,"[(1408, 768), (768, 1408)]",118140,matmul_linear_1451,40.589009100000006,290964.01614519826,1408,768,1408
matmul,linear,"[(1536, 768), (768, 1408)]",126588,matmul_linear_1452,43.2387322,292665.2906529947,1536,768,1408
matmul,linear,"[(1664, 768), (768, 1408)]",135036,matmul_linear_1453,45.9237142,293944.1607399429,1664,768,1408
matmul,linear,"[(1792, 768), (768, 1408)]",143484,matmul_linear_1454,52.95,270880.1699716713,1792,768,1408
matmul,linear,"[(1920, 768), (768, 1408)]",151932,matmul_linear_1455,55.290714300000005,274687.5514424309,1920,768,1408
matmul,linear,"[(2048, 768), (768, 1408)]",160380,matmul_linear_1456,58.2734196,275119.8190888389,2048,768,1408
matmul,linear,"[(128, 768), (768, 1536)]",11508,matmul_linear_1457,8.568982299999998,134198.32851912885,128,768,1536
matmul,linear,"[(256, 768), (768, 1536)]",23016,matmul_linear_1458,11.6838391,196890.0458488854,256,768,1536
matmul,linear,"[(384, 768), (768, 1536)]",34524,matmul_linear_1459,17.1281606,201462.79945203225,384,768,1536
matmul,linear,"[(512, 768), (768, 1536)]",46032,matmul_linear_1460,20.9211072,219926.59591553544,512,768,1536
matmul,linear,"[(640, 768), (768, 1536)]",57540,matmul_linear_1461,26.6867053,215512.97789727533,640,768,1536
matmul,linear,"[(768, 768), (768, 1536)]",69048,matmul_linear_1462,36.5231429,188952.73346560763,768,768,1536
matmul,linear,"[(896, 768), (768, 1536)]",80556,matmul_linear_1463,38.4132767,209608.74374796564,896,768,1536
matmul,linear,"[(1024, 768), (768, 1536)]",92064,matmul_linear_1464,48.167267800000005,191033.946775366,1024,768,1536
matmul,linear,"[(1152, 768), (768, 1536)]",103572,matmul_linear_1465,41.7352947,248064.05573386303,1152,768,1536
matmul,linear,"[(1280, 768), (768, 1536)]",115080,matmul_linear_1466,51.5308842,223222.3857625948,1280,768,1536
matmul,linear,"[(1408, 768), (768, 1536)]",126588,matmul_linear_1467,53.3255712,237287.0493111568,1408,768,1536
matmul,linear,"[(1536, 768), (768, 1536)]",138096,matmul_linear_1468,43.4441247,317770.3701676834,1536,768,1536
matmul,linear,"[(1664, 768), (768, 1536)]",147312,matmul_linear_1469,46.2138571,318661.5344056621,1664,768,1536
matmul,linear,"[(1792, 768), (768, 1536)]",156528,matmul_linear_1470,53.1627141,294331.92028452136,1792,768,1536
matmul,linear,"[(1920, 768), (768, 1536)]",165744,matmul_linear_1471,55.5105803,298480.9175552791,1920,768,1536
matmul,linear,"[(2048, 768), (768, 1536)]",174960,matmul_linear_1472,58.4734194,299112.8762013189,2048,768,1536
matmul,linear,"[(128, 768), (768, 1664)]",12276,matmul_linear_1473,8.594865800000001,142729.4552312847,128,768,1664
matmul,linear,"[(256, 768), (768, 1664)]",24552,matmul_linear_1474,15.6917322,156364.56163711488,256,768,1664
matmul,linear,"[(384, 768), (768, 1664)]",36828,matmul_linear_1475,24.7785805,148528.3687639007,384,768,1664
matmul,linear,"[(512, 768), (768, 1664)]",49104,matmul_linear_1476,27.0471341,181449.73395129503,512,768,1664
matmul,linear,"[(640, 768), (768, 1664)]",61380,matmul_linear_1477,29.0422857,211247.0015206138,640,768,1664
matmul,linear,"[(768, 768), (768, 1664)]",73656,matmul_linear_1478,39.6195714,185808.1191373009,768,768,1664
matmul,linear,"[(896, 768), (768, 1664)]",85932,matmul_linear_1479,41.7243216,205851.8206762168,896,768,1664
matmul,linear,"[(1024, 768), (768, 1664)]",98208,matmul_linear_1480,52.2222769,187957.67544003812,1024,768,1664
matmul,linear,"[(1152, 768), (768, 1664)]",110484,matmul_linear_1481,45.179580400000006,244444.1038226198,1152,768,1664
matmul,linear,"[(1280, 768), (768, 1664)]",122760,matmul_linear_1482,55.9121517,219458.7117782126,1280,768,1664
matmul,linear,"[(1408, 768), (768, 1664)]",135036,matmul_linear_1483,57.7890269,233570.6590226388,1408,768,1664
matmul,linear,"[(1536, 768), (768, 1664)]",147312,matmul_linear_1484,59.40613390000001,247874.39309545772,1536,768,1664
matmul,linear,"[(1664, 768), (768, 1664)]",159588,matmul_linear_1485,91.8312946,173683.89436317497,1664,768,1664
matmul,linear,"[(1792, 768), (768, 1664)]",169572,matmul_linear_1486,98.3485625,172319.39860585151,1792,768,1664
matmul,linear,"[(1920, 768), (768, 1664)]",179556,matmul_linear_1487,104.8793926,171102.36449576844,1920,768,1664
matmul,linear,"[(2048, 768), (768, 1664)]",189540,matmul_linear_1488,59.63100000000001,317754.8070634401,2048,768,1664
matmul,linear,"[(128, 768), (768, 1792)]",13044,matmul_linear_1489,8.5622857,152242.4989194182,128,768,1792
matmul,linear,"[(256, 768), (768, 1792)]",26088,matmul_linear_1490,15.6541249,166552.5606934438,256,768,1792
matmul,linear,"[(384, 768), (768, 1792)]",39132,matmul_linear_1491,18.288125,213874.91541642457,384,768,1792
matmul,linear,"[(512, 768), (768, 1792)]",52176,matmul_linear_1492,28.5641429,182562.57868357043,512,768,1792
matmul,linear,"[(640, 768), (768, 1792)]",65220,matmul_linear_1493,30.719812399999995,212205.9840039909,640,768,1792
matmul,linear,"[(768, 768), (768, 1792)]",78264,matmul_linear_1494,42.0367141,186080.10868742,768,768,1792
matmul,linear,"[(896, 768), (768, 1792)]",91308,matmul_linear_1495,44.196455400000005,206495.753377996,896,768,1792
matmul,linear,"[(1024, 768), (768, 1792)]",104352,matmul_linear_1496,55.5675359,187693.1031309236,1024,768,1792
matmul,linear,"[(1152, 768), (768, 1792)]",117396,matmul_linear_1497,47.9452946,244754.0591509892,1152,768,1792
matmul,linear,"[(1280, 768), (768, 1792)]",130440,matmul_linear_1498,59.4121518,219451.04477464824,1280,768,1792
matmul,linear,"[(1408, 768), (768, 1792)]",143484,matmul_linear_1499,61.2567408,234133.81349730576,1408,768,1792
matmul,linear,"[(1536, 768), (768, 1792)]",156528,matmul_linear_1500,63.12785710000001,247853.92587466745,1536,768,1792
matmul,linear,"[(1664, 768), (768, 1792)]",169572,matmul_linear_1501,65.12801780000001,260267.20558690172,1664,768,1792
matmul,linear,"[(1792, 768), (768, 1792)]",182616,matmul_linear_1502,98.6948753,184930.88376666707,1792,768,1792
matmul,linear,"[(1920, 768), (768, 1792)]",193368,matmul_linear_1503,105.2252947,183665.70058681903,1920,768,1792
matmul,linear,"[(2048, 768), (768, 1792)]",204120,matmul_linear_1504,60.1305445,339361.41964505246,2048,768,1792
matmul,linear,"[(128, 768), (768, 1920)]",13812,matmul_linear_1505,10.4408303,132188.32959769492,128,768,1920
matmul,linear,"[(256, 768), (768, 1920)]",27624,matmul_linear_1506,13.9844196,197434.1186129741,256,768,1920
matmul,linear,"[(384, 768), (768, 1920)]",41436,matmul_linear_1507,21.6997051,190851.9037657337,384,768,1920
matmul,linear,"[(512, 768), (768, 1920)]",55248,matmul_linear_1508,26.4775982,208559.4092964217,512,768,1920
matmul,linear,"[(640, 768), (768, 1920)]",69060,matmul_linear_1509,33.1025803,208524.220148784,640,768,1920
matmul,linear,"[(768, 768), (768, 1920)]",82872,matmul_linear_1510,45.19198229999999,183277.66077590277,768,768,1920
matmul,linear,"[(896, 768), (768, 1920)]",96684,matmul_linear_1511,47.50026809999999,203444.1143120622,896,768,1920
matmul,linear,"[(1024, 768), (768, 1920)]",110496,matmul_linear_1512,59.51630350000001,185556.69153159016,1024,768,1920
matmul,linear,"[(1152, 768), (768, 1920)]",124308,matmul_linear_1513,51.26425880000001,242384.73090183444,1152,768,1920
matmul,linear,"[(1280, 768), (768, 1920)]",138120,matmul_linear_1514,63.728544600000006,216631.7657525793,1280,768,1920
matmul,linear,"[(1408, 768), (768, 1920)]",151932,matmul_linear_1515,65.6211519,231429.00490306693,1408,768,1920
matmul,linear,"[(1536, 768), (768, 1920)]",165744,matmul_linear_1516,67.532,245330.31451756204,1536,768,1920
matmul,linear,"[(1664, 768), (768, 1920)]",179556,matmul_linear_1517,69.664982,257642.1178404956,1664,768,1920
matmul,linear,"[(1792, 768), (768, 1920)]",193368,matmul_linear_1518,71.5555535,270134.79037165164,1792,768,1920
matmul,linear,"[(1920, 768), (768, 1920)]",207180,matmul_linear_1519,66.145875,313116.8105720878,1920,768,1920
matmul,linear,"[(2048, 768), (768, 1920)]",218700,matmul_linear_1520,80.0945803,272952.18303266395,2048,768,1920
matmul,linear,"[(128, 768), (768, 2048)]",14580,matmul_linear_1521,10.4385535,139574.52482760182,128,768,2048
matmul,linear,"[(256, 768), (768, 2048)]",29160,matmul_linear_1522,14.123580199999996,206363.2309023176,256,768,2048
matmul,linear,"[(384, 768), (768, 2048)]",43740,matmul_linear_1523,21.915607,199483.79432520395,384,768,2048
matmul,linear,"[(512, 768), (768, 2048)]",58320,matmul_linear_1524,26.953750000000003,216270.63488382872,512,768,2048
matmul,linear,"[(640, 768), (768, 2048)]",72900,matmul_linear_1525,31.9412766,228131.32873781252,640,768,2048
matmul,linear,"[(768, 768), (768, 2048)]",87480,matmul_linear_1526,36.8451429,237326.1384666797,768,768,2048
matmul,linear,"[(896, 768), (768, 2048)]",102060,matmul_linear_1527,41.9146965,243394.5461194023,896,768,2048
matmul,linear,"[(1024, 768), (768, 2048)]",116640,matmul_linear_1528,62.9021696,185330.80587159903,1024,768,2048
matmul,linear,"[(1152, 768), (768, 2048)]",131220,matmul_linear_1529,54.1367231,242286.29988300864,1152,768,2048
matmul,linear,"[(1280, 768), (768, 2048)]",145800,matmul_linear_1530,67.1538663,217013.33692785457,1280,768,2048
matmul,linear,"[(1408, 768), (768, 2048)]",160380,matmul_linear_1531,69.20400900000001,231649.57971004245,1408,768,2048
matmul,linear,"[(1536, 768), (768, 2048)]",174960,matmul_linear_1532,71.3296966,245183.53314207145,1536,768,2048
matmul,linear,"[(1664, 768), (768, 2048)]",189540,matmul_linear_1533,73.52397330000001,257693.4672091504,1664,768,2048
matmul,linear,"[(1792, 768), (768, 2048)]",204120,matmul_linear_1534,75.72655370000001,269448.77784171497,1792,768,2048
matmul,linear,"[(1920, 768), (768, 2048)]",218700,matmul_linear_1535,77.9335804,280523.57571345463,1920,768,2048
matmul,linear,"[(2048, 768), (768, 2048)]",233280,matmul_linear_1536,80.5785714,289406.2495486238,2048,768,2048
matmul,linear,"[(128, 896), (896, 128)]",3570,matmul_linear_1537,3.0045715,118718.9397389944,128,896,128
matmul,linear,"[(256, 896), (896, 128)]",4466,matmul_linear_1538,3.4772679,128334.16522494573,256,896,128
matmul,linear,"[(384, 896), (896, 128)]",5362,matmul_linear_1539,4.0177232,133358.67131911925,384,896,128
matmul,linear,"[(512, 896), (896, 128)]",6258,matmul_linear_1540,4.4278661,141232.1870776535,512,896,128
matmul,linear,"[(640, 896), (896, 128)]",7154,matmul_linear_1541,5.039017899999999,141872.10928740702,640,896,128
matmul,linear,"[(768, 896), (896, 128)]",8050,matmul_linear_1542,5.545696600000001,145057.59841604024,768,896,128
matmul,linear,"[(896, 896), (896, 128)]",8946,matmul_linear_1543,6.880152,129926.19709564558,896,896,128
matmul,linear,"[(1024, 896), (896, 128)]",9842,matmul_linear_1544,7.390401800000001,133072.73223223127,1024,896,128
matmul,linear,"[(1152, 896), (896, 128)]",10738,matmul_linear_1545,7.9543126,134895.95175578087,1152,896,128
matmul,linear,"[(1280, 896), (896, 128)]",11634,matmul_linear_1546,8.505562399999999,136681.07869739455,1280,896,128
matmul,linear,"[(1408, 896), (896, 128)]",12530,matmul_linear_1547,8.9882766,139303.80962463928,1408,896,128
matmul,linear,"[(1536, 896), (896, 128)]",13426,matmul_linear_1548,9.5290177,140795.9498522077,1536,896,128
matmul,linear,"[(1664, 896), (896, 128)]",14322,matmul_linear_1549,10.035285399999998,142616.41940547107,1664,896,128
matmul,linear,"[(1792, 896), (896, 128)]",15218,matmul_linear_1550,10.5839823,143683.30923701564,1792,896,128
matmul,linear,"[(1920, 896), (896, 128)]",16114,matmul_linear_1551,11.9707322,134511.64890147655,1920,896,128
matmul,linear,"[(2048, 896), (896, 128)]",17010,matmul_linear_1552,12.5518749,135417.60303155985,2048,896,128
matmul,linear,"[(128, 896), (896, 256)]",4466,matmul_linear_1553,3.0945356,144218.9084656192,128,896,256
matmul,linear,"[(256, 896), (896, 256)]",8932,matmul_linear_1554,4.4158483,202171.4412539942,256,896,256
matmul,linear,"[(384, 896), (896, 256)]",10724,matmul_linear_1555,5.5232411,194061.35935112447,384,896,256
matmul,linear,"[(512, 896), (896, 256)]",12516,matmul_linear_1556,7.340866,170397.5952428501,512,896,256
matmul,linear,"[(640, 896), (896, 256)]",14308,matmul_linear_1557,8.367419600000002,170896.5638630098,640,896,256
matmul,linear,"[(768, 896), (896, 256)]",16100,matmul_linear_1558,9.4567056,170149.56344205115,768,896,256
matmul,linear,"[(896, 896), (896, 256)]",17892,matmul_linear_1559,10.490464300000005,170454.89145509026,896,896,256
matmul,linear,"[(1024, 896), (896, 256)]",19684,matmul_linear_1560,12.5122947,157217.2665122729,1024,896,256
matmul,linear,"[(1152, 896), (896, 256)]",21476,matmul_linear_1561,13.4634108,159413.81354270197,1152,896,256
matmul,linear,"[(1280, 896), (896, 256)]",23268,matmul_linear_1562,14.754481899999998,157601.23381967077,1280,896,256
matmul,linear,"[(1408, 896), (896, 256)]",25060,matmul_linear_1563,15.6944106,159574.68061527584,1408,896,256
matmul,linear,"[(1536, 896), (896, 256)]",26852,matmul_linear_1564,16.6056697,161603.80650170345,1536,896,256
matmul,linear,"[(1664, 896), (896, 256)]",28644,matmul_linear_1565,18.4905893,154811.23368361226,1664,896,256
matmul,linear,"[(1792, 896), (896, 256)]",30436,matmul_linear_1566,19.5561607,155533.82029275305,1792,896,256
matmul,linear,"[(1920, 896), (896, 256)]",32228,matmul_linear_1567,20.5526875,156706.74364362325,1920,896,256
matmul,linear,"[(2048, 896), (896, 256)]",34020,matmul_linear_1568,21.6179641,157269.12061945742,2048,896,256
matmul,linear,"[(128, 896), (896, 384)]",5362,matmul_linear_1569,3.9950177,134117.17756094044,128,896,384
matmul,linear,"[(256, 896), (896, 384)]",10724,matmul_linear_1570,5.1972945,206238.12457616167,256,896,384
matmul,linear,"[(384, 896), (896, 384)]",16086,matmul_linear_1571,8.8655357,181344.1963163038,384,896,384
matmul,linear,"[(512, 896), (896, 384)]",18774,matmul_linear_1572,8.122589299999998,231033.19295855577,512,896,384
matmul,linear,"[(640, 896), (896, 384)]",21462,matmul_linear_1573,11.241303599999998,190820.9177483651,640,896,384
matmul,linear,"[(768, 896), (896, 384)]",24150,matmul_linear_1574,11.9855715,201392.26926726024,768,896,384
matmul,linear,"[(896, 896), (896, 384)]",26838,matmul_linear_1575,12.7323036,210686.67963902463,896,896,384
matmul,linear,"[(1024, 896), (896, 384)]",29526,matmul_linear_1576,13.4694195,219107.6651855709,1024,896,384
matmul,linear,"[(1152, 896), (896, 384)]",32214,matmul_linear_1577,14.278303499999998,225515.0389295199,1152,896,384
matmul,linear,"[(1280, 896), (896, 384)]",34902,matmul_linear_1578,15.056428399999998,231707.963168742,1280,896,384
matmul,linear,"[(1408, 896), (896, 384)]",37590,matmul_linear_1579,15.8243035,237446.00004986004,1408,896,384
matmul,linear,"[(1536, 896), (896, 384)]",40278,matmul_linear_1580,16.4550268,244676.2649648192,1536,896,384
matmul,linear,"[(1664, 896), (896, 384)]",42966,matmul_linear_1581,17.328696400000002,247847.09889429415,1664,896,384
matmul,linear,"[(1792, 896), (896, 384)]",45654,matmul_linear_1582,18.0184373,253273.803953576,1792,896,384
matmul,linear,"[(1920, 896), (896, 384)]",48342,matmul_linear_1583,21.0881072,229138.2125219849,1920,896,384
matmul,linear,"[(2048, 896), (896, 384)]",51030,matmul_linear_1584,22.1195804,230600.57875058064,2048,896,384
matmul,linear,"[(128, 896), (896, 512)]",6258,matmul_linear_1585,4.265276500000001,146619.67925174368,128,896,512
matmul,linear,"[(256, 896), (896, 512)]",12516,matmul_linear_1586,6.2062945,201566.22773057257,256,896,512
matmul,linear,"[(384, 896), (896, 512)]",18774,matmul_linear_1587,7.3910088,253911.3333378794,384,896,512
matmul,linear,"[(512, 896), (896, 512)]",25032,matmul_linear_1588,10.3954286,240698.1523724765,512,896,512
matmul,linear,"[(640, 896), (896, 512)]",28616,matmul_linear_1589,11.5903392,246795.27636947847,640,896,512
matmul,linear,"[(768, 896), (896, 512)]",32200,matmul_linear_1590,12.9232766,249062.81680452463,768,896,512
matmul,linear,"[(896, 896), (896, 512)]",35784,matmul_linear_1591,14.2458214,251089.44703321916,896,896,512
matmul,linear,"[(1024, 896), (896, 512)]",39368,matmul_linear_1592,17.1595448,229323.33528567728,1024,896,512
matmul,linear,"[(1152, 896), (896, 512)]",42952,matmul_linear_1593,18.2772857,234902.0714509048,1152,896,512
matmul,linear,"[(1280, 896), (896, 512)]",46536,matmul_linear_1594,19.7422588,235617.7082492709,1280,896,512
matmul,linear,"[(1408, 896), (896, 512)]",50120,matmul_linear_1595,20.982294600000003,238768.0597402345,1408,896,512
matmul,linear,"[(1536, 896), (896, 512)]",53704,matmul_linear_1596,22.1201429,242683.24169415745,1536,896,512
matmul,linear,"[(1664, 896), (896, 512)]",57288,matmul_linear_1597,24.9811427,229224.9779963028,1664,896,512
matmul,linear,"[(1792, 896), (896, 512)]",60872,matmul_linear_1598,26.2051786,232189.96424393763,1792,896,512
matmul,linear,"[(1920, 896), (896, 512)]",64456,matmul_linear_1599,27.507732300000004,234219.5698469117,1920,896,512
matmul,linear,"[(2048, 896), (896, 512)]",68040,matmul_linear_1600,28.6782591,237152.8951731244,2048,896,512
matmul,linear,"[(128, 896), (896, 640)]",7154,matmul_linear_1601,5.9464018,120208.04914662847,128,896,640
matmul,linear,"[(256, 896), (896, 640)]",14308,matmul_linear_1602,7.3110089,195604.86366115627,256,896,640
matmul,linear,"[(384, 896), (896, 640)]",21462,matmul_linear_1603,8.690544599999999,246858.056000311,384,896,640
matmul,linear,"[(512, 896), (896, 640)]",28616,matmul_linear_1604,13.459437599999998,212509.18063916732,512,896,640
matmul,linear,"[(640, 896), (896, 640)]",35770,matmul_linear_1605,14.5888393,245087.4289958078,640,896,640
matmul,linear,"[(768, 896), (896, 640)]",40250,matmul_linear_1606,16.0769999,250257.6553483713,768,896,640
matmul,linear,"[(896, 896), (896, 640)]",44730,matmul_linear_1607,17.646428800000002,253379.0495400406,896,896,640
matmul,linear,"[(1024, 896), (896, 640)]",49210,matmul_linear_1608,28.969883900000003,169766.05873142625,1024,896,640
matmul,linear,"[(1152, 896), (896, 640)]",53690,matmul_linear_1609,22.9787143,233551.01849932483,1152,896,640
matmul,linear,"[(1280, 896), (896, 640)]",58170,matmul_linear_1610,35.2317054,165006.966408728,1280,896,640
matmul,linear,"[(1408, 896), (896, 640)]",62650,matmul_linear_1611,22.7470358,275320.50116261747,1408,896,640
matmul,linear,"[(1536, 896), (896, 640)]",67130,matmul_linear_1612,23.7797144,282199.4375407637,1536,896,640
matmul,linear,"[(1664, 896), (896, 640)]",71610,matmul_linear_1613,24.8983034,287509.9581949829,1664,896,640
matmul,linear,"[(1792, 896), (896, 640)]",76090,matmul_linear_1614,25.920464400000004,293451.839294978,1792,896,640
matmul,linear,"[(1920, 896), (896, 640)]",80570,matmul_linear_1615,30.645678600000004,262808.19352259336,1920,896,640
matmul,linear,"[(2048, 896), (896, 640)]",85050,matmul_linear_1616,31.769143,267612.6040195671,2048,896,640
matmul,linear,"[(128, 896), (896, 768)]",8050,matmul_linear_1617,5.2083126,154460.61527489728,128,896,768
matmul,linear,"[(256, 896), (896, 768)]",16100,matmul_linear_1618,8.568446600000001,187798.7026656617,256,896,768
matmul,linear,"[(384, 896), (896, 768)]",24150,matmul_linear_1619,10.0775804,239540.8566484868,384,896,768
matmul,linear,"[(512, 896), (896, 768)]",32200,matmul_linear_1620,15.7834464,203911.21012455176,512,896,768
matmul,linear,"[(640, 896), (896, 768)]",40250,matmul_linear_1621,16.9927144,236766.218383568,640,896,768
matmul,linear,"[(768, 896), (896, 768)]",48300,matmul_linear_1622,16.461821399999998,293306.1719318617,768,896,768
matmul,linear,"[(896, 896), (896, 768)]",53676,matmul_linear_1623,18.0178573,297804.4572630731,896,896,768
matmul,linear,"[(1024, 896), (896, 768)]",59052,matmul_linear_1624,29.2414463,201846.2354705759,1024,896,768
matmul,linear,"[(1152, 896), (896, 768)]",64428,matmul_linear_1625,23.4674732,274441.700552576,1152,896,768
matmul,linear,"[(1280, 896), (896, 768)]",69804,matmul_linear_1626,35.508009099999995,196486.63430949728,1280,896,768
matmul,linear,"[(1408, 896), (896, 768)]",75180,matmul_linear_1627,26.710866,281358.4895899669,1408,896,768
matmul,linear,"[(1536, 896), (896, 768)]",80556,matmul_linear_1628,27.819839100000003,289463.1412907776,1536,896,768
matmul,linear,"[(1664, 896), (896, 768)]",85932,matmul_linear_1629,31.8397412,269789.12837017654,1664,896,768
matmul,linear,"[(1792, 896), (896, 768)]",91308,matmul_linear_1630,33.168401900000006,275186.0999311516,1792,896,768
matmul,linear,"[(1920, 896), (896, 768)]",96684,matmul_linear_1631,34.7000803,278527.5972969434,1920,896,768
matmul,linear,"[(2048, 896), (896, 768)]",102060,matmul_linear_1632,36.160875,282138.7456055751,2048,896,768
matmul,linear,"[(128, 896), (896, 896)]",8946,matmul_linear_1633,7.508830300000001,119039.7280612401,128,896,896
matmul,linear,"[(256, 896), (896, 896)]",17892,matmul_linear_1634,9.5395713,187455.598017282,256,896,896
matmul,linear,"[(384, 896), (896, 896)]",26838,matmul_linear_1635,16.3534197,164012.46389035071,384,896,896
matmul,linear,"[(512, 896), (896, 896)]",35784,matmul_linear_1636,17.763017799999997,201352.2554832997,512,896,896
matmul,linear,"[(640, 896), (896, 896)]",44730,matmul_linear_1637,19.269268,232031.28801779085,640,896,896
matmul,linear,"[(768, 896), (896, 896)]",53676,matmul_linear_1638,20.6095446,260342.4359769696,768,896,896
matmul,linear,"[(896, 896), (896, 896)]",62622,matmul_linear_1639,23.1626964,270257.1247430415,896,896,896
matmul,linear,"[(1024, 896), (896, 896)]",68894,matmul_linear_1640,28.647830300000003,240385.92608425216,1024,896,896
matmul,linear,"[(1152, 896), (896, 896)]",75166,matmul_linear_1641,31.2454021,240466.59523674363,1152,896,896
matmul,linear,"[(1280, 896), (896, 896)]",81438,matmul_linear_1642,33.6555626,241874.85856320223,1280,896,896
matmul,linear,"[(1408, 896), (896, 896)]",87710,matmul_linear_1643,36.1710182,242386.95327022896,1408,896,896
matmul,linear,"[(1536, 896), (896, 896)]",93982,matmul_linear_1644,38.6917053,242799.606702008,1536,896,896
matmul,linear,"[(1664, 896), (896, 896)]",100254,matmul_linear_1645,41.1738393,243389.55964376152,1664,896,896
matmul,linear,"[(1792, 896), (896, 896)]",106526,matmul_linear_1646,43.6927322,243707.1382498712,1792,896,896
matmul,linear,"[(1920, 896), (896, 896)]",112798,matmul_linear_1647,46.1709999,244204.86722034367,1920,896,896
matmul,linear,"[(2048, 896), (896, 896)]",119070,matmul_linear_1648,48.716285600000006,244315.18587369475,2048,896,896
matmul,linear,"[(128, 896), (896, 1024)]",9842,matmul_linear_1649,7.5424465,130388.16454979165,128,896,1024
matmul,linear,"[(256, 896), (896, 1024)]",19684,matmul_linear_1650,10.708732,183712.61198804865,256,896,1024
matmul,linear,"[(384, 896), (896, 1024)]",29526,matmul_linear_1651,18.2827053,161396.88744367607,384,896,1024
matmul,linear,"[(512, 896), (896, 1024)]",39368,matmul_linear_1652,19.7557232,199173.89952497408,512,896,1024
matmul,linear,"[(640, 896), (896, 1024)]",49210,matmul_linear_1653,21.263303800000003,231331.58026082476,640,896,1024
matmul,linear,"[(768, 896), (896, 1024)]",59052,matmul_linear_1654,22.761990900000004,259332.4910304748,768,896,1024
matmul,linear,"[(896, 896), (896, 1024)]",68894,matmul_linear_1655,24.249035900000003,284010.2643590049,896,896,1024
matmul,linear,"[(1024, 896), (896, 1024)]",78736,matmul_linear_1656,28.7802945,273476.07476879715,1024,896,1024
matmul,linear,"[(1152, 896), (896, 1024)]",85904,matmul_linear_1657,31.3263122,274123.1497009724,1152,896,1024
matmul,linear,"[(1280, 896), (896, 1024)]",93072,matmul_linear_1658,33.81903569999999,275105.9544973957,1280,896,1024
matmul,linear,"[(1408, 896), (896, 1024)]",100240,matmul_linear_1659,36.3423036,275721.8111413279,1408,896,1024
matmul,linear,"[(1536, 896), (896, 1024)]",107408,matmul_linear_1660,38.8994286,276017.1664099971,1536,896,1024
matmul,linear,"[(1664, 896), (896, 1024)]",114576,matmul_linear_1661,41.4298661,276454.1161138341,1664,896,1024
matmul,linear,"[(1792, 896), (896, 1024)]",121744,matmul_linear_1662,43.9217324,277083.9664502851,1792,896,1024
matmul,linear,"[(1920, 896), (896, 1024)]",128912,matmul_linear_1663,46.3875626,277802.0771399617,1920,896,1024
matmul,linear,"[(2048, 896), (896, 1024)]",136080,matmul_linear_1664,48.924973400000006,278040.1614415594,2048,896,1024
matmul,linear,"[(128, 896), (896, 1152)]",10738,matmul_linear_1665,7.345571599999999,146083.31403916885,128,896,1152
matmul,linear,"[(256, 896), (896, 1152)]",21476,matmul_linear_1666,11.7553037,182592.00480120303,256,896,1152
matmul,linear,"[(384, 896), (896, 1152)]",32214,matmul_linear_1667,20.3365625,158304.35176790573,384,896,1152
matmul,linear,"[(512, 896), (896, 1152)]",42952,matmul_linear_1668,22.1035714,194221.5384641416,512,896,1152
matmul,linear,"[(640, 896), (896, 1152)]",53690,matmul_linear_1669,23.6969822,226468.93416580276,640,896,1152
matmul,linear,"[(768, 896), (896, 1152)]",64428,matmul_linear_1670,25.2585804,254973.7174445481,768,896,1152
matmul,linear,"[(896, 896), (896, 1152)]",75166,matmul_linear_1671,26.8876071,279456.3016093017,896,896,1152
matmul,linear,"[(1024, 896), (896, 1152)]",85904,matmul_linear_1672,28.4741696,301590.9753884447,1024,896,1152
matmul,linear,"[(1152, 896), (896, 1152)]",96642,matmul_linear_1673,52.37859810000001,184406.6563551268,1152,896,1152
matmul,linear,"[(1280, 896), (896, 1152)]",104706,matmul_linear_1674,57.546009100000006,181851.80106764345,1280,896,1152
matmul,linear,"[(1408, 896), (896, 1152)]",112770,matmul_linear_1675,62.6734376,179832.68650705065,1408,896,1152
matmul,linear,"[(1536, 896), (896, 1152)]",120834,matmul_linear_1676,67.91169620000001,177828.1136553323,1536,896,1152
matmul,linear,"[(1664, 896), (896, 1152)]",128898,matmul_linear_1677,72.9314373,176638.59829442852,1664,896,1152
matmul,linear,"[(1792, 896), (896, 1152)]",136962,matmul_linear_1678,47.1332855,290484.4533159056,1792,896,1152
matmul,linear,"[(1920, 896), (896, 1152)]",145026,matmul_linear_1679,49.0358841,295654.8388527984,1920,896,1152
matmul,linear,"[(2048, 896), (896, 1152)]",153090,matmul_linear_1680,51.1041784,299464.54597849475,2048,896,1152
matmul,linear,"[(128, 896), (896, 1280)]",11634,matmul_linear_1681,7.4979642,155062.11720509417,128,896,1280
matmul,linear,"[(256, 896), (896, 1280)]",23268,matmul_linear_1682,13.5177231,172029.58001780638,256,896,1280
matmul,linear,"[(384, 896), (896, 1280)]",34902,matmul_linear_1683,22.1974197,157134.49153867192,384,896,1280
matmul,linear,"[(512, 896), (896, 1280)]",46536,matmul_linear_1684,24.2448393,191841.8785341258,512,896,1280
matmul,linear,"[(640, 896), (896, 1280)]",58170,matmul_linear_1685,25.987151700000005,223741.3838943341,640,896,1280
matmul,linear,"[(768, 896), (896, 1280)]",69804,matmul_linear_1686,27.7668749,251293.07268604435,768,896,1280
matmul,linear,"[(896, 896), (896, 1280)]",81438,matmul_linear_1687,29.436428600000006,276557.20290538226,896,896,1280
matmul,linear,"[(1024, 896), (896, 1280)]",93072,matmul_linear_1688,31.2865536,297382.430279569,1024,896,1280
matmul,linear,"[(1152, 896), (896, 1280)]",104706,matmul_linear_1689,40.3849907,259169.59047188784,1152,896,1280
matmul,linear,"[(1280, 896), (896, 1280)]",116340,matmul_linear_1690,57.7878662,201222.5399210189,1280,896,1280
matmul,linear,"[(1408, 896), (896, 1280)]",125300,matmul_linear_1691,62.9338752,198997.8620048492,1408,896,1280
matmul,linear,"[(1536, 896), (896, 1280)]",134260,matmul_linear_1692,68.1752768,196833.56052497905,1536,896,1280
matmul,linear,"[(1664, 896), (896, 1280)]",143220,matmul_linear_1693,73.2523302,195415.96462388037,1664,896,1280
matmul,linear,"[(1792, 896), (896, 1280)]",152180,matmul_linear_1694,47.5878573,319687.45973082504,1792,896,1280
matmul,linear,"[(1920, 896), (896, 1280)]",161140,matmul_linear_1695,49.5298394,325239.2337872188,1920,896,1280
matmul,linear,"[(2048, 896), (896, 1280)]",170100,matmul_linear_1696,51.60486589999999,329520.07948944217,2048,896,1280
matmul,linear,"[(128, 896), (896, 1408)]",12530,matmul_linear_1697,9.5904374,130550.97531422287,128,896,1408
matmul,linear,"[(256, 896), (896, 1408)]",25060,matmul_linear_1698,13.1777056,190069.6756679706,256,896,1408
matmul,linear,"[(384, 896), (896, 1408)]",37590,matmul_linear_1699,24.4248838,153800.42510662836,384,896,1408
matmul,linear,"[(512, 896), (896, 1408)]",50120,matmul_linear_1700,26.3312768,190243.9790659904,512,896,1408
matmul,linear,"[(640, 896), (896, 1408)]",62650,matmul_linear_1701,28.2069822,222008.127540138,640,896,1408
matmul,linear,"[(768, 896), (896, 1408)]",75180,matmul_linear_1702,30.0559731,250033.30877648413,768,896,1408
matmul,linear,"[(896, 896), (896, 1408)]",87710,matmul_linear_1703,32.0109911,273899.63883030164,896,896,1408
matmul,linear,"[(1024, 896), (896, 1408)]",100240,matmul_linear_1704,33.9872859,294833.8181781676,1024,896,1408
matmul,linear,"[(1152, 896), (896, 1408)]",112770,matmul_linear_1705,43.8572855,257029.4568607079,1152,896,1408
matmul,linear,"[(1280, 896), (896, 1408)]",125300,matmul_linear_1706,46.0204017,272170.5482164447,1280,896,1408
matmul,linear,"[(1408, 896), (896, 1408)]",137830,matmul_linear_1707,48.7035625,282897.7786532556,1408,896,1408
matmul,linear,"[(1536, 896), (896, 1408)]",147686,matmul_linear_1708,47.9061248,308182.0842148351,1536,896,1408
matmul,linear,"[(1664, 896), (896, 1408)]",157542,matmul_linear_1709,50.7795893,310146.69984875206,1664,896,1408
matmul,linear,"[(1792, 896), (896, 1408)]",167398,matmul_linear_1710,53.8209911,310927.3456112554,1792,896,1408
matmul,linear,"[(1920, 896), (896, 1408)]",177254,matmul_linear_1711,68.0885895,260228.49454165885,1920,896,1408
matmul,linear,"[(2048, 896), (896, 1408)]",187110,matmul_linear_1712,71.86510719999998,260262.7925848277,2048,896,1408
matmul,linear,"[(128, 896), (896, 1536)]",13426,matmul_linear_1713,9.6485983,139049.74572005967,128,896,1536
matmul,linear,"[(256, 896), (896, 1536)]",26852,matmul_linear_1714,13.2051607,203244.7423324428,256,896,1536
matmul,linear,"[(384, 896), (896, 1536)]",40278,matmul_linear_1715,19.1805803,209893.64654259183,384,896,1536
matmul,linear,"[(512, 896), (896, 1536)]",53704,matmul_linear_1716,23.698991,226508.8037250194,512,896,1536
matmul,linear,"[(640, 896), (896, 1536)]",67130,matmul_linear_1717,30.2733033,221646.53137373357,640,896,1536
matmul,linear,"[(768, 896), (896, 1536)]",80556,matmul_linear_1718,32.1897323,250153.7121130392,768,896,1536
matmul,linear,"[(896, 896), (896, 1536)]",93982,matmul_linear_1719,34.2509998,274291.99015732086,896,896,1536
matmul,linear,"[(1024, 896), (896, 1536)]",107408,matmul_linear_1720,36.374580400000006,295183.13129352266,1024,896,1536
matmul,linear,"[(1152, 896), (896, 1536)]",120834,matmul_linear_1721,47.1129824,256377.07668788976,1152,896,1536
matmul,linear,"[(1280, 896), (896, 1536)]",134260,matmul_linear_1722,49.3408928,272006.9530383528,1280,896,1536
matmul,linear,"[(1408, 896), (896, 1536)]",147686,matmul_linear_1723,60.405866,244389.50040712932,1408,896,1536
matmul,linear,"[(1536, 896), (896, 1536)]",161112,matmul_linear_1724,48.0588303,335139.12045774446,1536,896,1536
matmul,linear,"[(1664, 896), (896, 1536)]",171864,matmul_linear_1725,51.0401606,336623.0784144516,1664,896,1536
matmul,linear,"[(1792, 896), (896, 1536)]",182616,matmul_linear_1726,53.90027680000001,338703.45490173803,1792,896,1536
matmul,linear,"[(1920, 896), (896, 1536)]",193368,matmul_linear_1727,68.23499999999999,283285.3594196527,1920,896,1536
matmul,linear,"[(2048, 896), (896, 1536)]",204120,matmul_linear_1728,72.0246784,283302.86209455674,2048,896,1536
matmul,linear,"[(128, 896), (896, 1664)]",14322,matmul_linear_1729,9.6004464,149080.5631038157,128,896,1664
matmul,linear,"[(256, 896), (896, 1664)]",28644,matmul_linear_1730,17.7612946,161172.02799732852,256,896,1664
matmul,linear,"[(384, 896), (896, 1664)]",42966,matmul_linear_1731,28.4354017,151000.3799183185,384,896,1664
matmul,linear,"[(512, 896), (896, 1664)]",57288,matmul_linear_1732,30.611991,187042.3521586688,512,896,1664
matmul,linear,"[(640, 896), (896, 1664)]",71610,matmul_linear_1733,32.7936965,218265.1361169364,640,896,1664
matmul,linear,"[(768, 896), (896, 1664)]",85932,matmul_linear_1734,34.77844639999999,246984.0675620289,768,896,1664
matmul,linear,"[(896, 896), (896, 1664)]",100254,matmul_linear_1735,36.9934464,270904.7582914578,896,896,1664
matmul,linear,"[(1024, 896), (896, 1664)]",114576,matmul_linear_1736,39.0562857,293261.229688055,1024,896,1664
matmul,linear,"[(1152, 896), (896, 1664)]",128898,matmul_linear_1737,50.8843304,253215.7044354071,1152,896,1664
matmul,linear,"[(1280, 896), (896, 1664)]",143220,matmul_linear_1738,53.1688125,269268.4384995433,1280,896,1664
matmul,linear,"[(1408, 896), (896, 1664)]",157542,matmul_linear_1739,65.2871251,241206.38278020915,1408,896,1664
matmul,linear,"[(1536, 896), (896, 1664)]",171864,matmul_linear_1740,56.9445624,301709.3260472575,1536,896,1664
matmul,linear,"[(1664, 896), (896, 1664)]",186186,matmul_linear_1741,101.4464555,183431.3013967255,1664,896,1664
matmul,linear,"[(1792, 896), (896, 1664)]",197834,matmul_linear_1742,108.7354105,181840.73033825535,1792,896,1664
matmul,linear,"[(1920, 896), (896, 1664)]",209482,matmul_linear_1743,64.4215626,325073.733056888,1920,896,1664
matmul,linear,"[(2048, 896), (896, 1664)]",221130,matmul_linear_1744,67.2195803,328866.64783252147,2048,896,1664
matmul,linear,"[(128, 896), (896, 1792)]",15218,matmul_linear_1745,9.6594196,157445.6976731811,128,896,1792
matmul,linear,"[(256, 896), (896, 1792)]",30436,matmul_linear_1746,17.7308659,171555.46325630942,256,896,1792
matmul,linear,"[(384, 896), (896, 1792)]",45654,matmul_linear_1747,20.569991,221844.676592226,384,896,1792
matmul,linear,"[(512, 896), (896, 1792)]",60872,matmul_linear_1748,23.525856999999995,258645.0905614193,512,896,1792
matmul,linear,"[(640, 896), (896, 1792)]",76090,matmul_linear_1749,26.295124800000004,289269.2293865819,640,896,1792
matmul,linear,"[(768, 896), (896, 1792)]",91308,matmul_linear_1750,39.1239998,233281.04607596897,768,896,1792
matmul,linear,"[(896, 896), (896, 1792)]",106526,matmul_linear_1751,41.813303600000005,254665.80616318484,896,896,1792
matmul,linear,"[(1024, 896), (896, 1792)]",121744,matmul_linear_1752,44.417294600000005,273991.4346458192,1024,896,1792
matmul,linear,"[(1152, 896), (896, 1792)]",136962,matmul_linear_1753,46.864741300000006,292149.5594785242,1152,896,1792
matmul,linear,"[(1280, 896), (896, 1792)]",152180,matmul_linear_1754,49.4589912,307589.2518584164,1280,896,1792
matmul,linear,"[(1408, 896), (896, 1792)]",167398,matmul_linear_1755,52.1139911,321115.0834480992,1408,896,1792
matmul,linear,"[(1536, 896), (896, 1792)]",182616,matmul_linear_1756,60.8024553,300243.1343339189,1536,896,1792
matmul,linear,"[(1664, 896), (896, 1792)]",197834,matmul_linear_1757,73.6671519,268451.1722627083,1664,896,1792
matmul,linear,"[(1792, 896), (896, 1792)]",213052,matmul_linear_1758,109.0288751,195308.78487886005,1792,896,1792
matmul,linear,"[(1920, 896), (896, 1792)]",225596,matmul_linear_1759,64.88939289999999,347562.36809714406,1920,896,1792
matmul,linear,"[(2048, 896), (896, 1792)]",238140,matmul_linear_1760,67.73511599999999,351475.3925925218,2048,896,1792
matmul,linear,"[(128, 896), (896, 1920)]",16114,matmul_linear_1761,11.7181696,137412.94400108358,128,896,1920
matmul,linear,"[(256, 896), (896, 1920)]",32228,matmul_linear_1762,15.702973,205135.0214191924,256,896,1920
matmul,linear,"[(384, 896), (896, 1920)]",48342,matmul_linear_1763,24.5613213,196721.65877615055,384,896,1920
matmul,linear,"[(512, 896), (896, 1920)]",64456,matmul_linear_1764,34.83782119999999,184917.311013698,512,896,1920
matmul,linear,"[(640, 896), (896, 1920)]",80570,matmul_linear_1765,37.2031518,216467.67263466105,640,896,1920
matmul,linear,"[(768, 896), (896, 1920)]",96684,matmul_linear_1766,39.57272329999999,244219.8039898356,768,896,1920
matmul,linear,"[(896, 896), (896, 1920)]",112798,matmul_linear_1767,42.032018,268262.0853036369,896,896,1920
matmul,linear,"[(1024, 896), (896, 1920)]",128912,matmul_linear_1768,44.3720089,290425.4983846359,1024,896,1920
matmul,linear,"[(1152, 896), (896, 1920)]",145026,matmul_linear_1769,57.85113419999999,250588.2570333427,1152,896,1920
matmul,linear,"[(1280, 896), (896, 1920)]",161140,matmul_linear_1770,60.5452947,266047.8498014479,1280,896,1920
matmul,linear,"[(1408, 896), (896, 1920)]",177254,matmul_linear_1771,74.3092766,238435.4939655004,1408,896,1920
matmul,linear,"[(1536, 896), (896, 1920)]",193368,matmul_linear_1772,64.91341969999999,297786.0163178247,1536,896,1920
matmul,linear,"[(1664, 896), (896, 1920)]",209482,matmul_linear_1773,78.52115180000001,266684.1660468358,1664,896,1920
matmul,linear,"[(1792, 896), (896, 1920)]",225596,matmul_linear_1774,80.8512947,278925.8348206761,1792,896,1920
matmul,linear,"[(1920, 896), (896, 1920)]",241710,matmul_linear_1775,89.9584286,268590.7761303425,1920,896,1920
matmul,linear,"[(2048, 896), (896, 1920)]",255150,matmul_linear_1776,94.9124644,268726.6516025686,2048,896,1920
matmul,linear,"[(128, 896), (896, 2048)]",17010,matmul_linear_1777,11.7279911,144937.6271175717,128,896,2048
matmul,linear,"[(256, 896), (896, 2048)]",34020,matmul_linear_1778,15.7921519,215323.45980094076,256,896,2048
matmul,linear,"[(384, 896), (896, 2048)]",51030,matmul_linear_1779,24.8363125,205365.28394664064,384,896,2048
matmul,linear,"[(512, 896), (896, 2048)]",68040,matmul_linear_1780,30.456598400000008,223299.86595482705,512,896,2048
matmul,linear,"[(640, 896), (896, 2048)]",85050,matmul_linear_1781,40.9527232,207578.496945473,640,896,2048
matmul,linear,"[(768, 896), (896, 2048)]",102060,matmul_linear_1782,43.6029822,233966.55886945277,768,896,2048
matmul,linear,"[(896, 896), (896, 2048)]",119070,matmul_linear_1783,46.44455369999999,256270.21031380916,896,896,2048
matmul,linear,"[(1024, 896), (896, 2048)]",136080,matmul_linear_1784,49.3838214,275455.8321373647,1024,896,2048
matmul,linear,"[(1152, 896), (896, 2048)]",153090,matmul_linear_1785,52.0775267,293865.5734457143,1152,896,2048
matmul,linear,"[(1280, 896), (896, 2048)]",170100,matmul_linear_1786,54.927321500000005,309581.9494465973,1280,896,2048
matmul,linear,"[(1408, 896), (896, 2048)]",187110,matmul_linear_1787,57.7361337,323977.8140293104,1408,896,2048
matmul,linear,"[(1536, 896), (896, 2048)]",204120,matmul_linear_1788,60.4765357,337419.33313865395,1536,896,2048
matmul,linear,"[(1664, 896), (896, 2048)]",221130,matmul_linear_1789,63.2661338,349423.4918243099,1664,896,2048
matmul,linear,"[(1792, 896), (896, 2048)]",238140,matmul_linear_1790,66.69117859999999,356978.709657112,1792,896,2048
matmul,linear,"[(1920, 896), (896, 2048)]",255150,matmul_linear_1791,80.95357140000002,315080.6592191928,1920,896,2048
matmul,linear,"[(2048, 896), (896, 2048)]",272160,matmul_linear_1792,95.1134197,286042.5873009589,2048,896,2048
matmul,linear,"[(128, 1024), (1024, 128)]",4080,matmul_linear_1793,2.9433037,138519.742162523,128,1024,128
matmul,linear,"[(256, 1024), (1024, 128)]",5104,matmul_linear_1794,3.7524017,135919.5524908754,256,1024,128
matmul,linear,"[(384, 1024), (1024, 128)]",6128,matmul_linear_1795,4.3682947,140183.5756479525,384,1024,128
matmul,linear,"[(512, 1024), (1024, 128)]",7152,matmul_linear_1796,5.0012769,142903.479771336,512,1024,128
matmul,linear,"[(640, 1024), (1024, 128)]",8176,matmul_linear_1797,5.5327143,147675.56831372983,640,1024,128
matmul,linear,"[(768, 1024), (1024, 128)]",9200,matmul_linear_1798,7.0622946,130169.27537120869,768,1024,128
matmul,linear,"[(896, 1024), (1024, 128)]",10224,matmul_linear_1799,7.675294699999999,133106.6115975977,896,1024,128
matmul,linear,"[(1024, 1024), (1024, 128)]",11248,matmul_linear_1800,8.302276699999998,135380.90971239255,1024,1024,128
matmul,linear,"[(1152, 1024), (1024, 128)]",12272,matmul_linear_1801,8.9624196,136827.30922796784,1152,1024,128
matmul,linear,"[(1280, 1024), (1024, 128)]",13296,matmul_linear_1802,9.4575536,140486.0390788586,1280,1024,128
matmul,linear,"[(1408, 1024), (1024, 128)]",14320,matmul_linear_1803,10.139250100000002,141133.32454339988,1408,1024,128
matmul,linear,"[(1536, 1024), (1024, 128)]",15344,matmul_linear_1804,10.764598,142441.31923923214,1536,1024,128
matmul,linear,"[(1664, 1024), (1024, 128)]",16368,matmul_linear_1805,11.3494553,144118.37495584483,1664,1024,128
matmul,linear,"[(1792, 1024), (1024, 128)]",17392,matmul_linear_1806,11.9335535,145640.32789143655,1792,1024,128
matmul,linear,"[(1920, 1024), (1024, 128)]",18416,matmul_linear_1807,13.4989732,136325.19121380284,1920,1024,128
matmul,linear,"[(2048, 1024), (1024, 128)]",19440,matmul_linear_1808,13.224428499999998,146900.68135269513,2048,1024,128
matmul,linear,"[(128, 1024), (1024, 256)]",5104,matmul_linear_1809,3.4045445,149817.26499682997,128,1024,256
matmul,linear,"[(256, 1024), (1024, 256)]",10208,matmul_linear_1810,4.9207053,207349.9360894464,256,1024,256
matmul,linear,"[(384, 1024), (1024, 256)]",12256,matmul_linear_1811,6.9774287,175552.09946179742,384,1024,256
matmul,linear,"[(512, 1024), (1024, 256)]",14304,matmul_linear_1812,8.2603839,173063.86469640955,512,1024,256
matmul,linear,"[(640, 1024), (1024, 256)]",16352,matmul_linear_1813,9.4802679,172384.57714997698,640,1024,256
matmul,linear,"[(768, 1024), (1024, 256)]",18400,matmul_linear_1814,10.6846874,172109.06247570703,768,1024,256
matmul,linear,"[(896, 1024), (1024, 256)]",20448,matmul_linear_1815,11.8590001,172326.00411142586,896,1024,256
matmul,linear,"[(1024, 1024), (1024, 256)]",22496,matmul_linear_1816,13.039008999999998,172428.4490562128,1024,1024,256
matmul,linear,"[(1152, 1024), (1024, 256)]",24544,matmul_linear_1817,15.221740899999997,161143.05466268977,1152,1024,256
matmul,linear,"[(1280, 1024), (1024, 256)]",26592,matmul_linear_1818,16.5655803,160425.61708327234,1280,1024,256
matmul,linear,"[(1408, 1024), (1024, 256)]",28640,matmul_linear_1819,17.7044465,161667.2712897294,1408,1024,256
matmul,linear,"[(1536, 1024), (1024, 256)]",30688,matmul_linear_1820,18.9467054,161870.1122285883,1536,1024,256
matmul,linear,"[(1664, 1024), (1024, 256)]",32736,matmul_linear_1821,21.0274288,155582.37234977583,1664,1024,256
matmul,linear,"[(1792, 1024), (1024, 256)]",34784,matmul_linear_1822,22.1850088,156690.56210245902,1792,1024,256
matmul,linear,"[(1920, 1024), (1024, 256)]",36832,matmul_linear_1823,23.4130178,157214.19296149,1920,1024,256
matmul,linear,"[(2048, 1024), (1024, 256)]",38880,matmul_linear_1824,24.5877234,158027.6939206173,2048,1024,256
matmul,linear,"[(128, 1024), (1024, 384)]",6128,matmul_linear_1825,4.464143,137171.5882981347,128,1024,384
matmul,linear,"[(256, 1024), (1024, 384)]",12256,matmul_linear_1826,5.5847322,219355.4646684759,256,1024,384
matmul,linear,"[(384, 1024), (1024, 384)]",18384,matmul_linear_1827,8.149696500000001,225478.95254136148,384,1024,384
matmul,linear,"[(512, 1024), (1024, 384)]",21456,matmul_linear_1828,8.5787231,250007.15172751065,512,1024,384
matmul,linear,"[(640, 1024), (1024, 384)]",24528,matmul_linear_1829,9.5474732,256805.670078236,640,1024,384
matmul,linear,"[(768, 1024), (1024, 384)]",27600,matmul_linear_1830,10.406848,265109.98481000203,768,1024,384
matmul,linear,"[(896, 1024), (1024, 384)]",30672,matmul_linear_1831,11.3318661,270570.33557694434,896,1024,384
matmul,linear,"[(1024, 1024), (1024, 384)]",33744,matmul_linear_1832,12.1093123,278561.5718879428,1024,1024,384
matmul,linear,"[(1152, 1024), (1024, 384)]",36816,matmul_linear_1833,15.8494108,232186.23741647223,1152,1024,384
matmul,linear,"[(1280, 1024), (1024, 384)]",39888,matmul_linear_1834,16.659116,239336.47430031697,1280,1024,384
matmul,linear,"[(1408, 1024), (1024, 384)]",42960,matmul_linear_1835,17.486142800000003,245580.253737834,1408,1024,384
matmul,linear,"[(1536, 1024), (1024, 384)]",46032,matmul_linear_1836,18.3970002,250114.70619976404,1536,1024,384
matmul,linear,"[(1664, 1024), (1024, 384)]",49104,matmul_linear_1837,19.1796073,255921.92595465708,1664,1024,384
matmul,linear,"[(1792, 1024), (1024, 384)]",52176,matmul_linear_1838,20.0902769,259607.7196083843,1792,1024,384
matmul,linear,"[(1920, 1024), (1024, 384)]",55248,matmul_linear_1839,23.4755625,235242.6036117345,1920,1024,384
matmul,linear,"[(2048, 1024), (1024, 384)]",58320,matmul_linear_1840,24.5321252,237629.0981704268,2048,1024,384
matmul,linear,"[(128, 1024), (1024, 512)]",7152,matmul_linear_1841,4.4899909000000005,159187.6279548807,128,1024,512
matmul,linear,"[(256, 1024), (1024, 512)]",14304,matmul_linear_1842,6.9081874,206958.65622579955,256,1024,512
matmul,linear,"[(384, 1024), (1024, 512)]",21456,matmul_linear_1843,8.1874464,261959.7308582075,384,1024,512
matmul,linear,"[(512, 1024), (1024, 512)]",28608,matmul_linear_1844,11.5457053,247680.44525352644,512,1024,512
matmul,linear,"[(640, 1024), (1024, 512)]",32704,matmul_linear_1845,13.0398305,250700.80603808464,640,1024,512
matmul,linear,"[(768, 1024), (1024, 512)]",36800,matmul_linear_1846,14.4934553,253807.706880636,768,1024,512
matmul,linear,"[(896, 1024), (1024, 512)]",40896,matmul_linear_1847,20.3683038,200682.55117149223,896,1024,512
matmul,linear,"[(1024, 1024), (1024, 512)]",44992,matmul_linear_1848,22.90826790000001,196300.70648903135,1024,1024,512
matmul,linear,"[(1152, 1024), (1024, 512)]",49088,matmul_linear_1849,20.506839,239273.80110118384,1152,1024,512
matmul,linear,"[(1280, 1024), (1024, 512)]",53184,matmul_linear_1850,22.2517054,238910.89396950224,1280,1024,512
matmul,linear,"[(1408, 1024), (1024, 512)]",57280,matmul_linear_1851,23.5677234,242944.2645130501,1408,1024,512
matmul,linear,"[(1536, 1024), (1024, 512)]",61376,matmul_linear_1852,24.8622678,246764.04512141884,1536,1024,512
matmul,linear,"[(1664, 1024), (1024, 512)]",65472,matmul_linear_1853,28.1094107,232818.43681376072,1664,1024,512
matmul,linear,"[(1792, 1024), (1024, 512)]",69568,matmul_linear_1854,29.4674197,235984.46449758203,1792,1024,512
matmul,linear,"[(1920, 1024), (1024, 512)]",73664,matmul_linear_1855,30.8948661,238334.43684645067,1920,1024,512
matmul,linear,"[(2048, 1024), (1024, 512)]",77760,matmul_linear_1856,32.392857,239952.92277862373,2048,1024,512
matmul,linear,"[(128, 1024), (1024, 640)]",8176,matmul_linear_1857,6.7008571,121914.24202882942,128,1024,640
matmul,linear,"[(256, 1024), (1024, 640)]",16352,matmul_linear_1858,8.087553699999999,202087.22009845823,256,1024,640
matmul,linear,"[(384, 1024), (1024, 640)]",24528,matmul_linear_1859,9.4651519,259040.05669576203,384,1024,640
matmul,linear,"[(512, 1024), (1024, 640)]",32704,matmul_linear_1860,14.989839099999998,218074.45658906375,512,1024,640
matmul,linear,"[(640, 1024), (1024, 640)]",40880,matmul_linear_1861,13.8101159,295914.89441518736,640,1024,640
matmul,linear,"[(768, 1024), (1024, 640)]",46000,matmul_linear_1862,15.2161427,302210.51920931315,768,1024,640
matmul,linear,"[(896, 1024), (1024, 640)]",51120,matmul_linear_1863,16.685696299999996,306270.19325348746,896,1024,640
matmul,linear,"[(1024, 1024), (1024, 640)]",56240,matmul_linear_1864,33.17943749999999,169402.57218797036,1024,1024,640
matmul,linear,"[(1152, 1024), (1024, 640)]",61360,matmul_linear_1865,36.6977055,167103.91415207143,1152,1024,640
matmul,linear,"[(1280, 1024), (1024, 640)]",66480,matmul_linear_1866,24.0071429,276817.58355801686,1280,1024,640
matmul,linear,"[(1408, 1024), (1024, 640)]",71600,matmul_linear_1867,25.2228747,283769.3085209673,1408,1024,640
matmul,linear,"[(1536, 1024), (1024, 640)]",76720,matmul_linear_1868,26.210571300000005,292606.32494759845,1536,1024,640
matmul,linear,"[(1664, 1024), (1024, 640)]",81840,matmul_linear_1869,27.4062769,298517.72286187473,1664,1024,640
matmul,linear,"[(1792, 1024), (1024, 640)]",86960,matmul_linear_1870,28.3934465,306167.8565633094,1792,1024,640
matmul,linear,"[(1920, 1024), (1024, 640)]",92080,matmul_linear_1871,33.87417860000001,271729.4695417352,1920,1024,640
matmul,linear,"[(2048, 1024), (1024, 640)]",97200,matmul_linear_1872,35.2552945,275603.27061088657,2048,1024,640
matmul,linear,"[(128, 1024), (1024, 768)]",9200,matmul_linear_1873,5.6292857000000005,163331.03708522022,128,1024,768
matmul,linear,"[(256, 1024), (1024, 768)]",18400,matmul_linear_1874,9.2845625,198078.42790115316,256,1024,768
matmul,linear,"[(384, 1024), (1024, 768)]",27600,matmul_linear_1875,15.9952858,172450.83994810522,384,1024,768
matmul,linear,"[(512, 1024), (1024, 768)]",36800,matmul_linear_1876,17.3571338,211916.57153786533,512,1024,768
matmul,linear,"[(640, 1024), (1024, 768)]",46000,matmul_linear_1877,18.6851249,246085.1352141617,640,1024,768
matmul,linear,"[(768, 1024), (1024, 768)]",55200,matmul_linear_1878,26.1525535,210969.25562737117,768,1024,768
matmul,linear,"[(896, 1024), (1024, 768)]",61344,matmul_linear_1879,29.7458573,206127.03652921785,896,1024,768
matmul,linear,"[(1024, 1024), (1024, 768)]",67488,matmul_linear_1880,33.3642948,202176.11704234197,1024,1024,768
matmul,linear,"[(1152, 1024), (1024, 768)]",73632,matmul_linear_1881,36.9651607,199092.96604058865,1152,1024,768
matmul,linear,"[(1280, 1024), (1024, 768)]",79776,matmul_linear_1882,40.6018662,196383.5793680833,1280,1024,768
matmul,linear,"[(1408, 1024), (1024, 768)]",85920,matmul_linear_1883,29.3854197,292289.9024658137,1408,1024,768
matmul,linear,"[(1536, 1024), (1024, 768)]",92064,matmul_linear_1884,30.937259,297482.9242015267,1536,1024,768
matmul,linear,"[(1664, 1024), (1024, 768)]",98208,matmul_linear_1885,35.22885719999999,278671.4612553484,1664,1024,768
matmul,linear,"[(1792, 1024), (1024, 768)]",104352,matmul_linear_1886,36.8312678,283224.4855068497,1792,1024,768
matmul,linear,"[(1920, 1024), (1024, 768)]",110496,matmul_linear_1887,38.570705700000005,286376.47999865346,1920,1024,768
matmul,linear,"[(2048, 1024), (1024, 768)]",116640,matmul_linear_1888,40.1711341,290257.7472063453,2048,1024,768
matmul,linear,"[(128, 1024), (1024, 896)]",10224,matmul_linear_1889,8.837142799999999,115593.50220299714,128,1024,896
matmul,linear,"[(256, 1024), (1024, 896)]",20448,matmul_linear_1890,10.6197141,192447.55643562943,256,1024,896
matmul,linear,"[(384, 1024), (1024, 896)]",30672,matmul_linear_1891,18.2578838,167893.18221096354,384,1024,896
matmul,linear,"[(512, 1024), (1024, 896)]",40896,matmul_linear_1892,19.751535600000004,206952.25572435997,512,1024,896
matmul,linear,"[(640, 1024), (1024, 896)]",51120,matmul_linear_1893,21.1809911,241248.47967524992,640,1024,896
matmul,linear,"[(768, 1024), (1024, 896)]",61344,matmul_linear_1894,22.666410600000003,270538.35153502424,768,1024,896
matmul,linear,"[(896, 1024), (1024, 896)]",71568,matmul_linear_1895,25.9275716,275930.4786893347,896,1024,896
matmul,linear,"[(1024, 1024), (1024, 896)]",78736,matmul_linear_1896,43.6105804,180443.3435598119,1024,1024,896
matmul,linear,"[(1152, 1024), (1024, 896)]",85904,matmul_linear_1897,35.1320181,244417.6925375659,1152,1024,896
matmul,linear,"[(1280, 1024), (1024, 896)]",93072,matmul_linear_1898,37.9606965,245079.90601147167,1280,1024,896
matmul,linear,"[(1408, 1024), (1024, 896)]",100240,matmul_linear_1899,40.6888663,246257.3186358353,1408,1024,896
matmul,linear,"[(1536, 1024), (1024, 896)]",107408,matmul_linear_1900,43.6255804,246104.1742830314,1536,1024,896
matmul,linear,"[(1664, 1024), (1024, 896)]",114576,matmul_linear_1901,46.50786600000001,246258.32570774155,1664,1024,896
matmul,linear,"[(1792, 1024), (1024, 896)]",121744,matmul_linear_1902,49.1867231,247413.94751889867,1792,1024,896
matmul,linear,"[(1920, 1024), (1024, 896)]",128912,matmul_linear_1903,51.99846429999999,247815.01390551648,1920,1024,896
matmul,linear,"[(2048, 1024), (1024, 896)]",136080,matmul_linear_1904,54.870000000000005,247904.3739748496,2048,1024,896
matmul,linear,"[(128, 1024), (1024, 1024)]",11248,matmul_linear_1905,8.353124900000001,134556.1931571261,128,1024,1024
matmul,linear,"[(256, 1024), (1024, 1024)]",22496,matmul_linear_1906,11.8704195,189413.1001899301,256,1024,1024
matmul,linear,"[(384, 1024), (1024, 1024)]",33744,matmul_linear_1907,20.5255535,164299.95150435285,384,1024,1024
matmul,linear,"[(512, 1024), (1024, 1024)]",44992,matmul_linear_1908,22.1625714,202908.9342430725,512,1024,1024
matmul,linear,"[(640, 1024), (1024, 1024)]",56240,matmul_linear_1909,23.8251427,235953.15069109743,640,1024,1024
matmul,linear,"[(768, 1024), (1024, 1024)]",67488,matmul_linear_1910,25.301991,266629.997651173,768,1024,1024
matmul,linear,"[(896, 1024), (1024, 1024)]",78736,matmul_linear_1911,27.0436963,291043.6333501497,896,1024,1024
matmul,linear,"[(1024, 1024), (1024, 1024)]",89984,matmul_linear_1912,43.8001605,205342.1695555202,1024,1024,1024
matmul,linear,"[(1152, 1024), (1024, 1024)]",98176,matmul_linear_1913,35.19528570000001,278846.4499218428,1152,1024,1024
matmul,linear,"[(1280, 1024), (1024, 1024)]",106368,matmul_linear_1914,38.0210268,279660.9874123652,1280,1024,1024
matmul,linear,"[(1408, 1024), (1024, 1024)]",114560,matmul_linear_1915,40.8658751,280231.69415721134,1408,1024,1024
matmul,linear,"[(1536, 1024), (1024, 1024)]",122752,matmul_linear_1916,43.7032947,280775.8489322774,1536,1024,1024
matmul,linear,"[(1664, 1024), (1024, 1024)]",130944,matmul_linear_1917,46.576964200000006,281034.6815943835,1664,1024,1024
matmul,linear,"[(1792, 1024), (1024, 1024)]",139136,matmul_linear_1918,49.5156964,280893.7254563182,1792,1024,1024
matmul,linear,"[(1920, 1024), (1024, 1024)]",147328,matmul_linear_1919,52.250151900000006,281866.64438787976,1920,1024,1024
matmul,linear,"[(2048, 1024), (1024, 1024)]",155520,matmul_linear_1920,55.04817860000001,282416.15939932293,2048,1024,1024
matmul,linear,"[(128, 1024), (1024, 1152)]",12272,matmul_linear_1921,8.082865900000002,151727.33639067298,128,1024,1152
matmul,linear,"[(256, 1024), (1024, 1152)]",24544,matmul_linear_1922,13.0020087,188670.83200228892,256,1024,1152
matmul,linear,"[(384, 1024), (1024, 1152)]",36816,matmul_linear_1923,22.7754556,161547.69937686782,384,1024,1152
matmul,linear,"[(512, 1024), (1024, 1152)]",49088,matmul_linear_1924,24.496268,200289.7083425116,512,1024,1152
matmul,linear,"[(640, 1024), (1024, 1152)]",61360,matmul_linear_1925,26.231714400000005,233815.32503113864,640,1024,1152
matmul,linear,"[(768, 1024), (1024, 1152)]",73632,matmul_linear_1926,27.8808394,263995.34857835027,768,1024,1152
matmul,linear,"[(896, 1024), (1024, 1152)]",85904,matmul_linear_1927,29.6264105,289857.50261409493,896,1024,1152
matmul,linear,"[(1024, 1024), (1024, 1152)]",98176,matmul_linear_1928,31.353303700000005,313028.0867221657,1024,1024,1152
matmul,linear,"[(1152, 1024), (1024, 1152)]",110448,matmul_linear_1929,60.00687479999999,183958.91053003148,1152,1024,1152
matmul,linear,"[(1280, 1024), (1024, 1152)]",119664,matmul_linear_1930,66.0625624,181037.38803446715,1280,1024,1152
matmul,linear,"[(1408, 1024), (1024, 1152)]",128880,matmul_linear_1931,71.9684016,178978.59162457762,1408,1024,1152
matmul,linear,"[(1536, 1024), (1024, 1152)]",138096,matmul_linear_1932,77.9371251,177088.98384154023,1536,1024,1152
matmul,linear,"[(1664, 1024), (1024, 1152)]",147312,matmul_linear_1933,83.74669659999999,175801.8635727299,1664,1024,1152
matmul,linear,"[(1792, 1024), (1024, 1152)]",156528,matmul_linear_1934,51.62686620000001,303090.97694912954,1792,1024,1152
matmul,linear,"[(1920, 1024), (1024, 1152)]",165744,matmul_linear_1935,54.0059912,306799.2834261692,1920,1024,1152
matmul,linear,"[(2048, 1024), (1024, 1152)]",174960,matmul_linear_1936,56.024723300000005,312190.6989886017,2048,1024,1152
matmul,linear,"[(128, 1024), (1024, 1280)]",13296,matmul_linear_1937,8.0605447,164851.63161864236,128,1024,1280
matmul,linear,"[(256, 1024), (1024, 1280)]",26592,matmul_linear_1938,14.9592858,177662.49719087526,256,1024,1280
matmul,linear,"[(384, 1024), (1024, 1280)]",39888,matmul_linear_1939,17.3382858,229957.3451153977,384,1024,1280
matmul,linear,"[(512, 1024), (1024, 1280)]",53184,matmul_linear_1940,26.852696700000003,197958.3201537445,512,1024,1280
matmul,linear,"[(640, 1024), (1024, 1280)]",66480,matmul_linear_1941,28.7384554,231227.6725373348,640,1024,1280
matmul,linear,"[(768, 1024), (1024, 1280)]",79776,matmul_linear_1942,30.600562499999995,260601.09005349173,768,1024,1280
matmul,linear,"[(896, 1024), (1024, 1280)]",93072,matmul_linear_1943,32.4862767,286396.35924574884,896,1024,1280
matmul,linear,"[(1024, 1024), (1024, 1280)]",106368,matmul_linear_1944,34.3314552,309726.6571584184,1024,1024,1280
matmul,linear,"[(1152, 1024), (1024, 1280)]",119664,matmul_linear_1945,44.8382857,266779.0702673988,1152,1024,1280
matmul,linear,"[(1280, 1024), (1024, 1280)]",132960,matmul_linear_1946,66.21315139999999,200706.0289968316,1280,1024,1280
matmul,linear,"[(1408, 1024), (1024, 1280)]",143200,matmul_linear_1947,72.2622857,198066.9948754472,1408,1024,1280
matmul,linear,"[(1536, 1024), (1024, 1280)]",153440,matmul_linear_1948,78.1640264,196205.1381396085,1536,1024,1280
matmul,linear,"[(1664, 1024), (1024, 1280)]",163680,matmul_linear_1949,84.1558663,194396.2451179711,1664,1024,1280
matmul,linear,"[(1792, 1024), (1024, 1280)]",173920,matmul_linear_1950,52.22617859999999,332913.0686605511,1792,1024,1280
matmul,linear,"[(1920, 1024), (1024, 1280)]",184160,matmul_linear_1951,54.4782768,337942.99771831254,1920,1024,1280
matmul,linear,"[(2048, 1024), (1024, 1280)]",194400,matmul_linear_1952,56.6531251,343040.8234883057,2048,1024,1280
matmul,linear,"[(128, 1024), (1024, 1408)]",14320,matmul_linear_1953,10.6997233,133735.23665513855,128,1024,1408
matmul,linear,"[(256, 1024), (1024, 1408)]",28640,matmul_linear_1954,14.502276599999998,197386.2346784918,256,1024,1408
matmul,linear,"[(384, 1024), (1024, 1408)]",42960,matmul_linear_1955,27.226446400000004,157687.76035935408,384,1024,1408
matmul,linear,"[(512, 1024), (1024, 1408)]",57280,matmul_linear_1956,29.2598571,195663.08867209064,512,1024,1408
matmul,linear,"[(640, 1024), (1024, 1408)]",71600,matmul_linear_1957,31.1689823,229615.5528238084,640,1024,1408
matmul,linear,"[(768, 1024), (1024, 1408)]",85920,matmul_linear_1958,33.1265356,259269.10831086125,768,1024,1408
matmul,linear,"[(896, 1024), (1024, 1408)]",100240,matmul_linear_1959,35.1723124,284896.90000478906,896,1024,1408
matmul,linear,"[(1024, 1024), (1024, 1408)]",114560,matmul_linear_1960,37.1924464,307919.53377285774,1024,1024,1408
matmul,linear,"[(1152, 1024), (1024, 1408)]",128880,matmul_linear_1961,48.518142700000006,265532.5919087582,1152,1024,1408
matmul,linear,"[(1280, 1024), (1024, 1408)]",143200,matmul_linear_1962,50.75387490000001,282045.9450773876,1280,1024,1408
matmul,linear,"[(1408, 1024), (1024, 1408)]",157520,matmul_linear_1963,49.7753036,316362.1581534663,1408,1024,1408
matmul,linear,"[(1536, 1024), (1024, 1408)]",168784,matmul_linear_1964,52.9827321,318464.168569933,1536,1024,1408
matmul,linear,"[(1664, 1024), (1024, 1408)]",180048,matmul_linear_1965,68.3488391,263325.1032948414,1664,1024,1408
matmul,linear,"[(1792, 1024), (1024, 1408)]",191312,matmul_linear_1966,72.4698213,263888.507999812,1792,1024,1408
matmul,linear,"[(1920, 1024), (1024, 1408)]",202576,matmul_linear_1967,76.69485730000001,264032.44268465444,1920,1024,1408
matmul,linear,"[(2048, 1024), (1024, 1408)]",213840,matmul_linear_1968,80.94570519999999,264077.07952712977,2048,1024,1408
matmul,linear,"[(128, 1024), (1024, 1536)]",15344,matmul_linear_1969,10.654571399999998,143913.3011826267,128,1024,1536
matmul,linear,"[(256, 1024), (1024, 1536)]",30688,matmul_linear_1970,14.5484198,210836.99811989203,256,1024,1536
matmul,linear,"[(384, 1024), (1024, 1536)]",46032,matmul_linear_1971,20.079973,229143.33613396797,384,1024,1536
matmul,linear,"[(512, 1024), (1024, 1536)]",61376,matmul_linear_1972,22.8168573,268894.1002523603,512,1024,1536
matmul,linear,"[(640, 1024), (1024, 1536)]",76720,matmul_linear_1973,25.5678838,299963.941936407,640,1024,1536
matmul,linear,"[(768, 1024), (1024, 1536)]",92064,matmul_linear_1974,38.3306874,240083.5350336034,768,1024,1536
matmul,linear,"[(896, 1024), (1024, 1536)]",107408,matmul_linear_1975,40.8497232,262834.4621850461,896,1024,1536
matmul,linear,"[(1024, 1024), (1024, 1536)]",122752,matmul_linear_1976,43.465303500000005,282313.7648089815,1024,1024,1536
matmul,linear,"[(1152, 1024), (1024, 1536)]",138096,matmul_linear_1977,45.91428570000001,300669.1351278061,1152,1024,1536
matmul,linear,"[(1280, 1024), (1024, 1536)]",153440,matmul_linear_1978,48.368277000000006,317132.71846131707,1280,1024,1536
matmul,linear,"[(1408, 1024), (1024, 1536)]",168784,matmul_linear_1979,50.801419800000005,332142.68271336774,1408,1024,1536
matmul,linear,"[(1536, 1024), (1024, 1536)]",184128,matmul_linear_1980,53.2347411,345779.3941612689,1536,1024,1536
matmul,linear,"[(1664, 1024), (1024, 1536)]",196416,matmul_linear_1981,68.6032769,286207.0233311261,1664,1024,1536
matmul,linear,"[(1792, 1024), (1024, 1536)]",208704,matmul_linear_1982,72.8007231,286578.4711922731,1792,1024,1536
matmul,linear,"[(1920, 1024), (1024, 1536)]",220992,matmul_linear_1983,76.9830355,286965.8432272393,1920,1024,1536
matmul,linear,"[(2048, 1024), (1024, 1536)]",233280,matmul_linear_1984,81.16872350000001,287301.34123213106,2048,1024,1536
matmul,linear,"[(128, 1024), (1024, 1664)]",16368,matmul_linear_1985,10.6277053,153912.55057382895,128,1024,1664
matmul,linear,"[(256, 1024), (1024, 1664)]",32736,matmul_linear_1986,19.7858394,165351.6613533212,256,1024,1664
matmul,linear,"[(384, 1024), (1024, 1664)]",49104,matmul_linear_1987,22.571696600000003,217446.783789394,384,1024,1664
matmul,linear,"[(512, 1024), (1024, 1664)]",65472,matmul_linear_1988,34.1281427,191741.67323585413,512,1024,1664
matmul,linear,"[(640, 1024), (1024, 1664)]",81840,matmul_linear_1989,36.2452857,225694.8817878955,640,1024,1664
matmul,linear,"[(768, 1024), (1024, 1664)]",98208,matmul_linear_1990,38.4237051,255492.21773227697,768,1024,1664
matmul,linear,"[(896, 1024), (1024, 1664)]",114576,matmul_linear_1991,45.9261606,249378.72520395264,896,1024,1664
matmul,linear,"[(1024, 1024), (1024, 1664)]",130944,matmul_linear_1992,48.8865626,267752.7452858794,1024,1024,1664
matmul,linear,"[(1152, 1024), (1024, 1664)]",147312,matmul_linear_1993,56.4345623,260931.5274829375,1152,1024,1664
matmul,linear,"[(1280, 1024), (1024, 1664)]",163680,matmul_linear_1994,58.9497318,277560.2963272515,1280,1024,1664
matmul,linear,"[(1408, 1024), (1024, 1664)]",180048,matmul_linear_1995,72.42171429999999,248510.5192900688,1408,1024,1664
matmul,linear,"[(1536, 1024), (1024, 1664)]",196416,matmul_linear_1996,62.967285700000005,311833.4076679122,1536,1024,1664
matmul,linear,"[(1664, 1024), (1024, 1664)]",212784,matmul_linear_1997,116.5230177,182511.1305732172,1664,1024,1664
matmul,linear,"[(1792, 1024), (1024, 1664)]",226096,matmul_linear_1998,124.9074107,180910.87736341968,1792,1024,1664
matmul,linear,"[(1920, 1024), (1024, 1664)]",239408,matmul_linear_1999,70.5140003,339418.3920660363,1920,1024,1664
matmul,linear,"[(2048, 1024), (1024, 1664)]",252720,matmul_linear_2000,73.6141428,343203.59681916994,2048,1024,1664
matmul,linear,"[(128, 1024), (1024, 1792)]",17392,matmul_linear_2001,10.6244463,163597.9425459565,128,1024,1792
matmul,linear,"[(256, 1024), (1024, 1792)]",34784,matmul_linear_2002,19.7928571,175640.16638557956,256,1024,1792
matmul,linear,"[(384, 1024), (1024, 1792)]",52176,matmul_linear_2003,22.574018,231032.9777445911,384,1024,1792
matmul,linear,"[(512, 1024), (1024, 1792)]",69568,matmul_linear_2004,25.6502858,271117.2509204556,512,1024,1792
matmul,linear,"[(640, 1024), (1024, 1792)]",86960,matmul_linear_2005,40.70614260000001,213528.6919999145,640,1024,1792
matmul,linear,"[(768, 1024), (1024, 1792)]",104352,matmul_linear_2006,43.3230088,240769.69693573087,768,1024,1792
matmul,linear,"[(896, 1024), (1024, 1792)]",121744,matmul_linear_2007,46.0262409,264409.97869782586,896,1024,1792
matmul,linear,"[(1024, 1024), (1024, 1792)]",139136,matmul_linear_2008,48.8998393,284432.6324006958,1024,1024,1792
matmul,linear,"[(1152, 1024), (1024, 1792)]",156528,matmul_linear_2009,51.5598661,303484.96218049724,1152,1024,1792
matmul,linear,"[(1280, 1024), (1024, 1792)]",173920,matmul_linear_2010,54.36183940000001,319830.3075826385,1280,1024,1792
matmul,linear,"[(1408, 1024), (1024, 1792)]",191312,matmul_linear_2011,57.09058030000001,335002.5668239704,1408,1024,1792
matmul,linear,"[(1536, 1024), (1024, 1792)]",208704,matmul_linear_2012,60.142856900000005,346913.7781233335,1536,1024,1792
matmul,linear,"[(1664, 1024), (1024, 1792)]",226096,matmul_linear_2013,62.9602947,359008.8654799451,1664,1024,1792
matmul,linear,"[(1792, 1024), (1024, 1792)]",243488,matmul_linear_2014,125.1978572,194382.56179898905,1792,1024,1792
matmul,linear,"[(1920, 1024), (1024, 1792)]",257824,matmul_linear_2015,71.09274119999999,362558.6844846546,1920,1024,1792
matmul,linear,"[(2048, 1024), (1024, 1792)]",272160,matmul_linear_2016,74.1189823,367093.3849528855,2048,1024,1792
matmul,linear,"[(128, 1024), (1024, 1920)]",18416,matmul_linear_2017,13.072580299999998,140775.01914216587,128,1024,1920
matmul,linear,"[(256, 1024), (1024, 1920)]",36832,matmul_linear_2018,17.4473039,211004.24975173385,256,1024,1920
matmul,linear,"[(384, 1024), (1024, 1920)]",55248,matmul_linear_2019,25.2431516,218763.3213294968,384,1024,1920
matmul,linear,"[(512, 1024), (1024, 1920)]",73664,matmul_linear_2020,28.7644374,255994.0058573856,512,1024,1920
matmul,linear,"[(640, 1024), (1024, 1920)]",92080,matmul_linear_2021,32.280294500000004,285151.4248282338,640,1024,1920
matmul,linear,"[(768, 1024), (1024, 1920)]",110496,matmul_linear_2022,35.7655806,308845.0755344372,768,1024,1920
matmul,linear,"[(896, 1024), (1024, 1920)]",128912,matmul_linear_2023,51.5884285,249785.49515517807,896,1024,1920
matmul,linear,"[(1024, 1024), (1024, 1920)]",147328,matmul_linear_2024,54.7900091,268795.7392416276,1024,1024,1920
matmul,linear,"[(1152, 1024), (1024, 1920)]",165744,matmul_linear_2025,57.75127680000001,286896.25217636744,1152,1024,1920
matmul,linear,"[(1280, 1024), (1024, 1920)]",184160,matmul_linear_2026,60.77029469999999,302942.7956769478,1280,1024,1920
matmul,linear,"[(1408, 1024), (1024, 1920)]",202576,matmul_linear_2027,63.7793927,317519.8320872378,1408,1024,1920
matmul,linear,"[(1536, 1024), (1024, 1920)]",220992,matmul_linear_2028,71.47715170000001,309078.5203298748,1536,1024,1920
matmul,linear,"[(1664, 1024), (1024, 1920)]",239408,matmul_linear_2029,86.94257139999999,275263.376243551,1664,1024,1920
matmul,linear,"[(1792, 1024), (1024, 1920)]",257824,matmul_linear_2030,89.3466875,288465.8184026129,1792,1024,1920
matmul,linear,"[(1920, 1024), (1024, 1920)]",276240,matmul_linear_2031,101.4438661,272208.2337257255,1920,1024,1920
matmul,linear,"[(2048, 1024), (1024, 1920)]",291600,matmul_linear_2032,107.0364197,272330.6369900001,2048,1024,1920
matmul,linear,"[(128, 1024), (1024, 2048)]",19440,matmul_linear_2033,13.047973100000002,148888.65786288292,128,1024,2048
matmul,linear,"[(256, 1024), (1024, 2048)]",38880,matmul_linear_2034,17.4995891,222076.6452790597,256,1024,2048
matmul,linear,"[(384, 1024), (1024, 2048)]",58320,matmul_linear_2035,25.2884555,230519.06647481897,384,1024,2048
matmul,linear,"[(512, 1024), (1024, 2048)]",77760,matmul_linear_2036,28.7312679,270545.90490975167,512,1024,2048
matmul,linear,"[(640, 1024), (1024, 2048)]",97200,matmul_linear_2037,45.7534465,212343.01235317867,640,1024,2048
matmul,linear,"[(768, 1024), (1024, 2048)]",116640,matmul_linear_2038,48.7490177,239166.3596173344,768,1024,2048
matmul,linear,"[(896, 1024), (1024, 2048)]",136080,matmul_linear_2039,51.8028483,262588.25839833217,896,1024,2048
matmul,linear,"[(1024, 1024), (1024, 2048)]",155520,matmul_linear_2040,54.9141607,283105.63952459715,1024,1024,2048
matmul,linear,"[(1152, 1024), (1024, 2048)]",174960,matmul_linear_2041,57.9137497,302004.4240898116,1152,1024,2048
matmul,linear,"[(1280, 1024), (1024, 2048)]",194400,matmul_linear_2042,60.8547143,319349.3676227809,1280,1024,2048
matmul,linear,"[(1408, 1024), (1024, 2048)]",213840,matmul_linear_2043,63.97012490000001,334181.04186802986,1408,1024,2048
matmul,linear,"[(1536, 1024), (1024, 2048)]",233280,matmul_linear_2044,66.82055349999999,349014.13896025275,1536,1024,2048
matmul,linear,"[(1664, 1024), (1024, 2048)]",252720,matmul_linear_2045,69.921732,361332.6944876022,1664,1024,2048
matmul,linear,"[(1792, 1024), (1024, 2048)]",272160,matmul_linear_2046,73.66443760000001,369359.1431999203,1792,1024,2048
matmul,linear,"[(1920, 1024), (1024, 2048)]",291600,matmul_linear_2047,89.82442859999999,324533.2924627143,1920,1024,2048
matmul,linear,"[(2048, 1024), (1024, 2048)]",311040,matmul_linear_2048,107.2049731,290035.79408285866,2048,1024,2048
matmul,linear,"[(128, 1152), (1152, 128)]",4590,matmul_linear_2049,3.2908838,139376.21000777968,128,1152,128
matmul,linear,"[(256, 1152), (1152, 128)]",5742,matmul_linear_2050,4.0947231,140129.26238895126,256,1152,128
matmul,linear,"[(384, 1152), (1152, 128)]",6894,matmul_linear_2051,4.6403035,148467.86845946606,384,1152,128
matmul,linear,"[(512, 1152), (1152, 128)]",8046,matmul_linear_2052,5.411714399999999,148577.46901055978,512,1152,128
matmul,linear,"[(640, 1152), (1152, 128)]",9198,matmul_linear_2053,6.017991199999999,152741.69907061348,640,1152,128
matmul,linear,"[(768, 1152), (1152, 128)]",10350,matmul_linear_2054,7.821571400000001,132226.35068702433,768,1152,128
matmul,linear,"[(896, 1152), (1152, 128)]",11502,matmul_linear_2055,8.449562599999998,136025.389496493,896,1152,128
matmul,linear,"[(1024, 1152), (1152, 128)]",12654,matmul_linear_2056,9.0864465,139162.3618044744,1024,1152,128
matmul,linear,"[(1152, 1152), (1152, 128)]",13806,matmul_linear_2057,9.7820984,141035.3621223029,1152,1152,128
matmul,linear,"[(1280, 1152), (1152, 128)]",14958,matmul_linear_2058,10.5649911,141480.81022898355,1280,1152,128
matmul,linear,"[(1408, 1152), (1152, 128)]",16110,matmul_linear_2059,11.0837142,145248.38871973078,1408,1152,128
matmul,linear,"[(1536, 1152), (1152, 128)]",17262,matmul_linear_2060,11.7375715,146966.19678525493,1536,1152,128
matmul,linear,"[(1664, 1152), (1152, 128)]",18414,matmul_linear_2061,12.412124899999998,148254.9363896588,1664,1152,128
matmul,linear,"[(1792, 1152), (1152, 128)]",19566,matmul_linear_2062,13.056884200000002,149751.98382934264,1792,1152,128
matmul,linear,"[(1920, 1152), (1152, 128)]",20718,matmul_linear_2063,13.7230179,150872.6224287735,1920,1152,128
matmul,linear,"[(2048, 1152), (1152, 128)]",21870,matmul_linear_2064,14.371,152081.47658478882,2048,1152,128
matmul,linear,"[(128, 1152), (1152, 256)]",5742,matmul_linear_2065,3.7308569,153805.66172613052,128,1152,256
matmul,linear,"[(256, 1152), (1152, 256)]",11484,matmul_linear_2066,5.304982099999999,216375.75398982025,256,1152,256
matmul,linear,"[(384, 1152), (1152, 256)]",13788,matmul_linear_2067,7.7326876,178207.9921656217,384,1152,256
matmul,linear,"[(512, 1152), (1152, 256)]",16092,matmul_linear_2068,9.061133900000002,177493.66738858144,512,1152,256
matmul,linear,"[(640, 1152), (1152, 256)]",18396,matmul_linear_2069,10.3577142,177506.75420065172,640,1152,256
matmul,linear,"[(768, 1152), (1152, 256)]",20700,matmul_linear_2070,11.707018,176717.01693804518,768,1152,256
matmul,linear,"[(896, 1152), (1152, 256)]",23004,matmul_linear_2071,13.074178600000002,175849.8680857855,896,1152,256
matmul,linear,"[(1024, 1152), (1152, 256)]",25308,matmul_linear_2072,14.3182943,176652.8971659704,1024,1152,256
matmul,linear,"[(1152, 1152), (1152, 256)]",27612,matmul_linear_2073,16.6616873,165621.51129015608,1152,1152,256
matmul,linear,"[(1280, 1152), (1152, 256)]",29916,matmul_linear_2074,16.9611427,176279.62564868934,1280,1152,256
matmul,linear,"[(1408, 1152), (1152, 256)]",32220,matmul_linear_2075,19.4793036,165306.32386878552,1408,1152,256
matmul,linear,"[(1536, 1152), (1152, 256)]",34524,matmul_linear_2076,20.6455714,167122.30318120428,1536,1152,256
matmul,linear,"[(1664, 1152), (1152, 256)]",36828,matmul_linear_2077,23.0549909,159639.815815759,1664,1152,256
matmul,linear,"[(1792, 1152), (1152, 256)]",39132,matmul_linear_2078,23.4386877,166854.73953518315,1792,1152,256
matmul,linear,"[(1920, 1152), (1152, 256)]",41436,matmul_linear_2079,24.5935804,168382.99160215,1920,1152,256
matmul,linear,"[(2048, 1152), (1152, 256)]",43740,matmul_linear_2080,26.952741100000004,162184.0505821502,2048,1152,256
matmul,linear,"[(128, 1152), (1152, 384)]",6894,matmul_linear_2081,4.9797321,138341.18240818617,128,1152,384
matmul,linear,"[(256, 1152), (1152, 384)]",13788,matmul_linear_2082,6.322,217995.5393862702,256,1152,384
matmul,linear,"[(384, 1152), (1152, 384)]",20682,matmul_linear_2083,8.655847999999999,238836.72809411632,384,1152,384
matmul,linear,"[(512, 1152), (1152, 384)]",24138,matmul_linear_2084,9.091723300000002,265394.2215410361,512,1152,384
matmul,linear,"[(640, 1152), (1152, 384)]",27594,matmul_linear_2085,10.141982,271976.9963898575,640,1152,384
matmul,linear,"[(768, 1152), (1152, 384)]",31050,matmul_linear_2086,11.134133899999998,278772.16265649546,768,1152,384
matmul,linear,"[(896, 1152), (1152, 384)]",34506,matmul_linear_2087,12.2016967,282696.735965417,896,1152,384
matmul,linear,"[(1024, 1152), (1152, 384)]",37962,matmul_linear_2088,13.172866099999998,288083.2982421343,1024,1152,384
matmul,linear,"[(1152, 1152), (1152, 384)]",41418,matmul_linear_2089,14.1064109,293511.183550594,1152,1152,384
matmul,linear,"[(1280, 1152), (1152, 384)]",44874,matmul_linear_2090,15.13775,296337.71366286266,1280,1152,384
matmul,linear,"[(1408, 1152), (1152, 384)]",48330,matmul_linear_2091,19.396276800000003,249071.53172406773,1408,1152,384
matmul,linear,"[(1536, 1152), (1152, 384)]",51786,matmul_linear_2092,20.2682589,255402.9529448136,1536,1152,384
matmul,linear,"[(1664, 1152), (1152, 384)]",55242,matmul_linear_2093,21.3358571,258816.24480368316,1664,1152,384
matmul,linear,"[(1792, 1152), (1152, 384)]",58698,matmul_linear_2094,22.220562800000003,264060.7259380487,1792,1152,384
matmul,linear,"[(1920, 1152), (1152, 384)]",62154,matmul_linear_2095,23.0724287,269286.46472011856,1920,1152,384
matmul,linear,"[(2048, 1152), (1152, 384)]",65610,matmul_linear_2096,24.0182591,273067.1755510373,2048,1152,384
matmul,linear,"[(128, 1152), (1152, 512)]",8046,matmul_linear_2097,5.1008752,157637.6368667087,128,1152,512
matmul,linear,"[(256, 1152), (1152, 512)]",16092,matmul_linear_2098,7.5925714,211844.006216392,256,1152,512
matmul,linear,"[(384, 1152), (1152, 512)]",24138,matmul_linear_2099,8.953874899999999,269481.6087401445,384,1152,512
matmul,linear,"[(512, 1152), (1152, 512)]",32184,matmul_linear_2100,10.6199909,302951.1071341878,512,1152,512
matmul,linear,"[(640, 1152), (1152, 512)]",36792,matmul_linear_2101,17.031115900000003,215928.12297225924,640,1152,512
matmul,linear,"[(768, 1152), (1152, 512)]",41400,matmul_linear_2102,19.7161073,209880.59794490976,768,1152,512
matmul,linear,"[(896, 1152), (1152, 512)]",46008,matmul_linear_2103,22.3396964,205847.29299902212,896,1152,512
matmul,linear,"[(1024, 1152), (1152, 512)]",50616,matmul_linear_2104,24.960116199999995,202687.51747157332,1024,1152,512
matmul,linear,"[(1152, 1152), (1152, 512)]",55224,matmul_linear_2105,22.4664284,245706.76116725343,1152,1152,512
matmul,linear,"[(1280, 1152), (1152, 512)]",59832,matmul_linear_2106,24.132151600000004,247834.79251970217,1280,1152,512
matmul,linear,"[(1408, 1152), (1152, 512)]",64440,matmul_linear_2107,25.5814374,251801.40410171013,1408,1152,512
matmul,linear,"[(1536, 1152), (1152, 512)]",69048,matmul_linear_2108,27.0370091,255283.27758302237,1536,1152,512
matmul,linear,"[(1664, 1152), (1152, 512)]",73656,matmul_linear_2109,28.7484196,256108.86652148352,1664,1152,512
matmul,linear,"[(1792, 1152), (1152, 512)]",78264,matmul_linear_2110,30.2337414,258763.09922595293,1792,1152,512
matmul,linear,"[(1920, 1152), (1152, 512)]",82872,matmul_linear_2111,31.6301606,261903.0958679356,1920,1152,512
matmul,linear,"[(2048, 1152), (1152, 512)]",87480,matmul_linear_2112,35.1325802,248899.6450644977,2048,1152,512
matmul,linear,"[(128, 1152), (1152, 640)]",9198,matmul_linear_2113,7.343125000000001,125160.02212954297,128,1152,640
matmul,linear,"[(256, 1152), (1152, 640)]",18396,matmul_linear_2114,9.0401341,203392.5565982478,256,1152,640
matmul,linear,"[(384, 1152), (1152, 640)]",27594,matmul_linear_2115,15.2689822,180619.31474253733,384,1152,640
matmul,linear,"[(512, 1152), (1152, 640)]",36792,matmul_linear_2116,16.7272677,219852.2400182548,512,1152,640
matmul,linear,"[(640, 1152), (1152, 640)]",45990,matmul_linear_2117,15.051142800000004,305458.19322902174,640,1152,640
matmul,linear,"[(768, 1152), (1152, 640)]",51750,matmul_linear_2118,28.4748213,181639.5075276557,768,1152,640
matmul,linear,"[(896, 1152), (1152, 640)]",57510,matmul_linear_2119,32.388268100000005,177464.29526406195,896,1152,640
matmul,linear,"[(1024, 1152), (1152, 640)]",63270,matmul_linear_2120,36.2730089,174327.21714767918,1024,1152,640
matmul,linear,"[(1152, 1152), (1152, 640)]",69030,matmul_linear_2121,20.8778215,330537.94515150925,1152,1152,640
matmul,linear,"[(1280, 1152), (1152, 640)]",74790,matmul_linear_2122,22.400428400000003,333777.5431634156,1280,1152,640
matmul,linear,"[(1408, 1152), (1152, 640)]",80550,matmul_linear_2123,27.5817142,291941.3119210698,1408,1152,640
matmul,linear,"[(1536, 1152), (1152, 640)]",86310,matmul_linear_2124,28.7807055,299788.4096152542,1536,1152,640
matmul,linear,"[(1664, 1152), (1152, 640)]",92070,matmul_linear_2125,30.046017800000005,306329.9589145553,1664,1152,640
matmul,linear,"[(1792, 1152), (1152, 640)]",97830,matmul_linear_2126,31.1404196,314057.616553118,1792,1152,640
matmul,linear,"[(1920, 1152), (1152, 640)]",103590,matmul_linear_2127,32.363991,319977.9533031016,1920,1152,640
matmul,linear,"[(2048, 1152), (1152, 640)]",109350,matmul_linear_2128,33.5817233,325523.5513083392,2048,1152,640
matmul,linear,"[(128, 1152), (1152, 768)]",10350,matmul_linear_2129,6.4021426,161564.62771385317,128,1152,768
matmul,linear,"[(256, 1152), (1152, 768)]",20700,matmul_linear_2130,10.4688303,197629.82660727625,256,1152,768
matmul,linear,"[(384, 1152), (1152, 768)]",31050,matmul_linear_2131,17.664990999999997,175671.38873153122,384,1152,768
matmul,linear,"[(512, 1152), (1152, 768)]",41400,matmul_linear_2132,19.365723,213679.77987189012,512,1152,768
matmul,linear,"[(640, 1152), (1152, 768)]",51750,matmul_linear_2133,20.8596876,247986.16980438383,640,1152,768
matmul,linear,"[(768, 1152), (1152, 768)]",62100,matmul_linear_2134,28.622160800000007,216864.75131255636,768,1152,768
matmul,linear,"[(896, 1152), (1152, 768)]",69012,matmul_linear_2135,32.605303500000005,211558.81802020333,896,1152,768
matmul,linear,"[(1024, 1152), (1152, 768)]",75924,matmul_linear_2136,36.4770177,208042.01595214292,1024,1152,768
matmul,linear,"[(1152, 1152), (1152, 768)]",82836,matmul_linear_2137,40.4641786,204614.3989227054,1152,1152,768
matmul,linear,"[(1280, 1152), (1152, 768)]",89748,matmul_linear_2138,44.434393,201878.6789930944,1280,1152,768
matmul,linear,"[(1408, 1152), (1152, 768)]",96660,matmul_linear_2139,32.3161339,299007.56125441106,1408,1152,768
matmul,linear,"[(1536, 1152), (1152, 768)]",103572,matmul_linear_2140,34.26829449999999,302138.56048628286,1536,1152,768
matmul,linear,"[(1664, 1152), (1152, 768)]",110484,matmul_linear_2141,35.969562399999994,307059.70011356054,1664,1152,768
matmul,linear,"[(1792, 1152), (1152, 768)]",117396,matmul_linear_2142,37.69200909999999,311361.2428553192,1792,1152,768
matmul,linear,"[(1920, 1152), (1152, 768)]",124308,matmul_linear_2143,39.785857,312342.68534921843,1920,1152,768
matmul,linear,"[(2048, 1152), (1152, 768)]",131220,matmul_linear_2144,44.6035894,294091.5701519752,2048,1152,768
matmul,linear,"[(128, 1152), (1152, 896)]",11502,matmul_linear_2145,9.704125,118426.91510053714,128,1152,896
matmul,linear,"[(256, 1152), (1152, 896)]",23004,matmul_linear_2146,11.7458484,195747.92189213,256,1152,896
matmul,linear,"[(384, 1152), (1152, 896)]",34506,matmul_linear_2147,20.3276964,169648.69813581038,384,1152,896
matmul,linear,"[(512, 1152), (1152, 896)]",46008,matmul_linear_2148,21.9146965,209841.3058264348,512,1152,896
matmul,linear,"[(640, 1152), (1152, 896)]",57510,matmul_linear_2149,23.5280268,244331.88750533044,640,1152,896
matmul,linear,"[(768, 1152), (1152, 896)]",69012,matmul_linear_2150,25.1105893,274732.2597112445,768,1152,896
matmul,linear,"[(896, 1152), (1152, 896)]",80514,matmul_linear_2151,42.6428482,188710.0898476101,896,1152,896
matmul,linear,"[(1024, 1152), (1152, 896)]",88578,matmul_linear_2152,35.1414017,251961.6586560348,1024,1152,896
matmul,linear,"[(1152, 1152), (1152, 896)]",96642,matmul_linear_2153,38.1645716,253124.3804880021,1152,1152,896
matmul,linear,"[(1280, 1152), (1152, 896)]",104706,matmul_linear_2154,41.2611073,253664.39667192352,1280,1152,896
matmul,linear,"[(1408, 1152), (1152, 896)]",112770,matmul_linear_2155,44.2975537,254473.87729291248,1408,1152,896
matmul,linear,"[(1536, 1152), (1152, 896)]",120834,matmul_linear_2156,47.3018931,255352.77806228015,1536,1152,896
matmul,linear,"[(1664, 1152), (1152, 896)]",128898,matmul_linear_2157,50.395116,255674.78579471871,1664,1152,896
matmul,linear,"[(1792, 1152), (1152, 896)]",136962,matmul_linear_2158,53.417258700000005,256300.2783617198,1792,1152,896
matmul,linear,"[(1920, 1152), (1152, 896)]",145026,matmul_linear_2159,56.5557232,256330.28113554383,1920,1152,896
matmul,linear,"[(2048, 1152), (1152, 896)]",153090,matmul_linear_2160,59.6472766,256558.826230467,2048,1152,896
matmul,linear,"[(128, 1152), (1152, 1024)]",12654,matmul_linear_2161,9.178009,137773.0397845546,128,1152,1024
matmul,linear,"[(256, 1152), (1152, 1024)]",25308,matmul_linear_2162,12.9812589,194857.9789984776,256,1152,1024
matmul,linear,"[(384, 1152), (1152, 1024)]",37962,matmul_linear_2163,22.6675982,167372.52913632462,384,1152,1024
matmul,linear,"[(512, 1152), (1152, 1024)]",50616,matmul_linear_2164,24.486125,206612.9854152096,512,1152,1024
matmul,linear,"[(640, 1152), (1152, 1024)]",63270,matmul_linear_2165,26.194428700000003,241439.91188210185,640,1152,1024
matmul,linear,"[(768, 1152), (1152, 1024)]",75924,matmul_linear_2166,27.9143035,271889.5912860588,768,1152,1024
matmul,linear,"[(896, 1152), (1152, 1024)]",88578,matmul_linear_2167,29.66641970000001,298480.0136846307,896,1152,1024
matmul,linear,"[(1024, 1152), (1152, 1024)]",101232,matmul_linear_2168,35.22884810000001,287255.4074565384,1024,1152,1024
matmul,linear,"[(1152, 1152), (1152, 1024)]",110448,matmul_linear_2169,38.3124464,288182.2956458348,1152,1152,1024
matmul,linear,"[(1280, 1152), (1152, 1024)]",119664,matmul_linear_2170,41.38313409999999,289061.279353175,1280,1152,1024
matmul,linear,"[(1408, 1152), (1152, 1024)]",128880,matmul_linear_2171,44.4598303,289779.6489558351,1408,1152,1024
matmul,linear,"[(1536, 1152), (1152, 1024)]",138096,matmul_linear_2172,47.5164283,290527.9047914045,1536,1152,1024
matmul,linear,"[(1664, 1152), (1152, 1024)]",147312,matmul_linear_2173,50.573848,291180.9798455518,1664,1152,1024
matmul,linear,"[(1792, 1152), (1152, 1024)]",156528,matmul_linear_2174,53.560705500000005,292144.0967473814,1792,1152,1024
matmul,linear,"[(1920, 1152), (1152, 1024)]",165744,matmul_linear_2175,56.7304462,292060.5788462844,1920,1152,1024
matmul,linear,"[(2048, 1152), (1152, 1024)]",174960,matmul_linear_2176,59.7937054,292506.05080346804,2048,1152,1024
matmul,linear,"[(128, 1152), (1152, 1152)]",13806,matmul_linear_2177,9.0201427,152957.44553243046,128,1152,1152
matmul,linear,"[(256, 1152), (1152, 1152)]",27612,matmul_linear_2178,14.4197053,191387.9633497087,256,1152,1152
matmul,linear,"[(384, 1152), (1152, 1152)]",41418,matmul_linear_2179,25.323437700000003,163455.99303170436,384,1152,1152
matmul,linear,"[(512, 1152), (1152, 1152)]",55224,matmul_linear_2180,27.257124800000003,202503.9078046852,512,1152,1152
matmul,linear,"[(640, 1152), (1152, 1152)]",69030,matmul_linear_2181,29.149687600000004,236712.1434001234,640,1152,1152
matmul,linear,"[(768, 1152), (1152, 1152)]",82836,matmul_linear_2182,30.9994463,267117.6760782982,768,1152,1152
matmul,linear,"[(896, 1152), (1152, 1152)]",96642,matmul_linear_2183,33.0122946,292645.4791343101,896,1152,1152
matmul,linear,"[(1024, 1152), (1152, 1152)]",110448,matmul_linear_2184,34.842294700000004,316894.0468932432,1024,1152,1152
matmul,linear,"[(1152, 1152), (1152, 1152)]",124254,matmul_linear_2185,65.91432119999999,188408.3510501205,1152,1152,1152
matmul,linear,"[(1280, 1152), (1152, 1152)]",134622,matmul_linear_2186,72.3555535,185956.2092168917,1280,1152,1152
matmul,linear,"[(1408, 1152), (1152, 1152)]",144990,matmul_linear_2187,78.87228569999999,183728.83000435223,1408,1152,1152
matmul,linear,"[(1536, 1152), (1152, 1152)]",155358,matmul_linear_2188,85.41458939999998,181786.9599342709,1536,1152,1152
matmul,linear,"[(1664, 1152), (1152, 1152)]",165726,matmul_linear_2189,50.0305447,331149.6415814557,1664,1152,1152
matmul,linear,"[(1792, 1152), (1152, 1152)]",176094,matmul_linear_2190,52.1769642,337393.7631959814,1792,1152,1152
matmul,linear,"[(1920, 1152), (1152, 1152)]",186462,matmul_linear_2191,54.616294700000005,341303.60678843333,1920,1152,1152
matmul,linear,"[(2048, 1152), (1152, 1152)]",196830,matmul_linear_2192,61.6228661,319310.6546108864,2048,1152,1152
matmul,linear,"[(128, 1152), (1152, 1280)]",14958,matmul_linear_2193,9.1223037,163871.7388492558,128,1152,1280
matmul,linear,"[(256, 1152), (1152, 1280)]",29916,matmul_linear_2194,16.6122769,179983.68256852255,256,1152,1280
matmul,linear,"[(384, 1152), (1152, 1280)]",44874,matmul_linear_2195,19.3361429,231973.17111832064,384,1152,1280
matmul,linear,"[(512, 1152), (1152, 1280)]",59832,matmul_linear_2196,22.1335624,270222.50352975266,512,1152,1280
matmul,linear,"[(640, 1152), (1152, 1280)]",74790,matmul_linear_2197,24.8045358,301417.43456533464,640,1152,1280
matmul,linear,"[(768, 1152), (1152, 1280)]",89748,matmul_linear_2198,33.9218658,264472.7110918527,768,1152,1280
matmul,linear,"[(896, 1152), (1152, 1280)]",104706,matmul_linear_2199,39.4257233,265477.87970880425,896,1152,1280
matmul,linear,"[(1024, 1152), (1152, 1280)]",119664,matmul_linear_2200,41.721553500000006,286715.78215921414,1024,1152,1280
matmul,linear,"[(1152, 1152), (1152, 1280)]",134622,matmul_linear_2201,44.2243124,304307.22013351193,1152,1152,1280
matmul,linear,"[(1280, 1152), (1152, 1280)]",149580,matmul_linear_2202,72.5543127,206062.7964398042,1280,1152,1280
matmul,linear,"[(1408, 1152), (1152, 1280)]",161100,matmul_linear_2203,79.1480089,203442.70718741987,1408,1152,1280
matmul,linear,"[(1536, 1152), (1152, 1280)]",172620,matmul_linear_2204,85.654714,201430.06406629292,1536,1152,1280
matmul,linear,"[(1664, 1152), (1152, 1280)]",184140,matmul_linear_2205,50.7089018,363031.5084011541,1664,1152,1280
matmul,linear,"[(1792, 1152), (1152, 1280)]",195660,matmul_linear_2206,52.875848,369936.6186089347,1792,1152,1280
matmul,linear,"[(1920, 1152), (1152, 1280)]",207180,matmul_linear_2207,55.1565981,375521.4254265257,1920,1152,1280
matmul,linear,"[(2048, 1152), (1152, 1280)]",218700,matmul_linear_2208,62.1841338,351597.42928862665,2048,1152,1280
matmul,linear,"[(128, 1152), (1152, 1408)]",16110,matmul_linear_2209,11.7572855,136921.42386522808,128,1152,1408
matmul,linear,"[(256, 1152), (1152, 1408)]",32220,matmul_linear_2210,19.4190982,165819.13624495704,256,1152,1408
matmul,linear,"[(384, 1152), (1152, 1408)]",48330,matmul_linear_2211,22.188268,217717.81254850532,384,1152,1408
matmul,linear,"[(512, 1152), (1152, 1408)]",64440,matmul_linear_2212,32.6227052,197431.1354620585,512,1152,1408
matmul,linear,"[(640, 1152), (1152, 1408)]",80550,matmul_linear_2213,34.7154375,231929.3385327493,640,1152,1408
matmul,linear,"[(768, 1152), (1152, 1408)]",96660,matmul_linear_2214,36.71099100000001,263199.8929394196,768,1152,1408
matmul,linear,"[(896, 1152), (1152, 1408)]",112770,matmul_linear_2215,38.8219914,290379.68930310983,896,1152,1408
matmul,linear,"[(1024, 1152), (1152, 1408)]",128880,matmul_linear_2216,40.8690002,315249.04051800125,1024,1152,1408
matmul,linear,"[(1152, 1152), (1152, 1408)]",144990,matmul_linear_2217,53.8449911,269172.9574989196,1152,1152,1408
matmul,linear,"[(1280, 1152), (1152, 1408)]",161100,matmul_linear_2218,56.2010091,286549.65732795,1280,1152,1408
matmul,linear,"[(1408, 1152), (1152, 1408)]",177210,matmul_linear_2219,65.0766876,272209.4959737932,1408,1152,1408
matmul,linear,"[(1536, 1152), (1152, 1408)]",189882,matmul_linear_2220,69.66899989999999,272448.7667004677,1536,1152,1408
matmul,linear,"[(1664, 1152), (1152, 1408)]",202554,matmul_linear_2221,74.23627680000001,272750.42937390413,1664,1152,1408
matmul,linear,"[(1792, 1152), (1152, 1408)]",215226,matmul_linear_2222,78.78997329999999,273064.1996888455,1792,1152,1408
matmul,linear,"[(1920, 1152), (1152, 1408)]",227898,matmul_linear_2223,83.35131240000001,273318.6102629381,1920,1152,1408
matmul,linear,"[(2048, 1152), (1152, 1408)]",240570,matmul_linear_2224,87.95628580000002,273410.86714486976,2048,1152,1408
matmul,linear,"[(128, 1152), (1152, 1536)]",17262,matmul_linear_2225,11.7527052,146776.82287819148,128,1152,1536
matmul,linear,"[(256, 1152), (1152, 1536)]",34524,matmul_linear_2226,19.3974373,177882.27397801666,256,1152,1536
matmul,linear,"[(384, 1152), (1152, 1536)]",51786,matmul_linear_2227,22.2908482,232219.55794306652,384,1152,1536
matmul,linear,"[(512, 1152), (1152, 1536)]",69048,matmul_linear_2228,25.3125626,272681.54760988127,512,1152,1536
matmul,linear,"[(640, 1152), (1152, 1536)]",86310,matmul_linear_2229,39.9841784,215760.381415265,640,1152,1536
matmul,linear,"[(768, 1152), (1152, 1536)]",103572,matmul_linear_2230,42.4365536,243963.17481917283,768,1152,1536
matmul,linear,"[(896, 1152), (1152, 1536)]",120834,matmul_linear_2231,45.262696600000005,266861.557920082,896,1152,1536
matmul,linear,"[(1024, 1152), (1152, 1536)]",138096,matmul_linear_2232,48.0501341,287299.82226189045,1024,1152,1536
matmul,linear,"[(1152, 1152), (1152, 1536)]",155358,matmul_linear_2233,50.7597234,305965.4975909502,1152,1152,1536
matmul,linear,"[(1280, 1152), (1152, 1536)]",172620,matmul_linear_2234,53.3801338,323278.7323328141,1280,1152,1536
matmul,linear,"[(1408, 1152), (1152, 1536)]",189882,matmul_linear_2235,56.1814466,337879.90527356765,1408,1152,1536
matmul,linear,"[(1536, 1152), (1152, 1536)]",207144,matmul_linear_2236,69.7290268,296969.971439785,1536,1152,1536
matmul,linear,"[(1664, 1152), (1152, 1536)]",220968,matmul_linear_2237,74.43940180000001,296742.7938119191,1664,1152,1536
matmul,linear,"[(1792, 1152), (1152, 1536)]",234792,matmul_linear_2238,79.0254465,297009.3621090771,1792,1152,1536
matmul,linear,"[(1920, 1152), (1152, 1536)]",248616,matmul_linear_2239,83.5146073,297591.63507759204,1920,1152,1536
matmul,linear,"[(2048, 1152), (1152, 1536)]",262440,matmul_linear_2240,88.2072858,297426.4431047713,2048,1152,1536
matmul,linear,"[(128, 1152), (1152, 1664)]",18414,matmul_linear_2241,11.7944376,156024.4429323192,128,1152,1664
matmul,linear,"[(256, 1152), (1152, 1664)]",36828,matmul_linear_2242,21.9200177,167910.81323944367,256,1152,1664
matmul,linear,"[(384, 1152), (1152, 1664)]",55242,matmul_linear_2243,25.1369731,219663.93012888255,384,1152,1664
matmul,linear,"[(512, 1152), (1152, 1664)]",73656,matmul_linear_2244,37.871116,194391.23178730728,512,1152,1664
matmul,linear,"[(640, 1152), (1152, 1664)]",92070,matmul_linear_2245,40.2808217,228470.3124075048,640,1152,1664
matmul,linear,"[(768, 1152), (1152, 1664)]",110484,matmul_linear_2246,42.6355803,259035.67781320895,768,1152,1664
matmul,linear,"[(896, 1152), (1152, 1664)]",128898,matmul_linear_2247,45.1022947,285690.33696039417,896,1152,1664
matmul,linear,"[(1024, 1152), (1152, 1664)]",147312,matmul_linear_2248,47.5112767,309956.9174980725,1024,1152,1664
matmul,linear,"[(1152, 1152), (1152, 1664)]",165726,matmul_linear_2249,62.499303600000005,265064.5545695328,1152,1152,1664
matmul,linear,"[(1280, 1152), (1152, 1664)]",184140,matmul_linear_2250,65.1675714,282463.85199587164,1280,1152,1664
matmul,linear,"[(1408, 1152), (1152, 1664)]",202554,matmul_linear_2251,80.29714319999998,252155.54973417788,1408,1152,1664
matmul,linear,"[(1536, 1152), (1152, 1664)]",220968,matmul_linear_2252,69.5295982,317704.2239858651,1536,1152,1664
matmul,linear,"[(1664, 1152), (1152, 1664)]",239382,matmul_linear_2253,127.9582948,186978.1416508842,1664,1152,1664
matmul,linear,"[(1792, 1152), (1152, 1664)]",254358,matmul_linear_2254,68.29870529999998,372319.94395463314,1792,1152,1664
matmul,linear,"[(1920, 1152), (1152, 1664)]",269334,matmul_linear_2255,71.49656239999999,376609.0206283821,1920,1152,1664
matmul,linear,"[(2048, 1152), (1152, 1664)]",284310,matmul_linear_2256,80.546991,352874.07944140333,2048,1152,1664
matmul,linear,"[(128, 1152), (1152, 1792)]",19566,matmul_linear_2257,11.719187299999998,166856.9697891935,128,1152,1792
matmul,linear,"[(256, 1152), (1152, 1792)]",39132,matmul_linear_2258,21.9802856,177932.2636026167,256,1152,1792
matmul,linear,"[(384, 1152), (1152, 1792)]",58698,matmul_linear_2259,25.180125300000004,233012.42220069488,384,1152,1792
matmul,linear,"[(512, 1152), (1152, 1792)]",78264,matmul_linear_2260,28.2111429,277322.2947202894,512,1152,1792
matmul,linear,"[(640, 1152), (1152, 1792)]",97830,matmul_linear_2261,45.3895894,215434.00524923013,640,1152,1792
matmul,linear,"[(768, 1152), (1152, 1792)]",117396,matmul_linear_2262,48.2007234,243456.5106062288,768,1152,1792
matmul,linear,"[(896, 1152), (1152, 1792)]",136962,matmul_linear_2263,51.1101428,267874.2072643945,896,1152,1792
matmul,linear,"[(1024, 1152), (1152, 1792)]",156528,matmul_linear_2264,53.9224285,290183.6618347039,1024,1152,1792
matmul,linear,"[(1152, 1152), (1152, 1792)]",176094,matmul_linear_2265,56.8717144,309533.71134104586,1152,1152,1792
matmul,linear,"[(1280, 1152), (1152, 1792)]",195660,matmul_linear_2266,59.77198219999999,327244.004328503,1280,1152,1792
matmul,linear,"[(1408, 1152), (1152, 1792)]",215226,matmul_linear_2267,62.6771964,343288.04599115736,1408,1152,1792
matmul,linear,"[(1536, 1152), (1152, 1792)]",234792,matmul_linear_2268,65.9963121,355665.33374203497,1536,1152,1792
matmul,linear,"[(1664, 1152), (1152, 1792)]",254358,matmul_linear_2269,68.94243730000001,368842.5700068773,1664,1152,1792
matmul,linear,"[(1792, 1152), (1152, 1792)]",273924,matmul_linear_2270,68.9257232,397319.1162349676,1792,1152,1792
matmul,linear,"[(1920, 1152), (1152, 1792)]",290052,matmul_linear_2271,72.16972319999999,401802.6083780242,1920,1152,1792
matmul,linear,"[(2048, 1152), (1152, 1792)]",306180,matmul_linear_2272,81.15656249999999,377170.78447907406,2048,1152,1792
matmul,linear,"[(128, 1152), (1152, 1920)]",20718,matmul_linear_2273,14.4291426,143484.41505734372,128,1152,1920
matmul,linear,"[(256, 1152), (1152, 1920)]",41436,matmul_linear_2274,24.2398393,170841.72732407515,256,1152,1920
matmul,linear,"[(384, 1152), (1152, 1920)]",62154,matmul_linear_2275,28.0811607,221237.00477701408,384,1152,1920
matmul,linear,"[(512, 1152), (1152, 1920)]",82872,matmul_linear_2276,31.9030179,259662.2590432111,512,1152,1920
matmul,linear,"[(640, 1152), (1152, 1920)]",103590,matmul_linear_2277,35.707294700000006,290008.7883311417,640,1152,1920
matmul,linear,"[(768, 1152), (1152, 1920)]",124308,matmul_linear_2278,39.6503215,313410.69877201377,768,1152,1920
matmul,linear,"[(896, 1152), (1152, 1920)]",145026,matmul_linear_2279,43.5561605,332863.2326063267,896,1152,1920
matmul,linear,"[(1024, 1152), (1152, 1920)]",165744,matmul_linear_2280,47.5734466,348296.0314954352,1024,1152,1920
matmul,linear,"[(1152, 1152), (1152, 1920)]",186462,matmul_linear_2281,64.9705447,286894.669447492,1152,1152,1920
matmul,linear,"[(1280, 1152), (1152, 1920)]",207180,matmul_linear_2282,68.47931259999999,302443.924776488,1280,1152,1920
matmul,linear,"[(1408, 1152), (1152, 1920)]",227898,matmul_linear_2283,72.19628559999998,315564.4391134716,1408,1152,1920
matmul,linear,"[(1536, 1152), (1152, 1920)]",248616,matmul_linear_2284,75.8085802,327852.3232648539,1536,1152,1920
matmul,linear,"[(1664, 1152), (1152, 1920)]",269334,matmul_linear_2285,79.65900909999999,338008.649659314,1664,1152,1920
matmul,linear,"[(1792, 1152), (1152, 1920)]",290052,matmul_linear_2286,83.251857,348303.0392258998,1792,1152,1920
matmul,linear,"[(1920, 1152), (1152, 1920)]",310770,matmul_linear_2287,110.2691608,281728.5708763642,1920,1152,1920
matmul,linear,"[(2048, 1152), (1152, 1920)]",328050,matmul_linear_2288,116.24142849999998,282114.3569923524,2048,1152,1920
matmul,linear,"[(128, 1152), (1152, 2048)]",21870,matmul_linear_2289,14.474142699999998,150997.031812461,128,1152,2048
matmul,linear,"[(256, 1152), (1152, 2048)]",43740,matmul_linear_2290,19.1804375,227944.8503846693,256,1152,2048
matmul,linear,"[(384, 1152), (1152, 2048)]",65610,matmul_linear_2291,27.9104555,234973.1968526992,384,1152,2048
matmul,linear,"[(512, 1152), (1152, 2048)]",87480,matmul_linear_2292,31.547999800000003,277191.74766889657,512,1152,2048
matmul,linear,"[(640, 1152), (1152, 2048)]",109350,matmul_linear_2293,50.5918215,216041.65443717025,640,1152,2048
matmul,linear,"[(768, 1152), (1152, 2048)]",131220,matmul_linear_2294,53.8432855,243607.26782636612,768,1152,2048
matmul,linear,"[(896, 1152), (1152, 2048)]",153090,matmul_linear_2295,57.035018,268314.0469632183,896,1152,2048
matmul,linear,"[(1024, 1152), (1152, 2048)]",174960,matmul_linear_2296,60.4934464,289121.4122553282,1024,1152,2048
matmul,linear,"[(1152, 1152), (1152, 2048)]",196830,matmul_linear_2297,63.5751338,309502.179712597,1152,1152,2048
matmul,linear,"[(1280, 1152), (1152, 2048)]",218700,matmul_linear_2298,66.91915149999998,326712.27286631096,1280,1152,2048
matmul,linear,"[(1408, 1152), (1152, 2048)]",240570,matmul_linear_2299,70.0868485,343145.5662491373,1408,1152,2048
matmul,linear,"[(1536, 1152), (1152, 2048)]",262440,matmul_linear_2300,73.34226790000001,357729.1311605323,1536,1152,2048
matmul,linear,"[(1664, 1152), (1152, 2048)]",284310,matmul_linear_2301,76.6905537,370623.6240752295,1664,1152,2048
matmul,linear,"[(1792, 1152), (1152, 2048)]",306180,matmul_linear_2302,80.5854555,379844.49258898833,1792,1152,2048
matmul,linear,"[(1920, 1152), (1152, 2048)]",328050,matmul_linear_2303,98.7687143,332039.5872417466,1920,1152,2048
matmul,linear,"[(2048, 1152), (1152, 2048)]",349920,matmul_linear_2304,116.5501253,300131.3374604326,2048,1152,2048
matmul,linear,"[(128, 1280), (1280, 128)]",5100,matmul_linear_2305,3.2194463,158312.3332015198,128,1280,128
matmul,linear,"[(256, 1280), (1280, 128)]",6380,matmul_linear_2306,4.133553699999999,154246.60979486007,256,1280,128
matmul,linear,"[(384, 1280), (1280, 128)]",7660,matmul_linear_2307,5.0206073,152471.18396812276,384,1280,128
matmul,linear,"[(512, 1280), (1280, 128)]",8940,matmul_linear_2308,5.7890001,154330.81439919132,512,1280,128
matmul,linear,"[(640, 1280), (1280, 128)]",10220,matmul_linear_2309,6.4207144,159072.31889336178,640,1280,128
matmul,linear,"[(768, 1280), (1280, 128)]",11500,matmul_linear_2310,7.2001518,159618.8548163665,768,1280,128
matmul,linear,"[(896, 1280), (1280, 128)]",12780,matmul_linear_2311,9.109749699999998,140189.2551482507,896,1280,128
matmul,linear,"[(1024, 1280), (1280, 128)]",14060,matmul_linear_2312,9.881133899999998,142191.3619255782,1024,1280,128
matmul,linear,"[(1152, 1280), (1280, 128)]",15340,matmul_linear_2313,10.5922679,144722.62103661482,1152,1280,128
matmul,linear,"[(1280, 1280), (1280, 128)]",16620,matmul_linear_2314,11.360401799999998,146197.64239500754,1280,1280,128
matmul,linear,"[(1408, 1280), (1280, 128)]",17900,matmul_linear_2315,12.0825447,148047.60006639993,1408,1280,128
matmul,linear,"[(1536, 1280), (1280, 128)]",19180,matmul_linear_2316,12.8152499,149565.43883003015,1536,1280,128
matmul,linear,"[(1664, 1280), (1280, 128)]",20460,matmul_linear_2317,13.631991,149988.12725888685,1664,1280,128
matmul,linear,"[(1792, 1280), (1280, 128)]",21740,matmul_linear_2318,14.2112857,152877.0103770414,1792,1280,128
matmul,linear,"[(1920, 1280), (1280, 128)]",23020,matmul_linear_2319,15.0866071,152485.66652802937,1920,1280,128
matmul,linear,"[(2048, 1280), (1280, 128)]",24300,matmul_linear_2320,15.732741,154354.96751011157,2048,1280,128
matmul,linear,"[(128, 1280), (1280, 256)]",6380,matmul_linear_2321,3.8884108,163977.31405334026,128,1280,256
matmul,linear,"[(256, 1280), (1280, 256)]",12760,matmul_linear_2322,5.7641517,221268.21971566087,256,1280,256
matmul,linear,"[(384, 1280), (1280, 256)]",15320,matmul_linear_2323,7.2254019,211929.72806260092,384,1280,256
matmul,linear,"[(512, 1280), (1280, 256)]",17880,matmul_linear_2324,9.7906162,182523.8475163596,512,1280,256
matmul,linear,"[(640, 1280), (1280, 256)]",20440,matmul_linear_2325,11.3531339,179938.3945088501,640,1280,256
matmul,linear,"[(768, 1280), (1280, 256)]",23000,matmul_linear_2326,12.7499909,180292.2856133176,768,1280,256
matmul,linear,"[(896, 1280), (1280, 256)]",25560,matmul_linear_2327,14.181455500000002,180135.3785195039,896,1280,256
matmul,linear,"[(1024, 1280), (1280, 256)]",28120,matmul_linear_2328,15.6684019,179369.48373847877,1024,1280,256
matmul,linear,"[(1152, 1280), (1280, 256)]",30680,matmul_linear_2329,17.1204195,179101.21641879162,1152,1280,256
matmul,linear,"[(1280, 1280), (1280, 256)]",33240,matmul_linear_2330,18.5972946,178635.67481153953,1280,1280,256
matmul,linear,"[(1408, 1280), (1280, 256)]",35800,matmul_linear_2331,21.3124375,167877.03219071028,1408,1280,256
matmul,linear,"[(1536, 1280), (1280, 256)]",38360,matmul_linear_2332,22.603285600000003,169609.84076757403,1536,1280,256
matmul,linear,"[(1664, 1280), (1280, 256)]",40920,matmul_linear_2333,24.4107143,167531.30933862104,1664,1280,256
matmul,linear,"[(1792, 1280), (1280, 256)]",43480,matmul_linear_2334,25.614419700000003,169648.1360469782,1792,1280,256
matmul,linear,"[(1920, 1280), (1280, 256)]",46040,matmul_linear_2335,26.9845893,170515.90038726287,1920,1280,256
matmul,linear,"[(2048, 1280), (1280, 256)]",48600,matmul_linear_2336,29.5785804,164208.08829486626,2048,1280,256
matmul,linear,"[(128, 1280), (1280, 384)]",7660,matmul_linear_2337,4.7340002,161708.18919272543,128,1280,384
matmul,linear,"[(256, 1280), (1280, 384)]",15320,matmul_linear_2338,7.0214018,218090.04860254543,256,1280,384
matmul,linear,"[(384, 1280), (1280, 384)]",22980,matmul_linear_2339,9.1037321,252323.9481959272,384,1280,384
matmul,linear,"[(512, 1280), (1280, 384)]",26820,matmul_linear_2340,10.0312856,267263.53713226947,512,1280,384
matmul,linear,"[(640, 1280), (1280, 384)]",30660,matmul_linear_2341,11.066839000000002,276943.8785636982,640,1280,384
matmul,linear,"[(768, 1280), (1280, 384)]",34500,matmul_linear_2342,12.0108484,287140.3251713676,768,1280,384
matmul,linear,"[(896, 1280), (1280, 384)]",38340,matmul_linear_2343,13.1221251,292078.2844457107,896,1280,384
matmul,linear,"[(1024, 1280), (1280, 384)]",42180,matmul_linear_2344,14.1815714,297328.25255598966,1024,1280,384
matmul,linear,"[(1152, 1280), (1280, 384)]",46020,matmul_linear_2345,15.312883700000004,300431.24481053813,1152,1280,384
matmul,linear,"[(1280, 1280), (1280, 384)]",49860,matmul_linear_2346,16.2755626,306248.85702814354,1280,1280,384
matmul,linear,"[(1408, 1280), (1280, 384)]",53700,matmul_linear_2347,17.443803499999998,307745.7057831453,1408,1280,384
matmul,linear,"[(1536, 1280), (1280, 384)]",57540,matmul_linear_2348,22.030830200000004,261079.44479459515,1536,1280,384
matmul,linear,"[(1664, 1280), (1280, 384)]",61380,matmul_linear_2349,23.0430358,266271.1523635267,1664,1280,384
matmul,linear,"[(1792, 1280), (1280, 384)]",65220,matmul_linear_2350,24.0806875,270739.44343366445,1792,1280,384
matmul,linear,"[(1920, 1280), (1280, 384)]",69060,matmul_linear_2351,24.9856158,276299.0311577592,1920,1280,384
matmul,linear,"[(2048, 1280), (1280, 384)]",72900,matmul_linear_2352,26.0149999,280122.9493762174,2048,1280,384
matmul,linear,"[(128, 1280), (1280, 512)]",8940,matmul_linear_2353,5.360589500000001,166672.70289023247,128,1280,512
matmul,linear,"[(256, 1280), (1280, 512)]",17880,matmul_linear_2354,8.2335713,217059.71537162745,256,1280,512
matmul,linear,"[(384, 1280), (1280, 512)]",26820,matmul_linear_2355,9.7735895,274312.998417828,384,1280,512
matmul,linear,"[(512, 1280), (1280, 512)]",35760,matmul_linear_2356,15.805169800000002,226155.08268819732,512,1280,512
matmul,linear,"[(640, 1280), (1280, 512)]",40880,matmul_linear_2357,18.7412768,218028.14802457852,640,1280,512
matmul,linear,"[(768, 1280), (1280, 512)]",46000,matmul_linear_2358,21.6137052,212727.92364541,768,1280,512
matmul,linear,"[(896, 1280), (1280, 512)]",51120,matmul_linear_2359,24.5591696,208050.3602629952,896,1280,512
matmul,linear,"[(1024, 1280), (1280, 512)]",56240,matmul_linear_2360,27.5157144,204292.2944628325,1024,1280,512
matmul,linear,"[(1152, 1280), (1280, 512)]",61360,matmul_linear_2361,22.5220002,272344.7182981554,1152,1280,512
matmul,linear,"[(1280, 1280), (1280, 512)]",66480,matmul_linear_2362,35.4040267,187675.2509999096,1280,1280,512
matmul,linear,"[(1408, 1280), (1280, 512)]",71600,matmul_linear_2363,38.3349913,186674.5304535911,1408,1280,512
matmul,linear,"[(1536, 1280), (1280, 512)]",76720,matmul_linear_2364,29.882455600000004,256639.27546971737,1536,1280,512
matmul,linear,"[(1664, 1280), (1280, 512)]",81840,matmul_linear_2365,31.8341785,256982.17977102817,1664,1280,512
matmul,linear,"[(1792, 1280), (1280, 512)]",86960,matmul_linear_2366,33.422999999999995,260080.1154893337,1792,1280,512
matmul,linear,"[(1920, 1280), (1280, 512)]",92080,matmul_linear_2367,34.9875625,263079.23690740106,1920,1280,512
matmul,linear,"[(2048, 1280), (1280, 512)]",97200,matmul_linear_2368,38.8820177,249887.02677921983,2048,1280,512
matmul,linear,"[(128, 1280), (1280, 640)]",10220,matmul_linear_2369,8.0688392,126560.10248413427,128,1280,640
matmul,linear,"[(256, 1280), (1280, 640)]",20440,matmul_linear_2370,9.8934285,206501.7862260792,256,1280,640
matmul,linear,"[(384, 1280), (1280, 640)]",30660,matmul_linear_2371,16.6930272,183569.5024375208,384,1280,640
matmul,linear,"[(512, 1280), (1280, 640)]",40880,matmul_linear_2372,18.2684285,223674.0372687229,512,1280,640
matmul,linear,"[(640, 1280), (1280, 640)]",51100,matmul_linear_2373,16.169142600000004,315934.0734455517,640,1280,640
matmul,linear,"[(768, 1280), (1280, 640)]",57500,matmul_linear_2374,17.9087143,320972.74166521267,768,1280,640
matmul,linear,"[(896, 1280), (1280, 640)]",63900,matmul_linear_2375,19.5925718,326044.01341635,896,1280,640
matmul,linear,"[(1024, 1280), (1280, 640)]",70300,matmul_linear_2376,21.2231249,331142.4552521952,1024,1280,640
matmul,linear,"[(1152, 1280), (1280, 640)]",76700,matmul_linear_2377,22.7541518,336981.3409093983,1152,1280,640
matmul,linear,"[(1280, 1280), (1280, 640)]",83100,matmul_linear_2378,24.3915893,340591.2070301217,1280,1280,640
matmul,linear,"[(1408, 1280), (1280, 640)]",89500,matmul_linear_2379,26.152687500000003,342121.0432484233,1408,1280,640
matmul,linear,"[(1536, 1280), (1280, 640)]",95900,matmul_linear_2380,27.7125717,345952.3297446263,1536,1280,640
matmul,linear,"[(1664, 1280), (1280, 640)]",102300,matmul_linear_2381,32.6401427,313317.7474046399,1664,1280,640
matmul,linear,"[(1792, 1280), (1280, 640)]",108700,matmul_linear_2382,34.0024196,319583.1321968629,1792,1280,640
matmul,linear,"[(1920, 1280), (1280, 640)]",115100,matmul_linear_2383,35.40957160000001,324953.3536531122,1920,1280,640
matmul,linear,"[(2048, 1280), (1280, 640)]",121500,matmul_linear_2384,36.6387228,331516.3630026973,2048,1280,640
matmul,linear,"[(128, 1280), (1280, 768)]",11500,matmul_linear_2385,7.029008999999999,163507.7006018914,128,1280,768
matmul,linear,"[(256, 1280), (1280, 768)]",23000,matmul_linear_2386,11.1851696,205529.4255922592,256,1280,768
matmul,linear,"[(384, 1280), (1280, 768)]",34500,matmul_linear_2387,19.3911161,177816.52539278028,384,1280,768
matmul,linear,"[(512, 1280), (1280, 768)]",46000,matmul_linear_2388,20.992428600000004,219026.623586563,512,1280,768
matmul,linear,"[(640, 1280), (1280, 768)]",57500,matmul_linear_2389,22.6114019,254196.48393450567,640,1280,768
matmul,linear,"[(768, 1280), (1280, 768)]",69000,matmul_linear_2390,31.6248213,218083.05104541412,768,1280,768
matmul,linear,"[(896, 1280), (1280, 768)]",76680,matmul_linear_2391,36.012151800000005,212828.1261110312,896,1280,768
matmul,linear,"[(1024, 1280), (1280, 768)]",84360,matmul_linear_2392,40.3407143,209018.75623382308,1024,1280,768
matmul,linear,"[(1152, 1280), (1280, 768)]",92040,matmul_linear_2393,44.6082945,206229.3408359291,1152,1280,768
matmul,linear,"[(1280, 1280), (1280, 768)]",99720,matmul_linear_2394,49.1274283,202882.33278374156,1280,1280,768
matmul,linear,"[(1408, 1280), (1280, 768)]",107400,matmul_linear_2395,56.5295626,189889.08723203177,1408,1280,768
matmul,linear,"[(1536, 1280), (1280, 768)]",115080,matmul_linear_2396,37.1469822,309696.3634849455,1536,1280,768
matmul,linear,"[(1664, 1280), (1280, 768)]",122760,matmul_linear_2397,39.4305804,311231.9630466307,1664,1280,768
matmul,linear,"[(1792, 1280), (1280, 768)]",130440,matmul_linear_2398,41.3951249,315009.5698227982,1792,1280,768
matmul,linear,"[(1920, 1280), (1280, 768)]",138120,matmul_linear_2399,43.1525893,319973.493249222,1920,1280,768
matmul,linear,"[(2048, 1280), (1280, 768)]",145800,matmul_linear_2400,48.444,300866.0639088432,2048,1280,768
matmul,linear,"[(128, 1280), (1280, 896)]",12780,matmul_linear_2401,10.7096072,119232.1077172653,128,1280,896
matmul,linear,"[(256, 1280), (1280, 896)]",25560,matmul_linear_2402,12.832990999999998,199074.1442037948,256,1280,896
matmul,linear,"[(384, 1280), (1280, 896)]",38340,matmul_linear_2403,22.1661609,172866.35250897234,384,1280,896
matmul,linear,"[(512, 1280), (1280, 896)]",51120,matmul_linear_2404,24.0242589,212684.91966301613,512,1280,896
matmul,linear,"[(640, 1280), (1280, 896)]",63900,matmul_linear_2405,25.803517900000003,247540.65212984,640,1280,896
matmul,linear,"[(768, 1280), (1280, 896)]",76680,matmul_linear_2406,27.4507231,279236.9038792279,768,1280,896
matmul,linear,"[(896, 1280), (1280, 896)]",89460,matmul_linear_2407,31.064419699999995,287882.2023522301,896,1280,896
matmul,linear,"[(1024, 1280), (1280, 896)]",98420,matmul_linear_2408,38.88003569999999,253037.62764883472,1024,1280,896
matmul,linear,"[(1152, 1280), (1280, 896)]",107380,matmul_linear_2409,42.2731517,253914.6539393229,1152,1280,896
matmul,linear,"[(1280, 1280), (1280, 896)]",116340,matmul_linear_2410,45.6204644,254917.13217982935,1280,1280,896
matmul,linear,"[(1408, 1280), (1280, 896)]",125300,matmul_linear_2411,49.0474195,255367.05877156288,1408,1280,896
matmul,linear,"[(1536, 1280), (1280, 896)]",134260,matmul_linear_2412,52.40126789999999,256115.17451870668,1536,1280,896
matmul,linear,"[(1664, 1280), (1280, 896)]",143220,matmul_linear_2413,55.7833035,256643.4895640413,1664,1280,896
matmul,linear,"[(1792, 1280), (1280, 896)]",152180,matmul_linear_2414,59.1608753,257130.81213438368,1792,1280,896
matmul,linear,"[(1920, 1280), (1280, 896)]",161140,matmul_linear_2415,62.5146695,257663.4998134318,1920,1280,896
matmul,linear,"[(2048, 1280), (1280, 896)]",170100,matmul_linear_2416,65.89468729999999,258039.17171437893,2048,1280,896
matmul,linear,"[(128, 1280), (1280, 1024)]",14060,matmul_linear_2417,10.0107143,140349.51817274417,128,1280,1024
matmul,linear,"[(256, 1280), (1280, 1024)]",28120,matmul_linear_2418,15.269428499999998,184058.8242808171,256,1280,1024
matmul,linear,"[(384, 1280), (1280, 1024)]",42180,matmul_linear_2419,17.8981431,235566.90557971905,384,1280,1024
matmul,linear,"[(512, 1280), (1280, 1024)]",56240,matmul_linear_2420,26.8822676,209108.54161871376,512,1280,1024
matmul,linear,"[(640, 1280), (1280, 1024)]",70300,matmul_linear_2421,28.690402,244929.6792634694,640,1280,1024
matmul,linear,"[(768, 1280), (1280, 1024)]",84360,matmul_linear_2422,30.4724285,276740.4231385759,768,1280,1024
matmul,linear,"[(896, 1280), (1280, 1024)]",98420,matmul_linear_2423,32.4023931,303642.9973034924,896,1280,1024
matmul,linear,"[(1024, 1280), (1280, 1024)]",112480,matmul_linear_2424,38.988723,288393.6754661085,1024,1280,1024
matmul,linear,"[(1152, 1280), (1280, 1024)]",122720,matmul_linear_2425,42.4384197,289071.9363433318,1152,1280,1024
matmul,linear,"[(1280, 1280), (1280, 1024)]",132960,matmul_linear_2426,45.7047143,290810.90938074194,1280,1280,1024
matmul,linear,"[(1408, 1280), (1280, 1024)]",143200,matmul_linear_2427,49.150741,291248.6085591263,1408,1280,1024
matmul,linear,"[(1536, 1280), (1280, 1024)]",153440,matmul_linear_2428,52.4597053,292391.15892383794,1536,1280,1024
matmul,linear,"[(1664, 1280), (1280, 1024)]",163680,matmul_linear_2429,55.9056073,292679.2182305835,1664,1280,1024
matmul,linear,"[(1792, 1280), (1280, 1024)]",173920,matmul_linear_2430,59.3512855,292934.93350620015,1792,1280,1024
matmul,linear,"[(1920, 1280), (1280, 1024)]",184160,matmul_linear_2431,62.7168125,293537.3719566823,1920,1280,1024
matmul,linear,"[(2048, 1280), (1280, 1024)]",194400,matmul_linear_2432,66.06813389999999,294141.6994768487,2048,1280,1024
matmul,linear,"[(128, 1280), (1280, 1152)]",15340,matmul_linear_2433,9.922437300000002,154499.11245798445,128,1280,1152
matmul,linear,"[(256, 1280), (1280, 1152)]",30680,matmul_linear_2434,15.8471698,193499.238142826,256,1280,1152
matmul,linear,"[(384, 1280), (1280, 1152)]",46020,matmul_linear_2435,27.6605801,166273.95106547317,384,1280,1152
matmul,linear,"[(512, 1280), (1280, 1152)]",61360,matmul_linear_2436,29.8387232,205538.82572562623,512,1280,1152
matmul,linear,"[(640, 1280), (1280, 1152)]",76700,matmul_linear_2437,31.9523927,239944.6211341162,640,1280,1152
matmul,linear,"[(768, 1280), (1280, 1152)]",92040,matmul_linear_2438,33.8853125,271522.107660952,768,1280,1152
matmul,linear,"[(896, 1280), (1280, 1152)]",107380,matmul_linear_2439,35.812866199999995,299736.375564936,896,1280,1152
matmul,linear,"[(1024, 1280), (1280, 1152)]",122720,matmul_linear_2440,37.9641338,323152.46941364434,1024,1280,1152
matmul,linear,"[(1152, 1280), (1280, 1152)]",138060,matmul_linear_2441,72.83027670000001,189464.01960230368,1152,1280,1152
matmul,linear,"[(1280, 1280), (1280, 1152)]",149580,matmul_linear_2442,79.9786075,186925.01165702345,1280,1280,1152
matmul,linear,"[(1408, 1280), (1280, 1152)]",161100,matmul_linear_2443,87.2717321,184495.85495037975,1408,1280,1152
matmul,linear,"[(1536, 1280), (1280, 1152)]",172620,matmul_linear_2444,94.4605359,182642.9818763076,1536,1280,1152
matmul,linear,"[(1664, 1280), (1280, 1152)]",184140,matmul_linear_2445,54.6649643,336751.9532720156,1664,1280,1152
matmul,linear,"[(1792, 1280), (1280, 1152)]",195660,matmul_linear_2446,57.1581873,342213.1649943,1792,1280,1152
matmul,linear,"[(1920, 1280), (1280, 1152)]",207180,matmul_linear_2447,59.48431250000001,348193.5101586657,1920,1280,1152
matmul,linear,"[(2048, 1280), (1280, 1152)]",218700,matmul_linear_2448,67.2194552,325252.2352260898,2048,1280,1152
matmul,linear,"[(128, 1280), (1280, 1280)]",16620,matmul_linear_2449,10.0320448,165569.11662914426,128,1280,1280
matmul,linear,"[(256, 1280), (1280, 1280)]",33240,matmul_linear_2450,18.2898661,181639.9855103368,256,1280,1280
matmul,linear,"[(384, 1280), (1280, 1280)]",49860,matmul_linear_2451,21.1662768,235463.3939361504,384,1280,1280
matmul,linear,"[(512, 1280), (1280, 1280)]",66480,matmul_linear_2452,24.0522856,276297.84885973576,512,1280,1280
matmul,linear,"[(640, 1280), (1280, 1280)]",83100,matmul_linear_2453,37.643419900000005,220655.71300576752,640,1280,1280
matmul,linear,"[(768, 1280), (1280, 1280)]",99720,matmul_linear_2454,40.1054371,248544.5908851595,768,1280,1280
matmul,linear,"[(896, 1280), (1280, 1280)]",116340,matmul_linear_2455,42.8412677,271460.5915648476,896,1280,1280
matmul,linear,"[(1024, 1280), (1280, 1280)]",132960,matmul_linear_2456,45.5553037,291765.0282206328,1024,1280,1280
matmul,linear,"[(1152, 1280), (1280, 1280)]",149580,matmul_linear_2457,48.1265714,310705.43585118133,1152,1280,1280
matmul,linear,"[(1280, 1280), (1280, 1280)]",166200,matmul_linear_2458,80.1798571,207183.98130307964,1280,1280,1280
matmul,linear,"[(1408, 1280), (1280, 1280)]",179000,matmul_linear_2459,87.41544640000001,204669.30264809585,1408,1280,1280
matmul,linear,"[(1536, 1280), (1280, 1280)]",191800,matmul_linear_2460,94.8058659,202208.15696816496,1536,1280,1280
matmul,linear,"[(1664, 1280), (1280, 1280)]",204600,matmul_linear_2461,55.4047234,369182.59441504587,1664,1280,1280
matmul,linear,"[(1792, 1280), (1280, 1280)]",217400,matmul_linear_2462,57.89853569999999,375384.452882286,1792,1280,1280
matmul,linear,"[(1920, 1280), (1280, 1280)]",230200,matmul_linear_2463,60.199116200000006,382297.6405819725,1920,1280,1280
matmul,linear,"[(2048, 1280), (1280, 1280)]",243000,matmul_linear_2464,67.85355369999999,358024.20536494325,2048,1280,1280
matmul,linear,"[(128, 1280), (1280, 1408)]",17900,matmul_linear_2465,12.8934106,138730.6054567129,128,1280,1408
matmul,linear,"[(256, 1280), (1280, 1408)]",35800,matmul_linear_2466,20.9157142,171063.17261592724,256,1280,1408
matmul,linear,"[(384, 1280), (1280, 1408)]",53700,matmul_linear_2467,24.198,221819.1668732953,384,1280,1408
matmul,linear,"[(512, 1280), (1280, 1408)]",71600,matmul_linear_2468,35.6655536,200653.9285749373,512,1280,1408
matmul,linear,"[(640, 1280), (1280, 1408)]",89500,matmul_linear_2469,38.0084107,235374.1972939163,640,1280,1408
matmul,linear,"[(768, 1280), (1280, 1408)]",107400,matmul_linear_2470,40.0617055,267986.4398047158,768,1280,1408
matmul,linear,"[(896, 1280), (1280, 1408)]",125300,matmul_linear_2471,42.4254198,295241.8035476929,896,1280,1408
matmul,linear,"[(1024, 1280), (1280, 1408)]",143200,matmul_linear_2472,44.801732400000006,319530.49714568624,1024,1280,1408
matmul,linear,"[(1152, 1280), (1280, 1408)]",161100,matmul_linear_2473,58.8379017,273703.10198927444,1152,1280,1408
matmul,linear,"[(1280, 1280), (1280, 1408)]",179000,matmul_linear_2474,61.2531431,292129.90191339253,1280,1280,1408
matmul,linear,"[(1408, 1280), (1280, 1408)]",196900,matmul_linear_2475,72.2089912,272580.7240037997,1408,1280,1408
matmul,linear,"[(1536, 1280), (1280, 1408)]",210980,matmul_linear_2476,77.2378482,273056.2374105601,1536,1280,1408
matmul,linear,"[(1664, 1280), (1280, 1408)]",225060,matmul_linear_2477,67.97941949999999,330970.78826997045,1664,1280,1408
matmul,linear,"[(1792, 1280), (1280, 1408)]",239140,matmul_linear_2478,71.95441059999999,332249.3278673316,1792,1280,1408
matmul,linear,"[(1920, 1280), (1280, 1408)]",253220,matmul_linear_2479,75.9098841,333479.74788424163,1920,1280,1408
matmul,linear,"[(2048, 1280), (1280, 1408)]",267300,matmul_linear_2480,79.7778481,334955.4149629915,2048,1280,1408
matmul,linear,"[(128, 1280), (1280, 1536)]",19180,matmul_linear_2481,12.8781518,148834.41464170345,128,1280,1536
matmul,linear,"[(256, 1280), (1280, 1536)]",38360,matmul_linear_2482,21.029017900000003,182314.60529642703,256,1280,1536
matmul,linear,"[(384, 1280), (1280, 1536)]",57540,matmul_linear_2483,24.1059999,238595.7613817961,384,1280,1536
matmul,linear,"[(512, 1280), (1280, 1536)]",76720,matmul_linear_2484,27.3979911,279920.5304103482,512,1280,1536
matmul,linear,"[(640, 1280), (1280, 1536)]",95900,matmul_linear_2485,43.5063037,220327.82733574303,640,1280,1536
matmul,linear,"[(768, 1280), (1280, 1536)]",115080,matmul_linear_2486,46.356125000000006,248151.983961127,768,1280,1536
matmul,linear,"[(896, 1280), (1280, 1536)]",134260,matmul_linear_2487,49.2476875,272521.9378321063,896,1280,1536
matmul,linear,"[(1024, 1280), (1280, 1536)]",153440,matmul_linear_2488,52.31955359999999,293174.6735056241,1024,1280,1536
matmul,linear,"[(1152, 1280), (1280, 1536)]",172620,matmul_linear_2489,55.1781429,312741.2645435372,1152,1280,1536
matmul,linear,"[(1280, 1280), (1280, 1536)]",191800,matmul_linear_2490,58.0754195,330160.2058690252,1280,1280,1536
matmul,linear,"[(1408, 1280), (1280, 1536)]",210980,matmul_linear_2491,60.9068839,346297.6261638957,1408,1280,1536
matmul,linear,"[(1536, 1280), (1280, 1536)]",230160,matmul_linear_2492,77.4674555,297005.4083478965,1536,1280,1536
matmul,linear,"[(1664, 1280), (1280, 1536)]",245520,matmul_linear_2493,68.09502660000001,360454.9659921859,1664,1280,1536
matmul,linear,"[(1792, 1280), (1280, 1536)]",260880,matmul_linear_2494,72.09284819999999,361766.6851339632,1792,1280,1536
matmul,linear,"[(1920, 1280), (1280, 1536)]",276240,matmul_linear_2495,76.14013410000003,362704.7195677318,1920,1280,1536
matmul,linear,"[(2048, 1280), (1280, 1536)]",291600,matmul_linear_2496,79.9588662,364587.5122899129,2048,1280,1536
matmul,linear,"[(128, 1280), (1280, 1664)]",20460,matmul_linear_2497,12.9234197,158217.2293011578,128,1280,1664
matmul,linear,"[(256, 1280), (1280, 1664)]",40920,matmul_linear_2498,24.074286,169873.88832217077,256,1280,1664
matmul,linear,"[(384, 1280), (1280, 1664)]",61380,matmul_linear_2499,27.4665715,223371.64807227583,384,1280,1664
matmul,linear,"[(512, 1280), (1280, 1664)]",81840,matmul_linear_2500,30.8867232,264868.21780045604,512,1280,1664
matmul,linear,"[(640, 1280), (1280, 1664)]",102300,matmul_linear_2501,44.1037233,231853.205637856,640,1280,1664
matmul,linear,"[(768, 1280), (1280, 1664)]",122760,matmul_linear_2502,46.4797144,264015.2201227812,768,1280,1664
matmul,linear,"[(896, 1280), (1280, 1664)]",143220,matmul_linear_2503,49.1068572,291549.6965315874,896,1280,1664
matmul,linear,"[(1024, 1280), (1280, 1664)]",163680,matmul_linear_2504,51.7704646,316064.82730966253,1024,1280,1664
matmul,linear,"[(1152, 1280), (1280, 1664)]",184140,matmul_linear_2505,68.333268,269373.4283745949,1152,1280,1664
matmul,linear,"[(1280, 1280), (1280, 1664)]",204600,matmul_linear_2506,71.1540267,287445.2163271597,1280,1280,1664
matmul,linear,"[(1408, 1280), (1280, 1664)]",225060,matmul_linear_2507,73.7446968,305088.04709493363,1408,1280,1664
matmul,linear,"[(1536, 1280), (1280, 1664)]",245520,matmul_linear_2508,75.81129480000001,323756.75597246224,1536,1280,1664
matmul,linear,"[(1664, 1280), (1280, 1664)]",265980,matmul_linear_2509,141.4599019,187925.01375126437,1664,1280,1664
matmul,linear,"[(1792, 1280), (1280, 1664)]",282620,matmul_linear_2510,80.5524109,350752.3169478469,1792,1280,1664
matmul,linear,"[(1920, 1280), (1280, 1664)]",299260,matmul_linear_2511,83.9161786,356517.7642888996,1920,1280,1664
matmul,linear,"[(2048, 1280), (1280, 1664)]",315900,matmul_linear_2512,87.29358049999999,361782.28067927633,2048,1280,1664
matmul,linear,"[(128, 1280), (1280, 1792)]",21740,matmul_linear_2513,12.837848400000002,169243.0185699965,128,1280,1792
matmul,linear,"[(256, 1280), (1280, 1792)]",43480,matmul_linear_2514,24.099312500000003,180320.08459784897,256,1280,1792
matmul,linear,"[(384, 1280), (1280, 1792)]",65220,matmul_linear_2515,27.394732000000005,237974.97003438463,384,1280,1792
matmul,linear,"[(512, 1280), (1280, 1792)]",86960,matmul_linear_2516,30.950875,280861.362158582,512,1280,1792
matmul,linear,"[(640, 1280), (1280, 1792)]",108700,matmul_linear_2517,34.4311431,315602.5594076196,640,1280,1792
matmul,linear,"[(768, 1280), (1280, 1792)]",130440,matmul_linear_2518,52.6225712,247778.42369815637,768,1280,1792
matmul,linear,"[(896, 1280), (1280, 1792)]",152180,matmul_linear_2519,55.8155624,272547.9738919553,896,1280,1792
matmul,linear,"[(1024, 1280), (1280, 1792)]",173920,matmul_linear_2520,59.029,294534.840502126,1024,1280,1792
matmul,linear,"[(1152, 1280), (1280, 1792)]",195660,matmul_linear_2521,62.1768573,314583.00022941176,1152,1280,1792
matmul,linear,"[(1280, 1280), (1280, 1792)]",217400,matmul_linear_2522,65.41328580000001,332248.3866331019,1280,1280,1792
matmul,linear,"[(1408, 1280), (1280, 1792)]",239140,matmul_linear_2523,68.63600890000001,348317.6947823666,1408,1280,1792
matmul,linear,"[(1536, 1280), (1280, 1792)]",260880,matmul_linear_2524,72.0136964,362164.4205776389,1536,1280,1792
matmul,linear,"[(1664, 1280), (1280, 1792)]",282620,matmul_linear_2525,75.4028394,374713.4715468023,1664,1280,1792
matmul,linear,"[(1792, 1280), (1280, 1792)]",304360,matmul_linear_2526,81.2054285,374702.52936538594,1792,1280,1792
matmul,linear,"[(1920, 1280), (1280, 1792)]",322280,matmul_linear_2527,84.6037052,380828.9430505935,1920,1280,1792
matmul,linear,"[(2048, 1280), (1280, 1792)]",340200,matmul_linear_2528,87.9954463,386510.9148877628,2048,1280,1792
matmul,linear,"[(128, 1280), (1280, 1920)]",23020,matmul_linear_2529,15.7058393,146469.69016612822,128,1280,1920
matmul,linear,"[(256, 1280), (1280, 1920)]",46040,matmul_linear_2530,26.6627234,172575.53396289595,256,1280,1920
matmul,linear,"[(384, 1280), (1280, 1920)]",69060,matmul_linear_2531,30.6295625,225368.4506185813,384,1280,1920
matmul,linear,"[(512, 1280), (1280, 1920)]",92080,matmul_linear_2532,34.775098199999995,264687.1746340605,512,1280,1920
matmul,linear,"[(640, 1280), (1280, 1920)]",115100,matmul_linear_2533,38.8258393,296352.05892561347,640,1280,1920
matmul,linear,"[(768, 1280), (1280, 1920)]",138120,matmul_linear_2534,42.9504822,321479.6259442229,768,1280,1920
matmul,linear,"[(896, 1280), (1280, 1920)]",161140,matmul_linear_2535,47.2609822,340857.7890660089,896,1280,1920
matmul,linear,"[(1024, 1280), (1280, 1920)]",184160,matmul_linear_2536,66.92170519999999,275087.2497116228,1024,1280,1920
matmul,linear,"[(1152, 1280), (1280, 1920)]",207180,matmul_linear_2537,70.8751427,292216.8717655365,1152,1280,1920
matmul,linear,"[(1280, 1280), (1280, 1920)]",230200,matmul_linear_2538,74.52844639999999,308775.35044605465,1280,1280,1920
matmul,linear,"[(1408, 1280), (1280, 1920)]",253220,matmul_linear_2539,78.34654459999999,323105.0644898512,1408,1280,1920
matmul,linear,"[(1536, 1280), (1280, 1920)]",276240,matmul_linear_2540,82.3757232,335241.5172202094,1536,1280,1920
matmul,linear,"[(1664, 1280), (1280, 1920)]",299260,matmul_linear_2541,86.28228569999999,346738.28502239136,1664,1280,1920
matmul,linear,"[(1792, 1280), (1280, 1920)]",322280,matmul_linear_2542,90.4177143,356334.57976685447,1792,1280,1920
matmul,linear,"[(1920, 1280), (1280, 1920)]",345300,matmul_linear_2543,88.9854374,387941.0211929801,1920,1280,1920
matmul,linear,"[(2048, 1280), (1280, 1920)]",364500,matmul_linear_2544,93.4010177,390152.70706445415,2048,1280,1920
matmul,linear,"[(128, 1280), (1280, 2048)]",24300,matmul_linear_2545,15.7611429,154076.63651790126,128,1280,2048
matmul,linear,"[(256, 1280), (1280, 2048)]",48600,matmul_linear_2546,20.9571605,231801.64526344117,256,1280,2048
matmul,linear,"[(384, 1280), (1280, 2048)]",72900,matmul_linear_2547,30.4268482,239491.03329013215,384,1280,2048
matmul,linear,"[(512, 1280), (1280, 2048)]",97200,matmul_linear_2548,34.351035499999995,282860.90229943726,512,1280,2048
matmul,linear,"[(640, 1280), (1280, 2048)]",121500,matmul_linear_2549,38.1639998,318262.8567150344,640,1280,2048
matmul,linear,"[(768, 1280), (1280, 2048)]",145800,matmul_linear_2550,58.8729999,247551.7253200138,768,1280,2048
matmul,linear,"[(896, 1280), (1280, 2048)]",170100,matmul_linear_2551,62.3066072,272904.7544620597,896,1280,2048
matmul,linear,"[(1024, 1280), (1280, 2048)]",194400,matmul_linear_2552,66.04185709999999,294258.7726578332,1024,1280,2048
matmul,linear,"[(1152, 1280), (1280, 2048)]",218700,matmul_linear_2553,69.4387231,314853.94822431577,1152,1280,2048
matmul,linear,"[(1280, 1280), (1280, 2048)]",243000,matmul_linear_2554,72.86641979999999,333386.9486753623,1280,1280,2048
matmul,linear,"[(1408, 1280), (1280, 2048)]",267300,matmul_linear_2555,76.3272591,350102.5398944268,1408,1280,2048
matmul,linear,"[(1536, 1280), (1280, 2048)]",291600,matmul_linear_2556,79.7005626,365769.43741348194,1536,1280,2048
matmul,linear,"[(1664, 1280), (1280, 2048)]",315900,matmul_linear_2557,83.39099119999999,378717.8980177418,1664,1280,2048
matmul,linear,"[(1792, 1280), (1280, 2048)]",340200,matmul_linear_2558,87.6406965,388075.8287943319,1792,1280,2048
matmul,linear,"[(1920, 1280), (1280, 2048)]",364500,matmul_linear_2559,91.531259,398124.6108949512,1920,1280,2048
matmul,linear,"[(2048, 1280), (1280, 2048)]",388800,matmul_linear_2560,93.5695179,415419.9350450004,2048,1280,2048
matmul,linear,"[(128, 1408), (1408, 128)]",5610,matmul_linear_2561,3.6595534,153197.39415744008,128,1408,128
matmul,linear,"[(256, 1408), (1408, 128)]",7018,matmul_linear_2562,4.634152,151340.8677143089,256,1408,128
matmul,linear,"[(384, 1408), (1408, 128)]",8426,matmul_linear_2563,5.613134099999999,150012.21627503968,384,1408,128
matmul,linear,"[(512, 1408), (1408, 128)]",9834,matmul_linear_2564,6.2542947,157135.9549990505,512,1408,128
matmul,linear,"[(640, 1408), (1408, 128)]",11242,matmul_linear_2565,6.9906875,160713.93997371502,640,1408,128
matmul,linear,"[(768, 1408), (1408, 128)]",12650,matmul_linear_2566,7.812696299999999,161815.93163553538,768,1408,128
matmul,linear,"[(896, 1408), (1408, 128)]",14058,matmul_linear_2567,9.9429375,141286.78836108546,896,1408,128
matmul,linear,"[(1024, 1408), (1408, 128)]",15466,matmul_linear_2568,10.7085893,144326.1196944027,1024,1408,128
matmul,linear,"[(1152, 1408), (1408, 128)]",16874,matmul_linear_2569,11.4888571,146772.74681134295,1152,1408,128
matmul,linear,"[(1280, 1408), (1408, 128)]",18282,matmul_linear_2570,12.2249734,149446.3376631969,1280,1408,128
matmul,linear,"[(1408, 1408), (1408, 128)]",19690,matmul_linear_2571,13.0055534,151296.86405039867,1408,1408,128
matmul,linear,"[(1536, 1408), (1408, 128)]",21098,matmul_linear_2572,13.755830300000005,153274.96566819376,1536,1408,128
matmul,linear,"[(1664, 1408), (1408, 128)]",22506,matmul_linear_2573,14.648009000000002,153545.4544778065,1664,1408,128
matmul,linear,"[(1792, 1408), (1408, 128)]",23914,matmul_linear_2574,15.4267231,154916.71900755126,1792,1408,128
matmul,linear,"[(1920, 1408), (1408, 128)]",25322,matmul_linear_2575,16.2212588,156003.791402428,1920,1408,128
matmul,linear,"[(2048, 1408), (1408, 128)]",26730,matmul_linear_2576,16.901000099999997,158056.32117533687,2048,1408,128
matmul,linear,"[(128, 1408), (1408, 256)]",7018,matmul_linear_2577,4.3967142,159519.19926476,128,1408,256
matmul,linear,"[(256, 1408), (1408, 256)]",14036,matmul_linear_2578,6.1865983,226777.507143142,256,1408,256
matmul,linear,"[(384, 1408), (1408, 256)]",16852,matmul_linear_2579,7.8301519000000015,215119.3241615146,384,1408,256
matmul,linear,"[(512, 1408), (1408, 256)]",19668,matmul_linear_2580,10.6468839,184630.10680618015,512,1408,256
matmul,linear,"[(640, 1408), (1408, 256)]",22484,matmul_linear_2581,12.3020001,182667.02826559072,640,1408,256
matmul,linear,"[(768, 1408), (1408, 256)]",25300,matmul_linear_2582,13.7715804,183611.66754398067,768,1408,256
matmul,linear,"[(896, 1408), (1408, 256)]",28116,matmul_linear_2583,15.349428500000002,183072.94353988487,896,1408,256
matmul,linear,"[(1024, 1408), (1408, 256)]",30932,matmul_linear_2584,16.857446399999997,183391.61116122548,1024,1408,256
matmul,linear,"[(1152, 1408), (1408, 256)]",33748,matmul_linear_2585,18.5082677,182240.1333232283,1152,1408,256
matmul,linear,"[(1280, 1408), (1408, 256)]",36564,matmul_linear_2586,20.0031427,182691.277092674,1280,1408,256
matmul,linear,"[(1408, 1408), (1408, 256)]",39380,matmul_linear_2587,21.604705300000003,182175.1083765072,1408,1408,256
matmul,linear,"[(1536, 1408), (1408, 256)]",42196,matmul_linear_2588,24.414303600000004,172733.10919423477,1536,1408,256
matmul,linear,"[(1664, 1408), (1408, 256)]",45012,matmul_linear_2589,26.2226966,171552.82688737664,1664,1408,256
matmul,linear,"[(1792, 1408), (1408, 256)]",47828,matmul_linear_2590,27.5061339,173781.2156367784,1792,1408,256
matmul,linear,"[(1920, 1408), (1408, 256)]",50644,matmul_linear_2591,29.161848300000003,173565.2611281844,1920,1408,256
matmul,linear,"[(2048, 1408), (1408, 256)]",53460,matmul_linear_2592,31.9672768,167133.51299038396,2048,1408,256
matmul,linear,"[(128, 1408), (1408, 384)]",8426,matmul_linear_2593,5.9037054,142623.92385975085,128,1408,384
matmul,linear,"[(256, 1408), (1408, 384)]",16852,matmul_linear_2594,7.5079823,224354.4449711875,256,1408,384
matmul,linear,"[(384, 1408), (1408, 384)]",25278,matmul_linear_2595,10.0934287,250340.17004845935,384,1408,384
matmul,linear,"[(512, 1408), (1408, 384)]",29502,matmul_linear_2596,11.3539999,259737.94486381844,512,1408,384
matmul,linear,"[(640, 1408), (1408, 384)]",33726,matmul_linear_2597,12.513857,269409.23284483753,640,1408,384
matmul,linear,"[(768, 1408), (1408, 384)]",37950,matmul_linear_2598,13.770678600000002,275485.5473963353,768,1408,384
matmul,linear,"[(896, 1408), (1408, 384)]",42174,matmul_linear_2599,14.9854374,281333.2266337452,896,1408,384
matmul,linear,"[(1024, 1408), (1408, 384)]",46398,matmul_linear_2600,16.3055624,284453.20253167104,1024,1408,384
matmul,linear,"[(1152, 1408), (1408, 384)]",50622,matmul_linear_2601,17.5164375,288897.12056175806,1152,1408,384
matmul,linear,"[(1280, 1408), (1408, 384)]",54846,matmul_linear_2602,18.8183304,291349.87272622227,1280,1408,384
matmul,linear,"[(1408, 1408), (1408, 384)]",59070,matmul_linear_2603,22.6625537,260550.2373119584,1408,1408,384
matmul,linear,"[(1536, 1408), (1408, 384)]",63294,matmul_linear_2604,23.6166966,267905.30604267487,1536,1408,384
matmul,linear,"[(1664, 1408), (1408, 384)]",67518,matmul_linear_2605,24.692866,273331.20073627745,1664,1408,384
matmul,linear,"[(1792, 1408), (1408, 384)]",71742,matmul_linear_2606,25.680428500000005,279264.4973642087,1792,1408,384
matmul,linear,"[(1920, 1408), (1408, 384)]",75966,matmul_linear_2607,26.7750001,283619.8868955373,1920,1408,384
matmul,linear,"[(2048, 1408), (1408, 384)]",80190,matmul_linear_2608,27.8154375,288193.1465665424,2048,1408,384
matmul,linear,"[(128, 1408), (1408, 512)]",9834,matmul_linear_2609,5.9478572000000005,165236.854422127,128,1408,512
matmul,linear,"[(256, 1408), (1408, 512)]",19668,matmul_linear_2610,8.971294699999998,219132.5707458925,256,1408,512
matmul,linear,"[(384, 1408), (1408, 512)]",29502,matmul_linear_2611,15.1494553,194639.6748977503,384,1408,512
matmul,linear,"[(512, 1408), (1408, 512)]",39336,matmul_linear_2612,16.943857,232054.93379104888,512,1408,512
matmul,linear,"[(640, 1408), (1408, 512)]",44968,matmul_linear_2613,20.084116,223798.32841037164,640,1408,512
matmul,linear,"[(768, 1408), (1408, 512)]",50600,matmul_linear_2614,23.2265802,217753.8534915269,768,1408,512
matmul,linear,"[(896, 1408), (1408, 512)]",56232,matmul_linear_2615,26.361990899999995,213207.106482614,896,1408,512
matmul,linear,"[(1024, 1408), (1408, 512)]",61864,matmul_linear_2616,29.5915624,208959.59328460472,1024,1408,512
matmul,linear,"[(1152, 1408), (1408, 512)]",67496,matmul_linear_2617,35.0571518,192431.32822957967,1152,1408,512
matmul,linear,"[(1280, 1408), (1408, 512)]",73128,matmul_linear_2618,38.2342589,191163.02458552425,1280,1408,512
matmul,linear,"[(1408, 1408), (1408, 512)]",78760,matmul_linear_2619,30.2045623,260655.30980298296,1408,1408,512
matmul,linear,"[(1536, 1408), (1408, 512)]",84392,matmul_linear_2620,31.949285600000003,264043.6214148087,1536,1408,512
matmul,linear,"[(1664, 1408), (1408, 512)]",90024,matmul_linear_2621,33.982018,264816.5802925536,1664,1408,512
matmul,linear,"[(1792, 1408), (1408, 512)]",95656,matmul_linear_2622,35.6464017,268246.8609399641,1792,1408,512
matmul,linear,"[(1920, 1408), (1408, 512)]",101288,matmul_linear_2623,37.4100358,270650.87696120306,1920,1408,512
matmul,linear,"[(2048, 1408), (1408, 512)]",106920,matmul_linear_2624,39.35731249999999,271564.8907366326,2048,1408,512
matmul,linear,"[(128, 1408), (1408, 640)]",11242,matmul_linear_2625,8.7875715,127830.68027952888,128,1408,640
matmul,linear,"[(256, 1408), (1408, 640)]",22484,matmul_linear_2626,10.632723100000002,211360.4113032907,256,1408,640
matmul,linear,"[(384, 1408), (1408, 640)]",33726,matmul_linear_2627,18.2609732,184588.9518462247,384,1408,640
matmul,linear,"[(512, 1408), (1408, 640)]",44968,matmul_linear_2628,19.79200890000001,227102.80809897967,512,1408,640
matmul,linear,"[(640, 1408), (1408, 640)]",56210,matmul_linear_2629,29.1751518,192563.9504237301,640,1408,640
matmul,linear,"[(768, 1408), (1408, 640)]",63250,matmul_linear_2630,20.8351518,303473.5021618609,768,1408,640
matmul,linear,"[(896, 1408), (1408, 640)]",70290,matmul_linear_2631,22.8358574,307705.3903069127,896,1408,640
matmul,linear,"[(1024, 1408), (1408, 640)]",77330,matmul_linear_2632,24.4131517,316655.49699713703,1024,1408,640
matmul,linear,"[(1152, 1408), (1408, 640)]",84370,matmul_linear_2633,26.4548483,318820.7476952344,1152,1408,640
matmul,linear,"[(1280, 1408), (1408, 640)]",91410,matmul_linear_2634,28.3744196,322056.36932358606,1280,1408,640
matmul,linear,"[(1408, 1408), (1408, 640)]",98450,matmul_linear_2635,30.3151606,324655.0006381955,1408,1408,640
matmul,linear,"[(1536, 1408), (1408, 640)]",105490,matmul_linear_2636,32.263294900000005,326865.9851139382,1536,1408,640
matmul,linear,"[(1664, 1408), (1408, 640)]",112530,matmul_linear_2637,35.1881162,319695.46549297794,1664,1408,640
matmul,linear,"[(1792, 1408), (1408, 640)]",119570,matmul_linear_2638,36.6698483,325971.7061651984,1792,1408,640
matmul,linear,"[(1920, 1408), (1408, 640)]",126610,matmul_linear_2639,38.0285894,332833.7269606955,1920,1408,640
matmul,linear,"[(2048, 1408), (1408, 640)]",133650,matmul_linear_2640,39.47640200000001,338456.69014617894,2048,1408,640
matmul,linear,"[(128, 1408), (1408, 768)]",12650,matmul_linear_2641,7.5078659,168389.9566466684,128,1408,768
matmul,linear,"[(256, 1408), (1408, 768)]",25300,matmul_linear_2642,12.3898571,204099.2881419109,256,1408,768
matmul,linear,"[(384, 1408), (1408, 768)]",37950,matmul_linear_2643,21.1177232,179606.8729454698,384,1408,768
matmul,linear,"[(512, 1408), (1408, 768)]",50600,matmul_linear_2644,23.034991,219565.81189460852,512,1408,768
matmul,linear,"[(640, 1408), (1408, 768)]",63250,matmul_linear_2645,24.7744465,255203.3828626605,640,1408,768
matmul,linear,"[(768, 1408), (1408, 768)]",75900,matmul_linear_2646,34.0455623,222836.54406759495,768,1408,768
matmul,linear,"[(896, 1408), (1408, 768)]",84348,matmul_linear_2647,38.5902767,218473.19307586105,896,1408,768
matmul,linear,"[(1024, 1408), (1408, 768)]",92796,matmul_linear_2648,43.2800089,214308.45868217925,1024,1408,768
matmul,linear,"[(1152, 1408), (1408, 768)]",101244,matmul_linear_2649,47.8998481,211266.0147494288,1152,1408,768
matmul,linear,"[(1280, 1408), (1408, 768)]",109692,matmul_linear_2650,52.7124463,207995.06615518243,1280,1408,768
matmul,linear,"[(1408, 1408), (1408, 768)]",118140,matmul_linear_2651,38.127151600000005,309757.922877197,1408,1408,768
matmul,linear,"[(1536, 1408), (1408, 768)]",126588,matmul_linear_2652,39.7962949,317989.9134406605,1536,1408,768
matmul,linear,"[(1664, 1408), (1408, 768)]",135036,matmul_linear_2653,42.0794197,320807.4672671876,1664,1408,768
matmul,linear,"[(1792, 1408), (1408, 768)]",143484,matmul_linear_2654,44.2512681,324148.3349307678,1792,1408,768
matmul,linear,"[(1920, 1408), (1408, 768)]",151932,matmul_linear_2655,46.0114108,330105.045571,1920,1408,768
matmul,linear,"[(2048, 1408), (1408, 768)]",160380,matmul_linear_2656,48.3224463,331795.4487616659,2048,1408,768
matmul,linear,"[(128, 1408), (1408, 896)]",14058,matmul_linear_2657,11.597259,121118.29822029496,128,1408,896
matmul,linear,"[(256, 1408), (1408, 896)]",28116,matmul_linear_2658,13.8801608,202462.494809138,256,1408,896
matmul,linear,"[(384, 1408), (1408, 896)]",42174,matmul_linear_2659,24.3151428,173347.46994453183,384,1408,896
matmul,linear,"[(512, 1408), (1408, 896)]",56232,matmul_linear_2660,26.0314283,215915.80732318095,512,1408,896
matmul,linear,"[(640, 1408), (1408, 896)]",70290,matmul_linear_2661,27.9865536,251056.3267297049,640,1408,896
matmul,linear,"[(768, 1408), (1408, 896)]",84348,matmul_linear_2662,29.7932946,283010.68356971844,768,1408,896
matmul,linear,"[(896, 1408), (1408, 896)]",98406,matmul_linear_2663,33.1168661,297047.682099062,896,1408,896
matmul,linear,"[(1024, 1408), (1408, 896)]",108262,matmul_linear_2664,41.6062947,260105.8192891664,1024,1408,896
matmul,linear,"[(1152, 1408), (1408, 896)]",118118,matmul_linear_2665,45.1962769,261244.53566019284,1152,1408,896
matmul,linear,"[(1280, 1408), (1408, 896)]",127974,matmul_linear_2666,48.7009822,262674.9877290976,1280,1408,896
matmul,linear,"[(1408, 1408), (1408, 896)]",137830,matmul_linear_2667,52.2611429,263633.2296075752,1408,1408,896
matmul,linear,"[(1536, 1408), (1408, 896)]",147686,matmul_linear_2668,55.9688838,263771.61932287813,1536,1408,896
matmul,linear,"[(1664, 1408), (1408, 896)]",157542,matmul_linear_2669,59.6571339,263979.0626383076,1664,1408,896
matmul,linear,"[(1792, 1408), (1408, 896)]",167398,matmul_linear_2670,63.176830300000006,264867.3926423624,1792,1408,896
matmul,linear,"[(1920, 1408), (1408, 896)]",177254,matmul_linear_2671,66.71870550000001,265573.6198216555,1920,1408,896
matmul,linear,"[(2048, 1408), (1408, 896)]",187110,matmul_linear_2672,70.41701800000001,265617.01744030113,2048,1408,896
matmul,linear,"[(128, 1408), (1408, 1024)]",15466,matmul_linear_2673,9.0111339,171532.1183508326,128,1408,1024
matmul,linear,"[(256, 1408), (1408, 1024)]",30932,matmul_linear_2674,16.5514018,186784.4728305732,256,1408,1024
matmul,linear,"[(384, 1408), (1408, 1024)]",46398,matmul_linear_2675,19.3585624,239576.88840365544,384,1408,1024
matmul,linear,"[(512, 1408), (1408, 1024)]",61864,matmul_linear_2676,22.3446784,276762.34231055214,512,1408,1024
matmul,linear,"[(640, 1408), (1408, 1024)]",77330,matmul_linear_2677,31.0822946,248691.15584986444,640,1408,1024
matmul,linear,"[(768, 1408), (1408, 1024)]",92796,matmul_linear_2678,33.044991100000004,280717.1432674406,768,1408,1024
matmul,linear,"[(896, 1408), (1408, 1024)]",108262,matmul_linear_2679,35.1702945,307722.27314019226,896,1408,1024
matmul,linear,"[(1024, 1408), (1408, 1024)]",123728,matmul_linear_2680,41.7094374,296542.6969834889,1024,1408,1024
matmul,linear,"[(1152, 1408), (1408, 1024)]",134992,matmul_linear_2681,45.3465715,297589.53977038816,1152,1408,1024
matmul,linear,"[(1280, 1408), (1408, 1024)]",146256,matmul_linear_2682,48.8684287,299185.25203430577,1280,1408,1024
matmul,linear,"[(1408, 1408), (1408, 1024)]",157520,matmul_linear_2683,52.50870540000001,299888.3520266717,1408,1408,1024
matmul,linear,"[(1536, 1408), (1408, 1024)]",168784,matmul_linear_2684,56.117018,300671.5057132937,1536,1408,1024
matmul,linear,"[(1664, 1408), (1408, 1024)]",180048,matmul_linear_2685,59.686553700000005,301555.8820014431,1664,1408,1024
matmul,linear,"[(1792, 1408), (1408, 1024)]",191312,matmul_linear_2686,63.282241,302215.46319606475,1792,1408,1024
matmul,linear,"[(1920, 1408), (1408, 1024)]",202576,matmul_linear_2687,66.98214270000001,302332.8452842999,1920,1408,1024
matmul,linear,"[(2048, 1408), (1408, 1024)]",213840,matmul_linear_2688,70.7134464,302303.58925569215,2048,1408,1024
matmul,linear,"[(128, 1408), (1408, 1152)]",16874,matmul_linear_2689,10.7429823,156969.97860361365,128,1408,1152
matmul,linear,"[(256, 1408), (1408, 1152)]",33748,matmul_linear_2690,17.1485538,196697.9363950796,256,1408,1152
matmul,linear,"[(384, 1408), (1408, 1152)]",50622,matmul_linear_2691,30.3575535,166652.56785761737,384,1408,1152
matmul,linear,"[(512, 1408), (1408, 1152)]",67496,matmul_linear_2692,32.470151900000005,207770.909282688,512,1408,1152
matmul,linear,"[(640, 1408), (1408, 1152)]",84370,matmul_linear_2693,34.5761428,243912.18056052225,640,1408,1152
matmul,linear,"[(768, 1408), (1408, 1152)]",101244,matmul_linear_2694,36.5777055,276691.555446254,768,1408,1152
matmul,linear,"[(896, 1408), (1408, 1152)]",118118,matmul_linear_2695,38.7152947,304993.8935510673,896,1408,1152
matmul,linear,"[(1024, 1408), (1408, 1152)]",134992,matmul_linear_2696,40.76858029999999,331017.7357824256,1024,1408,1152
matmul,linear,"[(1152, 1408), (1408, 1152)]",151866,matmul_linear_2697,78.18414299999999,194141.43333002963,1152,1408,1152
matmul,linear,"[(1280, 1408), (1408, 1152)]",164538,matmul_linear_2698,85.95883920000001,191314.86964146903,1280,1408,1152
matmul,linear,"[(1408, 1408), (1408, 1152)]",177210,matmul_linear_2699,93.7321428,188960.01154600727,1408,1408,1152
matmul,linear,"[(1536, 1408), (1408, 1152)]",189882,matmul_linear_2700,55.5987323,341422.17531765567,1536,1408,1152
matmul,linear,"[(1664, 1408), (1408, 1152)]",202554,matmul_linear_2701,58.754294400000006,344647.56623066514,1664,1408,1152
matmul,linear,"[(1792, 1408), (1408, 1152)]",215226,matmul_linear_2702,61.4658482,350055.4217550032,1792,1408,1152
matmul,linear,"[(1920, 1408), (1408, 1152)]",227898,matmul_linear_2703,64.01413400000001,355912.0019744389,1920,1408,1152
matmul,linear,"[(2048, 1408), (1408, 1152)]",240570,matmul_linear_2704,67.0594019,358641.64275837364,2048,1408,1152
matmul,linear,"[(128, 1408), (1408, 1280)]",18282,matmul_linear_2705,10.730446099999998,170275.02289862864,128,1408,1280
matmul,linear,"[(256, 1408), (1408, 1280)]",36564,matmul_linear_2706,19.6965895,185536.19859163943,256,1408,1280
matmul,linear,"[(384, 1408), (1408, 1280)]",54846,matmul_linear_2707,22.9051248,239348.59711045976,384,1408,1280
matmul,linear,"[(512, 1408), (1408, 1280)]",73128,matmul_linear_2708,25.8940181,282312.71678110084,512,1408,1280
matmul,linear,"[(640, 1408), (1408, 1280)]",91410,matmul_linear_2709,40.800982100000006,223938.72479334264,640,1408,1280
matmul,linear,"[(768, 1408), (1408, 1280)]",109692,matmul_linear_2710,43.6718483,251073.2483738271,768,1408,1280
matmul,linear,"[(896, 1408), (1408, 1280)]",127974,matmul_linear_2711,46.3791071,275830.27982205374,896,1408,1280
matmul,linear,"[(1024, 1408), (1408, 1280)]",146256,matmul_linear_2712,49.1944824,297201.63397348806,1024,1408,1280
matmul,linear,"[(1152, 1408), (1408, 1280)]",164538,matmul_linear_2713,51.85595550000001,317198.17417017795,1152,1408,1280
matmul,linear,"[(1280, 1408), (1408, 1280)]",182820,matmul_linear_2714,86.2325717,211908.05727564776,1280,1408,1280
matmul,linear,"[(1408, 1408), (1408, 1280)]",196900,matmul_linear_2715,94.0547229,209246.21242714865,1408,1408,1280
matmul,linear,"[(1536, 1408), (1408, 1280)]",210980,matmul_linear_2716,56.2980181,374655.6434850768,1536,1408,1280
matmul,linear,"[(1664, 1408), (1408, 1280)]",225060,matmul_linear_2717,59.5078572,378102.1578152204,1664,1408,1280
matmul,linear,"[(1792, 1408), (1408, 1280)]",239140,matmul_linear_2718,62.1445892,384712.26294758415,1792,1408,1280
matmul,linear,"[(1920, 1408), (1408, 1280)]",253220,matmul_linear_2719,64.7561159,390936.4240978202,1920,1408,1280
matmul,linear,"[(2048, 1408), (1408, 1280)]",267300,matmul_linear_2720,67.8274375,393988.306815365,2048,1408,1280
matmul,linear,"[(128, 1408), (1408, 1408)]",19690,matmul_linear_2721,13.9411429,141136.62702001285,128,1408,1408
matmul,linear,"[(256, 1408), (1408, 1408)]",39380,matmul_linear_2722,23.0578661,170687.70355076354,256,1408,1408
matmul,linear,"[(384, 1408), (1408, 1408)]",59070,matmul_linear_2723,26.327018,224270.2647979349,384,1408,1408
matmul,linear,"[(512, 1408), (1408, 1408)]",78760,matmul_linear_2724,38.7253301,203281.09396774383,512,1408,1408
matmul,linear,"[(640, 1408), (1408, 1408)]",98450,matmul_linear_2725,41.2553035,238535.9853103493,640,1408,1408
matmul,linear,"[(768, 1408), (1408, 1408)]",118140,matmul_linear_2726,43.50958039999999,271426.40617053624,768,1408,1408
matmul,linear,"[(896, 1408), (1408, 1408)]",137830,matmul_linear_2727,46.0245981,299370.2956461015,896,1408,1408
matmul,linear,"[(1024, 1408), (1408, 1408)]",157520,matmul_linear_2728,48.5772767,324166.8397670798,1024,1408,1408
matmul,linear,"[(1152, 1408), (1408, 1408)]",177210,matmul_linear_2729,63.9344286,277074.60510783386,1152,1408,1408
matmul,linear,"[(1280, 1408), (1408, 1408)]",196900,matmul_linear_2730,66.50958019999999,295947.57601522194,1280,1408,1408
matmul,linear,"[(1408, 1408), (1408, 1408)]",216590,matmul_linear_2731,63.9219911,338734.87712572207,1408,1408,1408
matmul,linear,"[(1536, 1408), (1408, 1408)]",232078,matmul_linear_2732,68.11399109999999,340620.01398256054,1536,1408,1408
matmul,linear,"[(1664, 1408), (1408, 1408)]",247566,matmul_linear_2733,72.2122593,342730.9852091832,1664,1408,1408
matmul,linear,"[(1792, 1408), (1408, 1408)]",263054,matmul_linear_2734,76.34899090000002,344441.5543796008,1792,1408,1408
matmul,linear,"[(1920, 1408), (1408, 1408)]",278542,matmul_linear_2735,80.502045,345906.1169874629,1920,1408,1408
matmul,linear,"[(2048, 1408), (1408, 1408)]",294030,matmul_linear_2736,84.62571430000001,347347.5842622222,2048,1408,1408
matmul,linear,"[(128, 1408), (1408, 1536)]",21098,matmul_linear_2737,13.8922499,151768.84883203835,128,1408,1536
matmul,linear,"[(256, 1408), (1408, 1536)]",42196,matmul_linear_2738,23.1561517,182123.71552350812,256,1408,1536
matmul,linear,"[(384, 1408), (1408, 1536)]",63294,matmul_linear_2739,26.4072767,239583.93529954564,384,1408,1536
matmul,linear,"[(512, 1408), (1408, 1536)]",84392,matmul_linear_2740,29.867866100000004,282451.15285922616,512,1408,1536
matmul,linear,"[(640, 1408), (1408, 1536)]",105490,matmul_linear_2741,36.0744375,292323.13203081815,640,1408,1536
matmul,linear,"[(768, 1408), (1408, 1536)]",126588,matmul_linear_2742,50.3765893,251183.3873014901,768,1408,1536
matmul,linear,"[(896, 1408), (1408, 1536)]",147686,matmul_linear_2743,53.7048661,274895.5650666821,896,1408,1536
matmul,linear,"[(1024, 1408), (1408, 1536)]",168784,matmul_linear_2744,56.73583010000001,297391.0205817188,1024,1408,1536
matmul,linear,"[(1152, 1408), (1408, 1536)]",189882,matmul_linear_2745,59.9551339,316606.82333343936,1152,1408,1536
matmul,linear,"[(1280, 1408), (1408, 1536)]",210980,matmul_linear_2746,62.9239999,335193.37031227094,1280,1408,1536
matmul,linear,"[(1408, 1408), (1408, 1536)]",232078,matmul_linear_2747,66.1731518,350613.2329157095,1408,1408,1536
matmul,linear,"[(1536, 1408), (1408, 1536)]",253176,matmul_linear_2748,68.25789290000002,370810.951457161,1536,1408,1536
matmul,linear,"[(1664, 1408), (1408, 1536)]",270072,matmul_linear_2749,72.4007321,372923.8523375373,1664,1408,1536
matmul,linear,"[(1792, 1408), (1408, 1536)]",286968,matmul_linear_2750,76.5695623,374680.7763033275,1792,1408,1536
matmul,linear,"[(1920, 1408), (1408, 1536)]",303864,matmul_linear_2751,80.7019821,376426.0680009989,1920,1408,1536
matmul,linear,"[(2048, 1408), (1408, 1536)]",320760,matmul_linear_2752,84.9697232,377399.1701985443,2048,1408,1536
matmul,linear,"[(128, 1408), (1408, 1664)]",22506,matmul_linear_2753,13.843143,162478.68606861896,128,1408,1664
matmul,linear,"[(256, 1408), (1408, 1664)]",45012,matmul_linear_2754,26.086276700000003,172450.49663718394,256,1408,1664
matmul,linear,"[(384, 1408), (1408, 1664)]",67518,matmul_linear_2755,29.6778304,227403.15333023804,384,1408,1664
matmul,linear,"[(512, 1408), (1408, 1664)]",90024,matmul_linear_2756,33.5811695,267978.81125164503,512,1408,1664
matmul,linear,"[(640, 1408), (1408, 1664)]",112530,matmul_linear_2757,47.8474285,235085.05283936005,640,1408,1664
matmul,linear,"[(768, 1408), (1408, 1664)]",135036,matmul_linear_2758,50.4014196,267821.0249863676,768,1408,1664
matmul,linear,"[(896, 1408), (1408, 1664)]",157542,matmul_linear_2759,53.18271430000001,296127.8290485824,896,1408,1664
matmul,linear,"[(1024, 1408), (1408, 1664)]",180048,matmul_linear_2760,55.8257143,322418.0407588623,1024,1408,1664
matmul,linear,"[(1152, 1408), (1408, 1664)]",202554,matmul_linear_2761,74.08400900000001,273311.229675759,1152,1408,1664
matmul,linear,"[(1280, 1408), (1408, 1664)]",225060,matmul_linear_2762,76.95602679999999,292352.7283417392,1280,1408,1664
matmul,linear,"[(1408, 1408), (1408, 1664)]",247566,matmul_linear_2763,79.6640356,310662.56448148104,1408,1408,1664
matmul,linear,"[(1536, 1408), (1408, 1664)]",270072,matmul_linear_2764,81.9772588,329347.46378857933,1536,1408,1664
matmul,linear,"[(1664, 1408), (1408, 1664)]",292578,matmul_linear_2765,151.9704377,192422.96988021376,1664,1408,1664
matmul,linear,"[(1792, 1408), (1408, 1664)]",310882,matmul_linear_2766,87.7437322,354206.78887853376,1792,1408,1664
matmul,linear,"[(1920, 1408), (1408, 1664)]",329186,matmul_linear_2767,91.0621518,361395.96016904135,1920,1408,1664
matmul,linear,"[(2048, 1408), (1408, 1664)]",347490,matmul_linear_2768,103.2019998,336608.591571304,2048,1408,1664
matmul,linear,"[(128, 1408), (1408, 1792)]",23914,matmul_linear_2769,13.9428662,171414.23284833645,128,1408,1792
matmul,linear,"[(256, 1408), (1408, 1792)]",47828,matmul_linear_2770,26.1399733,182868.8173399932,256,1408,1792
matmul,linear,"[(384, 1408), (1408, 1792)]",71742,matmul_linear_2771,29.7688481,240896.89634950977,384,1408,1792
matmul,linear,"[(512, 1408), (1408, 1792)]",95656,matmul_linear_2772,33.619884,284422.1000762525,512,1408,1792
matmul,linear,"[(640, 1408), (1408, 1792)]",119570,matmul_linear_2773,37.236848,321006.662948486,640,1408,1792
matmul,linear,"[(768, 1408), (1408, 1792)]",143484,matmul_linear_2774,57.2743036,250420.72392199287,768,1408,1792
matmul,linear,"[(896, 1408), (1408, 1792)]",167398,matmul_linear_2775,60.7438572,275480.12894841324,896,1408,1792
matmul,linear,"[(1024, 1408), (1408, 1792)]",191312,matmul_linear_2776,64.1677144,298043.7032452569,1024,1408,1792
matmul,linear,"[(1152, 1408), (1408, 1792)]",215226,matmul_linear_2777,67.4821606,318837.6245312454,1152,1408,1792
matmul,linear,"[(1280, 1408), (1408, 1792)]",239140,matmul_linear_2778,70.8292677,337528.79070398747,1280,1408,1792
matmul,linear,"[(1408, 1408), (1408, 1792)]",263054,matmul_linear_2779,74.4957052,353012.9738201337,1408,1408,1792
matmul,linear,"[(1536, 1408), (1408, 1792)]",286968,matmul_linear_2780,78.1972681,366879.5722697376,1536,1408,1792
matmul,linear,"[(1664, 1408), (1408, 1792)]",310882,matmul_linear_2781,81.9855178,379091.3600623743,1664,1408,1792
matmul,linear,"[(1792, 1408), (1408, 1792)]",334796,matmul_linear_2782,88.4789733,378290.4666986003,1792,1408,1792
matmul,linear,"[(1920, 1408), (1408, 1792)]",354508,matmul_linear_2783,91.7947233,386096.4906647309,1920,1408,1792
matmul,linear,"[(2048, 1408), (1408, 1792)]",374220,matmul_linear_2784,103.9421517,359927.18231202447,2048,1408,1792
matmul,linear,"[(128, 1408), (1408, 1920)]",25322,matmul_linear_2785,16.9501341,149291.14847474865,128,1408,1920
matmul,linear,"[(256, 1408), (1408, 1920)]",50644,matmul_linear_2786,28.889286,175203.74409391775,256,1408,1920
matmul,linear,"[(384, 1408), (1408, 1920)]",75966,matmul_linear_2787,33.2572678,228319.2449507232,384,1408,1920
matmul,linear,"[(512, 1408), (1408, 1920)]",101288,matmul_linear_2788,37.5965804,269307.48047394224,512,1408,1920
matmul,linear,"[(640, 1408), (1408, 1920)]",126610,matmul_linear_2789,41.8831072,302193.7132992845,640,1408,1920
matmul,linear,"[(768, 1408), (1408, 1920)]",151932,matmul_linear_2790,46.3470268,327713.9084425583,768,1408,1920
matmul,linear,"[(896, 1408), (1408, 1920)]",177254,matmul_linear_2791,50.755553500000005,349130.74969520327,896,1408,1920
matmul,linear,"[(1024, 1408), (1408, 1920)]",202576,matmul_linear_2792,72.46688379999999,279442.8606521646,1024,1408,1920
matmul,linear,"[(1152, 1408), (1408, 1920)]",227898,matmul_linear_2793,76.4844107,297866.6024935458,1152,1408,1920
matmul,linear,"[(1280, 1408), (1408, 1920)]",253220,matmul_linear_2794,80.5881694,314114.85546239495,1280,1408,1920
matmul,linear,"[(1408, 1408), (1408, 1920)]",278542,matmul_linear_2795,84.63986630000002,328990.7844924135,1408,1408,1920
matmul,linear,"[(1536, 1408), (1408, 1920)]",303864,matmul_linear_2796,88.9328659,341577.957777362,1536,1408,1920
matmul,linear,"[(1664, 1408), (1408, 1920)]",329186,matmul_linear_2797,93.1600178,353255.44987411966,1664,1408,1920
matmul,linear,"[(1792, 1408), (1408, 1920)]",354508,matmul_linear_2798,97.3928661,363897.9129847171,1792,1408,1920
matmul,linear,"[(1920, 1408), (1408, 1920)]",379830,matmul_linear_2799,95.62725,397098.4972902599,1920,1408,1920
matmul,linear,"[(2048, 1408), (1408, 1920)]",400950,matmul_linear_2800,100.3781248,399339.6197367497,2048,1408,1920
matmul,linear,"[(128, 1408), (1408, 2048)]",26730,matmul_linear_2801,17.0647144,156539.01178445743,128,1408,2048
matmul,linear,"[(256, 1408), (1408, 2048)]",53460,matmul_linear_2802,22.6517142,235908.62843307463,256,1408,2048
matmul,linear,"[(384, 1408), (1408, 2048)]",80190,matmul_linear_2803,33.0715536,242374.2452982312,384,1408,2048
matmul,linear,"[(512, 1408), (1408, 2048)]",106920,matmul_linear_2804,42.0836074,253965.67213627227,512,1408,2048
matmul,linear,"[(640, 1408), (1408, 2048)]",133650,matmul_linear_2805,47.2275537,282891.5791297909,640,1408,2048
matmul,linear,"[(768, 1408), (1408, 2048)]",160380,matmul_linear_2806,52.2037143,307119.5190524977,768,1408,2048
matmul,linear,"[(896, 1408), (1408, 2048)]",187110,matmul_linear_2807,57.2154019,326927.32793352974,896,1408,2048
matmul,linear,"[(1024, 1408), (1408, 2048)]",213840,matmul_linear_2808,71.47585720000001,299077.9439617549,1024,1408,2048
matmul,linear,"[(1152, 1408), (1408, 2048)]",240570,matmul_linear_2809,75.1981518,319814.7774799433,1152,1408,2048
matmul,linear,"[(1280, 1408), (1408, 2048)]",267300,matmul_linear_2810,78.9029911,338670.4271707895,1280,1408,2048
matmul,linear,"[(1408, 1408), (1408, 2048)]",294030,matmul_linear_2811,82.52085720000001,356209.91966961767,1408,1408,2048
matmul,linear,"[(1536, 1408), (1408, 2048)]",320760,matmul_linear_2812,86.22574119999999,371900.2815122221,1536,1408,2048
matmul,linear,"[(1664, 1408), (1408, 2048)]",347490,matmul_linear_2813,90.00543730000001,385976.6753921432,1664,1408,2048
matmul,linear,"[(1792, 1408), (1408, 2048)]",374220,matmul_linear_2814,94.51575,395834.010998167,1792,1408,2048
matmul,linear,"[(1920, 1408), (1408, 2048)]",400950,matmul_linear_2815,98.72614279999998,406023.43258689536,1920,1408,2048
matmul,linear,"[(2048, 1408), (1408, 2048)]",427680,matmul_linear_2816,100.5584196,425205.0134451397,2048,1408,2048
matmul,linear,"[(128, 1536), (1536, 128)]",6120,matmul_linear_2817,3.564410900000001,171597.37641639457,128,1536,128
matmul,linear,"[(256, 1536), (1536, 128)]",7656,matmul_linear_2818,4.5968928,166447.28167687528,256,1536,128
matmul,linear,"[(384, 1536), (1536, 128)]",9192,matmul_linear_2819,5.6494197,162606.9767891382,384,1536,128
matmul,linear,"[(512, 1536), (1536, 128)]",10728,matmul_linear_2820,6.712678600000001,159716.97678777587,512,1536,128
matmul,linear,"[(640, 1536), (1536, 128)]",12264,matmul_linear_2821,7.4634284,164221.26554600563,640,1536,128
matmul,linear,"[(768, 1536), (1536, 128)]",13800,matmul_linear_2822,8.3821339,164535.88108512558,768,1536,128
matmul,linear,"[(896, 1536), (1536, 128)]",15336,matmul_linear_2823,9.1674464,167187.58839539002,896,1536,128
matmul,linear,"[(1024, 1536), (1536, 128)]",16872,matmul_linear_2824,10.0899642,167115.65771264082,1024,1536,128
matmul,linear,"[(1152, 1536), (1536, 128)]",18408,matmul_linear_2825,10.9674197,167742.57832314013,1152,1536,128
matmul,linear,"[(1280, 1536), (1536, 128)]",19944,matmul_linear_2826,13.3227499,149598.82456473945,1280,1536,128
matmul,linear,"[(1408, 1536), (1536, 128)]",21480,matmul_linear_2827,14.1892944,151281.73466892054,1408,1536,128
matmul,linear,"[(1536, 1536), (1536, 128)]",23016,matmul_linear_2828,15.025732200000002,153077.22752971732,1536,1536,128
matmul,linear,"[(1664, 1536), (1536, 128)]",24552,matmul_linear_2829,15.913134,154187.6469210905,1664,1536,128
matmul,linear,"[(1792, 1536), (1536, 128)]",26088,matmul_linear_2830,16.7381428,155759.58556883625,1792,1536,128
matmul,linear,"[(1920, 1536), (1536, 128)]",27624,matmul_linear_2831,17.688143000000004,156072.4144812714,1920,1536,128
matmul,linear,"[(2048, 1536), (1536, 128)]",29160,matmul_linear_2832,18.5437055,157150.1245773128,2048,1536,128
matmul,linear,"[(128, 1536), (1536, 256)]",7656,matmul_linear_2833,4.1422769,184725.88645872517,128,1536,256
matmul,linear,"[(256, 1536), (1536, 256)]",15312,matmul_linear_2834,6.4985537,235521.65840069923,256,1536,256
matmul,linear,"[(384, 1536), (1536, 256)]",18384,matmul_linear_2835,8.2415713,222964.2596030201,384,1536,256
matmul,linear,"[(512, 1536), (1536, 256)]",21456,matmul_linear_2836,9.9537501,215456.94873231745,512,1536,256
matmul,linear,"[(640, 1536), (1536, 256)]",24528,matmul_linear_2837,13.269428699999995,184745.9383937155,640,1536,256
matmul,linear,"[(768, 1536), (1536, 256)]",27600,matmul_linear_2838,11.1084377,248359.78116256616,768,1536,256
matmul,linear,"[(896, 1536), (1536, 256)]",30672,matmul_linear_2839,16.762169399999998,182883.47468078925,896,1536,256
matmul,linear,"[(1024, 1536), (1536, 256)]",33744,matmul_linear_2840,18.4458751,182835.20809972307,1024,1536,256
matmul,linear,"[(1152, 1536), (1536, 256)]",36816,matmul_linear_2841,20.1898661,182248.9062168669,1152,1536,256
matmul,linear,"[(1280, 1536), (1536, 256)]",39888,matmul_linear_2842,21.9547234,181582.9994770055,1280,1536,256
matmul,linear,"[(1408, 1536), (1536, 256)]",42960,matmul_linear_2843,23.6268929,181726.7013856909,1408,1536,256
matmul,linear,"[(1536, 1536), (1536, 256)]",46032,matmul_linear_2844,26.687571400000003,172384.7844341505,1536,1536,256
matmul,linear,"[(1664, 1536), (1536, 256)]",49104,matmul_linear_2845,27.1188572,180969.57692892756,1664,1536,256
matmul,linear,"[(1792, 1536), (1536, 256)]",52176,matmul_linear_2846,30.2516965,172372.97188770885,1792,1536,256
matmul,linear,"[(1920, 1536), (1536, 256)]",55248,matmul_linear_2847,31.8377232,173429.9966424735,1920,1536,256
matmul,linear,"[(2048, 1536), (1536, 256)]",58320,matmul_linear_2848,33.8176874,172354.13416412385,2048,1536,256
matmul,linear,"[(128, 1536), (1536, 384)]",9192,matmul_linear_2849,5.352134,171644.5788913357,128,1536,384
matmul,linear,"[(256, 1536), (1536, 384)]",18384,matmul_linear_2850,8.066821100000002,227796.463453243,256,1536,384
matmul,linear,"[(384, 1536), (1536, 384)]",27576,matmul_linear_2851,9.9524285,276978.1020933735,384,1536,384
matmul,linear,"[(512, 1536), (1536, 384)]",32184,matmul_linear_2852,11.268866,285501.05338017154,512,1536,384
matmul,linear,"[(640, 1536), (1536, 384)]",36792,matmul_linear_2853,12.4530092,295346.6620003782,640,1536,384
matmul,linear,"[(768, 1536), (1536, 384)]",41400,matmul_linear_2854,13.715857,301740.41726302623,768,1536,384
matmul,linear,"[(896, 1536), (1536, 384)]",46008,matmul_linear_2855,14.931857099999998,308019.7448641536,896,1536,384
matmul,linear,"[(1024, 1536), (1536, 384)]",50616,matmul_linear_2856,16.192705500000002,312485.1946112402,1024,1536,384
matmul,linear,"[(1152, 1536), (1536, 384)]",55224,matmul_linear_2857,17.304884100000002,319023.7784713045,1152,1536,384
matmul,linear,"[(1280, 1536), (1536, 384)]",59832,matmul_linear_2858,18.609009000000004,321421.6887691332,1280,1536,384
matmul,linear,"[(1408, 1536), (1536, 384)]",64440,matmul_linear_2859,19.8465445,324591.2831601491,1408,1536,384
matmul,linear,"[(1536, 1536), (1536, 384)]",69048,matmul_linear_2860,21.098000000000003,327172.72727272724,1536,1536,384
matmul,linear,"[(1664, 1536), (1536, 384)]",73656,matmul_linear_2861,22.2305894,331227.2476707253,1664,1536,384
matmul,linear,"[(1792, 1536), (1536, 384)]",78264,matmul_linear_2862,23.5252854,332580.34231797245,1792,1536,384
matmul,linear,"[(1920, 1536), (1536, 384)]",82872,matmul_linear_2863,28.846259100000005,287188.55174153234,1920,1536,384
matmul,linear,"[(2048, 1536), (1536, 384)]",87480,matmul_linear_2864,30.0208659,291297.32441894687,2048,1536,384
matmul,linear,"[(128, 1536), (1536, 512)]",10728,matmul_linear_2865,6.137982200000001,174680.5655089713,128,1536,512
matmul,linear,"[(256, 1536), (1536, 512)]",21456,matmul_linear_2866,9.5941608,223536.02661318745,256,1536,512
matmul,linear,"[(384, 1536), (1536, 512)]",32184,matmul_linear_2867,11.257285800000002,285794.84687330225,384,1536,512
matmul,linear,"[(512, 1536), (1536, 512)]",42912,matmul_linear_2868,13.266,323373.5413839892,512,1536,512
matmul,linear,"[(640, 1536), (1536, 512)]",49056,matmul_linear_2869,21.919848,223697.1723161584,640,1536,512
matmul,linear,"[(768, 1536), (1536, 512)]",55200,matmul_linear_2870,25.4366964,216909.31257724177,768,1536,512
matmul,linear,"[(896, 1536), (1536, 512)]",61344,matmul_linear_2871,28.8592767,212462.49987720585,896,1536,512
matmul,linear,"[(1024, 1536), (1536, 512)]",67488,matmul_linear_2872,32.3225448,208695.4411312317,1024,1536,512
matmul,linear,"[(1152, 1536), (1536, 512)]",73632,matmul_linear_2873,38.3928748,191685.5862150755,1152,1536,512
matmul,linear,"[(1280, 1536), (1536, 512)]",79776,matmul_linear_2874,28.295419599999995,281839.62530953245,1280,1536,512
matmul,linear,"[(1408, 1536), (1536, 512)]",85920,matmul_linear_2875,30.3260179,283221.07526718825,1408,1536,512
matmul,linear,"[(1536, 1536), (1536, 512)]",92064,matmul_linear_2876,34.9004198,263690.52323032514,1536,1536,512
matmul,linear,"[(1664, 1536), (1536, 512)]",98208,matmul_linear_2877,37.1108572,264534.1459339829,1664,1536,512
matmul,linear,"[(1792, 1536), (1536, 512)]",104352,matmul_linear_2878,39.1158573,266676.7171755174,1792,1536,512
matmul,linear,"[(1920, 1536), (1536, 512)]",110496,matmul_linear_2879,40.9068929,270015.8464176583,1920,1536,512
matmul,linear,"[(2048, 1536), (1536, 512)]",116640,matmul_linear_2880,43.0862946,270612.53418946825,2048,1536,512
matmul,linear,"[(128, 1536), (1536, 640)]",12264,matmul_linear_2881,7.7858481,157416.5587933831,128,1536,640
matmul,linear,"[(256, 1536), (1536, 640)]",24528,matmul_linear_2882,11.8017142,207734.21445674388,256,1536,640
matmul,linear,"[(384, 1536), (1536, 640)]",36792,matmul_linear_2883,19.5982855,187630.70736213127,384,1536,640
matmul,linear,"[(512, 1536), (1536, 640)]",49056,matmul_linear_2884,21.3911427,229228.56223711697,512,1536,640
matmul,linear,"[(640, 1536), (1536, 640)]",61320,matmul_linear_2885,18.4792678,331731.32937767147,640,1536,640
matmul,linear,"[(768, 1536), (1536, 640)]",69000,matmul_linear_2886,20.6637321,333818.3825365216,768,1536,640
matmul,linear,"[(896, 1536), (1536, 640)]",76680,matmul_linear_2887,22.360116400000003,342832.0251660228,896,1536,640
matmul,linear,"[(1024, 1536), (1536, 640)]",84360,matmul_linear_2888,24.1352768,349429.86327465693,1024,1536,640
matmul,linear,"[(1152, 1536), (1536, 640)]",92040,matmul_linear_2889,26.0894645,352686.0834399265,1152,1536,640
matmul,linear,"[(1280, 1536), (1536, 640)]",99720,matmul_linear_2890,27.8698481,357706.0405718537,1280,1536,640
matmul,linear,"[(1408, 1536), (1536, 640)]",107400,matmul_linear_2891,29.8739731,359410.26547587005,1408,1536,640
matmul,linear,"[(1536, 1536), (1536, 640)]",115080,matmul_linear_2892,31.656151900000005,363431.2351404278,1536,1536,640
matmul,linear,"[(1664, 1536), (1536, 640)]",122760,matmul_linear_2893,33.5928216,365335.2154806787,1664,1536,640
matmul,linear,"[(1792, 1536), (1536, 640)]",130440,matmul_linear_2894,35.399009,368384.89176632033,1792,1536,640
matmul,linear,"[(1920, 1536), (1536, 640)]",138120,matmul_linear_2895,37.2774465,370418.9409902312,1920,1536,640
matmul,linear,"[(2048, 1536), (1536, 640)]",145800,matmul_linear_2896,42.12257150000001,346032.71414353227,2048,1536,640
matmul,linear,"[(128, 1536), (1536, 768)]",13800,matmul_linear_2897,8.1485357,169255.58127333233,128,1536,768
matmul,linear,"[(256, 1536), (1536, 768)]",27600,matmul_linear_2898,13.0697144,211075.2342499542,256,1536,768
matmul,linear,"[(384, 1536), (1536, 768)]",41400,matmul_linear_2899,22.8449909,181121.3459888049,384,1536,768
matmul,linear,"[(512, 1536), (1536, 768)]",55200,matmul_linear_2900,24.6507143,223828.60234480104,512,1536,768
matmul,linear,"[(640, 1536), (1536, 768)]",69000,matmul_linear_2901,26.5739643,259552.64053583457,640,1536,768
matmul,linear,"[(768, 1536), (1536, 768)]",82800,matmul_linear_2902,37.15001779999999,222780.10855273405,768,1536,768
matmul,linear,"[(896, 1536), (1536, 768)]",92016,matmul_linear_2903,42.3241428,217307.82898974625,896,1536,768
matmul,linear,"[(1024, 1536), (1536, 768)]",101232,matmul_linear_2904,47.3998392,213470.3447702835,1024,1536,768
matmul,linear,"[(1152, 1536), (1536, 768)]",110448,matmul_linear_2905,52.6384196,209723.928680412,1152,1536,768
matmul,linear,"[(1280, 1536), (1536, 768)]",119664,matmul_linear_2906,57.8086964,206899.99732220225,1280,1536,768
matmul,linear,"[(1408, 1536), (1536, 768)]",128880,matmul_linear_2907,36.7541342,350554.43059736124,1408,1536,768
matmul,linear,"[(1536, 1536), (1536, 768)]",138096,matmul_linear_2908,42.8751606,321988.5894477559,1536,1536,768
matmul,linear,"[(1664, 1536), (1536, 768)]",147312,matmul_linear_2909,45.638973400000005,322676.7607936597,1664,1536,768
matmul,linear,"[(1792, 1536), (1536, 768)]",156528,matmul_linear_2910,47.7404465,327772.9284611948,1792,1536,768
matmul,linear,"[(1920, 1536), (1536, 768)]",165744,matmul_linear_2911,49.6135624,333969.9437458658,1920,1536,768
matmul,linear,"[(2048, 1536), (1536, 768)]",174960,matmul_linear_2912,52.385982,333882.47645715607,2048,1536,768
matmul,linear,"[(128, 1536), (1536, 896)]",15336,matmul_linear_2913,12.6352589,121274.63997670836,128,1536,896
matmul,linear,"[(256, 1536), (1536, 896)]",30672,matmul_linear_2914,14.8628484,206266.9033992165,256,1536,896
matmul,linear,"[(384, 1536), (1536, 896)]",46008,matmul_linear_2915,26.0684106,176389.47113024222,384,1536,896
matmul,linear,"[(512, 1536), (1536, 896)]",61344,matmul_linear_2916,28.179,217594.02746726287,512,1536,896
matmul,linear,"[(640, 1536), (1536, 896)]",76680,matmul_linear_2917,30.004571200000004,255461.0593095228,640,1536,896
matmul,linear,"[(768, 1536), (1536, 896)]",92016,matmul_linear_2918,31.851562600000005,288790.0653181769,768,1536,896
matmul,linear,"[(896, 1536), (1536, 896)]",107352,matmul_linear_2919,29.9021519,358910.95131551387,896,1536,896
matmul,linear,"[(1024, 1536), (1536, 896)]",118104,matmul_linear_2920,45.4637055,259676.44959010213,1024,1536,896
matmul,linear,"[(1152, 1536), (1536, 896)]",128856,matmul_linear_2921,49.4280178,260594.2494060525,1152,1536,896
matmul,linear,"[(1280, 1536), (1536, 896)]",139608,matmul_linear_2922,53.4045984,261315.6911252047,1280,1536,896
matmul,linear,"[(1408, 1536), (1536, 896)]",150360,matmul_linear_2923,57.2248391,262653.0323628293,1408,1536,896
matmul,linear,"[(1536, 1536), (1536, 896)]",161112,matmul_linear_2924,61.22360739999999,263053.39268950035,1536,1536,896
matmul,linear,"[(1664, 1536), (1536, 896)]",171864,matmul_linear_2925,65.1905628,263533.2509158826,1664,1536,896
matmul,linear,"[(1792, 1536), (1536, 896)]",182616,matmul_linear_2926,69.06973239999999,264293.66949103744,1792,1536,896
matmul,linear,"[(1920, 1536), (1536, 896)]",193368,matmul_linear_2927,73.038866,264646.71717931656,1920,1536,896
matmul,linear,"[(2048, 1536), (1536, 896)]",204120,matmul_linear_2928,77.0058574,264970.7451249027,2048,1536,896
matmul,linear,"[(128, 1536), (1536, 1024)]",16872,matmul_linear_2929,9.8396963,171368.70681364424,128,1536,1024
matmul,linear,"[(256, 1536), (1536, 1024)]",33744,matmul_linear_2930,17.8897233,188522.2577852839,256,1536,1024
matmul,linear,"[(384, 1536), (1536, 1024)]",50616,matmul_linear_2931,20.8251427,242952.35613103383,384,1536,1024
matmul,linear,"[(512, 1536), (1536, 1024)]",67488,matmul_linear_2932,23.911437400000004,282141.5017175002,512,1536,1024
matmul,linear,"[(640, 1536), (1536, 1024)]",84360,matmul_linear_2933,36.9947142,227932.57661063373,640,1536,1024
matmul,linear,"[(768, 1536), (1536, 1024)]",101232,matmul_linear_2934,39.7005626,254888.8298056512,768,1536,1024
matmul,linear,"[(896, 1536), (1536, 1024)]",118104,matmul_linear_2935,42.5225982,277644.08196910226,896,1536,1024
matmul,linear,"[(1024, 1536), (1536, 1024)]",134976,matmul_linear_2936,45.569277,296099.5644565526,1024,1536,1024
matmul,linear,"[(1152, 1536), (1536, 1024)]",147264,matmul_linear_2937,49.6238483,296660.53962949105,1152,1536,1024
matmul,linear,"[(1280, 1536), (1536, 1024)]",159552,matmul_linear_2938,53.5775716,297696.25174351875,1280,1536,1024
matmul,linear,"[(1408, 1536), (1536, 1024)]",171840,matmul_linear_2939,57.5680088,298399.12057406444,1408,1536,1024
matmul,linear,"[(1536, 1536), (1536, 1024)]",184128,matmul_linear_2940,61.4712678,299435.0618098038,1536,1536,1024
matmul,linear,"[(1664, 1536), (1536, 1024)]",196416,matmul_linear_2941,65.39985720000001,300230.93099781254,1664,1536,1024
matmul,linear,"[(1792, 1536), (1536, 1024)]",208704,matmul_linear_2942,69.36200889999999,300790.93916078896,1792,1536,1024
matmul,linear,"[(1920, 1536), (1536, 1024)]",220992,matmul_linear_2943,73.3322678,301257.1059914773,1920,1536,1024
matmul,linear,"[(2048, 1536), (1536, 1024)]",233280,matmul_linear_2944,77.2139822,302021.4465998621,2048,1536,1024
matmul,linear,"[(128, 1536), (1536, 1152)]",18408,matmul_linear_2945,11.7896965,156036.33480726156,128,1536,1152
matmul,linear,"[(256, 1536), (1536, 1152)]",36816,matmul_linear_2946,18.30917,200979.56832559855,256,1536,1152
matmul,linear,"[(384, 1536), (1536, 1152)]",55224,matmul_linear_2947,32.5865626,169368.6263104044,384,1536,1152
matmul,linear,"[(512, 1536), (1536, 1152)]",73632,matmul_linear_2948,34.9699824,210457.7267891333,512,1536,1152
matmul,linear,"[(640, 1536), (1536, 1152)]",92040,matmul_linear_2949,37.1268214,247807.02928314783,640,1536,1152
matmul,linear,"[(768, 1536), (1536, 1152)]",110448,matmul_linear_2950,39.2708662,281146.6611699031,768,1536,1152
matmul,linear,"[(896, 1536), (1536, 1152)]",128856,matmul_linear_2951,41.5018573,310382.4901414714,896,1536,1152
matmul,linear,"[(1024, 1536), (1536, 1152)]",147264,matmul_linear_2952,43.8424286,335793.8012845392,1024,1536,1152
matmul,linear,"[(1152, 1536), (1536, 1152)]",165672,matmul_linear_2953,41.9658659,394677.9855055963,1152,1536,1152
matmul,linear,"[(1280, 1536), (1536, 1152)]",179496,matmul_linear_2954,45.220125,396838.310099762,1280,1536,1152
matmul,linear,"[(1408, 1536), (1536, 1152)]",193320,matmul_linear_2955,48.6324642,397412.2445060064,1408,1536,1152
matmul,linear,"[(1536, 1536), (1536, 1152)]",207144,matmul_linear_2956,51.814857,399677.2299168943,1536,1536,1152
matmul,linear,"[(1664, 1536), (1536, 1152)]",220968,matmul_linear_2957,55.1350087,400676.2131721583,1664,1536,1152
matmul,linear,"[(1792, 1536), (1536, 1152)]",234792,matmul_linear_2958,65.53558050000001,358166.4534420352,1792,1536,1152
matmul,linear,"[(1920, 1536), (1536, 1152)]",248616,matmul_linear_2959,68.05525899999999,365214.8980007556,1920,1536,1152
matmul,linear,"[(2048, 1536), (1536, 1152)]",262440,matmul_linear_2960,71.4146964,367387.384571448,2048,1536,1152
matmul,linear,"[(128, 1536), (1536, 1280)]",19944,matmul_linear_2961,11.8307232,168478.02910983498,128,1536,1280
matmul,linear,"[(256, 1536), (1536, 1280)]",39888,matmul_linear_2962,21.251723,187593.01670269275,256,1536,1280
matmul,linear,"[(384, 1536), (1536, 1280)]",59832,matmul_linear_2963,24.475714000000004,244354.56422640005,384,1536,1280
matmul,linear,"[(512, 1536), (1536, 1280)]",79776,matmul_linear_2964,27.7661606,287213.75990096375,512,1536,1280
matmul,linear,"[(640, 1536), (1536, 1280)]",99720,matmul_linear_2965,31.124875100000004,320286.8278334071,640,1536,1280
matmul,linear,"[(768, 1536), (1536, 1280)]",119664,matmul_linear_2966,46.9280091,254894.8363353859,768,1536,1280
matmul,linear,"[(896, 1536), (1536, 1280)]",139608,matmul_linear_2967,50.0014554,279107.87281723804,896,1536,1280
matmul,linear,"[(1024, 1536), (1536, 1280)]",159552,matmul_linear_2968,53.0007499,300937.2500408716,1024,1536,1280
matmul,linear,"[(1152, 1536), (1536, 1280)]",179496,matmul_linear_2969,55.8447233,321319.8036862688,1152,1536,1280
matmul,linear,"[(1280, 1536), (1536, 1280)]",199440,matmul_linear_2970,94.7360089,210421.85152798856,1280,1536,1280
matmul,linear,"[(1408, 1536), (1536, 1280)]",214800,matmul_linear_2971,103.2724287,207893.55907856167,1408,1536,1280
matmul,linear,"[(1536, 1536), (1536, 1280)]",230160,matmul_linear_2972,60.1467234,382564.2367022108,1536,1536,1280
matmul,linear,"[(1664, 1536), (1536, 1280)]",245520,matmul_linear_2973,63.5772947,386075.60114586,1664,1536,1280
matmul,linear,"[(1792, 1536), (1536, 1280)]",260880,matmul_linear_2974,66.3731695,392950.3876268858,1792,1536,1280
matmul,linear,"[(1920, 1536), (1536, 1280)]",276240,matmul_linear_2975,68.78885679999999,401476.669318918,1920,1536,1280
matmul,linear,"[(2048, 1536), (1536, 1280)]",291600,matmul_linear_2976,72.254973,403470.8379546416,2048,1536,1280
matmul,linear,"[(128, 1536), (1536, 1408)]",21480,matmul_linear_2977,14.9494284,143584.42341246977,128,1536,1408
matmul,linear,"[(256, 1536), (1536, 1408)]",42960,matmul_linear_2978,24.594883900000003,174570.47282951395,256,1536,1408
matmul,linear,"[(384, 1536), (1536, 1408)]",64440,matmul_linear_2979,30.0450088,214378.2197567537,384,1536,1408
matmul,linear,"[(512, 1536), (1536, 1408)]",85920,matmul_linear_2980,41.7388127,205751.56702361105,512,1536,1408
matmul,linear,"[(640, 1536), (1536, 1408)]",107400,matmul_linear_2981,44.2765712,242466.208469187,640,1536,1408
matmul,linear,"[(768, 1536), (1536, 1408)]",128880,matmul_linear_2982,46.6184463,276357.0899052035,768,1536,1408
matmul,linear,"[(896, 1536), (1536, 1408)]",150360,matmul_linear_2983,49.1055715,306097.43423615384,896,1536,1408
matmul,linear,"[(1024, 1536), (1536, 1408)]",171840,matmul_linear_2984,51.90470539999999,330968.2503170513,1024,1536,1408
matmul,linear,"[(1152, 1536), (1536, 1408)]",193320,matmul_linear_2985,54.3539911,355568.4543078567,1152,1536,1408
matmul,linear,"[(1280, 1536), (1536, 1408)]",214800,matmul_linear_2986,56.9852857,376839.41051874025,1280,1536,1408
matmul,linear,"[(1408, 1536), (1536, 1408)]",236280,matmul_linear_2987,69.129875,341691.4468961502,1408,1536,1408
matmul,linear,"[(1536, 1536), (1536, 1408)]",253176,matmul_linear_2988,73.6278214,343759.1488733089,1536,1536,1408
matmul,linear,"[(1664, 1536), (1536, 1408)]",270072,matmul_linear_2989,78.1221428,345604.8031713743,1664,1536,1408
matmul,linear,"[(1792, 1536), (1536, 1408)]",286968,matmul_linear_2990,82.52196430000001,347647.41783503565,1792,1536,1408
matmul,linear,"[(1920, 1536), (1536, 1408)]",303864,matmul_linear_2991,87.0085622,349134.5952132053,1920,1536,1408
matmul,linear,"[(2048, 1536), (1536, 1408)]",320760,matmul_linear_2992,91.4083304,350808.9364135241,2048,1536,1408
matmul,linear,"[(128, 1536), (1536, 1536)]",23016,matmul_linear_2993,14.965705300000002,153691.61582180826,128,1536,1536
matmul,linear,"[(256, 1536), (1536, 1536)]",46032,matmul_linear_2994,24.7070002,186211.5701112109,256,1536,1536
matmul,linear,"[(384, 1536), (1536, 1536)]",69048,matmul_linear_2995,30.3125535,227686.81446285945,384,1536,1536
matmul,linear,"[(512, 1536), (1536, 1536)]",92064,matmul_linear_2996,34.66741089999999,265463.52957987995,512,1536,1536
matmul,linear,"[(640, 1536), (1536, 1536)]",115080,matmul_linear_2997,38.9142858,295626.8715953152,640,1536,1536
matmul,linear,"[(768, 1536), (1536, 1536)]",138096,matmul_linear_2998,43.0809911,320449.7284857033,768,1536,1536
matmul,linear,"[(896, 1536), (1536, 1536)]",161112,matmul_linear_2999,57.6332677,279446.8770548299,896,1536,1536
matmul,linear,"[(1024, 1536), (1536, 1536)]",184128,matmul_linear_3000,61.11843759999999,301164.2456684789,1024,1536,1536
matmul,linear,"[(1152, 1536), (1536, 1536)]",207144,matmul_linear_3001,64.2551428,322277.30860665056,1152,1536,1536
matmul,linear,"[(1280, 1536), (1536, 1536)]",230160,matmul_linear_3002,67.5809912,340469.13921084953,1280,1536,1536
matmul,linear,"[(1408, 1536), (1536, 1536)]",253176,matmul_linear_3003,70.942991,356772.46397603955,1408,1536,1536
matmul,linear,"[(1536, 1536), (1536, 1536)]",276192,matmul_linear_3004,73.756125,374366.5273562026,1536,1536,1536
matmul,linear,"[(1664, 1536), (1536, 1536)]",294624,matmul_linear_3005,78.2842856,376251.393823028,1664,1536,1536
matmul,linear,"[(1792, 1536), (1536, 1536)]",313056,matmul_linear_3006,82.6745535,378560.6479828161,1792,1536,1536
matmul,linear,"[(1920, 1536), (1536, 1536)]",331488,matmul_linear_3007,87.1974464,380057.92168886267,1920,1536,1536
matmul,linear,"[(2048, 1536), (1536, 1536)]",349920,matmul_linear_3008,91.6270001,381796.1655604831,2048,1536,1536
matmul,linear,"[(128, 1536), (1536, 1664)]",24552,matmul_linear_3009,14.8543304,165185.1346298316,128,1536,1664
matmul,linear,"[(256, 1536), (1536, 1664)]",49104,matmul_linear_3010,28.0152859,175175.74116243448,256,1536,1664
matmul,linear,"[(384, 1536), (1536, 1664)]",73656,matmul_linear_3011,31.7804464,231665.1522981754,384,1536,1664
matmul,linear,"[(512, 1536), (1536, 1664)]",98208,matmul_linear_3012,35.7941519,274268.8417995455,512,1536,1664
matmul,linear,"[(640, 1536), (1536, 1664)]",122760,matmul_linear_3013,51.4238573,238621.88210976543,640,1536,1664
matmul,linear,"[(768, 1536), (1536, 1664)]",147312,matmul_linear_3014,53.986687200000006,272767.27087784704,768,1536,1664
matmul,linear,"[(896, 1536), (1536, 1664)]",171864,matmul_linear_3015,56.8581341,302168.0971164687,896,1536,1664
matmul,linear,"[(1024, 1536), (1536, 1664)]",196416,matmul_linear_3016,68.65127670000001,286006.84235097404,1024,1536,1664
matmul,linear,"[(1152, 1536), (1536, 1664)]",220968,matmul_linear_3017,79.5898569,277533.36762576835,1152,1536,1664
matmul,linear,"[(1280, 1536), (1536, 1664)]",245520,matmul_linear_3018,82.60697329999999,297114.61783662764,1280,1536,1664
matmul,linear,"[(1408, 1536), (1536, 1664)]",270072,matmul_linear_3019,102.6231074,263068.79973954085,1408,1536,1664
matmul,linear,"[(1536, 1536), (1536, 1664)]",294624,matmul_linear_3020,105.1848482,280001.17905936186,1536,1536,1664
matmul,linear,"[(1664, 1536), (1536, 1664)]",319176,matmul_linear_3021,167.22471439999998,190766.52421276315,1664,1536,1664
matmul,linear,"[(1792, 1536), (1536, 1664)]",339144,matmul_linear_3022,80.6751516,420282.228324192,1792,1536,1664
matmul,linear,"[(1920, 1536), (1536, 1664)]",359112,matmul_linear_3023,84.9509642,422628.5745156969,1920,1536,1664
matmul,linear,"[(2048, 1536), (1536, 1664)]",379080,matmul_linear_3024,89.3338749,424240.7110956966,2048,1536,1664
matmul,linear,"[(128, 1536), (1536, 1792)]",26088,matmul_linear_3025,14.9824196,174024.07806279833,128,1536,1792
matmul,linear,"[(256, 1536), (1536, 1792)]",52176,matmul_linear_3026,28.0858395,185673.33250088536,256,1536,1792
matmul,linear,"[(384, 1536), (1536, 1792)]",78264,matmul_linear_3027,31.9077143,245182.37674486137,384,1536,1792
matmul,linear,"[(512, 1536), (1536, 1792)]",104352,matmul_linear_3028,35.8633304,290871.3036578443,512,1536,1792
matmul,linear,"[(640, 1536), (1536, 1792)]",130440,matmul_linear_3029,39.6920092,328530.37832813966,640,1536,1792
matmul,linear,"[(768, 1536), (1536, 1792)]",156528,matmul_linear_3030,61.4762946,254515.21553707952,768,1536,1792
matmul,linear,"[(896, 1536), (1536, 1792)]",182616,matmul_linear_3031,65.04572299999998,280650.20397574804,896,1536,1792
matmul,linear,"[(1024, 1536), (1536, 1792)]",208704,matmul_linear_3032,68.7493214,303472.4509711306,1024,1536,1792
matmul,linear,"[(1152, 1536), (1536, 1792)]",234792,matmul_linear_3033,72.278107,324745.25362569327,1152,1536,1792
matmul,linear,"[(1280, 1536), (1536, 1792)]",260880,matmul_linear_3034,75.9781429,343261.90652009216,1280,1536,1792
matmul,linear,"[(1408, 1536), (1536, 1792)]",286968,matmul_linear_3035,79.58283930000002,360490.3012811959,1408,1536,1792
matmul,linear,"[(1536, 1536), (1536, 1792)]",313056,matmul_linear_3036,83.4152767,375198.1616615557,1536,1536,1792
matmul,linear,"[(1664, 1536), (1536, 1792)]",339144,matmul_linear_3037,87.1960265,388844.3287877344,1664,1536,1792
matmul,linear,"[(1792, 1536), (1536, 1792)]",365232,matmul_linear_3038,81.11670519999998,450154.9741135197,1792,1536,1792
matmul,linear,"[(1920, 1536), (1536, 1792)]",386736,matmul_linear_3039,85.4590178,452439.7201557821,1920,1536,1792
matmul,linear,"[(2048, 1536), (1536, 1792)]",408240,matmul_linear_3040,89.9017053,453995.9469430664,2048,1536,1792
matmul,linear,"[(128, 1536), (1536, 1920)]",27624,matmul_linear_3041,18.2780088,151032.43626406393,128,1536,1920
matmul,linear,"[(256, 1536), (1536, 1920)]",55248,matmul_linear_3042,31.0977142,177559.3599281326,256,1536,1920
matmul,linear,"[(384, 1536), (1536, 1920)]",82872,matmul_linear_3043,35.7837322,231491.27040415315,384,1536,1920
matmul,linear,"[(512, 1536), (1536, 1920)]",110496,matmul_linear_3044,40.3949822,273438.9248420068,512,1536,1920
matmul,linear,"[(640, 1536), (1536, 1920)]",138120,matmul_linear_3045,44.9967053,306855.8072732939,640,1536,1920
matmul,linear,"[(768, 1536), (1536, 1920)]",165744,matmul_linear_3046,49.77158059999999,332909.3157620154,768,1536,1920
matmul,linear,"[(896, 1536), (1536, 1920)]",193368,matmul_linear_3047,54.437875,355108.5749122279,896,1536,1920
matmul,linear,"[(1024, 1536), (1536, 1920)]",220992,matmul_linear_3048,78.13083909999999,282748.619758392,1024,1536,1920
matmul,linear,"[(1152, 1536), (1536, 1920)]",248616,matmul_linear_3049,82.3825805,301682.243881035,1152,1536,1920
matmul,linear,"[(1280, 1536), (1536, 1920)]",276240,matmul_linear_3050,86.93644649999999,317649.3572848069,1280,1536,1920
matmul,linear,"[(1408, 1536), (1536, 1920)]",303864,matmul_linear_3051,91.2667143,332840.6589582901,1408,1536,1920
matmul,linear,"[(1536, 1536), (1536, 1920)]",331488,matmul_linear_3052,95.7617412,346059.1193373164,1536,1536,1920
matmul,linear,"[(1664, 1536), (1536, 1920)]",359112,matmul_linear_3053,100.1134284,358605.12651427684,1664,1536,1920
matmul,linear,"[(1792, 1536), (1536, 1920)]",386736,matmul_linear_3054,104.636857,369498.2573329778,1792,1536,1920
matmul,linear,"[(1920, 1536), (1536, 1920)]",414360,matmul_linear_3055,102.8018482,402966.6833867293,1920,1536,1920
matmul,linear,"[(2048, 1536), (1536, 1920)]",437400,matmul_linear_3056,150.8291341,289897.023857475,2048,1536,1920
matmul,linear,"[(128, 1536), (1536, 2048)]",29160,matmul_linear_3057,18.3672857,158660.52932524483,128,1536,2048
matmul,linear,"[(256, 1536), (1536, 2048)]",58320,matmul_linear_3058,24.3378482,239526.77193458707,256,1536,2048
matmul,linear,"[(384, 1536), (1536, 2048)]",87480,matmul_linear_3059,39.7080179,220208.150913773,384,1536,2048
matmul,linear,"[(512, 1536), (1536, 2048)]",116640,matmul_linear_3060,45.4291789,256651.2836997369,512,1536,2048
matmul,linear,"[(640, 1536), (1536, 2048)]",145800,matmul_linear_3061,50.8324198,286724.8267024266,640,1536,2048
matmul,linear,"[(768, 1536), (1536, 2048)]",174960,matmul_linear_3062,56.21370520000001,311140.8253067794,768,1536,2048
matmul,linear,"[(896, 1536), (1536, 2048)]",204120,matmul_linear_3063,61.607428600000006,331223.68066405546,896,1536,2048
matmul,linear,"[(1024, 1536), (1536, 2048)]",233280,matmul_linear_3064,77.22215200000001,301989.4833389258,1024,1536,2048
matmul,linear,"[(1152, 1536), (1536, 2048)]",262440,matmul_linear_3065,80.94769649999999,324109.3491814187,1152,1536,2048
matmul,linear,"[(1280, 1536), (1536, 2048)]",291600,matmul_linear_3066,84.8468569,343578.0225620826,1280,1536,2048
matmul,linear,"[(1408, 1536), (1536, 2048)]",320760,matmul_linear_3067,88.6959823,361539.8304435939,1408,1536,2048
matmul,linear,"[(1536, 1536), (1536, 2048)]",349920,matmul_linear_3068,92.5721518,377897.04683973873,1536,1536,2048
matmul,linear,"[(1664, 1536), (1536, 2048)]",379080,matmul_linear_3069,96.6294463,392202.7757223111,1664,1536,2048
matmul,linear,"[(1792, 1536), (1536, 2048)]",408240,matmul_linear_3070,101.5668929,401841.9993500658,1792,1536,2048
matmul,linear,"[(1920, 1536), (1536, 2048)]",437400,matmul_linear_3071,106.0057232,412519.2311095898,1920,1536,2048
matmul,linear,"[(2048, 1536), (1536, 2048)]",466560,matmul_linear_3072,150.9818482,308917.2796016945,2048,1536,2048
matmul,linear,"[(128, 1664), (1664, 128)]",6630,matmul_linear_3073,3.9422946999999993,168076.1639991044,128,1664,128
matmul,linear,"[(256, 1664), (1664, 128)]",8294,matmul_linear_3074,5.0295714,164804.70738719404,256,1664,128
matmul,linear,"[(384, 1664), (1664, 128)]",9958,matmul_linear_3075,6.156589500000001,161645.39491385611,384,1664,128
matmul,linear,"[(512, 1664), (1664, 128)]",11622,matmul_linear_3076,7.3199911,158670.68484413868,512,1664,128
matmul,linear,"[(640, 1664), (1664, 128)]",13286,matmul_linear_3077,8.3635713,158755.58361892603,640,1664,128
matmul,linear,"[(768, 1664), (1664, 128)]",14950,matmul_linear_3078,9.3848394,159199.4761316853,768,1664,128
matmul,linear,"[(896, 1664), (1664, 128)]",16614,matmul_linear_3079,10.4292946,159201.28198699077,896,1664,128
matmul,linear,"[(1024, 1664), (1664, 128)]",18278,matmul_linear_3080,12.2444283,149176.05889121015,1024,1664,128
matmul,linear,"[(1152, 1664), (1664, 128)]",19942,matmul_linear_3081,13.3367144,149427.08292231255,1152,1664,128
matmul,linear,"[(1280, 1664), (1664, 128)]",21606,matmul_linear_3082,14.171294499999998,152363.13595416426,1280,1664,128
matmul,linear,"[(1408, 1664), (1664, 128)]",23270,matmul_linear_3083,15.1175981,153826.56853339684,1408,1664,128
matmul,linear,"[(1536, 1664), (1664, 128)]",24934,matmul_linear_3084,15.9570982,156156.48026656875,1536,1664,128
matmul,linear,"[(1664, 1664), (1664, 128)]",26598,matmul_linear_3085,16.909134,157199.5991397312,1664,1664,128
matmul,linear,"[(1792, 1664), (1664, 128)]",28262,matmul_linear_3086,17.7710181,158934.219879614,1792,1664,128
matmul,linear,"[(1920, 1664), (1664, 128)]",29926,matmul_linear_3087,18.7247146,159720.8605005921,1920,1664,128
matmul,linear,"[(2048, 1664), (1664, 128)]",31590,matmul_linear_3088,19.652982100000003,160638.96490243074,2048,1664,128
matmul,linear,"[(128, 1664), (1664, 256)]",8294,matmul_linear_3089,5.031249900000001,164749.69271750943,128,1664,256
matmul,linear,"[(256, 1664), (1664, 256)]",16588,matmul_linear_3090,7.2446606,228868.6282888117,256,1664,256
matmul,linear,"[(384, 1664), (1664, 256)]",19916,matmul_linear_3091,9.2858658,214376.5004034411,384,1664,256
matmul,linear,"[(512, 1664), (1664, 256)]",23244,matmul_linear_3092,12.3174018,188608.62847065684,512,1664,256
matmul,linear,"[(640, 1664), (1664, 256)]",26572,matmul_linear_3093,14.0446962,189095.97563100007,640,1664,256
matmul,linear,"[(768, 1664), (1664, 256)]",29900,matmul_linear_3094,15.9271251,187630.05054126185,768,1664,256
matmul,linear,"[(896, 1664), (1664, 256)]",33228,matmul_linear_3095,17.835866199999998,186198.77364744977,896,1664,256
matmul,linear,"[(1024, 1664), (1664, 256)]",36556,matmul_linear_3096,19.5718572,186678.39116872364,1024,1664,256
matmul,linear,"[(1152, 1664), (1664, 256)]",39884,matmul_linear_3097,21.4411249,185916.35961740048,1152,1664,256
matmul,linear,"[(1280, 1664), (1664, 256)]",43212,matmul_linear_3098,23.211857,186063.47670933863,1280,1664,256
matmul,linear,"[(1408, 1664), (1664, 256)]",46540,matmul_linear_3099,25.057714200000003,185631.2268331323,1408,1664,256
matmul,linear,"[(1536, 1664), (1664, 256)]",49868,matmul_linear_3100,28.4125804,175413.80162570524,1536,1664,256
matmul,linear,"[(1664, 1664), (1664, 256)]",53196,matmul_linear_3101,28.7265713,185080.47087645295,1664,1664,256
matmul,linear,"[(1792, 1664), (1664, 256)]",56524,matmul_linear_3102,32.2028661,175424.74933279306,1792,1664,256
matmul,linear,"[(1920, 1664), (1664, 256)]",59852,matmul_linear_3103,33.841152099999995,176761.59095038613,1920,1664,256
matmul,linear,"[(2048, 1664), (1664, 256)]",63180,matmul_linear_3104,35.9353302,175715.83263147532,2048,1664,256
matmul,linear,"[(128, 1664), (1664, 384)]",9958,matmul_linear_3105,6.7904195000000005,146547.78810793647,128,1664,384
matmul,linear,"[(256, 1664), (1664, 384)]",19916,matmul_linear_3106,8.613562499999999,231116.7584550528,256,1664,384
matmul,linear,"[(384, 1664), (1664, 384)]",29874,matmul_linear_3107,11.895973299999998,251026.9926942422,384,1664,384
matmul,linear,"[(512, 1664), (1664, 384)]",34866,matmul_linear_3108,13.7169911,254081.1082752689,512,1664,384
matmul,linear,"[(640, 1664), (1664, 384)]",39858,matmul_linear_3109,15.183009000000002,262417.1334614897,640,1664,384
matmul,linear,"[(768, 1664), (1664, 384)]",44850,matmul_linear_3110,16.5958751,270147.8762328116,768,1664,384
matmul,linear,"[(896, 1664), (1664, 384)]",49842,matmul_linear_3111,17.174008799999996,290117.6223410344,896,1664,384
matmul,linear,"[(1024, 1664), (1664, 384)]",54834,matmul_linear_3112,18.521125100000003,295961.9276849439,1024,1664,384
matmul,linear,"[(1152, 1664), (1664, 384)]",59826,matmul_linear_3113,19.9359823,299990.55535728484,1152,1664,384
matmul,linear,"[(1280, 1664), (1664, 384)]",64818,matmul_linear_3114,21.4561606,301995.054228854,1280,1664,384
matmul,linear,"[(1408, 1664), (1664, 384)]",69810,matmul_linear_3115,22.8689998,305160.39883913065,1408,1664,384
matmul,linear,"[(1536, 1664), (1664, 384)]",74802,matmul_linear_3116,27.5151787,271757.220393048,1536,1664,384
matmul,linear,"[(1664, 1664), (1664, 384)]",79794,matmul_linear_3117,28.795393,277006.82747063047,1664,1664,384
matmul,linear,"[(1792, 1664), (1664, 384)]",84786,matmul_linear_3118,30.0358573,282182.60359993123,1792,1664,384
matmul,linear,"[(1920, 1664), (1664, 384)]",89778,matmul_linear_3119,31.2348751,287328.7145780839,1920,1664,384
matmul,linear,"[(2048, 1664), (1664, 384)]",94770,matmul_linear_3120,32.39884820000001,292410.3985641069,2048,1664,384
matmul,linear,"[(128, 1664), (1664, 512)]",11622,matmul_linear_3121,8.4262052,137826.8570388008,128,1664,512
matmul,linear,"[(256, 1664), (1664, 512)]",23244,matmul_linear_3122,10.3879821,223658.5680860964,256,1664,512
matmul,linear,"[(384, 1664), (1664, 512)]",34866,matmul_linear_3123,17.5992586,198010.61813706177,384,1664,512
matmul,linear,"[(512, 1664), (1664, 512)]",46488,matmul_linear_3124,19.6334287,236679.8345889529,512,1664,512
matmul,linear,"[(640, 1664), (1664, 512)]",53144,matmul_linear_3125,23.320160800000004,227788.65160826844,640,1664,512
matmul,linear,"[(768, 1664), (1664, 512)]",59800,matmul_linear_3126,26.936991,221899.5544416969,768,1664,512
matmul,linear,"[(896, 1664), (1664, 512)]",66456,matmul_linear_3127,30.5868482,217169.85260285824,896,1664,512
matmul,linear,"[(1024, 1664), (1664, 512)]",73112,matmul_linear_3128,37.2483124,196182.71803261613,1024,1664,512
matmul,linear,"[(1152, 1664), (1664, 512)]",79768,matmul_linear_3129,27.7348662,287509.10337472626,1152,1664,512
matmul,linear,"[(1280, 1664), (1664, 512)]",86424,matmul_linear_3130,29.7800091,290108.104738289,1280,1664,512
matmul,linear,"[(1408, 1664), (1664, 512)]",93080,matmul_linear_3131,31.8888482,291788.8741801593,1408,1664,512
matmul,linear,"[(1536, 1664), (1664, 512)]",99736,matmul_linear_3132,36.883143,270310.7944379903,1536,1664,512
matmul,linear,"[(1664, 1664), (1664, 512)]",106392,matmul_linear_3133,36.1124285,294513.2520553139,1664,1664,512
matmul,linear,"[(1792, 1664), (1664, 512)]",113048,matmul_linear_3134,41.1155715,274851.7904670253,1792,1664,512
matmul,linear,"[(1920, 1664), (1664, 512)]",119704,matmul_linear_3135,43.07798240000001,277777.4523107655,1920,1664,512
matmul,linear,"[(2048, 1664), (1664, 512)]",126360,matmul_linear_3136,45.3763123,278371.2851158687,2048,1664,512
matmul,linear,"[(128, 1664), (1664, 640)]",13286,matmul_linear_3137,10.137973400000002,130951.8332983592,128,1664,640
matmul,linear,"[(256, 1664), (1664, 640)]",26572,matmul_linear_3138,12.2858482,216181.3634633708,256,1664,640
matmul,linear,"[(384, 1664), (1664, 640)]",39858,matmul_linear_3139,21.189277100000005,188004.57672480005,384,1664,640
matmul,linear,"[(512, 1664), (1664, 640)]",53144,matmul_linear_3140,23.0015802,230944.9957694646,512,1664,640
matmul,linear,"[(640, 1664), (1664, 640)]",66430,matmul_linear_3141,33.877017900000006,195991.6400495806,640,1664,640
matmul,linear,"[(768, 1664), (1664, 640)]",74750,matmul_linear_3142,23.456964000000003,318568.6904579808,768,1664,640
matmul,linear,"[(896, 1664), (1664, 640)]",83070,matmul_linear_3143,25.6811253,323367.1340511702,896,1664,640
matmul,linear,"[(1024, 1664), (1664, 640)]",91390,matmul_linear_3144,27.839277,328177.203463294,1024,1664,640
matmul,linear,"[(1152, 1664), (1664, 640)]",99710,matmul_linear_3145,30.2962947,329016.1542602766,1152,1664,640
matmul,linear,"[(1280, 1664), (1664, 640)]",108030,matmul_linear_3146,32.3495803,333845.59990628384,1280,1664,640
matmul,linear,"[(1408, 1664), (1664, 640)]",116350,matmul_linear_3147,34.6720267,335473.114911105,1408,1664,640
matmul,linear,"[(1536, 1664), (1664, 640)]",124670,matmul_linear_3148,36.6689734,339887.70197368006,1536,1664,640
matmul,linear,"[(1664, 1664), (1664, 640)]",132990,matmul_linear_3149,38.9999821,340900.1565103283,1664,1664,640
matmul,linear,"[(1792, 1664), (1664, 640)]",141310,matmul_linear_3150,41.2903213,342135.1668646375,1792,1664,640
matmul,linear,"[(1920, 1664), (1664, 640)]",149630,matmul_linear_3151,43.4750269,344074.6001541864,1920,1664,640
matmul,linear,"[(2048, 1664), (1664, 640)]",157950,matmul_linear_3152,44.9905624,350973.6287217428,2048,1664,640
matmul,linear,"[(128, 1664), (1664, 768)]",14950,matmul_linear_3153,8.6152856,173428.78005576506,128,1664,768
matmul,linear,"[(256, 1664), (1664, 768)]",29900,matmul_linear_3154,14.3042766,208928.3964447388,256,1664,768
matmul,linear,"[(384, 1664), (1664, 768)]",44850,matmul_linear_3155,24.5858483,182322.0155136969,384,1664,768
matmul,linear,"[(512, 1664), (1664, 768)]",59800,matmul_linear_3156,26.7223037,223683.1014546849,512,1664,768
matmul,linear,"[(640, 1664), (1664, 768)]",74750,matmul_linear_3157,28.6317054,260974.2146012721,640,1664,768
matmul,linear,"[(768, 1664), (1664, 768)]",89700,matmul_linear_3158,39.3999912,227565.0254683305,768,1664,768
matmul,linear,"[(896, 1664), (1664, 768)]",99684,matmul_linear_3159,44.8232948,222293.29001758256,896,1664,768
matmul,linear,"[(1024, 1664), (1664, 768)]",109668,matmul_linear_3160,50.3167233,217855.36912476175,1024,1664,768
matmul,linear,"[(1152, 1664), (1664, 768)]",119652,matmul_linear_3161,55.82255369999999,214243.4724305707,1152,1664,768
matmul,linear,"[(1280, 1664), (1664, 768)]",129636,matmul_linear_3162,37.3567053,346922.037834798,1280,1664,768
matmul,linear,"[(1408, 1664), (1664, 768)]",139620,matmul_linear_3163,39.7851787,350834.7062452681,1408,1664,768
matmul,linear,"[(1536, 1664), (1664, 768)]",149604,matmul_linear_3164,46.47757120000001,321784.28985721176,1536,1664,768
matmul,linear,"[(1664, 1664), (1664, 768)]",159588,matmul_linear_3165,44.6108749,357633.4010098062,1664,1664,768
matmul,linear,"[(1792, 1664), (1664, 768)]",169572,matmul_linear_3166,50.7855716,333797.9845212572,1792,1664,768
matmul,linear,"[(1920, 1664), (1664, 768)]",179556,matmul_linear_3167,53.7785714,333780.19675063365,1920,1664,768
matmul,linear,"[(2048, 1664), (1664, 768)]",189540,matmul_linear_3168,55.7055355,340153.4385474134,2048,1664,768
matmul,linear,"[(128, 1664), (1664, 896)]",16614,matmul_linear_3169,13.547857100000002,122531.94007264808,128,1664,896
matmul,linear,"[(256, 1664), (1664, 896)]",33228,matmul_linear_3170,16.0417232,207034.8544400766,256,1664,896
matmul,linear,"[(384, 1664), (1664, 896)]",49842,matmul_linear_3171,28.2140178,176556.8673533622,384,1664,896
matmul,linear,"[(512, 1664), (1664, 896)]",66456,matmul_linear_3172,30.2989999,219233.972142097,512,1664,896
matmul,linear,"[(640, 1664), (1664, 896)]",83070,matmul_linear_3173,32.325991,256875.88049195457,640,1664,896
matmul,linear,"[(768, 1664), (1664, 896)]",99684,matmul_linear_3174,34.3408301,290178.3645873488,768,1664,896
matmul,linear,"[(896, 1664), (1664, 896)]",116298,matmul_linear_3175,31.927124799999994,364160.79933135735,896,1664,896
matmul,linear,"[(1024, 1664), (1664, 896)]",127946,matmul_linear_3176,34.3664375,372199.2818211082,1024,1664,896
matmul,linear,"[(1152, 1664), (1664, 896)]",139594,matmul_linear_3177,37.1365625,375793.7031395946,1152,1664,896
matmul,linear,"[(1280, 1664), (1664, 896)]",151242,matmul_linear_3178,39.84185720000001,379505.7980951751,1280,1664,896
matmul,linear,"[(1408, 1664), (1664, 896)]",162890,matmul_linear_3179,42.373678700000006,384313.16637443606,1408,1664,896
matmul,linear,"[(1536, 1664), (1664, 896)]",174538,matmul_linear_3180,45.0702948,387157.2850355529,1536,1664,896
matmul,linear,"[(1664, 1664), (1664, 896)]",186186,matmul_linear_3181,68.6401251,271149.5056335496,1664,1664,896
matmul,linear,"[(1792, 1664), (1664, 896)]",197834,matmul_linear_3182,72.8156068,271591.7549604215,1792,1664,896
matmul,linear,"[(1920, 1664), (1664, 896)]",209482,matmul_linear_3183,77.052866,271767.8887297976,1920,1664,896
matmul,linear,"[(2048, 1664), (1664, 896)]",221130,matmul_linear_3184,81.129866,272463.00410997844,2048,1664,896
matmul,linear,"[(128, 1664), (1664, 1024)]",18278,matmul_linear_3185,10.4225892,175269.09158810557,128,1664,1024
matmul,linear,"[(256, 1664), (1664, 1024)]",36556,matmul_linear_3186,19.207277,190223.69866899925,256,1664,1024
matmul,linear,"[(384, 1664), (1664, 1024)]",54834,matmul_linear_3187,22.3288841,245474.29629902556,384,1664,1024
matmul,linear,"[(512, 1664), (1664, 1024)]",73112,matmul_linear_3188,25.6747234,284662.5614537292,512,1664,1024
matmul,linear,"[(640, 1664), (1664, 1024)]",91390,matmul_linear_3189,39.789455200000006,229583.969133611,640,1664,1024
matmul,linear,"[(768, 1664), (1664, 1024)]",109668,matmul_linear_3190,42.6562592,256997.08740704576,768,1664,1024
matmul,linear,"[(896, 1664), (1664, 1024)]",127946,matmul_linear_3191,45.5725356,280652.42756516713,896,1664,1024
matmul,linear,"[(1024, 1664), (1664, 1024)]",146224,matmul_linear_3192,48.2304285,303077.8994043148,1024,1664,1024
matmul,linear,"[(1152, 1664), (1664, 1024)]",159536,matmul_linear_3193,52.3265355,304785.462940691,1152,1664,1024
matmul,linear,"[(1280, 1664), (1664, 1024)]",172848,matmul_linear_3194,56.4458303,306119.25318724563,1280,1664,1024
matmul,linear,"[(1408, 1664), (1664, 1024)]",186160,matmul_linear_3195,60.570428800000016,307244.69556867314,1408,1664,1024
matmul,linear,"[(1536, 1664), (1664, 1024)]",199472,matmul_linear_3196,64.83200000000001,307575.222112537,1536,1664,1024
matmul,linear,"[(1664, 1664), (1664, 1024)]",212784,matmul_linear_3197,68.939875,308551.56050834147,1664,1664,1024
matmul,linear,"[(1792, 1664), (1664, 1024)]",226096,matmul_linear_3198,73.1481338,308993.3264520277,1792,1664,1024
matmul,linear,"[(1920, 1664), (1664, 1024)]",239408,matmul_linear_3199,77.23871419999999,309858.5518475656,1920,1664,1024
matmul,linear,"[(2048, 1664), (1664, 1024)]",252720,matmul_linear_3200,81.524875,309891.27566892933,2048,1664,1024
matmul,linear,"[(128, 1664), (1664, 1152)]",19942,matmul_linear_3201,12.3281606,161659.7356737874,128,1664,1152
matmul,linear,"[(256, 1664), (1664, 1152)]",39884,matmul_linear_3202,19.8109732,201222.7699485253,256,1664,1152
matmul,linear,"[(384, 1664), (1664, 1152)]",59826,matmul_linear_3203,26.669009,224227.79560725336,384,1664,1152
matmul,linear,"[(512, 1664), (1664, 1152)]",79768,matmul_linear_3204,37.629437300000006,211882.97323462763,512,1664,1152
matmul,linear,"[(640, 1664), (1664, 1152)]",99710,matmul_linear_3205,40.1265535,248388.82174742472,640,1664,1152
matmul,linear,"[(768, 1664), (1664, 1152)]",119652,matmul_linear_3206,42.5324285,281219.4642765344,768,1664,1152
matmul,linear,"[(896, 1664), (1664, 1152)]",139594,matmul_linear_3207,44.7511341,311833.99409290054,896,1664,1152
matmul,linear,"[(1024, 1664), (1664, 1152)]",159536,matmul_linear_3208,47.159285700000005,338191.80750292825,1024,1664,1152
matmul,linear,"[(1152, 1664), (1664, 1152)]",179478,matmul_linear_3209,44.7583035,400893.750802016,1152,1664,1152
matmul,linear,"[(1280, 1664), (1664, 1152)]",194454,matmul_linear_3210,48.1108394,404079.187944079,1280,1664,1152
matmul,linear,"[(1408, 1664), (1664, 1152)]",209430,matmul_linear_3211,51.8229909,404025.652269136,1408,1664,1152
matmul,linear,"[(1536, 1664), (1664, 1152)]",224406,matmul_linear_3212,55.1053749,407130.69284481,1536,1664,1152
matmul,linear,"[(1664, 1664), (1664, 1152)]",239382,matmul_linear_3213,58.57056239999999,408607.0196887848,1664,1664,1152
matmul,linear,"[(1792, 1664), (1664, 1152)]",254358,matmul_linear_3214,61.87516050000001,410982.57004036376,1792,1664,1152
matmul,linear,"[(1920, 1664), (1664, 1152)]",269334,matmul_linear_3215,65.4499912,411411.132487364,1920,1664,1152
matmul,linear,"[(2048, 1664), (1664, 1152)]",284310,matmul_linear_3216,68.67571430000001,413889.1414278307,2048,1664,1152
matmul,linear,"[(128, 1664), (1664, 1280)]",21606,matmul_linear_3217,12.3294553,175138.8850462842,128,1664,1280
matmul,linear,"[(256, 1664), (1664, 1280)]",43212,matmul_linear_3218,22.8959821,188631.8037342456,256,1664,1280
matmul,linear,"[(384, 1664), (1664, 1280)]",64818,matmul_linear_3219,26.502419600000003,244473.8954340606,384,1664,1280
matmul,linear,"[(512, 1664), (1664, 1280)]",86424,matmul_linear_3220,30.1589911,286461.31006981863,512,1664,1280
matmul,linear,"[(640, 1664), (1664, 1280)]",108030,matmul_linear_3221,33.4435802,322921.6363019651,640,1664,1280
matmul,linear,"[(768, 1664), (1664, 1280)]",129636,matmul_linear_3222,50.670410700000005,255741.6207982305,768,1664,1280
matmul,linear,"[(896, 1664), (1664, 1280)]",151242,matmul_linear_3223,53.8134106,280948.9027060478,896,1664,1280
matmul,linear,"[(1024, 1664), (1664, 1280)]",172848,matmul_linear_3224,57.0025715,303128.42540533456,1024,1664,1280
matmul,linear,"[(1152, 1664), (1664, 1280)]",194454,matmul_linear_3225,60.258009,322602.331568904,1152,1664,1280
matmul,linear,"[(1280, 1664), (1664, 1280)]",216060,matmul_linear_3226,100.4225624,215050.85339029352,1280,1664,1280
matmul,linear,"[(1408, 1664), (1664, 1280)]",232700,matmul_linear_3227,109.531009,212351.2520468062,1408,1664,1280
matmul,linear,"[(1536, 1664), (1664, 1280)]",249340,matmul_linear_3228,64.3804197,387191.66594730975,1536,1664,1280
matmul,linear,"[(1664, 1664), (1664, 1280)]",265980,matmul_linear_3229,68.0908571,390525.1313731811,1664,1664,1280
matmul,linear,"[(1792, 1664), (1664, 1280)]",282620,matmul_linear_3230,71.0572766,397635.4797749173,1792,1664,1280
matmul,linear,"[(1920, 1664), (1664, 1280)]",299260,matmul_linear_3231,73.8574553,405085.906804455,1920,1664,1280
matmul,linear,"[(2048, 1664), (1664, 1280)]",315900,matmul_linear_3232,83.71258030000001,377262.6363778443,2048,1664,1280
matmul,linear,"[(128, 1664), (1664, 1408)]",23270,matmul_linear_3233,16.0599821,144794.30844384318,128,1664,1408
matmul,linear,"[(256, 1664), (1664, 1408)]",46540,matmul_linear_3234,23.5244195,197736.97531834952,256,1664,1408
matmul,linear,"[(384, 1664), (1664, 1408)]",69810,matmul_linear_3235,32.284009100000006,216137.084383674,384,1664,1408
matmul,linear,"[(512, 1664), (1664, 1408)]",93080,matmul_linear_3236,45.0297319,206607.8707168585,512,1664,1408
matmul,linear,"[(640, 1664), (1664, 1408)]",116350,matmul_linear_3237,47.78671430000001,243377.71489281903,640,1664,1408
matmul,linear,"[(768, 1664), (1664, 1408)]",139620,matmul_linear_3238,50.191303600000005,278075.67982035835,768,1664,1408
matmul,linear,"[(896, 1664), (1664, 1408)]",162890,matmul_linear_3239,52.9074287,307777.36996940844,896,1664,1408
matmul,linear,"[(1024, 1664), (1664, 1408)]",186160,matmul_linear_3240,55.4864016,335405.6277428522,1024,1664,1408
matmul,linear,"[(1152, 1664), (1664, 1408)]",209430,matmul_linear_3241,73.94642859999999,283118.54613543843,1152,1664,1408
matmul,linear,"[(1280, 1664), (1664, 1408)]",232700,matmul_linear_3242,76.6629375,303436.50354188425,1280,1664,1408
matmul,linear,"[(1408, 1664), (1664, 1408)]",255970,matmul_linear_3243,74.9074464,341615.02607783466,1408,1664,1408
matmul,linear,"[(1536, 1664), (1664, 1408)]",274274,matmul_linear_3244,79.56913410000001,344598.98799615056,1536,1664,1408
matmul,linear,"[(1664, 1664), (1664, 1408)]",292578,matmul_linear_3245,84.5080181,346113.3020961238,1664,1664,1408
matmul,linear,"[(1792, 1664), (1664, 1408)]",310882,matmul_linear_3246,89.224259,348327.6624813438,1792,1664,1408
matmul,linear,"[(1920, 1664), (1664, 1408)]",329186,matmul_linear_3247,93.9932946,350122.8551524781,1920,1664,1408
matmul,linear,"[(2048, 1664), (1664, 1408)]",347490,matmul_linear_3248,98.862134,351389.47927828465,2048,1664,1408
matmul,linear,"[(128, 1664), (1664, 1536)]",24934,matmul_linear_3249,16.028580499999997,155459.62675546974,128,1664,1536
matmul,linear,"[(256, 1664), (1664, 1536)]",49868,matmul_linear_3250,26.6652857,186914.6847892202,256,1664,1536
matmul,linear,"[(384, 1664), (1664, 1536)]",74802,matmul_linear_3251,32.5928749,229404.1484665104,384,1664,1536
matmul,linear,"[(512, 1664), (1664, 1536)]",99736,matmul_linear_3252,37.2063034,267962.1047669035,512,1664,1536
matmul,linear,"[(640, 1664), (1664, 1536)]",124670,matmul_linear_3253,41.6731429,299061.5014474946,640,1664,1536
matmul,linear,"[(768, 1664), (1664, 1536)]",149604,matmul_linear_3254,46.0979999,324434.6876752456,768,1664,1536
matmul,linear,"[(896, 1664), (1664, 1536)]",174538,matmul_linear_3255,62.0384287,281238.52461675904,896,1664,1536
matmul,linear,"[(1024, 1664), (1664, 1536)]",199472,matmul_linear_3256,65.5838124,304048.22301486094,1024,1664,1536
matmul,linear,"[(1152, 1664), (1664, 1536)]",224406,matmul_linear_3257,69.17271410000001,324314.045219602,1152,1664,1536
matmul,linear,"[(1280, 1664), (1664, 1536)]",249340,matmul_linear_3258,72.4135713,344227.72134247713,1280,1664,1536
matmul,linear,"[(1408, 1664), (1664, 1536)]",274274,matmul_linear_3259,76.17488369999998,359958.3114510224,1408,1664,1536
matmul,linear,"[(1536, 1664), (1664, 1536)]",299208,matmul_linear_3260,79.8398662,374660.14708050695,1536,1664,1536
matmul,linear,"[(1664, 1664), (1664, 1536)]",319176,matmul_linear_3261,84.64616950000001,376970.8135824149,1664,1664,1536
matmul,linear,"[(1792, 1664), (1664, 1536)]",339144,matmul_linear_3262,89.4319911,379120.0037465117,1792,1664,1536
matmul,linear,"[(1920, 1664), (1664, 1536)]",359112,matmul_linear_3263,94.26586590000002,380856.5600139466,1920,1664,1536
matmul,linear,"[(2048, 1664), (1664, 1536)]",379080,matmul_linear_3264,99.08144640000002,382494.3340286158,2048,1664,1536
matmul,linear,"[(128, 1664), (1664, 1664)]",26598,matmul_linear_3265,16.023294500000002,165895.82563997683,128,1664,1664
matmul,linear,"[(256, 1664), (1664, 1664)]",53196,matmul_linear_3266,30.2296876,175872.70836500477,256,1664,1664
matmul,linear,"[(384, 1664), (1664, 1664)]",79794,matmul_linear_3267,34.2470179,232895.4690741117,384,1664,1664
matmul,linear,"[(512, 1664), (1664, 1664)]",106392,matmul_linear_3268,38.2258752,278224.5627296978,512,1664,1664
matmul,linear,"[(640, 1664), (1664, 1664)]",132990,matmul_linear_3269,55.4447054,239760.5945158472,640,1664,1664
matmul,linear,"[(768, 1664), (1664, 1664)]",159588,matmul_linear_3270,58.242991200000006,273903.7843386038,768,1664,1664
matmul,linear,"[(896, 1664), (1664, 1664)]",186186,matmul_linear_3271,69.8884375,266304.58230304555,896,1664,1664
matmul,linear,"[(1024, 1664), (1664, 1664)]",212784,matmul_linear_3272,73.5235626,289309.26211320446,1024,1664,1664
matmul,linear,"[(1152, 1664), (1664, 1664)]",239382,matmul_linear_3273,85.85297320000001,278727.8507750038,1152,1664,1664
matmul,linear,"[(1280, 1664), (1664, 1664)]",265980,matmul_linear_3274,81.0551516,328046.94038521795,1280,1664,1664
matmul,linear,"[(1408, 1664), (1664, 1664)]",292578,matmul_linear_3275,110.6141159,264403.31191409903,1408,1664,1664
matmul,linear,"[(1536, 1664), (1664, 1664)]",319176,matmul_linear_3276,113.4041607,281349.99092612654,1536,1664,1664
matmul,linear,"[(1664, 1664), (1664, 1664)]",345774,matmul_linear_3277,78.138134,442416.3262793043,1664,1664,1664
matmul,linear,"[(1792, 1664), (1664, 1664)]",367406,matmul_linear_3278,82.5767322,444826.7853202842,1792,1664,1664
matmul,linear,"[(1920, 1664), (1664, 1664)]",389038,matmul_linear_3279,87.5514196,444253.73152989976,1920,1664,1664
matmul,linear,"[(2048, 1664), (1664, 1664)]",410670,matmul_linear_3280,92.0145895,446209.6583178259,2048,1664,1664
matmul,linear,"[(128, 1664), (1664, 1792)]",28262,matmul_linear_3281,16.0857319,175596.077590352,128,1664,1792
matmul,linear,"[(256, 1664), (1664, 1792)]",56524,matmul_linear_3282,30.237651500000005,186832.5069772697,256,1664,1792
matmul,linear,"[(384, 1664), (1664, 1792)]",84786,matmul_linear_3283,34.49340159999999,245703.53362423967,384,1664,1792
matmul,linear,"[(512, 1664), (1664, 1792)]",113048,matmul_linear_3284,38.2843124,295185.4391607148,512,1664,1792
matmul,linear,"[(640, 1664), (1664, 1792)]",141310,matmul_linear_3285,42.44559829999999,332820.268908072,640,1664,1792
matmul,linear,"[(768, 1664), (1664, 1792)]",169572,matmul_linear_3286,66.2924286,255693.9173162228,768,1664,1792
matmul,linear,"[(896, 1664), (1664, 1792)]",197834,matmul_linear_3287,69.9539821,282705.9162053049,896,1664,1792
matmul,linear,"[(1024, 1664), (1664, 1792)]",226096,matmul_linear_3288,73.54483050000002,307326.09434663114,1024,1664,1792
matmul,linear,"[(1152, 1664), (1664, 1792)]",254358,matmul_linear_3289,77.32783930000001,328834.57557141385,1152,1664,1792
matmul,linear,"[(1280, 1664), (1664, 1792)]",282620,matmul_linear_3290,81.1505624,348166.2247082591,1280,1664,1792
matmul,linear,"[(1408, 1664), (1664, 1792)]",310882,matmul_linear_3291,84.83187509999999,366368.3818830265,1408,1664,1792
matmul,linear,"[(1536, 1664), (1664, 1792)]",339144,matmul_linear_3292,89.15172320000002,380312.1645962755,1536,1664,1792
matmul,linear,"[(1664, 1664), (1664, 1792)]",367406,matmul_linear_3293,93.0061694,394934.0094320668,1664,1664,1792
matmul,linear,"[(1792, 1664), (1664, 1792)]",395668,matmul_linear_3294,190.2933127,207825.3308411189,1792,1664,1792
matmul,linear,"[(1920, 1664), (1664, 1792)]",418964,matmul_linear_3295,213.5638662,196077.3812465285,1920,1664,1792
matmul,linear,"[(2048, 1664), (1664, 1792)]",442260,matmul_linear_3296,226.2382948,195384.1466565014,2048,1664,1792
matmul,linear,"[(128, 1664), (1664, 1920)]",29926,matmul_linear_3297,19.6604108,152114.52035986958,128,1664,1920
matmul,linear,"[(256, 1664), (1664, 1920)]",59852,matmul_linear_3298,33.5454373,178320.68793063547,256,1664,1920
matmul,linear,"[(384, 1664), (1664, 1920)]",89778,matmul_linear_3299,38.5494376,232790.55713746653,384,1664,1920
matmul,linear,"[(512, 1664), (1664, 1920)]",119704,matmul_linear_3300,43.5400091,274828.7436414431,512,1664,1920
matmul,linear,"[(640, 1664), (1664, 1920)]",149630,matmul_linear_3301,48.480303500000005,308540.80708570644,640,1664,1920
matmul,linear,"[(768, 1664), (1664, 1920)]",179556,matmul_linear_3302,53.5408752,335262.46714174,768,1664,1920
matmul,linear,"[(896, 1664), (1664, 1920)]",209482,matmul_linear_3303,58.6897323,356831.2583148381,896,1664,1920
matmul,linear,"[(1024, 1664), (1664, 1920)]",239408,matmul_linear_3304,83.8912856,285278.86657443235,1024,1664,1920
matmul,linear,"[(1152, 1664), (1664, 1920)]",269334,matmul_linear_3305,88.6856873,303595.0022035856,1152,1664,1920
matmul,linear,"[(1280, 1664), (1664, 1920)]",299260,matmul_linear_3306,93.31788379999998,320588.7981315325,1280,1664,1920
matmul,linear,"[(1408, 1664), (1664, 1920)]",329186,matmul_linear_3307,98.0635981,335586.2346253232,1408,1664,1920
matmul,linear,"[(1536, 1664), (1664, 1920)]",359112,matmul_linear_3308,102.8784552,348964.339372001,1536,1664,1920
matmul,linear,"[(1664, 1664), (1664, 1920)]",389038,matmul_linear_3309,107.6925625,361148.71668830427,1664,1664,1920
matmul,linear,"[(1792, 1664), (1664, 1920)]",418964,matmul_linear_3310,112.3905445,372675.1314524506,1792,1664,1920
matmul,linear,"[(1920, 1664), (1664, 1920)]",448890,matmul_linear_3311,121.0714374,370664.5747336275,1920,1664,1920
matmul,linear,"[(2048, 1664), (1664, 1920)]",473850,matmul_linear_3312,159.1537232,297631.01783144457,2048,1664,1920
matmul,linear,"[(128, 1664), (1664, 2048)]",31590,matmul_linear_3313,19.6701249,160498.87855618045,128,1664,2048
matmul,linear,"[(256, 1664), (1664, 2048)]",63180,matmul_linear_3314,26.1452499,241550.01383291424,256,1664,2048
matmul,linear,"[(384, 1664), (1664, 2048)]",94770,matmul_linear_3315,42.67156249999999,221991.70334458692,384,1664,2048
matmul,linear,"[(512, 1664), (1664, 2048)]",126360,matmul_linear_3316,48.67401759999999,259504.62322715684,512,1664,2048
matmul,linear,"[(640, 1664), (1664, 2048)]",157950,matmul_linear_3317,54.5663124,289364.3105844184,640,1664,2048
matmul,linear,"[(768, 1664), (1664, 2048)]",189540,matmul_linear_3318,60.1977411,314762.31299798726,768,1664,2048
matmul,linear,"[(896, 1664), (1664, 2048)]",221130,matmul_linear_3319,66.0197498,334845.2257391015,896,1664,2048
matmul,linear,"[(1024, 1664), (1664, 2048)]",252720,matmul_linear_3320,82.6848661,305542.38889176847,1024,1664,2048
matmul,linear,"[(1152, 1664), (1664, 2048)]",284310,matmul_linear_3321,86.66901769999998,327941.10112811404,1152,1664,2048
matmul,linear,"[(1280, 1664), (1664, 2048)]",315900,matmul_linear_3322,90.8265448,347705.8101798451,1280,1664,2048
matmul,linear,"[(1408, 1664), (1664, 2048)]",347490,matmul_linear_3323,95.0476964,365495.39385112334,1408,1664,2048
matmul,linear,"[(1536, 1664), (1664, 2048)]",379080,matmul_linear_3324,99.1018571,382415.5361291408,1536,1664,2048
matmul,linear,"[(1664, 1664), (1664, 2048)]",410670,matmul_linear_3325,103.4145713,397010.3828382839,1664,1664,2048
matmul,linear,"[(1792, 1664), (1664, 2048)]",442260,matmul_linear_3326,127.68660710000002,346263.6555505279,1792,1664,2048
matmul,linear,"[(1920, 1664), (1664, 2048)]",473850,matmul_linear_3327,134.4067412,352449.2812112016,1920,1664,2048
matmul,linear,"[(2048, 1664), (1664, 2048)]",505440,matmul_linear_3328,159.38258920000004,317023.7225703194,2048,1664,2048
matmul,linear,"[(128, 1792), (1792, 128)]",7140,matmul_linear_3329,3.923616,181874.9944948741,128,1792,128
matmul,linear,"[(256, 1792), (1792, 128)]",8932,matmul_linear_3330,5.040294600000001,177111.86376685204,256,1792,128
matmul,linear,"[(384, 1792), (1792, 128)]",10724,matmul_linear_3331,6.2051693,172723.64882453732,384,1792,128
matmul,linear,"[(512, 1792), (1792, 128)]",12516,matmul_linear_3332,7.298285700000001,171392.32730091666,512,1792,128
matmul,linear,"[(640, 1792), (1792, 128)]",14308,matmul_linear_3333,8.3324106,171615.01366003256,640,1792,128
matmul,linear,"[(768, 1792), (1792, 128)]",16100,matmul_linear_3334,9.381009,171523.32964396477,768,1792,128
matmul,linear,"[(896, 1792), (1792, 128)]",17892,matmul_linear_3335,10.345295,172848.18562447955,896,1792,128
matmul,linear,"[(1024, 1792), (1792, 128)]",19684,matmul_linear_3336,11.274866,174483.0061306272,1024,1792,128
matmul,linear,"[(1152, 1792), (1792, 128)]",21476,matmul_linear_3337,12.3911428,173217.34729100208,1152,1792,128
matmul,linear,"[(1280, 1792), (1792, 128)]",23268,matmul_linear_3338,13.334116,174399.75686427206,1280,1792,128
matmul,linear,"[(1408, 1792), (1792, 128)]",25060,matmul_linear_3339,14.4041162,173878.0466364191,1408,1792,128
matmul,linear,"[(1536, 1792), (1792, 128)]",26852,matmul_linear_3340,15.3621428,174693.3237542877,1536,1792,128
matmul,linear,"[(1664, 1792), (1792, 128)]",28644,matmul_linear_3341,18.0315803,158754.62906431998,1664,1792,128
matmul,linear,"[(1792, 1792), (1792, 128)]",30436,matmul_linear_3342,19.0211253,159911.56356401267,1792,1792,128
matmul,linear,"[(1920, 1792), (1792, 128)]",32228,matmul_linear_3343,20.0641428,160524.85360700285,1920,1792,128
matmul,linear,"[(2048, 1792), (1792, 128)]",34020,matmul_linear_3344,21.0405805,161587.55420032257,2048,1792,128
matmul,linear,"[(128, 1792), (1792, 256)]",8932,matmul_linear_3345,4.732723200000001,188628.5527283742,128,1792,256
matmul,linear,"[(256, 1792), (1792, 256)]",17864,matmul_linear_3346,7.2785803,245332.47808916803,256,1792,256
matmul,linear,"[(384, 1792), (1792, 256)]",21448,matmul_linear_3347,9.259991,231520.09552709069,384,1792,256
matmul,linear,"[(512, 1792), (1792, 256)]",25032,matmul_linear_3348,11.2876875,221663.75807710836,512,1792,256
matmul,linear,"[(640, 1792), (1792, 256)]",28616,matmul_linear_3349,13.2971427,215104.1280266925,640,1792,256
matmul,linear,"[(768, 1792), (1792, 256)]",32200,matmul_linear_3350,15.2741343,210713.91172526224,768,1792,256
matmul,linear,"[(896, 1792), (1792, 256)]",35784,matmul_linear_3351,18.965008800000003,188584.3311140462,896,1792,256
matmul,linear,"[(1024, 1792), (1792, 256)]",39368,matmul_linear_3352,20.8952857,188306.1341166539,1024,1792,256
matmul,linear,"[(1152, 1792), (1792, 256)]",42952,matmul_linear_3353,22.8885716,187556.9702584673,1152,1792,256
matmul,linear,"[(1280, 1792), (1792, 256)]",46536,matmul_linear_3354,24.8167322,187418.64518246285,1280,1792,256
matmul,linear,"[(1408, 1792), (1792, 256)]",50120,matmul_linear_3355,26.8516787,186554.99673210373,1408,1792,256
matmul,linear,"[(1536, 1792), (1792, 256)]",53704,matmul_linear_3356,28.8623037,185969.6933904136,1536,1792,256
matmul,linear,"[(1664, 1792), (1792, 256)]",57288,matmul_linear_3357,30.6735802,186666.59074834705,1664,1792,256
matmul,linear,"[(1792, 1792), (1792, 256)]",60872,matmul_linear_3358,32.719866,185939.881703672,1792,1792,256
matmul,linear,"[(1920, 1792), (1792, 256)]",64456,matmul_linear_3359,36.2291698,177811.88800578035,1920,1792,256
matmul,linear,"[(2048, 1792), (1792, 256)]",68040,matmul_linear_3360,38.6034463,176153.69370195325,2048,1792,256
matmul,linear,"[(128, 1792), (1792, 384)]",10724,matmul_linear_3361,5.891446299999999,181926.6103418443,128,1792,384
matmul,linear,"[(256, 1792), (1792, 384)]",21448,matmul_linear_3362,9.1678571,233847.8000807844,256,1792,384
matmul,linear,"[(384, 1792), (1792, 384)]",32172,matmul_linear_3363,11.9035713,270171.830101946,384,1792,384
matmul,linear,"[(512, 1792), (1792, 384)]",37548,matmul_linear_3364,13.4672679,278709.3344456302,512,1792,384
matmul,linear,"[(640, 1792), (1792, 384)]",42924,matmul_linear_3365,14.906875000000005,287847.67514988885,640,1792,384
matmul,linear,"[(768, 1792), (1792, 384)]",48300,matmul_linear_3366,16.448152,293550.0100436815,768,1792,384
matmul,linear,"[(896, 1792), (1792, 384)]",53676,matmul_linear_3367,17.006133799999997,315527.2944294959,896,1792,384
matmul,linear,"[(1024, 1792), (1792, 384)]",59052,matmul_linear_3368,18.1458661,325329.49272616976,1024,1792,384
matmul,linear,"[(1152, 1792), (1792, 384)]",64428,matmul_linear_3369,19.6819641,327245.3791128499,1152,1792,384
matmul,linear,"[(1280, 1792), (1792, 384)]",69804,matmul_linear_3370,21.0408483,331654.68500478665,1280,1792,384
matmul,linear,"[(1408, 1792), (1792, 384)]",75180,matmul_linear_3371,22.5622946,333110.78965080087,1408,1792,384
matmul,linear,"[(1536, 1792), (1792, 384)]",80556,matmul_linear_3372,23.828973299999998,337959.0467991335,1536,1792,384
matmul,linear,"[(1664, 1792), (1792, 384)]",85932,matmul_linear_3373,25.2419912,340332.7309962773,1664,1792,384
matmul,linear,"[(1792, 1792), (1792, 384)]",91308,matmul_linear_3374,26.6821696,342106.05508781417,1792,1792,384
matmul,linear,"[(1920, 1792), (1792, 384)]",96684,matmul_linear_3375,28.0761341,344263.6494099806,1920,1792,384
matmul,linear,"[(2048, 1792), (1792, 384)]",102060,matmul_linear_3376,29.464419799999995,346283.8782259002,2048,1792,384
matmul,linear,"[(128, 1792), (1792, 512)]",12516,matmul_linear_3377,7.159545,174715.57836426757,128,1792,512
matmul,linear,"[(256, 1792), (1792, 512)]",25032,matmul_linear_3378,11.0348751,226744.43433347065,256,1792,512
matmul,linear,"[(384, 1792), (1792, 512)]",37548,matmul_linear_3379,12.8892499,291212.530141882,384,1792,512
matmul,linear,"[(512, 1792), (1792, 512)]",50064,matmul_linear_3380,21.1106963,237049.9229042483,512,1792,512
matmul,linear,"[(640, 1792), (1792, 512)]",57232,matmul_linear_3381,25.014277,228697.3384159774,640,1792,512
matmul,linear,"[(768, 1792), (1792, 512)]",64400,matmul_linear_3382,29.0158479,221847.67570448972,768,1792,512
matmul,linear,"[(896, 1792), (1792, 512)]",71568,matmul_linear_3383,32.9841426,216876.9906342813,896,1792,512
matmul,linear,"[(1024, 1792), (1792, 512)]",78736,matmul_linear_3384,22.0175448,357505.7217787517,1024,1792,512
matmul,linear,"[(1152, 1792), (1792, 512)]",85904,matmul_linear_3385,29.909732299999995,287110.86213132046,1152,1792,512
matmul,linear,"[(1280, 1792), (1792, 512)]",93072,matmul_linear_3386,32.1939732,288997.5879920282,1280,1792,512
matmul,linear,"[(1408, 1792), (1792, 512)]",100240,matmul_linear_3387,34.5677322,289881.417988421,1408,1792,512
matmul,linear,"[(1536, 1792), (1792, 512)]",107408,matmul_linear_3388,36.8929911,291033.8896563472,1536,1792,512
matmul,linear,"[(1664, 1792), (1792, 512)]",114576,matmul_linear_3389,39.07400019999999,293128.2321071392,1664,1792,512
matmul,linear,"[(1792, 1792), (1792, 512)]",121744,matmul_linear_3390,41.1501429,295753.1645828136,1792,1792,512
matmul,linear,"[(1920, 1792), (1792, 512)]",128912,matmul_linear_3391,46.6628839,276162.3936322976,1920,1792,512
matmul,linear,"[(2048, 1792), (1792, 512)]",136080,matmul_linear_3392,49.2622855,276135.66105149547,2048,1792,512
matmul,linear,"[(128, 1792), (1792, 640)]",14308,matmul_linear_3393,8.5061338,168108.02889322056,128,1792,640
matmul,linear,"[(256, 1792), (1792, 640)]",28616,matmul_linear_3394,13.277276999999998,215426.12030313144,256,1792,640
matmul,linear,"[(384, 1792), (1792, 640)]",42924,matmul_linear_3395,15.271017699999998,280981.4632216686,384,1792,640
matmul,linear,"[(512, 1792), (1792, 640)]",57232,matmul_linear_3396,24.581866,232722.0323062537,512,1792,640
matmul,linear,"[(640, 1792), (1792, 640)]",71540,matmul_linear_3397,21.0648304,339518.2102657708,640,1792,640
matmul,linear,"[(768, 1792), (1792, 640)]",80500,matmul_linear_3398,23.1361339,347840.58656446484,768,1792,640
matmul,linear,"[(896, 1792), (1792, 640)]",89460,matmul_linear_3399,25.249991,354197.1559871052,896,1792,640
matmul,linear,"[(1024, 1792), (1792, 640)]",98420,matmul_linear_3400,27.245178600000003,361138.226568278,1024,1792,640
matmul,linear,"[(1152, 1792), (1792, 640)]",107380,matmul_linear_3401,29.366143,365559.1878613408,1152,1792,640
matmul,linear,"[(1280, 1792), (1792, 640)]",116340,matmul_linear_3402,31.466125000000005,369630.9408133349,1280,1792,640
matmul,linear,"[(1408, 1792), (1792, 640)]",125300,matmul_linear_3403,33.5747142,373097.51779152895,1408,1792,640
matmul,linear,"[(1536, 1792), (1792, 640)]",134260,matmul_linear_3404,35.7195714,375772.3711897618,1536,1792,640
matmul,linear,"[(1664, 1792), (1792, 640)]",143220,matmul_linear_3405,37.6571518,380226.1615765641,1664,1792,640
matmul,linear,"[(1792, 1792), (1792, 640)]",152180,matmul_linear_3406,39.9158839,381151.7352271385,1792,1792,640
matmul,linear,"[(1920, 1792), (1792, 640)]",161140,matmul_linear_3407,41.8930179,384546.4353192373,1920,1792,640
matmul,linear,"[(2048, 1792), (1792, 640)]",170100,matmul_linear_3408,43.9457053,386968.5402334412,2048,1792,640
matmul,linear,"[(128, 1792), (1792, 768)]",16100,matmul_linear_3409,9.275000100000002,173484.90378884197,128,1792,768
matmul,linear,"[(256, 1792), (1792, 768)]",32200,matmul_linear_3410,15.476437499999998,207958.2175322971,256,1792,768
matmul,linear,"[(384, 1792), (1792, 768)]",48300,matmul_linear_3411,17.738750000000003,272185.25121555914,384,1792,768
matmul,linear,"[(512, 1792), (1792, 768)]",64400,matmul_linear_3412,28.4599909,226182.57411002897,512,1792,768
matmul,linear,"[(640, 1792), (1792, 768)]",80500,matmul_linear_3413,30.3667231,264992.8114136886,640,1792,768
matmul,linear,"[(768, 1792), (1792, 768)]",96600,matmul_linear_3414,42.3898572,227784.70256984016,768,1792,768
matmul,linear,"[(896, 1792), (1792, 768)]",107352,matmul_linear_3415,48.3927054,221735.08674015984,896,1792,768
matmul,linear,"[(1024, 1792), (1792, 768)]",118104,matmul_linear_3416,54.2594374,217565.3604594875,1024,1792,768
matmul,linear,"[(1152, 1792), (1792, 768)]",128856,matmul_linear_3417,60.168276500000005,214059.3668550569,1152,1792,768
matmul,linear,"[(1280, 1792), (1792, 768)]",139608,matmul_linear_3418,38.8154555,359571.1624316762,1280,1792,768
matmul,linear,"[(1408, 1792), (1792, 768)]",150360,matmul_linear_3419,41.4095712,363004.4602557971,1408,1792,768
matmul,linear,"[(1536, 1792), (1792, 768)]",161112,matmul_linear_3420,44.0578659,365582.7145592634,1536,1792,768
matmul,linear,"[(1664, 1792), (1792, 768)]",171864,matmul_linear_3421,46.5462947,369132.39778310433,1664,1792,768
matmul,linear,"[(1792, 1792), (1792, 768)]",182616,matmul_linear_3422,49.2208928,370913.18080926815,1792,1792,768
matmul,linear,"[(1920, 1792), (1792, 768)]",193368,matmul_linear_3423,57.1454377,338278.71890164906,1920,1792,768
matmul,linear,"[(2048, 1792), (1792, 768)]",204120,matmul_linear_3424,59.99727670000001,340115.44181187806,2048,1792,768
matmul,linear,"[(128, 1792), (1792, 896)]",17892,matmul_linear_3425,10.7905534,165711.69970392808,128,1792,896
matmul,linear,"[(256, 1792), (1792, 896)]",35784,matmul_linear_3426,17.39,205673.4330074756,256,1792,896
matmul,linear,"[(384, 1792), (1792, 896)]",53676,matmul_linear_3427,19.8553035,270235.832438925,384,1792,896
matmul,linear,"[(512, 1792), (1792, 896)]",71568,matmul_linear_3428,32.3430267,221177.9918955452,512,1792,896
matmul,linear,"[(640, 1792), (1792, 896)]",89460,matmul_linear_3429,34.629285700000004,258236.2555468477,640,1792,896
matmul,linear,"[(768, 1792), (1792, 896)]",107352,matmul_linear_3430,36.60796429999999,293147.66359652515,768,1792,896
matmul,linear,"[(896, 1792), (1792, 896)]",125244,matmul_linear_3431,33.7333929,371176.02423887816,896,1792,896
matmul,linear,"[(1024, 1792), (1792, 896)]",137788,matmul_linear_3432,36.4388572,378034.8005611988,1024,1792,896
matmul,linear,"[(1152, 1792), (1792, 896)]",150332,matmul_linear_3433,39.2920091,382501.96778789815,1152,1792,896
matmul,linear,"[(1280, 1792), (1792, 896)]",162876,matmul_linear_3434,42.071018200000005,387045.3722030431,1280,1792,896
matmul,linear,"[(1408, 1792), (1792, 896)]",175420,matmul_linear_3435,44.898732300000006,390601.45417001,1408,1792,896
matmul,linear,"[(1536, 1792), (1792, 896)]",187964,matmul_linear_3436,47.691839400000006,394021.9344121166,1536,1792,896
matmul,linear,"[(1664, 1792), (1792, 896)]",200508,matmul_linear_3437,50.5034198,396918.6589225785,1664,1792,896
matmul,linear,"[(1792, 1792), (1792, 896)]",213052,matmul_linear_3438,53.1827145,400503.8465749995,1792,1792,896
matmul,linear,"[(1920, 1792), (1792, 896)]",225596,matmul_linear_3439,55.9345714,403221.2275583826,1920,1792,896
matmul,linear,"[(2048, 1792), (1792, 896)]",238140,matmul_linear_3440,58.720259,405449.9823323328,2048,1792,896
matmul,linear,"[(128, 1792), (1792, 1024)]",19684,matmul_linear_3441,11.1274108,176796.49779084278,128,1792,1024
matmul,linear,"[(256, 1792), (1792, 1024)]",39368,matmul_linear_3442,20.455857,192353.4376633548,256,1792,1024
matmul,linear,"[(384, 1792), (1792, 1024)]",59052,matmul_linear_3443,24.0533032,245404.74215117365,384,1792,1024
matmul,linear,"[(512, 1792), (1792, 1024)]",78736,matmul_linear_3444,27.370116000000003,287571.41505721054,512,1792,1024
matmul,linear,"[(640, 1792), (1792, 1024)]",98420,matmul_linear_3445,30.8099734,319342.015487102,640,1792,1024
matmul,linear,"[(768, 1792), (1792, 1024)]",118104,matmul_linear_3446,45.6508484,258611.51170106183,768,1792,1024
matmul,linear,"[(896, 1792), (1792, 1024)]",137788,matmul_linear_3447,48.8506964,281959.43856309075,896,1792,1024
matmul,linear,"[(1024, 1792), (1792, 1024)]",157472,matmul_linear_3448,46.10784829999999,341429.7087285681,1024,1792,1024
matmul,linear,"[(1152, 1792), (1792, 1024)]",171808,matmul_linear_3449,56.7037053,302892.5453566436,1152,1792,1024
matmul,linear,"[(1280, 1792), (1792, 1024)]",186144,matmul_linear_3450,61.2991518,303564.8869258906,1280,1792,1024
matmul,linear,"[(1408, 1792), (1792, 1024)]",200480,matmul_linear_3451,65.72500869999999,304928.4875808621,1408,1792,1024
matmul,linear,"[(1536, 1792), (1792, 1024)]",214816,matmul_linear_3452,70.264866,305623.2045386666,1536,1792,1024
matmul,linear,"[(1664, 1792), (1792, 1024)]",229152,matmul_linear_3453,74.8127145,306200.876169919,1664,1792,1024
matmul,linear,"[(1792, 1792), (1792, 1024)]",243488,matmul_linear_3454,79.21388390000001,307280.45909651445,1792,1792,1024
matmul,linear,"[(1920, 1792), (1792, 1024)]",257824,matmul_linear_3455,83.8575892,307354.5815824621,1920,1792,1024
matmul,linear,"[(2048, 1792), (1792, 1024)]",272160,matmul_linear_3456,88.31985730000001,308052.67180011614,2048,1792,1024
matmul,linear,"[(128, 1792), (1792, 1152)]",21476,matmul_linear_3457,13.301392399999996,161356.78102091028,128,1792,1152
matmul,linear,"[(256, 1792), (1792, 1152)]",42952,matmul_linear_3458,21.077553700000003,203680.76417852985,256,1792,1152
matmul,linear,"[(384, 1792), (1792, 1152)]",64428,matmul_linear_3459,28.8169821,223476.5000527241,384,1792,1152
matmul,linear,"[(512, 1792), (1792, 1152)]",85904,matmul_linear_3460,33.099857199999995,259429.8205697396,512,1792,1152
matmul,linear,"[(640, 1792), (1792, 1152)]",107380,matmul_linear_3461,42.8245177,250644.21328509203,640,1792,1152
matmul,linear,"[(768, 1792), (1792, 1152)]",128856,matmul_linear_3462,45.2094194,284920.24956330226,768,1792,1152
matmul,linear,"[(896, 1792), (1792, 1152)]",150332,matmul_linear_3463,47.6635714,315302.2990396393,896,1792,1152
matmul,linear,"[(1024, 1792), (1792, 1152)]",171808,matmul_linear_3464,50.244178700000006,341846.0810093807,1024,1792,1152
matmul,linear,"[(1152, 1792), (1792, 1152)]",193284,matmul_linear_3465,47.2752947,408747.79508312617,1152,1792,1152
matmul,linear,"[(1280, 1792), (1792, 1152)]",209412,matmul_linear_3466,50.8970179,411342.572944927,1280,1792,1152
matmul,linear,"[(1408, 1792), (1792, 1152)]",225540,matmul_linear_3467,54.8035984,411442.3194547021,1408,1792,1152
matmul,linear,"[(1536, 1792), (1792, 1152)]",241668,matmul_linear_3468,58.33927669999999,414145.79403467313,1536,1792,1152
matmul,linear,"[(1664, 1792), (1792, 1152)]",257796,matmul_linear_3469,62.05568740000001,415326.8702855428,1664,1792,1152
matmul,linear,"[(1792, 1792), (1792, 1152)]",273924,matmul_linear_3470,65.51626769999999,418000.7398869275,1792,1792,1152
matmul,linear,"[(1920, 1792), (1792, 1152)]",290052,matmul_linear_3471,69.3348482,418235.0905497476,1920,1792,1152
matmul,linear,"[(2048, 1792), (1792, 1152)]",306180,matmul_linear_3472,72.679,421177.1226901856,2048,1792,1152
matmul,linear,"[(128, 1792), (1792, 1280)]",23268,matmul_linear_3473,13.396115900000002,173592.13713655612,128,1792,1280
matmul,linear,"[(256, 1792), (1792, 1280)]",46536,matmul_linear_3474,24.6004375,189067.36745027403,256,1792,1280
matmul,linear,"[(384, 1792), (1792, 1280)]",69804,matmul_linear_3475,28.1341426,248011.3463894933,384,1792,1280
matmul,linear,"[(512, 1792), (1792, 1280)]",93072,matmul_linear_3476,32.0364373,290419.1957783645,512,1792,1280
matmul,linear,"[(640, 1792), (1792, 1280)]",116340,matmul_linear_3477,35.5388392,327260.15755967627,640,1792,1280
matmul,linear,"[(768, 1792), (1792, 1280)]",139608,matmul_linear_3478,53.9000088,258912.9447251593,768,1792,1280
matmul,linear,"[(896, 1792), (1792, 1280)]",162876,matmul_linear_3479,57.426723200000005,283524.0532700288,896,1792,1280
matmul,linear,"[(1024, 1792), (1792, 1280)]",186144,matmul_linear_3480,60.76485720000001,306234.95835813467,1024,1792,1280
matmul,linear,"[(1152, 1792), (1792, 1280)]",209412,matmul_linear_3481,64.15944640000001,326293.0905737989,1152,1792,1280
matmul,linear,"[(1280, 1792), (1792, 1280)]",232680,matmul_linear_3482,55.9033128,416118.625240399,1280,1792,1280
matmul,linear,"[(1408, 1792), (1792, 1280)]",250600,matmul_linear_3483,59.524571300000005,420902.61207593104,1408,1792,1280
matmul,linear,"[(1536, 1792), (1792, 1280)]",268520,matmul_linear_3484,63.1781428,424920.4075324608,1536,1792,1280
matmul,linear,"[(1664, 1792), (1792, 1280)]",286440,matmul_linear_3485,66.62698209999999,429815.9154020876,1664,1792,1280
matmul,linear,"[(1792, 1792), (1792, 1280)]",304360,matmul_linear_3486,70.3585894,432483.9994739861,1792,1792,1280
matmul,linear,"[(1920, 1792), (1792, 1280)]",322280,matmul_linear_3487,74.0175804,435310.0718482821,1920,1792,1280
matmul,linear,"[(2048, 1792), (1792, 1280)]",340200,matmul_linear_3488,77.71271429999999,437666.2047508744,2048,1792,1280
matmul,linear,"[(128, 1792), (1792, 1408)]",25060,matmul_linear_3489,17.0762677,146653.3798383824,128,1792,1408
matmul,linear,"[(256, 1792), (1792, 1408)]",50120,matmul_linear_3490,25.167303600000004,199047.27774015488,256,1792,1408
matmul,linear,"[(384, 1792), (1792, 1408)]",75180,matmul_linear_3491,34.5094553,217753.33714032863,384,1792,1408
matmul,linear,"[(512, 1792), (1792, 1408)]",100240,matmul_linear_3492,48.13058919999999,208166.7211561998,512,1792,1408
matmul,linear,"[(640, 1792), (1792, 1408)]",125300,matmul_linear_3493,51.018580400000005,245496.79829899772,640,1792,1408
matmul,linear,"[(768, 1792), (1792, 1408)]",150360,matmul_linear_3494,53.639732,280214.59963297355,768,1792,1408
matmul,linear,"[(896, 1792), (1792, 1408)]",175420,matmul_linear_3495,56.4128839,310857.3343404272,896,1792,1408
matmul,linear,"[(1024, 1792), (1792, 1408)]",200480,matmul_linear_3496,61.2632769,327143.350575653,1024,1792,1408
matmul,linear,"[(1152, 1792), (1792, 1408)]",225540,matmul_linear_3497,78.902991,285744.67729493295,1152,1792,1408
matmul,linear,"[(1280, 1792), (1792, 1408)]",250600,matmul_linear_3498,81.8237141,306168.18002141995,1280,1792,1408
matmul,linear,"[(1408, 1792), (1792, 1408)]",275660,matmul_linear_3499,79.80770530000001,345305.24497451,1408,1792,1408
matmul,linear,"[(1536, 1792), (1792, 1408)]",295372,matmul_linear_3500,84.9726072,347508.4937640939,1536,1792,1408
matmul,linear,"[(1664, 1792), (1792, 1408)]",315084,matmul_linear_3501,90.121411,349521.68978912244,1664,1792,1408
matmul,linear,"[(1792, 1792), (1792, 1408)]",334796,matmul_linear_3502,95.1892679,351616.1203001541,1792,1792,1408
matmul,linear,"[(1920, 1792), (1792, 1408)]",354508,matmul_linear_3503,100.3269732,353252.63159319555,1920,1792,1408
matmul,linear,"[(2048, 1792), (1792, 1408)]",374220,matmul_linear_3504,105.4619733,354738.79951258225,2048,1792,1408
matmul,linear,"[(128, 1792), (1792, 1536)]",26852,matmul_linear_3505,17.0565803,157328.97771835307,128,1792,1536
matmul,linear,"[(256, 1792), (1792, 1536)]",53704,matmul_linear_3506,28.3575267,189281.81939541287,256,1792,1536
matmul,linear,"[(384, 1792), (1792, 1536)]",80556,matmul_linear_3507,34.666580499999995,232273.65450567013,384,1792,1536
matmul,linear,"[(512, 1792), (1792, 1536)]",107408,matmul_linear_3508,39.7787056,269913.81362192944,512,1792,1536
matmul,linear,"[(640, 1792), (1792, 1536)]",134260,matmul_linear_3509,44.3892856,302360.3757083219,640,1792,1536
matmul,linear,"[(768, 1792), (1792, 1536)]",161112,matmul_linear_3510,49.2112947,327288.2570701802,768,1792,1536
matmul,linear,"[(896, 1792), (1792, 1536)]",187964,matmul_linear_3511,66.0708302,284388.630506114,896,1792,1536
matmul,linear,"[(1024, 1792), (1792, 1536)]",214816,matmul_linear_3512,69.8383035,307490.5187187143,1024,1792,1536
matmul,linear,"[(1152, 1792), (1792, 1536)]",241668,matmul_linear_3513,73.54667859999999,328491.3172427069,1152,1792,1536
matmul,linear,"[(1280, 1792), (1792, 1536)]",268520,matmul_linear_3514,77.18329450000002,347799.11695204966,1280,1792,1536
matmul,linear,"[(1408, 1792), (1792, 1536)]",295372,matmul_linear_3515,80.9331339,364858.0657100936,1408,1792,1536
matmul,linear,"[(1536, 1792), (1792, 1536)]",322224,matmul_linear_3516,85.164884,378253.124980479,1536,1792,1536
matmul,linear,"[(1664, 1792), (1792, 1536)]",343728,matmul_linear_3517,90.23074979999998,380843.3045407322,1664,1792,1536
matmul,linear,"[(1792, 1792), (1792, 1536)]",365232,matmul_linear_3518,95.3726876,382852.40408009646,1792,1792,1536
matmul,linear,"[(1920, 1792), (1792, 1536)]",386736,matmul_linear_3519,100.5415893,384552.761799937,1920,1792,1536
matmul,linear,"[(2048, 1792), (1792, 1536)]",408240,matmul_linear_3520,105.6422679,386336.2324997,2048,1792,1536
matmul,linear,"[(128, 1792), (1792, 1664)]",28644,matmul_linear_3521,17.517134000000006,163419.90000190664,128,1792,1664
matmul,linear,"[(256, 1792), (1792, 1664)]",57288,matmul_linear_3522,32.451009,176436.88364512796,256,1792,1664
matmul,linear,"[(384, 1792), (1792, 1664)]",85932,matmul_linear_3523,36.5979912,234699.7722891414,384,1792,1664
matmul,linear,"[(512, 1792), (1792, 1664)]",114576,matmul_linear_3524,41.1007317,278668.7597298906,512,1792,1664
matmul,linear,"[(640, 1792), (1792, 1664)]",143220,matmul_linear_3525,45.2972767,316077.94806635694,640,1792,1664
matmul,linear,"[(768, 1792), (1792, 1664)]",171864,matmul_linear_3526,63.8682947,268991.261645976,768,1792,1664
matmul,linear,"[(896, 1792), (1792, 1664)]",200508,matmul_linear_3527,66.8202501,299970.71164793504,896,1792,1664
matmul,linear,"[(1024, 1792), (1792, 1664)]",229152,matmul_linear_3528,78.7374197,290933.15916764794,1024,1792,1664
matmul,linear,"[(1152, 1792), (1792, 1664)]",257796,matmul_linear_3529,82.67313390000001,311725.6050530582,1152,1792,1664
matmul,linear,"[(1280, 1792), (1792, 1664)]",286440,matmul_linear_3530,86.68557140000001,330335.6138788744,1280,1792,1664
matmul,linear,"[(1408, 1792), (1792, 1664)]",315084,matmul_linear_3531,90.7767144,346997.82358018466,1408,1792,1664
matmul,linear,"[(1536, 1792), (1792, 1664)]",343728,matmul_linear_3532,95.0587144,361495.46462370415,1536,1792,1664
matmul,linear,"[(1664, 1792), (1792, 1664)]",372372,matmul_linear_3533,85.4339999,435759.2602896496,1664,1792,1664
matmul,linear,"[(1792, 1792), (1792, 1664)]",395668,matmul_linear_3534,90.2194286,438461.8554006227,1792,1792,1664
matmul,linear,"[(1920, 1792), (1792, 1664)]",418964,matmul_linear_3535,104.1905535,402013.2299676285,1920,1792,1664
matmul,linear,"[(2048, 1792), (1792, 1664)]",442260,matmul_linear_3536,108.9755803,405734.0398670032,2048,1792,1664
matmul,linear,"[(128, 1792), (1792, 1792)]",30436,matmul_linear_3537,17.468741299999998,174131.21378527716,128,1792,1792
matmul,linear,"[(256, 1792), (1792, 1792)]",60872,matmul_linear_3538,32.46484830000001,187401.261171764,256,1792,1792
matmul,linear,"[(384, 1792), (1792, 1792)]",91308,matmul_linear_3539,36.67475,248866.93228992692,384,1792,1792
matmul,linear,"[(512, 1792), (1792, 1792)]",121744,matmul_linear_3540,41.1815893,295527.25011198147,512,1792,1792
matmul,linear,"[(640, 1792), (1792, 1792)]",152180,matmul_linear_3541,45.500151900000006,334360.42187828384,640,1792,1792
matmul,linear,"[(768, 1792), (1792, 1792)]",182616,matmul_linear_3542,70.65815189999998,258350.00907814584,768,1792,1792
matmul,linear,"[(896, 1792), (1792, 1792)]",213052,matmul_linear_3543,74.78070559999999,284802.36658050475,896,1792,1792
matmul,linear,"[(1024, 1792), (1792, 1792)]",243488,matmul_linear_3544,78.79699110000001,308906.7229737151,1024,1792,1792
matmul,linear,"[(1152, 1792), (1792, 1792)]",273924,matmul_linear_3545,82.7828572,330794.5949258683,1152,1792,1792
matmul,linear,"[(1280, 1792), (1792, 1792)]",304360,matmul_linear_3546,86.82512510000001,350443.69302601786,1280,1792,1792
matmul,linear,"[(1408, 1792), (1792, 1792)]",334796,matmul_linear_3547,90.9456965,368027.36928129406,1408,1792,1792
matmul,linear,"[(1536, 1792), (1792, 1792)]",365232,matmul_linear_3548,95.2734466,383251.3040977779,1536,1792,1792
matmul,linear,"[(1664, 1792), (1792, 1792)]",395668,matmul_linear_3549,99.5881339,397204.36198082025,1664,1792,1792
matmul,linear,"[(1792, 1792), (1792, 1792)]",426104,matmul_linear_3550,90.78598209999998,469249.992304594,1792,1792,1792
matmul,linear,"[(1920, 1792), (1792, 1792)]",451192,matmul_linear_3551,104.7065537,430810.9449755484,1920,1792,1792
matmul,linear,"[(2048, 1792), (1792, 1792)]",476280,matmul_linear_3552,109.5035535,434844.7892574555,2048,1792,1792
matmul,linear,"[(128, 1792), (1792, 1920)]",32228,matmul_linear_3553,20.9411699,153797.80109658535,128,1792,1920
matmul,linear,"[(256, 1792), (1792, 1920)]",64456,matmul_linear_3554,35.8820267,179533.10862817013,256,1792,1920
matmul,linear,"[(384, 1792), (1792, 1920)]",96684,matmul_linear_3555,41.0408751,235479.77203073824,384,1792,1920
matmul,linear,"[(512, 1792), (1792, 1920)]",128912,matmul_linear_3556,46.427116,277565.3195516172,512,1792,1920
matmul,linear,"[(640, 1792), (1792, 1920)]",161140,matmul_linear_3557,51.5171426,312689.0870251798,640,1792,1920
matmul,linear,"[(768, 1792), (1792, 1920)]",193368,matmul_linear_3558,56.90345510000001,339717.67831176915,768,1792,1920
matmul,linear,"[(896, 1792), (1792, 1920)]",225596,matmul_linear_3559,62.41112510000001,361367.6063578927,896,1792,1920
matmul,linear,"[(1024, 1792), (1792, 1920)]",257824,matmul_linear_3560,67.9915715,379099.9424516904,1024,1792,1920
matmul,linear,"[(1152, 1792), (1792, 1920)]",290052,matmul_linear_3561,94.5889998,306544.536482349,1152,1792,1920
matmul,linear,"[(1280, 1792), (1792, 1920)]",322280,matmul_linear_3562,99.3673484,324231.8908970706,1280,1792,1920
matmul,linear,"[(1408, 1792), (1792, 1920)]",354508,matmul_linear_3563,104.3502948,339628.7958596165,1408,1792,1920
matmul,linear,"[(1536, 1792), (1792, 1920)]",386736,matmul_linear_3564,109.3491606,353570.75328056974,1536,1792,1920
matmul,linear,"[(1664, 1792), (1792, 1920)]",418964,matmul_linear_3565,114.6330001,365382.8885526132,1664,1792,1920
matmul,linear,"[(1792, 1792), (1792, 1920)]",451192,matmul_linear_3566,119.7197412,376773.517665105,1792,1792,1920
matmul,linear,"[(1920, 1792), (1792, 1920)]",483420,matmul_linear_3567,129.14684800000003,374218.0785953056,1920,1792,1920
matmul,linear,"[(2048, 1792), (1792, 1920)]",510300,matmul_linear_3568,172.659982,295451.98262443935,2048,1792,1920
matmul,linear,"[(128, 1792), (1792, 2048)]",34020,matmul_linear_3569,20.9422767,162346.52139468677,128,1792,2048
matmul,linear,"[(256, 1792), (1792, 2048)]",68040,matmul_linear_3570,27.7044286,245492.5042973093,256,1792,2048
matmul,linear,"[(384, 1792), (1792, 2048)]",102060,matmul_linear_3571,45.700419700000005,223223.98842280213,384,1792,2048
matmul,linear,"[(512, 1792), (1792, 2048)]",136080,matmul_linear_3572,52.075160700000005,261214.6040661185,512,1792,2048
matmul,linear,"[(640, 1792), (1792, 2048)]",170100,matmul_linear_3573,58.21812490000001,292077.05017497047,640,1792,2048
matmul,linear,"[(768, 1792), (1792, 2048)]",204120,matmul_linear_3574,64.2213124,317738.41278210934,768,1792,2048
matmul,linear,"[(896, 1792), (1792, 2048)]",238140,matmul_linear_3575,70.38485719999998,338239.8211966537,896,1792,2048
matmul,linear,"[(1024, 1792), (1792, 2048)]",272160,matmul_linear_3576,88.2189823,308405.03248210787,1024,1792,2048
matmul,linear,"[(1152, 1792), (1792, 2048)]",306180,matmul_linear_3577,92.5868394,330594.9475586052,1152,1792,2048
matmul,linear,"[(1280, 1792), (1792, 2048)]",340200,matmul_linear_3578,96.8560178,351143.01796351577,1280,1792,2048
matmul,linear,"[(1408, 1792), (1792, 2048)]",374220,matmul_linear_3579,101.28715180000002,369364.43191425584,1408,1792,2048
matmul,linear,"[(1536, 1792), (1792, 2048)]",408240,matmul_linear_3580,105.4670088,386978.3903373583,1536,1792,2048
matmul,linear,"[(1664, 1792), (1792, 2048)]",442260,matmul_linear_3581,130.2022681,339571.50223552826,1664,1792,2048
matmul,linear,"[(1792, 1792), (1792, 2048)]",476280,matmul_linear_3582,136.1675537,349674.9552359036,1792,1792,2048
matmul,linear,"[(1920, 1792), (1792, 2048)]",510300,matmul_linear_3583,143.30400000000003,355996.1313012895,1920,1792,2048
matmul,linear,"[(2048, 1792), (1792, 2048)]",544320,matmul_linear_3584,172.8845801,314745.89295653446,2048,1792,2048
matmul,linear,"[(128, 1920), (1920, 128)]",7650,matmul_linear_3585,4.2500089,179899.6230596129,128,1920,128
matmul,linear,"[(256, 1920), (1920, 128)]",9570,matmul_linear_3586,5.5817232,171352.42888432732,256,1920,128
matmul,linear,"[(384, 1920), (1920, 128)]",11490,matmul_linear_3587,6.7825627,169304.99495861644,384,1920,128
matmul,linear,"[(512, 1920), (1920, 128)]",13410,matmul_linear_3588,8.267732,162096.83947181646,512,1920,128
matmul,linear,"[(640, 1920), (1920, 128)]",15330,matmul_linear_3589,9.3787229,163355.0904579983,640,1920,128
matmul,linear,"[(768, 1920), (1920, 128)]",17250,matmul_linear_3590,9.770723,176447.8358152206,768,1920,128
matmul,linear,"[(896, 1920), (1920, 128)]",19170,matmul_linear_3591,10.8805446,176086.03392333872,896,1920,128
matmul,linear,"[(1024, 1920), (1920, 128)]",21090,matmul_linear_3592,11.9105356,176970.12269036833,1024,1920,128
matmul,linear,"[(1152, 1920), (1920, 128)]",23010,matmul_linear_3593,13.0424198,176324.3165980595,1152,1920,128
matmul,linear,"[(1280, 1920), (1920, 128)]",24930,matmul_linear_3594,14.0106964,177835.48078024157,1280,1920,128
matmul,linear,"[(1408, 1920), (1920, 128)]",26850,matmul_linear_3595,15.070848000000002,178058.52167044615,1408,1920,128
matmul,linear,"[(1536, 1920), (1920, 128)]",28770,matmul_linear_3596,16.186419899999997,177641.58941718793,1536,1920,128
matmul,linear,"[(1664, 1920), (1920, 128)]",30690,matmul_linear_3597,17.2336073,177982.27532259017,1664,1920,128
matmul,linear,"[(1792, 1920), (1920, 128)]",32610,matmul_linear_3598,20.2107051,161250.13518157764,1792,1920,128
matmul,linear,"[(1920, 1920), (1920, 128)]",34530,matmul_linear_3599,21.3141249,161905.24376208382,1920,1920,128
matmul,linear,"[(2048, 1920), (1920, 128)]",36450,matmul_linear_3600,22.2201248,163940.48279692832,2048,1920,128
matmul,linear,"[(128, 1920), (1920, 256)]",9570,matmul_linear_3601,5.036571599999999,189910.2045605785,128,1920,256
matmul,linear,"[(256, 1920), (1920, 256)]",19140,matmul_linear_3602,8.1822767,233820.22418405872,256,1920,256
matmul,linear,"[(384, 1920), (1920, 256)]",22980,matmul_linear_3603,9.7048752,236688.20723011455,384,1920,256
matmul,linear,"[(512, 1920), (1920, 256)]",26820,matmul_linear_3604,11.914999900000002,224994.42068900057,512,1920,256
matmul,linear,"[(640, 1920), (1920, 256)]",30660,matmul_linear_3605,11.7383127,261095.9723989973,640,1920,256
matmul,linear,"[(768, 1920), (1920, 256)]",34500,matmul_linear_3606,12.9937054,265413.1768648534,768,1920,256
matmul,linear,"[(896, 1920), (1920, 256)]",38340,matmul_linear_3607,14.261990999999998,268726.4212198704,896,1920,256
matmul,linear,"[(1024, 1920), (1920, 256)]",42180,matmul_linear_3608,15.5132678,271796.2925399896,1024,1920,256
matmul,linear,"[(1152, 1920), (1920, 256)]",46020,matmul_linear_3609,16.774276899999997,274248.63675107213,1152,1920,256
matmul,linear,"[(1280, 1920), (1920, 256)]",49860,matmul_linear_3610,18.008151700000003,276774.6111795581,1280,1920,256
matmul,linear,"[(1408, 1920), (1920, 256)]",53700,matmul_linear_3611,19.2498481,278863.24023460736,1408,1920,256
matmul,linear,"[(1536, 1920), (1920, 256)]",57540,matmul_linear_3612,20.5390268,280049.59306640574,1536,1920,256
matmul,linear,"[(1664, 1920), (1920, 256)]",61380,matmul_linear_3613,21.8264551,281118.36422259884,1664,1920,256
matmul,linear,"[(1792, 1920), (1920, 256)]",65220,matmul_linear_3614,23.079008800000004,282494.4587360268,1792,1920,256
matmul,linear,"[(1920, 1920), (1920, 256)]",69060,matmul_linear_3615,24.2837142,284288.1270847769,1920,1920,256
matmul,linear,"[(2048, 1920), (1920, 256)]",72900,matmul_linear_3616,25.6204375,284438.46660502965,2048,1920,256
matmul,linear,"[(128, 1920), (1920, 384)]",11490,matmul_linear_3617,6.330678600000001,181397.13049719503,128,1920,384
matmul,linear,"[(256, 1920), (1920, 384)]",22980,matmul_linear_3618,9.6970001,236880.5069920541,256,1920,384
matmul,linear,"[(384, 1920), (1920, 384)]",34470,matmul_linear_3619,11.7940089,292167.03398536524,384,1920,384
matmul,linear,"[(512, 1920), (1920, 384)]",40230,matmul_linear_3620,13.4057231,299995.7106148195,512,1920,384
matmul,linear,"[(640, 1920), (1920, 384)]",45990,matmul_linear_3621,14.874687599999998,309082.9639501135,640,1920,384
matmul,linear,"[(768, 1920), (1920, 384)]",51750,matmul_linear_3622,16.1772587,319793.5058138126,768,1920,384
matmul,linear,"[(896, 1920), (1920, 384)]",57510,matmul_linear_3623,17.741142900000003,324061.7539758388,896,1920,384
matmul,linear,"[(1024, 1920), (1920, 384)]",63270,matmul_linear_3624,19.1558392,330190.9329078102,1024,1920,384
matmul,linear,"[(1152, 1920), (1920, 384)]",69030,matmul_linear_3625,20.5597143,335653.6928419283,1152,1920,384
matmul,linear,"[(1280, 1920), (1920, 384)]",74790,matmul_linear_3626,21.9775444,340201.8946921113,1280,1920,384
matmul,linear,"[(1408, 1920), (1920, 384)]",80550,matmul_linear_3627,23.476009,343016.2426288046,1408,1920,384
matmul,linear,"[(1536, 1920), (1920, 384)]",86310,matmul_linear_3628,24.9074017,346423.4994784703,1536,1920,384
matmul,linear,"[(1664, 1920), (1920, 384)]",92070,matmul_linear_3629,26.3928304,348744.7377739373,1664,1920,384
matmul,linear,"[(1792, 1920), (1920, 384)]",97830,matmul_linear_3630,27.9145625,350362.23633273854,1792,1920,384
matmul,linear,"[(1920, 1920), (1920, 384)]",103590,matmul_linear_3631,29.3857232,352418.12349474523,1920,1920,384
matmul,linear,"[(2048, 1920), (1920, 384)]",109350,matmul_linear_3632,30.923000100000003,353520.281493968,2048,1920,384
matmul,linear,"[(128, 1920), (1920, 512)]",13410,matmul_linear_3633,7.695285600000001,174162.53809215344,128,1920,512
matmul,linear,"[(256, 1920), (1920, 512)]",26820,matmul_linear_3634,11.667401799999997,229771.22977113895,256,1920,512
matmul,linear,"[(384, 1920), (1920, 512)]",40230,matmul_linear_3635,13.5844463,296047.51394026267,384,1920,512
matmul,linear,"[(512, 1920), (1920, 512)]",53640,matmul_linear_3636,15.4795802,346421.02516320173,512,1920,512
matmul,linear,"[(640, 1920), (1920, 512)]",61320,matmul_linear_3637,18.012866099999997,340323.3377385735,640,1920,512
matmul,linear,"[(768, 1920), (1920, 512)]",69000,matmul_linear_3638,20.4705801,336969.09947315074,768,1920,512
matmul,linear,"[(896, 1920), (1920, 512)]",76680,matmul_linear_3639,23.0937054,331938.530291462,896,1920,512
matmul,linear,"[(1024, 1920), (1920, 512)]",84360,matmul_linear_3640,25.6121343,329275.12747619784,1024,1920,512
matmul,linear,"[(1152, 1920), (1920, 512)]",92040,matmul_linear_3641,31.3004287,293953.4804879526,1152,1920,512
matmul,linear,"[(1280, 1920), (1920, 512)]",99720,matmul_linear_3642,33.7081248,295733.72137034446,1280,1920,512
matmul,linear,"[(1408, 1920), (1920, 512)]",107400,matmul_linear_3643,36.1349823,297118.90855886764,1408,1920,512
matmul,linear,"[(1536, 1920), (1920, 512)]",115080,matmul_linear_3644,38.4057321,299542.77129350696,1536,1920,512
matmul,linear,"[(1664, 1920), (1920, 512)]",122760,matmul_linear_3645,40.8390267,300494.8229417524,1664,1920,512
matmul,linear,"[(1792, 1920), (1920, 512)]",130440,matmul_linear_3646,43.2584107,301436.7367622685,1792,1920,512
matmul,linear,"[(1920, 1920), (1920, 512)]",138120,matmul_linear_3647,48.650991000000005,283799.664037676,1920,1920,512
matmul,linear,"[(2048, 1920), (1920, 512)]",145800,matmul_linear_3648,47.9974465,303666.1597268513,2048,1920,512
matmul,linear,"[(128, 1920), (1920, 640)]",15330,matmul_linear_3649,11.5407232,132733.96312633163,128,1920,640
matmul,linear,"[(256, 1920), (1920, 640)]",30660,matmul_linear_3650,14.253339200000005,215007.488636768,256,1920,640
matmul,linear,"[(384, 1920), (1920, 640)]",45990,matmul_linear_3651,16.509428500000002,278468.092166243,384,1920,640
matmul,linear,"[(512, 1920), (1920, 640)]",61320,matmul_linear_3652,26.0978212,234862.14312327348,512,1920,640
matmul,linear,"[(640, 1920), (1920, 640)]",76650,matmul_linear_3653,22.0111877,348132.00385502144,640,1920,640
matmul,linear,"[(768, 1920), (1920, 640)]",86250,matmul_linear_3654,24.0618842,358350.7318009618,768,1920,640
matmul,linear,"[(896, 1920), (1920, 640)]",95850,matmul_linear_3655,26.2655803,364826.2605479157,896,1920,640
matmul,linear,"[(1024, 1920), (1920, 640)]",105450,matmul_linear_3656,28.2475895,373206.1895422971,1024,1920,640
matmul,linear,"[(1152, 1920), (1920, 640)]",115050,matmul_linear_3657,30.3652946,378786.49366174766,1152,1920,640
matmul,linear,"[(1280, 1920), (1920, 640)]",124650,matmul_linear_3658,32.50415160000001,383389.47400306846,1280,1920,640
matmul,linear,"[(1408, 1920), (1920, 640)]",134250,matmul_linear_3659,34.5627499,388323.9546576124,1408,1920,640
matmul,linear,"[(1536, 1920), (1920, 640)]",143850,matmul_linear_3660,36.655009,392342.9537038171,1536,1920,640
matmul,linear,"[(1664, 1920), (1920, 640)]",153450,matmul_linear_3661,38.6427408,396999.1622830232,1664,1920,640
matmul,linear,"[(1792, 1920), (1920, 640)]",163050,matmul_linear_3662,40.7074109,400441.3176498533,1792,1920,640
matmul,linear,"[(1920, 1920), (1920, 640)]",172650,matmul_linear_3663,42.952830500000005,401852.5558391314,1920,1920,640
matmul,linear,"[(2048, 1920), (1920, 640)]",182250,matmul_linear_3664,44.9697408,405172.5160470572,2048,1920,640
matmul,linear,"[(128, 1920), (1920, 768)]",17250,matmul_linear_3665,9.7954107,176002.87642150623,128,1920,768
matmul,linear,"[(256, 1920), (1920, 768)]",34500,matmul_linear_3666,13.0348569,264574.94246139366,256,1920,768
matmul,linear,"[(384, 1920), (1920, 768)]",51750,matmul_linear_3667,18.8935716,273802.6855038885,384,1920,768
matmul,linear,"[(512, 1920), (1920, 768)]",69000,matmul_linear_3668,30.381875099999995,227009.08978754905,512,1920,768
matmul,linear,"[(640, 1920), (1920, 768)]",86250,matmul_linear_3669,32.5362679,264988.7934199731,640,1920,768
matmul,linear,"[(768, 1920), (1920, 768)]",103500,matmul_linear_3670,24.9807501,414219.02399119706,768,1920,768
matmul,linear,"[(896, 1920), (1920, 768)]",115020,matmul_linear_3671,27.9212769,411843.9107743671,896,1920,768
matmul,linear,"[(1024, 1920), (1920, 768)]",126540,matmul_linear_3672,30.901884000000003,409389.59616831125,1024,1920,768
matmul,linear,"[(1152, 1920), (1920, 768)]",138060,matmul_linear_3673,33.819107,408130.7672996806,1152,1920,768
matmul,linear,"[(1280, 1920), (1920, 768)]",149580,matmul_linear_3674,41.3416785,361714.04680992814,1280,1920,768
matmul,linear,"[(1408, 1920), (1920, 768)]",161100,matmul_linear_3675,44.0428482,365680.1586047289,1408,1920,768
matmul,linear,"[(1536, 1920), (1920, 768)]",172620,matmul_linear_3676,46.6455802,369967.2159288523,1536,1920,768
matmul,linear,"[(1664, 1920), (1920, 768)]",184140,matmul_linear_3677,49.4487054,372285.8865676189,1664,1920,768
matmul,linear,"[(1792, 1920), (1920, 768)]",195660,matmul_linear_3678,52.0120179,376082.2899780244,1792,1920,768
matmul,linear,"[(1920, 1920), (1920, 768)]",207180,matmul_linear_3679,59.6125625,347444.19422919455,1920,1920,768
matmul,linear,"[(2048, 1920), (1920, 768)]",218700,matmul_linear_3680,62.6811607,348808.6633968474,2048,1920,768
matmul,linear,"[(128, 1920), (1920, 896)]",19170,matmul_linear_3681,15.4108485,124292.8911506722,128,1920,896
matmul,linear,"[(256, 1920), (1920, 896)]",38340,matmul_linear_3682,18.156884,211059.58002485448,256,1920,896
matmul,linear,"[(384, 1920), (1920, 896)]",57510,matmul_linear_3683,21.0564195,273023.3579384188,384,1920,896
matmul,linear,"[(512, 1920), (1920, 896)]",76680,matmul_linear_3684,34.4889821,222231.8733434003,512,1920,896
matmul,linear,"[(640, 1920), (1920, 896)]",95850,matmul_linear_3685,36.80911619999999,260297.45012948723,640,1920,896
matmul,linear,"[(768, 1920), (1920, 896)]",115020,matmul_linear_3686,38.9528662,295179.940144687,768,1920,896
matmul,linear,"[(896, 1920), (1920, 896)]",134190,matmul_linear_3687,35.7022856,375758.2895880481,896,1920,896
matmul,linear,"[(1024, 1920), (1920, 896)]",147630,matmul_linear_3688,38.6195713,382167.3194717726,1024,1920,896
matmul,linear,"[(1152, 1920), (1920, 896)]",161070,matmul_linear_3689,41.5349642,387693.7614786725,1152,1920,896
matmul,linear,"[(1280, 1920), (1920, 896)]",174510,matmul_linear_3690,44.506411,392000.8144197473,1280,1920,896
matmul,linear,"[(1408, 1920), (1920, 896)]",187950,matmul_linear_3691,47.4435712,396054.8324591552,1408,1920,896
matmul,linear,"[(1536, 1920), (1920, 896)]",201390,matmul_linear_3692,50.4112679,399394.0186775188,1536,1920,896
matmul,linear,"[(1664, 1920), (1920, 896)]",214830,matmul_linear_3693,53.3639997,402474.7717707149,1664,1920,896
matmul,linear,"[(1792, 1920), (1920, 896)]",228270,matmul_linear_3694,56.1040002,406769.3839766528,1792,1920,896
matmul,linear,"[(1920, 1920), (1920, 896)]",241710,matmul_linear_3695,59.0478392,409246.05444461375,1920,1920,896
matmul,linear,"[(2048, 1920), (1920, 896)]",255150,matmul_linear_3696,62.0252857,411264.4896923063,2048,1920,896
matmul,linear,"[(128, 1920), (1920, 1024)]",21090,matmul_linear_3697,11.748866199999998,179406.68295124514,128,1920,1024
matmul,linear,"[(256, 1920), (1920, 1024)]",42180,matmul_linear_3698,21.8071339,193322.9422051652,256,1920,1024
matmul,linear,"[(384, 1920), (1920, 1024)]",63270,matmul_linear_3699,25.4694017,248315.7293730225,384,1920,1024
matmul,linear,"[(512, 1920), (1920, 1024)]",84360,matmul_linear_3700,29.150017799999997,289299.480229477,512,1920,1024
matmul,linear,"[(640, 1920), (1920, 1024)]",105450,matmul_linear_3701,32.7248481,322132.20617485465,640,1920,1024
matmul,linear,"[(768, 1920), (1920, 1024)]",126540,matmul_linear_3702,48.6248391,260137.36498081288,768,1920,1024
matmul,linear,"[(896, 1920), (1920, 1024)]",147630,matmul_linear_3703,52.002259,283791.5132513762,896,1920,1024
matmul,linear,"[(1024, 1920), (1920, 1024)]",168720,matmul_linear_3704,48.1164196,350549.5317037264,1024,1920,1024
matmul,linear,"[(1152, 1920), (1920, 1024)]",184080,matmul_linear_3705,52.99958019999999,347223.505781278,1152,1920,1024
matmul,linear,"[(1280, 1920), (1920, 1024)]",199440,matmul_linear_3706,64.0587141,311239.37482519646,1280,1920,1024
matmul,linear,"[(1408, 1920), (1920, 1024)]",214800,matmul_linear_3707,68.6001876,313018.6772439672,1408,1920,1024
matmul,linear,"[(1536, 1920), (1920, 1024)]",230160,matmul_linear_3708,73.41040160000001,313425.05228632333,1536,1920,1024
matmul,linear,"[(1664, 1920), (1920, 1024)]",245520,matmul_linear_3709,78.1927234,313893.41182174505,1664,1920,1024
matmul,linear,"[(1792, 1920), (1920, 1024)]",260880,matmul_linear_3710,82.8319736,314850.84405425785,1792,1920,1024
matmul,linear,"[(1920, 1920), (1920, 1024)]",276240,matmul_linear_3711,87.59542860000002,315258.92273720773,1920,1920,1024
matmul,linear,"[(2048, 1920), (1920, 1024)]",291600,matmul_linear_3712,92.3385983,315694.26736868714,2048,1920,1024
matmul,linear,"[(128, 1920), (1920, 1152)]",23010,matmul_linear_3713,14.3058658,160743.11373870148,128,1920,1152
matmul,linear,"[(256, 1920), (1920, 1152)]",46020,matmul_linear_3714,22.3715624,205607.5816930873,256,1920,1152
matmul,linear,"[(384, 1920), (1920, 1152)]",69030,matmul_linear_3715,30.3905895,227042.6817831224,384,1920,1152
matmul,linear,"[(512, 1920), (1920, 1152)]",92040,matmul_linear_3716,35.21916040000001,261235.0203544318,512,1920,1152
matmul,linear,"[(640, 1920), (1920, 1152)]",115050,matmul_linear_3717,39.6772949,289864.3241555764,640,1920,1152
matmul,linear,"[(768, 1920), (1920, 1152)]",138060,matmul_linear_3718,47.9161517,288028.31394387624,768,1920,1152
matmul,linear,"[(896, 1920), (1920, 1152)]",161070,matmul_linear_3719,50.59088380000001,318277.5176507195,896,1920,1152
matmul,linear,"[(1024, 1920), (1920, 1152)]",184080,matmul_linear_3720,53.19141069999999,345970.91178350727,1024,1920,1152
matmul,linear,"[(1152, 1920), (1920, 1152)]",207090,matmul_linear_3721,49.9940445,414129.3388565513,1152,1920,1152
matmul,linear,"[(1280, 1920), (1920, 1152)]",224370,matmul_linear_3722,53.7858574,417054.2685122279,1280,1920,1152
matmul,linear,"[(1408, 1920), (1920, 1152)]",241650,matmul_linear_3723,57.81425899999999,417876.4718596498,1408,1920,1152
matmul,linear,"[(1536, 1920), (1920, 1152)]",258930,matmul_linear_3724,61.59743769999999,420258.394225869,1536,1920,1152
matmul,linear,"[(1664, 1920), (1920, 1152)]",276210,matmul_linear_3725,65.42997299999999,422045.9788772953,1664,1920,1152
matmul,linear,"[(1792, 1920), (1920, 1152)]",293490,matmul_linear_3726,69.2041428,423993.107905673,1792,1920,1152
matmul,linear,"[(1920, 1920), (1920, 1152)]",310770,matmul_linear_3727,73.1654643,424649.57683006185,1920,1920,1152
matmul,linear,"[(2048, 1920), (1920, 1152)]",328050,matmul_linear_3728,76.7938659,427082.5570380616,2048,1920,1152
matmul,linear,"[(128, 1920), (1920, 1280)]",24930,matmul_linear_3729,14.343875,173702.40695070196,128,1920,1280
matmul,linear,"[(256, 1920), (1920, 1280)]",49860,matmul_linear_3730,26.0594106,191232.0326592498,256,1920,1280
matmul,linear,"[(384, 1920), (1920, 1280)]",74790,matmul_linear_3731,29.9545803,249578.01001037564,384,1920,1280
matmul,linear,"[(512, 1920), (1920, 1280)]",99720,matmul_linear_3732,33.70958019999999,295720.9488470581,512,1920,1280
matmul,linear,"[(640, 1920), (1920, 1280)]",124650,matmul_linear_3733,37.6810001,330703.3217515371,640,1920,1280
matmul,linear,"[(768, 1920), (1920, 1280)]",149580,matmul_linear_3734,57.5565716,259783.443092361,768,1920,1280
matmul,linear,"[(896, 1920), (1920, 1280)]",174510,matmul_linear_3735,60.8724643,286581.3460022843,896,1920,1280
matmul,linear,"[(1024, 1920), (1920, 1280)]",199440,matmul_linear_3736,64.321411,309967.82484917814,1024,1920,1280
matmul,linear,"[(1152, 1920), (1920, 1280)]",224370,matmul_linear_3737,67.80941979999999,330783.2322437893,1152,1920,1280
matmul,linear,"[(1280, 1920), (1920, 1280)]",249300,matmul_linear_3738,114.3662589,217883.87251434347,1280,1920,1280
matmul,linear,"[(1408, 1920), (1920, 1280)]",268500,matmul_linear_3739,63.6045537,422039.5865246044,1408,1920,1280
matmul,linear,"[(1536, 1920), (1920, 1280)]",287700,matmul_linear_3740,67.609741,425430.39805314445,1536,1920,1280
matmul,linear,"[(1664, 1920), (1920, 1280)]",306900,matmul_linear_3741,71.5826963,428634.8980454652,1664,1920,1280
matmul,linear,"[(1792, 1920), (1920, 1280)]",326100,matmul_linear_3742,75.57841069999999,431372.4231161956,1792,1920,1280
matmul,linear,"[(1920, 1920), (1920, 1280)]",345300,matmul_linear_3743,79.4448306,434541.243982966,1920,1920,1280
matmul,linear,"[(2048, 1920), (1920, 1280)]",364500,matmul_linear_3744,83.3751427,437080.6610413154,2048,1920,1280
matmul,linear,"[(128, 1920), (1920, 1408)]",26850,matmul_linear_3745,18.1218389,148063.7716137075,128,1920,1408
matmul,linear,"[(256, 1920), (1920, 1408)]",53700,matmul_linear_3746,26.6809822,201166.9533582613,256,1920,1408
matmul,linear,"[(384, 1920), (1920, 1408)]",80550,matmul_linear_3747,30.597589200000005,263156.03456366423,384,1920,1408
matmul,linear,"[(512, 1920), (1920, 1408)]",107400,matmul_linear_3748,51.1319644,209944.73671267752,512,1920,1408
matmul,linear,"[(640, 1920), (1920, 1408)]",134250,matmul_linear_3749,54.2247052,247480.8757370616,640,1920,1408
matmul,linear,"[(768, 1920), (1920, 1408)]",161100,matmul_linear_3750,57.0670177,282199.6653634487,768,1920,1408
matmul,linear,"[(896, 1920), (1920, 1408)]",187950,matmul_linear_3751,78.75413369999998,238554.13936995677,896,1920,1408
matmul,linear,"[(1024, 1920), (1920, 1408)]",214800,matmul_linear_3752,81.903866,262158.6826365437,1024,1920,1408
matmul,linear,"[(1152, 1920), (1920, 1408)]",241650,matmul_linear_3753,84.06700869999999,287349.2666467387,1152,1920,1408
matmul,linear,"[(1280, 1920), (1920, 1408)]",268500,matmul_linear_3754,105.671009,253990.50461513057,1280,1920,1408
matmul,linear,"[(1408, 1920), (1920, 1408)]",295350,matmul_linear_3755,83.0550178,355507.6536052467,1408,1920,1408
matmul,linear,"[(1536, 1920), (1920, 1408)]",316470,matmul_linear_3756,88.34057140000002,358138.57032466505,1536,1920,1408
matmul,linear,"[(1664, 1920), (1920, 1408)]",337590,matmul_linear_3757,93.5302945,360841.8764312776,1664,1920,1408
matmul,linear,"[(1792, 1920), (1920, 1408)]",358710,matmul_linear_3758,98.9060003,362577.6928719865,1792,1920,1408
matmul,linear,"[(1920, 1920), (1920, 1408)]",379830,matmul_linear_3759,104.2020089,364413.1260036581,1920,1920,1408
matmul,linear,"[(2048, 1920), (1920, 1408)]",400950,matmul_linear_3760,136.26584810000003,294141.00432395865,2048,1920,1408
matmul,linear,"[(128, 1920), (1920, 1536)]",28770,matmul_linear_3761,18.1374197,158522.34251545716,128,1920,1536
matmul,linear,"[(256, 1920), (1920, 1536)]",57540,matmul_linear_3762,30.3645624,189397.21468734223,256,1920,1536
matmul,linear,"[(384, 1920), (1920, 1536)]",86310,matmul_linear_3763,36.9885893,233242.2323840828,384,1920,1536
matmul,linear,"[(512, 1920), (1920, 1536)]",115080,matmul_linear_3764,42.2543214,272250.84172952786,512,1920,1536
matmul,linear,"[(640, 1920), (1920, 1536)]",143850,matmul_linear_3765,47.2692946,304220.1748984848,640,1920,1536
matmul,linear,"[(768, 1920), (1920, 1536)]",172620,matmul_linear_3766,52.2084375,330536.21181921026,768,1920,1536
matmul,linear,"[(896, 1920), (1920, 1536)]",201390,matmul_linear_3767,70.48672309999999,285613.381389977,896,1920,1536
matmul,linear,"[(1024, 1920), (1920, 1536)]",230160,matmul_linear_3768,74.37015190000001,309378.99677478,1024,1920,1536
matmul,linear,"[(1152, 1920), (1920, 1536)]",258930,matmul_linear_3769,78.3557144,330354.5201109161,1152,1920,1536
matmul,linear,"[(1280, 1920), (1920, 1536)]",287700,matmul_linear_3770,82.113125,350270.2970749196,1280,1920,1536
matmul,linear,"[(1408, 1920), (1920, 1536)]",316470,matmul_linear_3771,86.0786874,367551.9816448781,1408,1920,1536
matmul,linear,"[(1536, 1920), (1920, 1536)]",345240,matmul_linear_3772,88.56641959999999,389709.1416128558,1536,1920,1536
matmul,linear,"[(1664, 1920), (1920, 1536)]",368280,matmul_linear_3773,93.7304374,392813.9884713693,1664,1920,1536
matmul,linear,"[(1792, 1920), (1920, 1536)]",391320,matmul_linear_3774,99.0875538,394823.4641414672,1792,1920,1536
matmul,linear,"[(1920, 1920), (1920, 1536)]",414360,matmul_linear_3775,104.3797409,396873.5855130869,1920,1920,1536
matmul,linear,"[(2048, 1920), (1920, 1536)]",437400,matmul_linear_3776,136.52270529999998,320286.267645987,2048,1920,1536
matmul,linear,"[(128, 1920), (1920, 1664)]",30690,matmul_linear_3777,18.1672857,168830.023487218,128,1920,1664
matmul,linear,"[(256, 1920), (1920, 1664)]",61380,matmul_linear_3778,34.348027,178600.22053959605,256,1920,1664
matmul,linear,"[(384, 1920), (1920, 1664)]",92070,matmul_linear_3779,38.908169400000006,236534.10903109715,384,1920,1664
matmul,linear,"[(512, 1920), (1920, 1664)]",122760,matmul_linear_3780,43.6612767,281064.4763470694,512,1920,1664
matmul,linear,"[(640, 1920), (1920, 1664)]",153450,matmul_linear_3781,48.224875,318096.7812254567,640,1920,1664
matmul,linear,"[(768, 1920), (1920, 1664)]",184140,matmul_linear_3782,53.0749823,346843.1208835278,768,1920,1664
matmul,linear,"[(896, 1920), (1920, 1664)]",214830,matmul_linear_3783,79.5477323,269964.26681002945,896,1920,1664
matmul,linear,"[(1024, 1920), (1920, 1664)]",245520,matmul_linear_3784,83.8905804,292566.9464310917,1024,1920,1664
matmul,linear,"[(1152, 1920), (1920, 1664)]",276210,matmul_linear_3785,87.94982150000001,313954.07684653456,1152,1920,1664
matmul,linear,"[(1280, 1920), (1920, 1664)]",306900,matmul_linear_3786,92.3078304,332374.50261814403,1280,1920,1664
matmul,linear,"[(1408, 1920), (1920, 1664)]",337590,matmul_linear_3787,96.6794198,349084.9668713051,1408,1920,1664
matmul,linear,"[(1536, 1920), (1920, 1664)]",368280,matmul_linear_3788,101.3380089,363317.4422781658,1536,1920,1664
matmul,linear,"[(1664, 1920), (1920, 1664)]",398970,matmul_linear_3789,87.0426963,458261.26057597774,1664,1920,1664
matmul,linear,"[(1792, 1920), (1920, 1664)]",423930,matmul_linear_3790,91.9205804,461091.60492158943,1792,1920,1664
matmul,linear,"[(1920, 1920), (1920, 1664)]",448890,matmul_linear_3791,97.5093394,460255.9030982421,1920,1920,1664
matmul,linear,"[(2048, 1920), (1920, 1664)]",473850,matmul_linear_3792,102.5239731,462084.5853923505,2048,1920,1664
matmul,linear,"[(128, 1920), (1920, 1792)]",32610,matmul_linear_3793,18.1983035,179092.52747927848,128,1920,1792
matmul,linear,"[(256, 1920), (1920, 1792)]",65220,matmul_linear_3794,34.3755893,189627.6565379492,256,1920,1792
matmul,linear,"[(384, 1920), (1920, 1792)]",97830,matmul_linear_3795,39.1205893,249972.92004162117,384,1920,1792
matmul,linear,"[(512, 1920), (1920, 1792)]",130440,matmul_linear_3796,43.7298484,298185.9643300296,512,1920,1792
matmul,linear,"[(640, 1920), (1920, 1792)]",163050,matmul_linear_3797,48.321152,337329.86922166095,640,1920,1792
matmul,linear,"[(768, 1920), (1920, 1792)]",195660,matmul_linear_3798,53.2921429,367046.0544702548,768,1920,1792
matmul,linear,"[(896, 1920), (1920, 1792)]",228270,matmul_linear_3799,79.67771440000001,286391.651673181,896,1920,1792
matmul,linear,"[(1024, 1920), (1920, 1792)]",260880,matmul_linear_3800,83.8306963,311098.65576018125,1024,1920,1792
matmul,linear,"[(1152, 1920), (1920, 1792)]",293490,matmul_linear_3801,88.0257145,333313.9366741522,1152,1920,1792
matmul,linear,"[(1280, 1920), (1920, 1792)]",326100,matmul_linear_3802,92.4210267,352741.7846498561,1280,1920,1792
matmul,linear,"[(1408, 1920), (1920, 1792)]",358710,matmul_linear_3803,96.8475715,370286.1588310452,1408,1920,1792
matmul,linear,"[(1536, 1920), (1920, 1792)]",391320,matmul_linear_3804,101.4841337,385497.2216866842,1536,1920,1792
matmul,linear,"[(1664, 1920), (1920, 1792)]",423930,matmul_linear_3805,106.1056789,399435.6369186757,1664,1920,1792
matmul,linear,"[(1792, 1920), (1920, 1792)]",456540,matmul_linear_3806,96.164,474651.46624516457,1792,1920,1792
matmul,linear,"[(1920, 1920), (1920, 1792)]",483420,matmul_linear_3807,101.3774017,476751.8347220572,1920,1920,1792
matmul,linear,"[(2048, 1920), (1920, 1792)]",510300,matmul_linear_3808,106.3096071,479913.0617734171,2048,1920,1792
matmul,linear,"[(128, 1920), (1920, 1920)]",34530,matmul_linear_3809,22.2565625,155045.2521026102,128,1920,1920
matmul,linear,"[(256, 1920), (1920, 1920)]",69060,matmul_linear_3810,38.1697055,180828.8258721305,256,1920,1920
matmul,linear,"[(384, 1920), (1920, 1920)]",103590,matmul_linear_3811,43.7739821,236547.42166557425,384,1920,1920
matmul,linear,"[(512, 1920), (1920, 1920)]",138120,matmul_linear_3812,49.0767054,281336.98496924783,512,1920,1920
matmul,linear,"[(640, 1920), (1920, 1920)]",172650,matmul_linear_3813,54.5907051,316162.6305773801,640,1920,1920
matmul,linear,"[(768, 1920), (1920, 1920)]",207180,matmul_linear_3814,60.2122945,343982.5527749985,768,1920,1920
matmul,linear,"[(896, 1920), (1920, 1920)]",241710,matmul_linear_3815,65.8607055,366901.8384482687,896,1920,1920
matmul,linear,"[(1024, 1920), (1920, 1920)]",276240,matmul_linear_3816,71.6742768,385310.2368843155,1024,1920,1920
matmul,linear,"[(1152, 1920), (1920, 1920)]",310770,matmul_linear_3817,100.0859911,310402.9950590158,1152,1920,1920
matmul,linear,"[(1280, 1920), (1920, 1920)]",345300,matmul_linear_3818,105.3265982,327737.4179941947,1280,1920,1920
matmul,linear,"[(1408, 1920), (1920, 1920)]",379830,matmul_linear_3819,110.3949911,343964.5234129649,1408,1920,1920
matmul,linear,"[(1536, 1920), (1920, 1920)]",414360,matmul_linear_3820,115.9858483,357150.48018638324,1536,1920,1920
matmul,linear,"[(1664, 1920), (1920, 1920)]",448890,matmul_linear_3821,121.10529470000002,370560.9204097829,1664,1920,1920
matmul,linear,"[(1792, 1920), (1920, 1920)]",483420,matmul_linear_3822,126.67156249999998,381532.6178182259,1792,1920,1920
matmul,linear,"[(1920, 1920), (1920, 1920)]",517950,matmul_linear_3823,136.7968573,378527.1192357282,1920,1920,1920
matmul,linear,"[(2048, 1920), (1920, 1920)]",546750,matmul_linear_3824,143.54841949999997,380781.9364953023,2048,1920,1920
matmul,linear,"[(128, 1920), (1920, 2048)]",36450,matmul_linear_3825,22.3035984,163326.5437634494,128,1920,2048
matmul,linear,"[(256, 1920), (1920, 2048)]",72900,matmul_linear_3826,29.4192859,247696.63329625552,256,1920,2048
matmul,linear,"[(384, 1920), (1920, 2048)]",109350,matmul_linear_3827,48.5388659,225183.3847113021,384,1920,2048
matmul,linear,"[(512, 1920), (1920, 2048)]",145800,matmul_linear_3828,55.3089554,263510.1133090646,512,1920,2048
matmul,linear,"[(640, 1920), (1920, 2048)]",182250,matmul_linear_3829,61.834535800000005,294638.2035655226,640,1920,2048
matmul,linear,"[(768, 1920), (1920, 2048)]",218700,matmul_linear_3830,68.2247144,320458.3224837948,768,1920,2048
matmul,linear,"[(896, 1920), (1920, 2048)]",255150,matmul_linear_3831,74.68145559999999,341551.08051268355,896,1920,2048
matmul,linear,"[(1024, 1920), (1920, 2048)]",291600,matmul_linear_3832,93.7831697,310829.9898188448,1024,1920,2048
matmul,linear,"[(1152, 1920), (1920, 2048)]",328050,matmul_linear_3833,98.3038483,333610.23176922766,1152,1920,2048
matmul,linear,"[(1280, 1920), (1920, 2048)]",364500,matmul_linear_3834,102.89816059999998,354133.7373910259,1280,1920,2048
matmul,linear,"[(1408, 1920), (1920, 2048)]",400950,matmul_linear_3835,107.417027,373164.8456189352,1408,1920,2048
matmul,linear,"[(1536, 1920), (1920, 2048)]",437400,matmul_linear_3836,132.3115982,330483.26401502115,1536,1920,2048
matmul,linear,"[(1664, 1920), (1920, 2048)]",473850,matmul_linear_3837,138.3959732,342287.12951223354,1664,1920,2048
matmul,linear,"[(1792, 1920), (1920, 2048)]",510300,matmul_linear_3838,144.66858910000002,352637.248060989,1792,1920,2048
matmul,linear,"[(1920, 1920), (1920, 2048)]",546750,matmul_linear_3839,152.254277,359003.2125816735,1920,1920,2048
matmul,linear,"[(2048, 1920), (1920, 2048)]",583200,matmul_linear_3840,143.7657233,405559.9769494569,2048,1920,2048
matmul,linear,"[(128, 2048), (2048, 128)]",8160,matmul_linear_3841,4.1832946,194961.5670242301,128,2048,128
matmul,linear,"[(256, 2048), (2048, 128)]",10208,matmul_linear_3842,5.5054286,185316.9900595932,256,2048,128
matmul,linear,"[(384, 2048), (2048, 128)]",12256,matmul_linear_3843,6.766401900000001,181030.2399876661,384,2048,128
matmul,linear,"[(512, 2048), (2048, 128)]",14304,matmul_linear_3844,8.2024378,174287.18035752737,512,2048,128
matmul,linear,"[(640, 2048), (2048, 128)]",16352,matmul_linear_3845,9.4722858,172529.92634787265,640,2048,128
matmul,linear,"[(768, 2048), (2048, 128)]",18400,matmul_linear_3846,10.5770983,173860.75443489072,768,2048,128
matmul,linear,"[(896, 2048), (2048, 128)]",20448,matmul_linear_3847,11.6652767,175189.4554142895,896,2048,128
matmul,linear,"[(1024, 2048), (2048, 128)]",22496,matmul_linear_3848,12.936714599999998,173792.68214976313,1024,2048,128
matmul,linear,"[(1152, 2048), (2048, 128)]",24544,matmul_linear_3849,14.1325715,173569.73873084597,1152,2048,128
matmul,linear,"[(1280, 2048), (2048, 128)]",26592,matmul_linear_3850,15.242553700000002,174358.95565386786,1280,2048,128
matmul,linear,"[(1408, 2048), (2048, 128)]",28640,matmul_linear_3851,16.4758931,173729.72702098923,1408,2048,128
matmul,linear,"[(1536, 2048), (2048, 128)]",30688,matmul_linear_3852,17.6476963,173792.38503611376,1536,2048,128
matmul,linear,"[(1664, 2048), (2048, 128)]",32736,matmul_linear_3853,18.7991339,174035.6818571307,1664,2048,128
matmul,linear,"[(1792, 2048), (2048, 128)]",34784,matmul_linear_3854,19.9509734,174247.38297029657,1792,2048,128
matmul,linear,"[(1920, 2048), (2048, 128)]",36832,matmul_linear_3855,21.1137145,174345.85603352738,1920,2048,128
matmul,linear,"[(2048, 2048), (2048, 128)]",38880,matmul_linear_3856,23.8704287,162779.35373360093,2048,2048,128
matmul,linear,"[(128, 2048), (2048, 256)]",10208,matmul_linear_3857,5.063187600000001,201512.1227662984,128,2048,256
matmul,linear,"[(256, 2048), (2048, 256)]",20416,matmul_linear_3858,8.2185716,248312.99673047807,256,2048,256
matmul,linear,"[(384, 2048), (2048, 256)]",24512,matmul_linear_3859,10.5131251,233056.1716125684,384,2048,256
matmul,linear,"[(512, 2048), (2048, 256)]",28608,matmul_linear_3860,12.8724376,222142.28921490363,512,2048,256
matmul,linear,"[(640, 2048), (2048, 256)]",32704,matmul_linear_3861,15.2507589,214341.7875493396,640,2048,256
matmul,linear,"[(768, 2048), (2048, 256)]",36800,matmul_linear_3862,13.965419700000002,263408.0132965857,768,2048,256
matmul,linear,"[(896, 2048), (2048, 256)]",40896,matmul_linear_3863,15.3591252,266165.1646332045,896,2048,256
matmul,linear,"[(1024, 2048), (2048, 256)]",44992,matmul_linear_3864,16.6364463,270342.3720587491,1024,2048,256
matmul,linear,"[(1152, 2048), (2048, 256)]",49088,matmul_linear_3865,18.0275805,272193.8887999974,1152,2048,256
matmul,linear,"[(1280, 2048), (2048, 256)]",53184,matmul_linear_3866,19.3388662,274910.9517795826,1280,2048,256
matmul,linear,"[(1408, 2048), (2048, 256)]",57280,matmul_linear_3867,20.6458659,277340.53108472435,1408,2048,256
matmul,linear,"[(1536, 2048), (2048, 256)]",61376,matmul_linear_3868,22.2026963,276334.8940808599,1536,2048,256
matmul,linear,"[(1664, 2048), (2048, 256)]",65472,matmul_linear_3869,23.4907321,278614.174259388,1664,2048,256
matmul,linear,"[(1792, 2048), (2048, 256)]",69568,matmul_linear_3870,24.811428600000003,280286.91814787313,1792,2048,256
matmul,linear,"[(1920, 2048), (2048, 256)]",73664,matmul_linear_3871,26.225705500000004,280784.7220525679,1920,2048,256
matmul,linear,"[(2048, 2048), (2048, 256)]",77760,matmul_linear_3872,27.597562700000005,281664.0124430263,2048,2048,256
matmul,linear,"[(128, 2048), (2048, 384)]",12256,matmul_linear_3873,6.266580500000001,195477.15727101883,128,2048,384
matmul,linear,"[(256, 2048), (2048, 384)]",24512,matmul_linear_3874,10.041875,243997.84029376987,256,2048,384
matmul,linear,"[(384, 2048), (2048, 384)]",36768,matmul_linear_3875,11.6782677,314741.2157053053,384,2048,384
matmul,linear,"[(512, 2048), (2048, 384)]",42912,matmul_linear_3876,13.5654018,316234.16121887375,512,2048,384
matmul,linear,"[(640, 2048), (2048, 384)]",49056,matmul_linear_3877,15.496875,316454.1439806413,640,2048,384
matmul,linear,"[(768, 2048), (2048, 384)]",55200,matmul_linear_3878,16.9374466,325805.08654356434,768,2048,384
matmul,linear,"[(896, 2048), (2048, 384)]",61344,matmul_linear_3879,18.4601427,332205.1235134818,896,2048,384
matmul,linear,"[(1024, 2048), (2048, 384)]",67488,matmul_linear_3880,20.048276800000004,336527.4352317402,1024,2048,384
matmul,linear,"[(1152, 2048), (2048, 384)]",73632,matmul_linear_3881,21.591455,340923.7985351149,1152,2048,384
matmul,linear,"[(1280, 2048), (2048, 384)]",79776,matmul_linear_3882,23.0377319,346184.0888429646,1280,2048,384
matmul,linear,"[(1408, 2048), (2048, 384)]",85920,matmul_linear_3883,24.5222948,350275.03912562045,1408,2048,384
matmul,linear,"[(1536, 2048), (2048, 384)]",92064,matmul_linear_3884,26.0902678,352767.2097417107,1536,2048,384
matmul,linear,"[(1664, 2048), (2048, 384)]",98208,matmul_linear_3885,27.6212499,355452.3387086115,1664,2048,384
matmul,linear,"[(1792, 2048), (2048, 384)]",104352,matmul_linear_3886,29.113267899999997,358334.5129458999,1792,2048,384
matmul,linear,"[(1920, 2048), (2048, 384)]",110496,matmul_linear_3887,30.5898482,361117.87619724113,1920,2048,384
matmul,linear,"[(2048, 2048), (2048, 384)]",116640,matmul_linear_3888,32.10114270000001,363251.5513452422,2048,2048,384
matmul,linear,"[(128, 2048), (2048, 512)]",14304,matmul_linear_3889,7.599580500000002,188120.9156150132,128,2048,512
matmul,linear,"[(256, 2048), (2048, 512)]",28608,matmul_linear_3890,12.3197056,232113.34120191963,256,2048,512
matmul,linear,"[(384, 2048), (2048, 512)]",42912,matmul_linear_3891,14.402151500000002,297855.4825541169,384,2048,512
matmul,linear,"[(512, 2048), (2048, 512)]",57216,matmul_linear_3892,16.525446499999997,346129.67675941467,512,2048,512
matmul,linear,"[(640, 2048), (2048, 512)]",65408,matmul_linear_3893,19.2989731,338819.587384678,640,2048,512
matmul,linear,"[(768, 2048), (2048, 512)]",73600,matmul_linear_3894,22.0757051,333298.1844140507,768,2048,512
matmul,linear,"[(896, 2048), (2048, 512)]",81792,matmul_linear_3895,24.8207052,329431.330157372,896,2048,512
matmul,linear,"[(1024, 2048), (2048, 512)]",89984,matmul_linear_3896,24.457982,367812.6102881259,1024,2048,512
matmul,linear,"[(1152, 2048), (2048, 512)]",98176,matmul_linear_3897,26.321723400000003,372884.69597929134,1152,2048,512
matmul,linear,"[(1280, 2048), (2048, 512)]",106368,matmul_linear_3898,36.52571450000001,291114.0158134346,1280,2048,512
matmul,linear,"[(1408, 2048), (2048, 512)]",114560,matmul_linear_3899,39.239732200000006,291848.9853195277,1408,2048,512
matmul,linear,"[(1536, 2048), (2048, 512)]",122752,matmul_linear_3900,41.941134,292576.8742113649,1536,2048,512
matmul,linear,"[(1664, 2048), (2048, 512)]",130944,matmul_linear_3901,44.5939819,293536.0343277621,1664,2048,512
matmul,linear,"[(1792, 2048), (2048, 512)]",139136,matmul_linear_3902,47.2694465,294246.58178195514,1792,2048,512
matmul,linear,"[(1920, 2048), (2048, 512)]",147328,matmul_linear_3903,49.9468304,294869.668385604,1920,2048,512
matmul,linear,"[(2048, 2048), (2048, 512)]",155520,matmul_linear_3904,52.6327144,295381.62539760635,2048,2048,512
matmul,linear,"[(128, 2048), (2048, 640)]",16352,matmul_linear_3905,9.3322947,175119.49880129696,128,2048,640
matmul,linear,"[(256, 2048), (2048, 640)]",32704,matmul_linear_3906,14.7815625,221148.5993953616,256,2048,640
matmul,linear,"[(384, 2048), (2048, 640)]",49056,matmul_linear_3907,16.9922856,288595.71260031086,384,2048,640
matmul,linear,"[(512, 2048), (2048, 640)]",65408,matmul_linear_3908,27.5957141,236922.31354832012,512,2048,640
matmul,linear,"[(640, 2048), (2048, 640)]",81760,matmul_linear_3909,23.4639731,348349.0868257942,640,2048,640
matmul,linear,"[(768, 2048), (2048, 640)]",92000,matmul_linear_3910,25.750276799999995,357177.7128360811,768,2048,640
matmul,linear,"[(896, 2048), (2048, 640)]",102240,matmul_linear_3911,28.0394018,364529.7475575959,896,2048,640
matmul,linear,"[(1024, 2048), (2048, 640)]",112480,matmul_linear_3912,30.337133900000005,370666.7321862597,1024,2048,640
matmul,linear,"[(1152, 2048), (2048, 640)]",122720,matmul_linear_3913,32.65712510000001,375683.231451687,1152,2048,640
matmul,linear,"[(1280, 2048), (2048, 640)]",132960,matmul_linear_3914,34.9057231,380811.7479649061,1280,2048,640
matmul,linear,"[(1408, 2048), (2048, 640)]",143200,matmul_linear_3915,37.2463124,384367.5909446542,1408,2048,640
matmul,linear,"[(1536, 2048), (2048, 640)]",153440,matmul_linear_3916,39.556125,387804.5280598138,1536,2048,640
matmul,linear,"[(1664, 2048), (2048, 640)]",163680,matmul_linear_3917,41.96057129999999,389980.4849146561,1664,2048,640
matmul,linear,"[(1792, 2048), (2048, 640)]",173920,matmul_linear_3918,44.268571300000005,392774.6623002039,1792,2048,640
matmul,linear,"[(1920, 2048), (2048, 640)]",184160,matmul_linear_3919,46.5292858,395693.7390046936,1920,2048,640
matmul,linear,"[(2048, 2048), (2048, 640)]",194400,matmul_linear_3920,48.8665893,397717.8194646377,2048,2048,640
matmul,linear,"[(128, 2048), (2048, 768)]",18400,matmul_linear_3921,10.113741,181830.70200235496,128,2048,768
matmul,linear,"[(256, 2048), (2048, 768)]",36800,matmul_linear_3922,13.6118396,270252.8772113947,256,2048,768
matmul,linear,"[(384, 2048), (2048, 768)]",55200,matmul_linear_3923,22.0165805,250620.1334012791,384,2048,768
matmul,linear,"[(512, 2048), (2048, 768)]",73600,matmul_linear_3924,32.0435714,229587.25639614568,512,2048,768
matmul,linear,"[(640, 2048), (2048, 768)]",92000,matmul_linear_3925,34.2096877,268829.66929949494,640,2048,768
matmul,linear,"[(768, 2048), (2048, 768)]",110400,matmul_linear_3926,26.0888213,423069.7504861977,768,2048,768
matmul,linear,"[(896, 2048), (2048, 768)]",122688,matmul_linear_3927,29.0048928,422890.7031409541,896,2048,768
matmul,linear,"[(1024, 2048), (2048, 768)]",134976,matmul_linear_3928,31.979410599999994,421971.5687611829,1024,2048,768
matmul,linear,"[(1152, 2048), (2048, 768)]",147264,matmul_linear_3929,40.657000100000005,362110.6885352812,1152,2048,768
matmul,linear,"[(1280, 2048), (2048, 768)]",159552,matmul_linear_3930,43.5931249,365902.6675444871,1280,2048,768
matmul,linear,"[(1408, 2048), (2048, 768)]",171840,matmul_linear_3931,46.5274285,369230.5337087349,1408,2048,768
matmul,linear,"[(1536, 2048), (2048, 768)]",184128,matmul_linear_3932,49.4314286,372391.76326657896,1536,2048,768
matmul,linear,"[(1664, 2048), (2048, 768)]",196416,matmul_linear_3933,52.34502689999999,375133.3538298364,1664,2048,768
matmul,linear,"[(1792, 2048), (2048, 768)]",208704,matmul_linear_3934,55.23558920000001,377743.34886754496,1792,2048,768
matmul,linear,"[(1920, 2048), (2048, 768)]",220992,matmul_linear_3935,58.1395624,380006.0601034039,1920,2048,768
matmul,linear,"[(2048, 2048), (2048, 768)]",233280,matmul_linear_3936,61.0778303,381838.91114694695,2048,2048,768
matmul,linear,"[(128, 2048), (2048, 896)]",20448,matmul_linear_3937,11.948830400000002,171029.71994313347,128,2048,896
matmul,linear,"[(256, 2048), (2048, 896)]",40896,matmul_linear_3938,19.4455804,210209.9992839504,256,2048,896
matmul,linear,"[(384, 2048), (2048, 896)]",61344,matmul_linear_3939,21.929018,279638.9285740019,384,2048,896
matmul,linear,"[(512, 2048), (2048, 896)]",81792,matmul_linear_3940,36.4529821,224276.70469763843,512,2048,896
matmul,linear,"[(640, 2048), (2048, 896)]",102240,matmul_linear_3941,38.798124900000005,263417.88975245034,640,2048,896
matmul,linear,"[(768, 2048), (2048, 896)]",122688,matmul_linear_3942,41.0134642,299040.78801468323,768,2048,896
matmul,linear,"[(896, 2048), (2048, 896)]",143136,matmul_linear_3943,35.305018000000004,405326.78663979145,896,2048,896
matmul,linear,"[(1024, 2048), (2048, 896)]",157472,matmul_linear_3944,38.0504288,413750.7895080542,1024,2048,896
matmul,linear,"[(1152, 2048), (2048, 896)]",171808,matmul_linear_3945,40.90052669999999,419963.0501905004,1152,2048,896
matmul,linear,"[(1280, 2048), (2048, 896)]",186144,matmul_linear_3946,43.71469619999999,425715.6093510723,1280,2048,896
matmul,linear,"[(1408, 2048), (2048, 896)]",200480,matmul_linear_3947,46.6444197,429704.8968974525,1408,2048,896
matmul,linear,"[(1536, 2048), (2048, 896)]",214816,matmul_linear_3948,49.3060089,435579.1490377556,1536,2048,896
matmul,linear,"[(1664, 2048), (2048, 896)]",229152,matmul_linear_3949,52.1701697,439139.514300449,1664,2048,896
matmul,linear,"[(1792, 2048), (2048, 896)]",243488,matmul_linear_3950,55.24398190000001,440650.2711168616,1792,2048,896
matmul,linear,"[(1920, 2048), (2048, 896)]",257824,matmul_linear_3951,57.9738572,444624.592173591,1920,2048,896
matmul,linear,"[(2048, 2048), (2048, 896)]",272160,matmul_linear_3952,60.96657139999999,446308.5707138848,2048,2048,896
matmul,linear,"[(128, 2048), (2048, 1024)]",22496,matmul_linear_3953,12.3874552,181503.07857258688,128,2048,1024
matmul,linear,"[(256, 2048), (2048, 1024)]",44992,matmul_linear_3954,23.1290089,194426.2773451568,256,2048,1024
matmul,linear,"[(384, 2048), (2048, 1024)]",67488,matmul_linear_3955,26.9168662,250627.5531205784,384,2048,1024
matmul,linear,"[(512, 2048), (2048, 1024)]",89984,matmul_linear_3956,30.8071249,291988.2759818979,512,2048,1024
matmul,linear,"[(640, 2048), (2048, 1024)]",112480,matmul_linear_3957,34.605991,324930.4260900952,640,2048,1024
matmul,linear,"[(768, 2048), (2048, 1024)]",134976,matmul_linear_3958,46.0191162,293204.1986582089,768,2048,1024
matmul,linear,"[(896, 2048), (2048, 1024)]",157472,matmul_linear_3959,55.0505714,285949.7102851143,896,2048,1024
matmul,linear,"[(1024, 2048), (2048, 1024)]",179968,matmul_linear_3960,52.70656280000001,341352.7346108784,1024,2048,1024
matmul,linear,"[(1152, 2048), (2048, 1024)]",196352,matmul_linear_3961,56.872089300000006,345151.9547228942,1152,2048,1024
matmul,linear,"[(1280, 2048), (2048, 1024)]",212736,matmul_linear_3962,68.91325889999999,308601.1170211833,1280,2048,1024
matmul,linear,"[(1408, 2048), (2048, 1024)]",229120,matmul_linear_3963,73.975866,309622.63305440726,1408,2048,1024
matmul,linear,"[(1536, 2048), (2048, 1024)]",245504,matmul_linear_3964,79.181116,309953.7254362518,1536,2048,1024
matmul,linear,"[(1664, 2048), (2048, 1024)]",261888,matmul_linear_3965,84.130473,311187.9206087431,1664,2048,1024
matmul,linear,"[(1792, 2048), (2048, 1024)]",278272,matmul_linear_3966,89.15384809999999,312025.618725817,1792,2048,1024
matmul,linear,"[(1920, 2048), (2048, 1024)]",294656,matmul_linear_3967,94.2815536,312427.73076917144,1920,2048,1024
matmul,linear,"[(2048, 2048), (2048, 1024)]",311040,matmul_linear_3968,99.357134,312952.50813695975,2048,2048,1024
matmul,linear,"[(128, 2048), (2048, 1152)]",24544,matmul_linear_3969,14.8736961,164916.14551611015,128,2048,1152
matmul,linear,"[(256, 2048), (2048, 1152)]",49088,matmul_linear_3970,27.0570178,181324.2809863547,256,2048,1152
matmul,linear,"[(384, 2048), (2048, 1152)]",73632,matmul_linear_3971,31.9602858,230285.924771674,384,2048,1152
matmul,linear,"[(512, 2048), (2048, 1152)]",98176,matmul_linear_3972,36.66786629999999,267643.96742032416,512,2048,1152
matmul,linear,"[(640, 2048), (2048, 1152)]",122720,matmul_linear_3973,41.4792947,295758.4539288225,640,2048,1152
matmul,linear,"[(768, 2048), (2048, 1152)]",147264,matmul_linear_3974,50.6522409,290635.40949695674,768,2048,1152
matmul,linear,"[(896, 2048), (2048, 1152)]",171808,matmul_linear_3975,53.3377143,322013.5405871714,896,2048,1152
matmul,linear,"[(1024, 2048), (2048, 1152)]",196352,matmul_linear_3976,56.24873219999999,348978.08997693285,1024,2048,1152
matmul,linear,"[(1152, 2048), (2048, 1152)]",220896,matmul_linear_3977,52.557580400000006,420193.32080896175,1152,2048,1152
matmul,linear,"[(1280, 2048), (2048, 1152)]",239328,matmul_linear_3978,56.638,422457.2936897489,1280,2048,1152
matmul,linear,"[(1408, 2048), (2048, 1152)]",257760,matmul_linear_3979,60.8781517,423303.1303548922,1408,2048,1152
matmul,linear,"[(1536, 2048), (2048, 1152)]",276192,matmul_linear_3980,64.82127679999999,425982.3199335685,1536,2048,1152
matmul,linear,"[(1664, 2048), (2048, 1152)]",294624,matmul_linear_3981,68.9144284,427421.5028845832,1664,2048,1152
matmul,linear,"[(1792, 2048), (2048, 1152)]",313056,matmul_linear_3982,72.7862949,430002.9478559157,1792,2048,1152
matmul,linear,"[(1920, 2048), (2048, 1152)]",331488,matmul_linear_3983,76.9537054,430662.8830567007,1920,2048,1152
matmul,linear,"[(2048, 2048), (2048, 1152)]",349920,matmul_linear_3984,80.7122681,433440.04073638463,2048,2048,1152
matmul,linear,"[(128, 2048), (2048, 1280)]",26592,matmul_linear_3985,14.9411607,177878.140613935,128,2048,1280
matmul,linear,"[(256, 2048), (2048, 1280)]",53184,matmul_linear_3986,27.588883600000003,192673.29511078875,256,2048,1280
matmul,linear,"[(384, 2048), (2048, 1280)]",79776,matmul_linear_3987,31.578866000000005,252524.6509295172,384,2048,1280
matmul,linear,"[(512, 2048), (2048, 1280)]",106368,matmul_linear_3988,35.7484464,297445.7976825533,512,2048,1280
matmul,linear,"[(640, 2048), (2048, 1280)]",132960,matmul_linear_3989,39.846857,333577.50937043794,640,2048,1280
matmul,linear,"[(768, 2048), (2048, 1280)]",159552,matmul_linear_3990,60.76297319999999,262480.96271036327,768,2048,1280
matmul,linear,"[(896, 2048), (2048, 1280)]",186144,matmul_linear_3991,64.3998748,288944.04019120854,896,2048,1280
matmul,linear,"[(1024, 2048), (2048, 1280)]",212736,matmul_linear_3992,68.2875627,311429.6425713552,1024,2048,1280
matmul,linear,"[(1152, 2048), (2048, 1280)]",239328,matmul_linear_3993,71.9838213,332374.7084523005,1152,2048,1280
matmul,linear,"[(1280, 2048), (2048, 1280)]",265920,matmul_linear_3994,62.3233034,426578.281626516,1280,2048,1280
matmul,linear,"[(1408, 2048), (2048, 1280)]",286400,matmul_linear_3995,66.56042860000001,430185.6907985715,1408,2048,1280
matmul,linear,"[(1536, 2048), (2048, 1280)]",306880,matmul_linear_3996,70.50399999999999,435166.0841938047,1536,2048,1280
matmul,linear,"[(1664, 2048), (2048, 1280)]",327360,matmul_linear_3997,74.6854464,438218.328107362,1664,2048,1280
matmul,linear,"[(1792, 2048), (2048, 1280)]",347840,matmul_linear_3998,78.7104374,441823.6018627436,1792,2048,1280
matmul,linear,"[(1920, 2048), (2048, 1280)]",368320,matmul_linear_3999,90.9777143,404746.398740532,1920,2048,1280
matmul,linear,"[(2048, 2048), (2048, 1280)]",388800,matmul_linear_4000,87.05683919999998,446504.774045139,2048,2048,1280
matmul,linear,"[(128, 2048), (2048, 1408)]",28640,matmul_linear_4001,19.215276800000005,148948.0740823884,128,2048,1408
matmul,linear,"[(256, 2048), (2048, 1408)]",57280,matmul_linear_4002,28.3024106,202285.5876078626,256,2048,1408
matmul,linear,"[(384, 2048), (2048, 1408)]",85920,matmul_linear_4003,31.8255893,269871.4345902151,384,2048,1408
matmul,linear,"[(512, 2048), (2048, 1408)]",114560,matmul_linear_4004,54.22271429999999,211176.7711445976,512,2048,1408
matmul,linear,"[(640, 2048), (2048, 1408)]",143200,matmul_linear_4005,57.13542849999999,250532.5825490221,640,2048,1408
matmul,linear,"[(768, 2048), (2048, 1408)]",171840,matmul_linear_4006,61.46601770000001,279469.1122185714,768,2048,1408
matmul,linear,"[(896, 2048), (2048, 1408)]",200480,matmul_linear_4007,64.628732,310102.5891518342,896,2048,1408
matmul,linear,"[(1024, 2048), (2048, 1408)]",229120,matmul_linear_4008,68.1595717,336052.347037122,1024,2048,1408
matmul,linear,"[(1152, 2048), (2048, 1408)]",257760,matmul_linear_4009,71.0240266,362819.44056013296,1152,2048,1408
matmul,linear,"[(1280, 2048), (2048, 1408)]",286400,matmul_linear_4010,74.5162856,384245.51278814673,1280,2048,1408
matmul,linear,"[(1408, 2048), (2048, 1408)]",315040,matmul_linear_4011,88.5571074,355647.8436790044,1408,2048,1408
matmul,linear,"[(1536, 2048), (2048, 1408)]",337568,matmul_linear_4012,94.1195982,358558.5646941276,1536,2048,1408
matmul,linear,"[(1664, 2048), (2048, 1408)]",360096,matmul_linear_4013,99.8044105,360701.6902218966,1664,2048,1408
matmul,linear,"[(1792, 2048), (2048, 1408)]",382624,matmul_linear_4014,131.7062767,290413.10961552674,1792,2048,1408
matmul,linear,"[(1920, 2048), (2048, 1408)]",405152,matmul_linear_4015,139.2672857,290816.8495412128,1920,2048,1408
matmul,linear,"[(2048, 2048), (2048, 1408)]",427680,matmul_linear_4016,146.8608302,291114.4779636415,2048,2048,1408
matmul,linear,"[(128, 2048), (2048, 1536)]",30688,matmul_linear_4017,19.2455717,159354.863063382,128,2048,1536
matmul,linear,"[(256, 2048), (2048, 1536)]",61376,matmul_linear_4018,32.1165623,191003.89034383048,256,2048,1536
matmul,linear,"[(384, 2048), (2048, 1536)]",92064,matmul_linear_4019,36.3844642,252931.0725312261,384,2048,1536
matmul,linear,"[(512, 2048), (2048, 1536)]",122752,matmul_linear_4020,44.7864106,273983.13896001305,512,2048,1536
matmul,linear,"[(640, 2048), (2048, 1536)]",153440,matmul_linear_4021,50.0331073,306576.9350941352,640,2048,1536
matmul,linear,"[(768, 2048), (2048, 1536)]",184128,matmul_linear_4022,55.3252859,332709.8481638393,768,2048,1536
matmul,linear,"[(896, 2048), (2048, 1536)]",214816,matmul_linear_4023,74.45758939999999,288407.8629741403,896,2048,1536
matmul,linear,"[(1024, 2048), (2048, 1536)]",245504,matmul_linear_4024,78.74758059999999,311660.6891912563,1024,2048,1536
matmul,linear,"[(1152, 2048), (2048, 1536)]",276192,matmul_linear_4025,82.823875,333369.06311736803,1152,2048,1536
matmul,linear,"[(1280, 2048), (2048, 1536)]",306880,matmul_linear_4026,86.8061428,353423.3683946155,1280,2048,1536
matmul,linear,"[(1408, 2048), (2048, 1536)]",337568,matmul_linear_4027,90.8342943,371530.56376604666,1408,2048,1536
matmul,linear,"[(1536, 2048), (2048, 1536)]",368256,matmul_linear_4028,94.3141427,390356.8174588306,1536,2048,1536
matmul,linear,"[(1664, 2048), (2048, 1536)]",392832,matmul_linear_4029,99.9815714,392804.40678150806,1664,2048,1536
matmul,linear,"[(1792, 2048), (2048, 1536)]",417408,matmul_linear_4030,131.98153549999998,316162.4214203055,1792,2048,1536
matmul,linear,"[(1920, 2048), (2048, 1536)]",441984,matmul_linear_4031,139.5107053,316710.09643637715,1920,2048,1536
matmul,linear,"[(2048, 2048), (2048, 1536)]",466560,matmul_linear_4032,147.046125,317188.1978358831,2048,2048,1536
matmul,linear,"[(128, 2048), (2048, 1664)]",32736,matmul_linear_4033,19.3941429,168693.22880517706,128,2048,1664
matmul,linear,"[(256, 2048), (2048, 1664)]",65472,matmul_linear_4034,36.3690446,179921.22607312046,256,2048,1664
matmul,linear,"[(384, 2048), (2048, 1664)]",98208,matmul_linear_4035,41.0554106,239108.42238513625,384,2048,1664
matmul,linear,"[(512, 2048), (2048, 1664)]",130944,matmul_linear_4036,45.91069639999999,285114.5801909466,512,2048,1664
matmul,linear,"[(640, 2048), (2048, 1664)]",163680,matmul_linear_4037,50.6772859,322884.9371234777,640,2048,1664
matmul,linear,"[(768, 2048), (2048, 1664)]",196416,matmul_linear_4038,71.15483020000002,275940.2905156535,768,2048,1664
matmul,linear,"[(896, 2048), (2048, 1664)]",229152,matmul_linear_4039,74.5897232,307116.5844959189,896,2048,1664
matmul,linear,"[(1024, 2048), (2048, 1664)]",261888,matmul_linear_4040,78.5922588,333123.6584094718,1024,2048,1664
matmul,linear,"[(1152, 2048), (2048, 1664)]",294624,matmul_linear_4041,81.8817053,359716.63904110214,1152,2048,1664
matmul,linear,"[(1280, 2048), (2048, 1664)]",327360,matmul_linear_4042,85.77926790000001,381530.676052902,1280,2048,1664
matmul,linear,"[(1408, 2048), (2048, 1664)]",360096,matmul_linear_4043,89.0786965,404144.8016737649,1408,2048,1664
matmul,linear,"[(1536, 2048), (2048, 1664)]",392832,matmul_linear_4044,93.0064284,422270.80463999417,1536,2048,1664
matmul,linear,"[(1664, 2048), (2048, 1664)]",425568,matmul_linear_4045,91.6609466,464184.9717198971,1664,2048,1664
matmul,linear,"[(1792, 2048), (2048, 1664)]",452192,matmul_linear_4046,96.8161071,466962.77864791366,1792,2048,1664
matmul,linear,"[(1920, 2048), (2048, 1664)]",478816,matmul_linear_4047,102.5868394,466642.1306674938,1920,2048,1664
matmul,linear,"[(2048, 2048), (2048, 1664)]",505440,matmul_linear_4048,107.7432679,469015.1566602891,2048,2048,1664
matmul,linear,"[(128, 2048), (2048, 1792)]",34784,matmul_linear_4049,19.5425983,177890.661559062,128,2048,1792
matmul,linear,"[(256, 2048), (2048, 1792)]",69568,matmul_linear_4050,36.54816089999999,190246.1030237503,256,2048,1792
matmul,linear,"[(384, 2048), (2048, 1792)]",104352,matmul_linear_4051,41.136009,253575.5571013221,384,2048,1792
matmul,linear,"[(512, 2048), (2048, 1792)]",139136,matmul_linear_4052,45.94284809999999,302745.8307529263,512,2048,1792
matmul,linear,"[(640, 2048), (2048, 1792)]",173920,matmul_linear_4053,50.8918662,341644.1980148884,640,2048,1792
matmul,linear,"[(768, 2048), (2048, 1792)]",208704,matmul_linear_4054,57.2120179,364690.4892374021,768,2048,1792
matmul,linear,"[(896, 2048), (2048, 1792)]",243488,matmul_linear_4055,83.9687412,289874.57449082256,896,2048,1792
matmul,linear,"[(1024, 2048), (2048, 1792)]",278272,matmul_linear_4056,88.4915804,314361.5552600076,1024,2048,1792
matmul,linear,"[(1152, 2048), (2048, 1792)]",313056,matmul_linear_4057,92.8775894,336963.0116720062,1152,2048,1792
matmul,linear,"[(1280, 2048), (2048, 1792)]",347840,matmul_linear_4058,97.6244017,356204.36032674817,1280,2048,1792
matmul,linear,"[(1408, 2048), (2048, 1792)]",382624,matmul_linear_4059,102.001732,375015.1990242676,1408,2048,1792
matmul,linear,"[(1536, 2048), (2048, 1792)]",417408,matmul_linear_4060,131.1385447,318195.4340044617,1536,2048,1792
matmul,linear,"[(1664, 2048), (2048, 1792)]",452192,matmul_linear_4061,135.804018,332873.94779585977,1664,2048,1792
matmul,linear,"[(1792, 2048), (2048, 1792)]",486976,matmul_linear_4062,111.61072310000002,436216.49941348686,1792,2048,1792
matmul,linear,"[(1920, 2048), (2048, 1792)]",515648,matmul_linear_4063,116.4948663,442535.8142444599,1920,2048,1792
matmul,linear,"[(2048, 2048), (2048, 1792)]",544320,matmul_linear_4064,122.1902499,445369.2583454648,2048,2048,1792
matmul,linear,"[(128, 2048), (2048, 1920)]",36832,matmul_linear_4065,23.5147233,156533.78016444703,128,2048,1920
matmul,linear,"[(256, 2048), (2048, 1920)]",73664,matmul_linear_4066,40.4838392,181859.0272456176,256,2048,1920
matmul,linear,"[(384, 2048), (2048, 1920)]",110496,matmul_linear_4067,46.17501800000001,239198.22831904472,384,2048,1920
matmul,linear,"[(512, 2048), (2048, 1920)]",147328,matmul_linear_4068,52.06301790000001,282880.1381913359,512,2048,1920
matmul,linear,"[(640, 2048), (2048, 1920)]",184160,matmul_linear_4069,57.8023214,318503.12101582834,640,2048,1920
matmul,linear,"[(768, 2048), (2048, 1920)]",220992,matmul_linear_4070,63.6816964,346925.93130041054,768,2048,1920
matmul,linear,"[(896, 2048), (2048, 1920)]",257824,matmul_linear_4071,69.64487489999999,370098.0947918969,896,2048,1920
matmul,linear,"[(1024, 2048), (2048, 1920)]",294656,matmul_linear_4072,75.5425357,389953.09693357296,1024,2048,1920
matmul,linear,"[(1152, 2048), (2048, 1920)]",331488,matmul_linear_4073,106.12,312270.90086694306,1152,2048,1920
matmul,linear,"[(1280, 2048), (2048, 1920)]",368320,matmul_linear_4074,111.8587232,329172.48717246216,1280,2048,1920
matmul,linear,"[(1408, 2048), (2048, 1920)]",405152,matmul_linear_4075,117.2783928,345361.76011375216,1408,2048,1920
matmul,linear,"[(1536, 2048), (2048, 1920)]",441984,matmul_linear_4076,122.8898481,359558.6754996567,1536,2048,1920
matmul,linear,"[(1664, 2048), (2048, 1920)]",478816,matmul_linear_4077,128.28055360000002,373156.8862253491,1664,2048,1920
matmul,linear,"[(1792, 2048), (2048, 1920)]",515648,matmul_linear_4078,134.025,384640.1604178325,1792,2048,1920
matmul,linear,"[(1920, 2048), (2048, 1920)]",552480,matmul_linear_4079,134.5438572,410531.9021155579,1920,2048,1920
matmul,linear,"[(2048, 2048), (2048, 1920)]",583200,matmul_linear_4080,141.4347143,412245.72635609313,2048,2048,1920
matmul,linear,"[(128, 2048), (2048, 2048)]",38880,matmul_linear_4081,23.5981251,164658.85196489614,128,2048,2048
matmul,linear,"[(256, 2048), (2048, 2048)]",77760,matmul_linear_4082,31.148866,249539.90663416125,256,2048,2048
matmul,linear,"[(384, 2048), (2048, 2048)]",116640,matmul_linear_4083,45.9763216,253595.8067563196,384,2048,2048
matmul,linear,"[(512, 2048), (2048, 2048)]",155520,matmul_linear_4084,58.6008483,265288.64967249974,512,2048,2048
matmul,linear,"[(640, 2048), (2048, 2048)]",194400,matmul_linear_4085,65.5168482,296617.57012267265,640,2048,2048
matmul,linear,"[(768, 2048), (2048, 2048)]",233280,matmul_linear_4086,72.2194198,322915.61082328163,768,2048,2048
matmul,linear,"[(896, 2048), (2048, 2048)]",272160,matmul_linear_4087,79.09700000000001,343983.84641642537,896,2048,2048
matmul,linear,"[(1024, 2048), (2048, 2048)]",311040,matmul_linear_4088,99.3338573,313025.865092123,1024,2048,2048
matmul,linear,"[(1152, 2048), (2048, 2048)]",349920,matmul_linear_4089,104.13970530000002,335910.1692164093,1152,2048,2048
matmul,linear,"[(1280, 2048), (2048, 2048)]",388800,matmul_linear_4090,108.8481161,357094.9739973497,1280,2048,2048
matmul,linear,"[(1408, 2048), (2048, 2048)]",427680,matmul_linear_4091,133.587705,320049.22331362753,1408,2048,2048
matmul,linear,"[(1536, 2048), (2048, 2048)]",466560,matmul_linear_4092,140.14768750000002,332805.9567964687,1536,2048,2048
matmul,linear,"[(1664, 2048), (2048, 2048)]",505440,matmul_linear_4093,146.4715626,344977.2225188236,1664,2048,2048
matmul,linear,"[(1792, 2048), (2048, 2048)]",544320,matmul_linear_4094,153.17172339999996,355265.8520760629,1792,2048,2048
matmul,linear,"[(1920, 2048), (2048, 2048)]",583200,matmul_linear_4095,161.1504284,361797.8899344954,1920,2048,2048
matmul,linear,"[(2048, 2048), (2048, 2048)]",622080,matmul_linear_4096,141.5760268,439296.4247059941,2048,2048,2048
