Operation_Type,Operation,Input_Shapes,Predicted_Latency_us,Kernel_Name,Actual_Duration_us,Error_Percentage
matmul,linear,"[(1024, 1024), (1024, 1024)]",89984,matmul_linear_1,43.8012944,205336.85119953897
matmul,linear,"[(1152, 1024), (1024, 1024)]",98176,matmul_linear_2,35.2534196,278386.4592256463
matmul,linear,"[(1280, 1024), (1024, 1024)]",106368,matmul_linear_3,38.074982,279264.5444139671
matmul,linear,"[(1408, 1024), (1024, 1024)]",114560,matmul_linear_4,40.8422949,280393.5429815919
matmul,linear,"[(1536, 1024), (1024, 1024)]",122752,matmul_linear_5,43.7608842,280406.215182919
matmul,linear,"[(1664, 1024), (1024, 1024)]",130944,matmul_linear_6,46.560036,281136.8959508536
matmul,linear,"[(1792, 1024), (1024, 1024)]",139136,matmul_linear_7,49.4010091,281546.06864275574
matmul,linear,"[(1920, 1024), (1024, 1024)]",147328,matmul_linear_8,52.3290002,281441.78263853013
matmul,linear,"[(2048, 1024), (1024, 1024)]",155520,matmul_linear_9,55.0896069,282203.70255192363
matmul,linear,"[(1024, 1024), (1024, 1152)]",98176,matmul_linear_10,31.4947231,311622.0611474435
matmul,linear,"[(1152, 1024), (1024, 1152)]",110448,matmul_linear_11,60.066285500000006,183776.86050604875
matmul,linear,"[(1280, 1024), (1024, 1152)]",119664,matmul_linear_12,65.9508748,181344.1436340129
matmul,linear,"[(1408, 1024), (1024, 1152)]",128880,matmul_linear_13,71.90758029999999,179130.06095088978
matmul,linear,"[(1536, 1024), (1024, 1152)]",138096,matmul_linear_14,77.93840170000001,177086.08155650692
matmul,linear,"[(1664, 1024), (1024, 1152)]",147312,matmul_linear_15,83.81398219999998,175660.6501126253
matmul,linear,"[(1792, 1024), (1024, 1152)]",156528,matmul_linear_16,51.6885625,302729.0833199317
matmul,linear,"[(1920, 1024), (1024, 1152)]",165744,matmul_linear_17,53.9734374,306984.38814386126
matmul,linear,"[(2048, 1024), (1024, 1152)]",174960,matmul_linear_18,56.0058662,312295.8468479147
matmul,linear,"[(1024, 1024), (1024, 1280)]",106368,matmul_linear_19,34.4306699,308833.86712757515
matmul,linear,"[(1152, 1024), (1024, 1280)]",119664,matmul_linear_20,44.7701339,267185.32969609904
matmul,linear,"[(1280, 1024), (1024, 1280)]",132960,matmul_linear_21,66.2650089,200548.88273183347
matmul,linear,"[(1408, 1024), (1024, 1280)]",143200,matmul_linear_22,72.136518,198412.4926600976
matmul,linear,"[(1536, 1024), (1024, 1280)]",153440,matmul_linear_23,78.2008661,196112.66061655548
matmul,linear,"[(1664, 1024), (1024, 1280)]",163680,matmul_linear_24,84.12388389999998,194470.1891208093
matmul,linear,"[(1792, 1024), (1024, 1280)]",173920,matmul_linear_25,52.2510267,332754.70350384526
matmul,linear,"[(1920, 1024), (1024, 1280)]",184160,matmul_linear_26,54.4358751,338206.3093257777
matmul,linear,"[(2048, 1024), (1024, 1280)]",194400,matmul_linear_27,56.5874019,343439.36295491946
matmul,linear,"[(1024, 1024), (1024, 1408)]",114560,matmul_linear_28,37.2385715,307538.00915403
matmul,linear,"[(1152, 1024), (1024, 1408)]",128880,matmul_linear_29,48.63402669999999,264899.64889808313
matmul,linear,"[(1280, 1024), (1024, 1408)]",143200,matmul_linear_30,50.6867233,282419.7422063383
matmul,linear,"[(1408, 1024), (1024, 1408)]",157520,matmul_linear_31,49.81174119999999,316130.6641069596
matmul,linear,"[(1536, 1024), (1024, 1408)]",168784,matmul_linear_32,53.1533036,317441.88087756035
matmul,linear,"[(1664, 1024), (1024, 1408)]",180048,matmul_linear_33,68.37758930000001,263214.3429641208
matmul,linear,"[(1792, 1024), (1024, 1408)]",191312,matmul_linear_34,72.6684196,263167.04372142424
matmul,linear,"[(1920, 1024), (1024, 1408)]",202576,matmul_linear_35,76.70699110000001,263990.6612226639
matmul,linear,"[(2048, 1024), (1024, 1408)]",213840,matmul_linear_36,80.9941431,263919.0905359427
matmul,linear,"[(1024, 1024), (1024, 1536)]",122752,matmul_linear_37,43.417875200000005,282622.2645847026
matmul,linear,"[(1152, 1024), (1024, 1536)]",138096,matmul_linear_38,45.8520176,301077.5865670958
matmul,linear,"[(1280, 1024), (1024, 1536)]",153440,matmul_linear_39,48.3840177,317029.51361622865
matmul,linear,"[(1408, 1024), (1024, 1536)]",168784,matmul_linear_40,50.85099989999999,331818.7436469662
matmul,linear,"[(1536, 1024), (1024, 1536)]",184128,matmul_linear_41,53.2342857,345782.3530339959
matmul,linear,"[(1664, 1024), (1024, 1536)]",196416,matmul_linear_42,68.5365894,286485.6059070252
matmul,linear,"[(1792, 1024), (1024, 1536)]",208704,matmul_linear_43,72.68367850000001,287040.1177088195
matmul,linear,"[(1920, 1024), (1024, 1536)]",220992,matmul_linear_44,76.8514016,287457.5401347007
matmul,linear,"[(2048, 1024), (1024, 1536)]",233280,matmul_linear_45,81.14787510000001,287375.1799877998
matmul,linear,"[(1024, 1024), (1024, 1664)]",130944,matmul_linear_46,48.89441059999999,267709.7524709706
matmul,linear,"[(1152, 1024), (1024, 1664)]",147312,matmul_linear_47,56.3188394,261467.890193419
matmul,linear,"[(1280, 1024), (1024, 1664)]",163680,matmul_linear_48,58.9526072,277546.75350948685
matmul,linear,"[(1408, 1024), (1024, 1664)]",180048,matmul_linear_49,72.36443770000001,248707.29502303584
matmul,linear,"[(1536, 1024), (1024, 1664)]",196416,matmul_linear_50,62.97585730000001,311790.9506294247
matmul,linear,"[(1664, 1024), (1024, 1664)]",212784,matmul_linear_51,116.5991339,182391.9215802168
matmul,linear,"[(1792, 1024), (1024, 1664)]",226096,matmul_linear_52,124.890384,180935.5551473042
matmul,linear,"[(1920, 1024), (1024, 1664)]",239408,matmul_linear_53,70.55499119999999,339221.139338474
matmul,linear,"[(2048, 1024), (1024, 1664)]",252720,matmul_linear_54,73.56126789999999,343450.3590606274
matmul,linear,"[(1024, 1024), (1024, 1792)]",139136,matmul_linear_55,48.9385714,284207.4409810009
matmul,linear,"[(1152, 1024), (1024, 1792)]",156528,matmul_linear_56,51.59758939999999,303263.00943547575
matmul,linear,"[(1280, 1024), (1024, 1792)]",173920,matmul_linear_57,54.4707052,319190.8910604668
matmul,linear,"[(1408, 1024), (1024, 1792)]",191312,matmul_linear_58,57.15484790000001,334625.7617319282
matmul,linear,"[(1536, 1024), (1024, 1792)]",208704,matmul_linear_59,60.1588392,346821.58754286595
matmul,linear,"[(1664, 1024), (1024, 1792)]",226096,matmul_linear_60,63.05226789999999,358485.0398887873
matmul,linear,"[(1792, 1024), (1024, 1792)]",243488,matmul_linear_61,125.1788304,194412.1225545497
matmul,linear,"[(1920, 1024), (1024, 1792)]",257824,matmul_linear_62,71.09040180000001,362570.61863757815
matmul,linear,"[(2048, 1024), (1024, 1792)]",272160,matmul_linear_63,74.10685729999999,367153.463330984
matmul,linear,"[(1024, 1024), (1024, 1920)]",147328,matmul_linear_64,54.8775802,268366.64787890925
matmul,linear,"[(1152, 1024), (1024, 1920)]",165744,matmul_linear_65,57.7587141,286859.2971080359
matmul,linear,"[(1280, 1024), (1024, 1920)]",184160,matmul_linear_66,60.8663038,302464.7829793141
matmul,linear,"[(1408, 1024), (1024, 1920)]",202576,matmul_linear_67,63.74485720000001,317691.9112194669
matmul,linear,"[(1536, 1024), (1024, 1920)]",220992,matmul_linear_68,71.5301608,308849.3963503015
matmul,linear,"[(1664, 1024), (1024, 1920)]",239408,matmul_linear_69,86.93417860000001,275289.9603762978
matmul,linear,"[(1792, 1024), (1024, 1920)]",257824,matmul_linear_70,89.39486609999999,288310.29831801495
matmul,linear,"[(1920, 1024), (1024, 1920)]",276240,matmul_linear_71,101.5275715,271983.7265372786
matmul,linear,"[(2048, 1024), (1024, 1920)]",291600,matmul_linear_72,107.0172946,272379.3231691357
matmul,linear,"[(1024, 1024), (1024, 2048)]",155520,matmul_linear_73,54.9461338,282940.842447772
matmul,linear,"[(1152, 1024), (1024, 2048)]",174960,matmul_linear_74,57.9310088,301914.41960734513
matmul,linear,"[(1280, 1024), (1024, 2048)]",194400,matmul_linear_75,60.856321300000005,319340.932095907
matmul,linear,"[(1408, 1024), (1024, 2048)]",213840,matmul_linear_76,63.917410700000005,334456.7313476921
matmul,linear,"[(1536, 1024), (1024, 2048)]",233280,matmul_linear_77,66.9057055,348569.8156108675
matmul,linear,"[(1664, 1024), (1024, 2048)]",252720,matmul_linear_78,69.9870091,360995.58509480587
matmul,linear,"[(1792, 1024), (1024, 2048)]",272160,matmul_linear_79,73.7604106,368878.4232301982
matmul,linear,"[(1920, 1024), (1024, 2048)]",291600,matmul_linear_80,89.869857,324369.1932691069
matmul,linear,"[(2048, 1024), (1024, 2048)]",311040,matmul_linear_81,107.326018,289708.5718599939
matmul,linear,"[(1024, 1152), (1152, 1024)]",101232,matmul_linear_82,35.2058483,287443.1352693751
matmul,linear,"[(1152, 1152), (1152, 1024)]",110448,matmul_linear_83,38.3031431,288252.315400456
matmul,linear,"[(1280, 1152), (1152, 1024)]",119664,matmul_linear_84,41.3804195,289080.2486439269
matmul,linear,"[(1408, 1152), (1152, 1024)]",128880,matmul_linear_85,44.4073036,290122.52997139865
matmul,linear,"[(1536, 1152), (1152, 1024)]",138096,matmul_linear_86,47.4222768,291104.913214964
matmul,linear,"[(1664, 1152), (1152, 1024)]",147312,matmul_linear_87,50.5675713,291217.13509839855
matmul,linear,"[(1792, 1152), (1152, 1024)]",156528,matmul_linear_88,53.576045,292060.4235624336
matmul,linear,"[(1920, 1152), (1152, 1024)]",165744,matmul_linear_89,56.712732,292151.8350905754
matmul,linear,"[(2048, 1152), (1152, 1024)]",174960,matmul_linear_90,59.770723,292618.5605568131
matmul,linear,"[(1024, 1152), (1152, 1152)]",110448,matmul_linear_91,34.7707143,317546.62367031095
matmul,linear,"[(1152, 1152), (1152, 1152)]",124254,matmul_linear_92,65.8968215,188458.4117285536
matmul,linear,"[(1280, 1152), (1152, 1152)]",134622,matmul_linear_93,72.31577690000002,186058.5476515844
matmul,linear,"[(1408, 1152), (1152, 1152)]",144990,matmul_linear_94,78.88472320000001,183699.846305349
matmul,linear,"[(1536, 1152), (1152, 1152)]",155358,matmul_linear_95,85.38199110000002,181856.4032162749
matmul,linear,"[(1664, 1152), (1152, 1152)]",165726,matmul_linear_96,50.0854554,330786.47927118576
matmul,linear,"[(1792, 1152), (1152, 1152)]",176094,matmul_linear_97,52.2535893,336898.85952140705
matmul,linear,"[(1920, 1152), (1152, 1152)]",186462,matmul_linear_98,54.6138569,341318.846029166
matmul,linear,"[(2048, 1152), (1152, 1152)]",196830,matmul_linear_99,61.663875,319098.2339741056
matmul,linear,"[(1024, 1152), (1152, 1280)]",119664,matmul_linear_100,41.7371339,286608.7143230983
matmul,linear,"[(1152, 1152), (1152, 1280)]",134622,matmul_linear_101,44.2048573,304441.19348554034
matmul,linear,"[(1280, 1152), (1152, 1280)]",149580,matmul_linear_102,72.63058019999998,205846.31020171865
matmul,linear,"[(1408, 1152), (1152, 1280)]",161100,matmul_linear_103,79.15056240000001,203436.14063518008
matmul,linear,"[(1536, 1152), (1152, 1280)]",172620,matmul_linear_104,85.662,201412.92288295855
matmul,linear,"[(1664, 1152), (1152, 1280)]",184140,matmul_linear_105,50.7022768,363078.9568866067
matmul,linear,"[(1792, 1152), (1152, 1280)]",195660,matmul_linear_106,52.79956249999999,370471.2523659642
matmul,linear,"[(1920, 1152), (1152, 1280)]",207180,matmul_linear_107,55.1962589,375251.52586219937
matmul,linear,"[(2048, 1152), (1152, 1280)]",218700,matmul_linear_108,62.20541959999999,351477.083486147
matmul,linear,"[(1024, 1152), (1152, 1408)]",128880,matmul_linear_109,40.9498573,314626.3714640588
matmul,linear,"[(1152, 1152), (1152, 1408)]",144990,matmul_linear_110,53.8134285,269330.8912133335
matmul,linear,"[(1280, 1152), (1152, 1408)]",161100,matmul_linear_111,56.1687144,286714.4690881513
matmul,linear,"[(1408, 1152), (1152, 1408)]",177210,matmul_linear_112,65.105143,272090.47810093896
matmul,linear,"[(1536, 1152), (1152, 1408)]",189882,matmul_linear_113,69.7459821,272147.9407168603
matmul,linear,"[(1664, 1152), (1152, 1408)]",202554,matmul_linear_114,74.20604469999999,272861.59068831225
matmul,linear,"[(1792, 1152), (1152, 1408)]",215226,matmul_linear_115,78.80500900000001,273012.08098459826
matmul,linear,"[(1920, 1152), (1152, 1408)]",227898,matmul_linear_116,83.32240180000001,273413.4790605616
matmul,linear,"[(2048, 1152), (1152, 1408)]",240570,matmul_linear_117,87.9841341,273324.2968471744
matmul,linear,"[(1024, 1152), (1152, 1536)]",138096,matmul_linear_118,48.041411,287352.0067697429
matmul,linear,"[(1152, 1152), (1152, 1536)]",155358,matmul_linear_119,50.7442767,306058.6647859344
matmul,linear,"[(1280, 1152), (1152, 1536)]",172620,matmul_linear_120,53.3175267,323658.45370936906
matmul,linear,"[(1408, 1152), (1152, 1536)]",189882,matmul_linear_121,56.1145984,338282.53398245835
matmul,linear,"[(1536, 1152), (1152, 1536)]",207144,matmul_linear_122,69.9141251,296183.47591236606
matmul,linear,"[(1664, 1152), (1152, 1536)]",220968,matmul_linear_123,74.3655894,297037.4284569309
matmul,linear,"[(1792, 1152), (1152, 1536)]",234792,matmul_linear_124,78.9844373,297163.62309604
matmul,linear,"[(1920, 1152), (1152, 1536)]",248616,matmul_linear_125,83.5247145,297555.6118608463
matmul,linear,"[(2048, 1152), (1152, 1536)]",262440,matmul_linear_126,88.16516060000001,297568.60085547215
matmul,linear,"[(1024, 1152), (1152, 1664)]",147312,matmul_linear_127,47.557857000000006,309653.2338347373
matmul,linear,"[(1152, 1152), (1152, 1664)]",165726,matmul_linear_128,62.635857,264486.46522550174
matmul,linear,"[(1280, 1152), (1152, 1664)]",184140,matmul_linear_129,65.093991,282783.25415474985
matmul,linear,"[(1408, 1152), (1152, 1664)]",202554,matmul_linear_130,80.24129450000001,252331.1219829585
matmul,linear,"[(1536, 1152), (1152, 1664)]",220968,matmul_linear_131,69.5981517,317391.18992767733
matmul,linear,"[(1664, 1152), (1152, 1664)]",239382,matmul_linear_132,127.9784463,186948.6843064605
matmul,linear,"[(1792, 1152), (1152, 1664)]",254358,matmul_linear_133,68.258286,372540.4732752885
matmul,linear,"[(1920, 1152), (1152, 1664)]",269334,matmul_linear_134,71.5228481,376470.5745154743
matmul,linear,"[(2048, 1152), (1152, 1664)]",284310,matmul_linear_135,80.5547052,352840.27741038764
matmul,linear,"[(1024, 1152), (1152, 1792)]",156528,matmul_linear_136,53.9104465,290248.1795499505
matmul,linear,"[(1152, 1152), (1152, 1792)]",176094,matmul_linear_137,56.85599989999999,309619.2913847603
matmul,linear,"[(1280, 1152), (1152, 1792)]",195660,matmul_linear_138,59.7285714,327481.91835808754
matmul,linear,"[(1408, 1152), (1152, 1792)]",215226,matmul_linear_139,62.6891248,343222.7065884958
matmul,linear,"[(1536, 1152), (1152, 1792)]",234792,matmul_linear_140,66.04575000000001,355399.02908211347
matmul,linear,"[(1664, 1152), (1152, 1792)]",254358,matmul_linear_141,69.01426760000001,368458.5732420349
matmul,linear,"[(1792, 1152), (1152, 1792)]",273924,matmul_linear_142,68.9280003,397305.9871282817
matmul,linear,"[(1920, 1152), (1152, 1792)]",290052,matmul_linear_143,72.1718392,401790.82502971607
matmul,linear,"[(2048, 1152), (1152, 1792)]",306180,matmul_linear_144,81.14927700000001,377204.6554684646
matmul,linear,"[(1024, 1152), (1152, 1920)]",165744,matmul_linear_145,47.4994287,348838.93365921685
matmul,linear,"[(1152, 1152), (1152, 1920)]",186462,matmul_linear_146,65.02813409999999,286640.5048302009
matmul,linear,"[(1280, 1152), (1152, 1920)]",207180,matmul_linear_147,68.4853124,302417.4197789014
matmul,linear,"[(1408, 1152), (1152, 1920)]",227898,matmul_linear_148,72.16640179999999,315695.1544149178
matmul,linear,"[(1536, 1152), (1152, 1920)]",248616,matmul_linear_149,75.8418571,327708.4286256224
matmul,linear,"[(1664, 1152), (1152, 1920)]",269334,matmul_linear_150,79.6752945,337939.54122817825
matmul,linear,"[(1792, 1152), (1152, 1920)]",290052,matmul_linear_151,83.2511607,348305.9532157369
matmul,linear,"[(1920, 1152), (1152, 1920)]",310770,matmul_linear_152,110.19597330000002,281915.7494811109
matmul,linear,"[(2048, 1152), (1152, 1920)]",328050,matmul_linear_153,116.3290088,281901.8870477989
matmul,linear,"[(1024, 1152), (1152, 2048)]",174960,matmul_linear_154,60.4050356,289544.72624199564
matmul,linear,"[(1152, 1152), (1152, 2048)]",196830,matmul_linear_155,63.64099100000001,309181.79606756906
matmul,linear,"[(1280, 1152), (1152, 2048)]",218700,matmul_linear_156,66.78185729999998,327384.153394458
matmul,linear,"[(1408, 1152), (1152, 2048)]",240570,matmul_linear_157,70.0532858,343310.01603667816
matmul,linear,"[(1536, 1152), (1152, 2048)]",262440,matmul_linear_158,73.41943770000002,357353.02364253864
matmul,linear,"[(1664, 1152), (1152, 2048)]",284310,matmul_linear_159,76.6868305,370641.6229700613
matmul,linear,"[(1792, 1152), (1152, 2048)]",306180,matmul_linear_160,80.58782140000001,379833.3381656598
matmul,linear,"[(1920, 1152), (1152, 2048)]",328050,matmul_linear_161,98.7682588,332041.11900492467
matmul,linear,"[(2048, 1152), (1152, 2048)]",349920,matmul_linear_162,116.53273219999998,300176.14850688283
matmul,linear,"[(1024, 1280), (1280, 1024)]",112480,matmul_linear_163,38.9665447,288557.87527730165
matmul,linear,"[(1152, 1280), (1280, 1024)]",122720,matmul_linear_164,42.3549647,289641.7123806504
matmul,linear,"[(1280, 1280), (1280, 1024)]",132960,matmul_linear_165,45.8095624,290145.0777394896
matmul,linear,"[(1408, 1280), (1280, 1024)]",143200,matmul_linear_166,49.2375893,290734.70989510854
matmul,linear,"[(1536, 1280), (1280, 1024)]",153440,matmul_linear_167,52.6112855,291548.45249789616
matmul,linear,"[(1664, 1280), (1280, 1024)]",163680,matmul_linear_168,55.990294600000006,292236.37931242463
matmul,linear,"[(1792, 1280), (1280, 1024)]",173920,matmul_linear_169,59.3907052,292740.43591386755
matmul,linear,"[(1920, 1280), (1280, 1024)]",184160,matmul_linear_170,62.75654469999999,293351.46530988027
matmul,linear,"[(2048, 1280), (1280, 1024)]",194400,matmul_linear_171,66.1761073,293661.612659861
matmul,linear,"[(1024, 1280), (1280, 1152)]",122720,matmul_linear_172,37.9588749,323197.25347049214
matmul,linear,"[(1152, 1280), (1280, 1152)]",138060,matmul_linear_173,72.7317323,189720.8603509365
matmul,linear,"[(1280, 1280), (1280, 1152)]",149580,matmul_linear_174,79.9964643,186883.26395907972
matmul,linear,"[(1408, 1280), (1280, 1152)]",161100,matmul_linear_175,87.20025,184647.17675694736
matmul,linear,"[(1536, 1280), (1280, 1152)]",172620,matmul_linear_176,94.4062856,182747.99460429148
matmul,linear,"[(1664, 1280), (1280, 1152)]",184140,matmul_linear_177,54.5817052,337265.78827148845
matmul,linear,"[(1792, 1280), (1280, 1152)]",195660,matmul_linear_178,57.2173035,341859.4913276541
matmul,linear,"[(1920, 1280), (1280, 1152)]",207180,matmul_linear_179,59.4894285,348163.5574486987
matmul,linear,"[(2048, 1280), (1280, 1152)]",218700,matmul_linear_180,67.2786876,324965.7939409627
matmul,linear,"[(1024, 1280), (1280, 1280)]",132960,matmul_linear_181,45.5356876,291890.7593533297
matmul,linear,"[(1152, 1280), (1280, 1280)]",149580,matmul_linear_182,48.136991,310638.1597657402
matmul,linear,"[(1280, 1280), (1280, 1280)]",166200,matmul_linear_183,80.1981517,207136.6962043092
matmul,linear,"[(1408, 1280), (1280, 1280)]",179000,matmul_linear_184,87.5241161,204415.06164939157
matmul,linear,"[(1536, 1280), (1280, 1280)]",191800,matmul_linear_185,94.6694377,202499.70340987883
matmul,linear,"[(1664, 1280), (1280, 1280)]",204600,matmul_linear_186,55.337393,369631.9098498189
matmul,linear,"[(1792, 1280), (1280, 1280)]",217400,matmul_linear_187,57.9012053,375367.14075052255
matmul,linear,"[(1920, 1280), (1280, 1280)]",230200,matmul_linear_188,60.2105803,382224.8320362061
matmul,linear,"[(2048, 1280), (1280, 1280)]",243000,matmul_linear_189,67.8715713,357929.1355358676
matmul,linear,"[(1024, 1280), (1280, 1408)]",143200,matmul_linear_190,44.84913400000001,319192.6757515541
matmul,linear,"[(1152, 1280), (1280, 1408)]",161100,matmul_linear_191,58.8166966,273801.81583234307
matmul,linear,"[(1280, 1280), (1280, 1408)]",179000,matmul_linear_192,61.1279734,292728.2912778522
matmul,linear,"[(1408, 1280), (1280, 1408)]",196900,matmul_linear_193,72.2594463,272390.3249085649
matmul,linear,"[(1536, 1280), (1280, 1408)]",210980,matmul_linear_194,77.31814310000001,272772.5646283659
matmul,linear,"[(1664, 1280), (1280, 1408)]",225060,matmul_linear_195,68.00757150000001,330833.740223322
matmul,linear,"[(1792, 1280), (1280, 1408)]",239140,matmul_linear_196,71.9395892,332317.80035074207
matmul,linear,"[(1920, 1280), (1280, 1408)]",253220,matmul_linear_197,75.87511599999999,333632.60345328506
matmul,linear,"[(2048, 1280), (1280, 1408)]",267300,matmul_linear_198,79.6565624,335465.57293765416
matmul,linear,"[(1024, 1280), (1280, 1536)]",153440,matmul_linear_199,52.20870549999999,293797.3462960119
matmul,linear,"[(1152, 1280), (1280, 1536)]",172620,matmul_linear_200,55.086991,313258.9198945356
matmul,linear,"[(1280, 1280), (1280, 1536)]",191800,matmul_linear_201,58.0461607,330326.67712560704
matmul,linear,"[(1408, 1280), (1280, 1536)]",210980,matmul_linear_202,60.83343749999999,346715.844493417
matmul,linear,"[(1536, 1280), (1280, 1536)]",230160,matmul_linear_203,77.32912490000001,297536.88687494764
matmul,linear,"[(1664, 1280), (1280, 1536)]",245520,matmul_linear_204,68.2234197,359776.4193874029
matmul,linear,"[(1792, 1280), (1280, 1536)]",260880,matmul_linear_205,72.202009,361219.5859965613
matmul,linear,"[(1920, 1280), (1280, 1536)]",276240,matmul_linear_206,76.0221698,363267.68698753975
matmul,linear,"[(2048, 1280), (1280, 1536)]",291600,matmul_linear_207,79.9565979,364597.85816137126
matmul,linear,"[(1024, 1280), (1280, 1664)]",163680,matmul_linear_208,51.8555893,315545.8198807896
matmul,linear,"[(1152, 1280), (1280, 1664)]",184140,matmul_linear_209,68.3231249,269413.4338037282
matmul,linear,"[(1280, 1280), (1280, 1664)]",204600,matmul_linear_210,71.0886071,287709.83106363326
matmul,linear,"[(1408, 1280), (1280, 1664)]",225060,matmul_linear_211,73.7181611,305197.9030427822
matmul,linear,"[(1536, 1280), (1280, 1664)]",245520,matmul_linear_212,75.7705715,323930.81452275964
matmul,linear,"[(1664, 1280), (1280, 1664)]",265980,matmul_linear_213,141.49013399999998,187884.83857538787
matmul,linear,"[(1792, 1280), (1280, 1664)]",282620,matmul_linear_214,80.5318126,350842.0574000592
matmul,linear,"[(1920, 1280), (1280, 1664)]",299260,matmul_linear_215,83.93411599999999,356441.55218600266
matmul,linear,"[(2048, 1280), (1280, 1664)]",315900,matmul_linear_216,87.3028659,361743.7914304484
matmul,linear,"[(1024, 1280), (1280, 1792)]",173920,matmul_linear_217,59.085866,294251.27514251886
matmul,linear,"[(1152, 1280), (1280, 1792)]",195660,matmul_linear_218,62.19197320000001,314506.5158132014
matmul,linear,"[(1280, 1280), (1280, 1792)]",217400,matmul_linear_219,65.3891251,332371.18640527583
matmul,linear,"[(1408, 1280), (1280, 1792)]",239140,matmul_linear_220,68.62185730000002,348389.547513311
matmul,linear,"[(1536, 1280), (1280, 1792)]",260880,matmul_linear_221,72.0304554,362080.1341547537
matmul,linear,"[(1664, 1280), (1280, 1792)]",282620,matmul_linear_222,75.37473209999999,374853.2398006361
matmul,linear,"[(1792, 1280), (1280, 1792)]",304360,matmul_linear_223,81.182116,374810.1587842328
matmul,linear,"[(1920, 1280), (1280, 1792)]",322280,matmul_linear_224,84.6048483,380823.7963021086
matmul,linear,"[(2048, 1280), (1280, 1792)]",340200,matmul_linear_225,87.9849556,386557.0116221096
matmul,linear,"[(1024, 1280), (1280, 1920)]",184160,matmul_linear_226,66.92558030000001,275071.3159220824
matmul,linear,"[(1152, 1280), (1280, 1920)]",207180,matmul_linear_227,70.7634198,292678.38830508303
matmul,linear,"[(1280, 1280), (1280, 1920)]",230200,matmul_linear_228,74.49554450000001,308911.7691535229
matmul,linear,"[(1408, 1280), (1280, 1920)]",253220,matmul_linear_229,78.37040169999999,323006.6761266837
matmul,linear,"[(1536, 1280), (1280, 1920)]",276240,matmul_linear_230,82.36642839999999,335279.3594867106
matmul,linear,"[(1664, 1280), (1280, 1920)]",299260,matmul_linear_231,86.26841960000002,346794.0330512326
matmul,linear,"[(1792, 1280), (1280, 1920)]",322280,matmul_linear_232,90.457143,356179.21611453063
matmul,linear,"[(1920, 1280), (1280, 1920)]",345300,matmul_linear_233,89.03609800000001,387720.2299476331
matmul,linear,"[(2048, 1280), (1280, 1920)]",364500,matmul_linear_234,93.3155892,390509.9753801908
matmul,linear,"[(1024, 1280), (1280, 2048)]",194400,matmul_linear_235,65.9697142,294580.67636406404
matmul,linear,"[(1152, 1280), (1280, 2048)]",218700,matmul_linear_236,69.42871439999999,314899.3513346692
matmul,linear,"[(1280, 1280), (1280, 2048)]",243000,matmul_linear_237,72.8961608,333250.88889893907
matmul,linear,"[(1408, 1280), (1280, 2048)]",267300,matmul_linear_238,76.4088482,349728.5948511393
matmul,linear,"[(1536, 1280), (1280, 2048)]",291600,matmul_linear_239,79.70083930000001,365768.1672126381
matmul,linear,"[(1664, 1280), (1280, 2048)]",315900,matmul_linear_240,83.33672329999999,378964.5798045195
matmul,linear,"[(1792, 1280), (1280, 2048)]",340200,matmul_linear_241,87.6592945,387993.4725067859
matmul,linear,"[(1920, 1280), (1280, 2048)]",364500,matmul_linear_242,91.4765448,398362.7980832962
matmul,linear,"[(2048, 1280), (1280, 2048)]",388800,matmul_linear_243,93.5728392,415405.18646654463
matmul,linear,"[(1024, 1408), (1408, 1024)]",123728,matmul_linear_244,41.715294500000006,296501.0464099684
matmul,linear,"[(1152, 1408), (1408, 1024)]",134992,matmul_linear_245,45.3746965,297405.0202264163
matmul,linear,"[(1280, 1408), (1408, 1024)]",146256,matmul_linear_246,48.972107,298551.63857458695
matmul,linear,"[(1408, 1408), (1408, 1024)]",157520,matmul_linear_247,52.5330091,299749.5663938656
matmul,linear,"[(1536, 1408), (1408, 1024)]",168784,matmul_linear_248,56.115866200000006,300677.6791655405
matmul,linear,"[(1664, 1408), (1408, 1024)]",180048,matmul_linear_249,59.8082946,300941.8558231219
matmul,linear,"[(1792, 1408), (1408, 1024)]",191312,matmul_linear_250,63.40940190000001,301609.20126594027
matmul,linear,"[(1920, 1408), (1408, 1024)]",202576,matmul_linear_251,66.9708215,302383.97057515563
matmul,linear,"[(2048, 1408), (1408, 1024)]",213840,matmul_linear_252,70.666857,302502.958555239
matmul,linear,"[(1024, 1408), (1408, 1152)]",134992,matmul_linear_253,40.7524287,331148.9692178764
matmul,linear,"[(1152, 1408), (1408, 1152)]",151866,matmul_linear_254,78.18330390000001,194143.51802047595
matmul,linear,"[(1280, 1408), (1408, 1152)]",164538,matmul_linear_255,86.0045896,191213.04592609787
matmul,linear,"[(1408, 1408), (1408, 1152)]",177210,matmul_linear_256,93.6747144,189075.917039145
matmul,linear,"[(1536, 1408), (1408, 1152)]",189882,matmul_linear_257,55.5728749,341581.0815378565
matmul,linear,"[(1664, 1408), (1408, 1152)]",202554,matmul_linear_258,58.8037055,344357.88454606826
matmul,linear,"[(1792, 1408), (1408, 1152)]",215226,matmul_linear_259,61.35031250000001,350714.83896271914
matmul,linear,"[(1920, 1408), (1408, 1152)]",227898,matmul_linear_260,63.96526780000001,356183.97697414155
matmul,linear,"[(2048, 1408), (1408, 1152)]",240570,matmul_linear_261,67.12126800000001,358310.9883025452
matmul,linear,"[(1024, 1408), (1408, 1280)]",146256,matmul_linear_262,49.2172856,297063.8891032219
matmul,linear,"[(1152, 1408), (1408, 1280)]",164538,matmul_linear_263,51.863160500000006,317154.09406933456
matmul,linear,"[(1280, 1408), (1408, 1280)]",182820,matmul_linear_264,86.31186599999998,211713.28648369163
matmul,linear,"[(1408, 1408), (1408, 1280)]",196900,matmul_linear_265,94.00357139999998,209360.1269585381
matmul,linear,"[(1536, 1408), (1408, 1280)]",210980,matmul_linear_266,56.3052948,374607.211372242
matmul,linear,"[(1664, 1408), (1408, 1280)]",225060,matmul_linear_267,59.4938751,378191.0419294574
matmul,linear,"[(1792, 1408), (1408, 1280)]",239140,matmul_linear_268,62.148151700000014,384690.2044687838
matmul,linear,"[(1920, 1408), (1408, 1280)]",253220,matmul_linear_269,64.7457144,390999.2447092375
matmul,linear,"[(2048, 1408), (1408, 1280)]",267300,matmul_linear_270,67.8364288,393936.07284232514
matmul,linear,"[(1024, 1408), (1408, 1408)]",157520,matmul_linear_271,48.47684790000001,324838.61879167263
matmul,linear,"[(1152, 1408), (1408, 1408)]",177210,matmul_linear_272,63.8990088,277228.24550480343
matmul,linear,"[(1280, 1408), (1408, 1408)]",196900,matmul_linear_273,66.491134,296029.70655606507
matmul,linear,"[(1408, 1408), (1408, 1408)]",216590,matmul_linear_274,63.99441089999999,338351.4318577781
matmul,linear,"[(1536, 1408), (1408, 1408)]",232078,matmul_linear_275,68.10756239999999,340652.1746806784
matmul,linear,"[(1664, 1408), (1408, 1408)]",247566,matmul_linear_276,72.2855716,342383.28472787514
matmul,linear,"[(1792, 1408), (1408, 1408)]",263054,matmul_linear_277,76.32368740000001,344555.7798254385
matmul,linear,"[(1920, 1408), (1408, 1408)]",278542,matmul_linear_278,80.4102678,346301.0351175575
matmul,linear,"[(2048, 1408), (1408, 1408)]",294030,matmul_linear_279,84.64575909999999,347265.30586563086
matmul,linear,"[(1024, 1408), (1408, 1536)]",168784,matmul_linear_280,56.7671339,297226.9714432421
matmul,linear,"[(1152, 1408), (1408, 1536)]",189882,matmul_linear_281,59.908125,316855.33786109986
matmul,linear,"[(1280, 1408), (1408, 1536)]",210980,matmul_linear_282,62.9646964,334976.65733777755
matmul,linear,"[(1408, 1408), (1408, 1536)]",232078,matmul_linear_283,66.111723,350939.1039120248
matmul,linear,"[(1536, 1408), (1408, 1536)]",253176,matmul_linear_284,68.3164107,370493.24019784894
matmul,linear,"[(1664, 1408), (1408, 1536)]",270072,matmul_linear_285,72.42800000000001,372783.4152537692
matmul,linear,"[(1792, 1408), (1408, 1536)]",286968,matmul_linear_286,76.5011342,375016.0071035914
matmul,linear,"[(1920, 1408), (1408, 1536)]",303864,matmul_linear_287,80.6388661,376720.7747653337
matmul,linear,"[(2048, 1408), (1408, 1536)]",320760,matmul_linear_288,84.8501608,377931.1044501875
matmul,linear,"[(1024, 1408), (1408, 1664)]",180048,matmul_linear_289,55.8118751,322498.0128375942
matmul,linear,"[(1152, 1408), (1408, 1664)]",202554,matmul_linear_290,74.1352589,273122.2197715964
matmul,linear,"[(1280, 1408), (1408, 1664)]",225060,matmul_linear_291,76.959018,292341.3614529229
matmul,linear,"[(1408, 1408), (1408, 1664)]",247566,matmul_linear_292,79.68483060000001,310581.46614093444
matmul,linear,"[(1536, 1408), (1408, 1664)]",270072,matmul_linear_293,81.9219913,329569.72080914245
matmul,linear,"[(1664, 1408), (1408, 1664)]",292578,matmul_linear_294,152.07575,192289.6479221704
matmul,linear,"[(1792, 1408), (1408, 1664)]",310882,matmul_linear_295,87.7539822,354165.4044935183
matmul,linear,"[(1920, 1408), (1408, 1664)]",329186,matmul_linear_296,91.1097052,361207.28255281417
matmul,linear,"[(2048, 1408), (1408, 1664)]",347490,matmul_linear_297,103.1944287,336633.2949826195
matmul,linear,"[(1024, 1408), (1408, 1792)]",191312,matmul_linear_298,64.24014259999998,297707.55810464226
matmul,linear,"[(1152, 1408), (1408, 1792)]",215226,matmul_linear_299,67.4129821,319164.9149992135
matmul,linear,"[(1280, 1408), (1408, 1792)]",239140,matmul_linear_300,70.891875,337230.6179304751
matmul,linear,"[(1408, 1408), (1408, 1792)]",263054,matmul_linear_301,74.47644640000001,353104.28499929066
matmul,linear,"[(1536, 1408), (1408, 1792)]",286968,matmul_linear_302,78.3004108,366396.1614735232
matmul,linear,"[(1664, 1408), (1408, 1792)]",310882,matmul_linear_303,81.88533040000002,379555.3039248651
matmul,linear,"[(1792, 1408), (1408, 1792)]",334796,matmul_linear_304,88.51699119999999,378127.9486246252
matmul,linear,"[(1920, 1408), (1408, 1792)]",354508,matmul_linear_305,91.7973214,386085.56031200266
matmul,linear,"[(2048, 1408), (1408, 1792)]",374220,matmul_linear_306,104.000259,359726.02697172126
matmul,linear,"[(1024, 1408), (1408, 1920)]",202576,matmul_linear_307,72.4230001,279612.2457234411
matmul,linear,"[(1152, 1408), (1408, 1920)]",227898,matmul_linear_308,76.44412489999999,298023.6299037024
matmul,linear,"[(1280, 1408), (1408, 1920)]",253220,matmul_linear_309,80.68142830000002,313751.65748237
matmul,linear,"[(1408, 1408), (1408, 1920)]",278542,matmul_linear_310,84.62000900000001,329068.010369746
matmul,linear,"[(1536, 1408), (1408, 1920)]",303864,matmul_linear_311,88.93315170000001,341576.8597440812
matmul,linear,"[(1664, 1408), (1408, 1920)]",329186,matmul_linear_312,93.0245804,353769.9111401744
matmul,linear,"[(1792, 1408), (1408, 1920)]",354508,matmul_linear_313,97.4324195,363750.1453820512
matmul,linear,"[(1920, 1408), (1408, 1920)]",379830,matmul_linear_314,95.5612943,397372.6407614176
matmul,linear,"[(2048, 1408), (1408, 1920)]",400950,matmul_linear_315,100.4004287,399250.8844449784
matmul,linear,"[(1024, 1408), (1408, 2048)]",213840,matmul_linear_316,71.5417323,298802.46311522427
matmul,linear,"[(1152, 1408), (1408, 2048)]",240570,matmul_linear_317,75.22383920000001,319705.53313742584
matmul,linear,"[(1280, 1408), (1408, 2048)]",267300,matmul_linear_318,78.8787233,338774.6531601127
matmul,linear,"[(1408, 1408), (1408, 2048)]",294030,matmul_linear_319,82.5649821,356019.49826850387
matmul,linear,"[(1536, 1408), (1408, 2048)]",320760,matmul_linear_320,86.13530369999998,372290.8620757555
matmul,linear,"[(1664, 1408), (1408, 2048)]",347490,matmul_linear_321,90.01330370000001,385942.9355622017
matmul,linear,"[(1792, 1408), (1408, 2048)]",374220,matmul_linear_322,94.5360358,395749.0503998899
matmul,linear,"[(1920, 1408), (1408, 2048)]",400950,matmul_linear_323,98.790616,405758.3863876301
matmul,linear,"[(2048, 1408), (1408, 2048)]",427680,matmul_linear_324,100.6147233,424967.0140241792
matmul,linear,"[(1024, 1536), (1536, 1024)]",134976,matmul_linear_325,45.615866,295797.04599710985
matmul,linear,"[(1152, 1536), (1536, 1024)]",147264,matmul_linear_326,49.5327055,297206.5947306271
matmul,linear,"[(1280, 1536), (1536, 1024)]",159552,matmul_linear_327,53.5217142,298007.0438136304
matmul,linear,"[(1408, 1536), (1536, 1024)]",171840,matmul_linear_328,57.4734197,298890.3870292932
matmul,linear,"[(1536, 1536), (1536, 1024)]",184128,matmul_linear_329,61.46358019999999,299472.52636578435
matmul,linear,"[(1664, 1536), (1536, 1024)]",196416,matmul_linear_330,65.3188751,300603.2801763605
matmul,linear,"[(1792, 1536), (1536, 1024)]",208704,matmul_linear_331,69.31271419999999,301004.9306160341
matmul,linear,"[(1920, 1536), (1536, 1024)]",220992,matmul_linear_332,73.2756876,301489.8004347079
matmul,linear,"[(2048, 1536), (1536, 1024)]",233280,matmul_linear_333,77.1238572,302374.49812455697
matmul,linear,"[(1024, 1536), (1536, 1152)]",147264,matmul_linear_334,43.8238214,335936.41876835504
matmul,linear,"[(1152, 1536), (1536, 1152)]",165672,matmul_linear_335,41.977303500000005,394570.4199330002
matmul,linear,"[(1280, 1536), (1536, 1152)]",179496,matmul_linear_336,45.1804374,397186.990408818
matmul,linear,"[(1408, 1536), (1536, 1152)]",193320,matmul_linear_337,48.6487409,397279.2464585656
matmul,linear,"[(1536, 1536), (1536, 1152)]",207144,matmul_linear_338,51.78101770000001,399938.4874629452
matmul,linear,"[(1664, 1536), (1536, 1152)]",220968,matmul_linear_339,55.1348661,400677.2497338123
matmul,linear,"[(1792, 1536), (1536, 1152)]",234792,matmul_linear_340,65.5038572,358339.9606928796
matmul,linear,"[(1920, 1536), (1536, 1152)]",248616,matmul_linear_341,68.0152858,365429.5968777654
matmul,linear,"[(2048, 1536), (1536, 1152)]",262440,matmul_linear_342,71.45227689999999,367194.10368167015
matmul,linear,"[(1024, 1536), (1536, 1280)]",159552,matmul_linear_343,52.9961607,300963.31834713457
matmul,linear,"[(1152, 1536), (1536, 1280)]",179496,matmul_linear_344,55.8382858,321356.859623008
matmul,linear,"[(1280, 1536), (1536, 1280)]",199440,matmul_linear_345,94.7608214,210366.72776097312
matmul,linear,"[(1408, 1536), (1536, 1280)]",214800,matmul_linear_346,103.3082679,207821.40296836785
matmul,linear,"[(1536, 1536), (1536, 1280)]",230160,matmul_linear_347,60.1492765,382547.9941117829
matmul,linear,"[(1664, 1536), (1536, 1280)]",245520,matmul_linear_348,63.5763927,386081.0800725094
matmul,linear,"[(1792, 1536), (1536, 1280)]",260880,matmul_linear_349,66.3615805,393019.02765787806
matmul,linear,"[(1920, 1536), (1536, 1280)]",276240,matmul_linear_350,68.81961609999999,401297.1824524607
matmul,linear,"[(2048, 1536), (1536, 1280)]",291600,matmul_linear_351,72.2552948,403469.0405902268
matmul,linear,"[(1024, 1536), (1536, 1408)]",171840,matmul_linear_352,51.83357149999999,331422.5924572842
matmul,linear,"[(1152, 1536), (1536, 1408)]",193320,matmul_linear_353,54.28011600000001,356052.5181707422
matmul,linear,"[(1280, 1536), (1536, 1408)]",214800,matmul_linear_354,57.0094374,376679.7224394289
matmul,linear,"[(1408, 1536), (1536, 1408)]",236280,matmul_linear_355,69.2708482,340995.8666448089
matmul,linear,"[(1536, 1536), (1536, 1408)]",253176,matmul_linear_356,73.6640088,343590.228273322
matmul,linear,"[(1664, 1536), (1536, 1408)]",270072,matmul_linear_357,78.11970529999999,345615.5898922727
matmul,linear,"[(1792, 1536), (1536, 1408)]",286968,matmul_linear_358,82.54469639999999,347551.65118470293
matmul,linear,"[(1920, 1536), (1536, 1408)]",303864,matmul_linear_359,86.95946430000001,349331.7754209072
matmul,linear,"[(2048, 1536), (1536, 1408)]",320760,matmul_linear_360,91.4401698,350686.75017946
matmul,linear,"[(1024, 1536), (1536, 1536)]",184128,matmul_linear_361,61.00913390000001,301703.9893859237
matmul,linear,"[(1152, 1536), (1536, 1536)]",207144,matmul_linear_362,64.40173200000001,321543.5235002686
matmul,linear,"[(1280, 1536), (1536, 1536)]",230160,matmul_linear_363,67.4836874,340960.2011650004
matmul,linear,"[(1408, 1536), (1536, 1536)]",253176,matmul_linear_364,70.86656239999999,357157.3459553049
matmul,linear,"[(1536, 1536), (1536, 1536)]",276192,matmul_linear_365,73.86999130000001,373789.3089594827
matmul,linear,"[(1664, 1536), (1536, 1536)]",294624,matmul_linear_366,78.24652689999999,376433.0062208807
matmul,linear,"[(1792, 1536), (1536, 1536)]",313056,matmul_linear_367,82.7815804,378071.084059178
matmul,linear,"[(1920, 1536), (1536, 1536)]",331488,matmul_linear_368,87.2200445,379959.4254454892
matmul,linear,"[(2048, 1536), (1536, 1536)]",349920,matmul_linear_369,91.6548572,381680.0940286664
matmul,linear,"[(1024, 1536), (1536, 1664)]",196416,matmul_linear_370,68.68215189999998,285878.2266082436
matmul,linear,"[(1152, 1536), (1536, 1664)]",220968,matmul_linear_371,79.55938410000002,277639.70663505926
matmul,linear,"[(1280, 1536), (1536, 1664)]",245520,matmul_linear_372,82.6169821,297078.6111756314
matmul,linear,"[(1408, 1536), (1536, 1664)]",270072,matmul_linear_373,102.6264108,263060.3287055617
matmul,linear,"[(1536, 1536), (1536, 1664)]",294624,matmul_linear_374,105.2088481,279937.2832900544
matmul,linear,"[(1664, 1536), (1536, 1664)]",319176,matmul_linear_375,167.2730359,190711.38707305543
matmul,linear,"[(1792, 1536), (1536, 1664)]",339144,matmul_linear_376,80.7485535,419900.09325244447
matmul,linear,"[(1920, 1536), (1536, 1664)]",359112,matmul_linear_377,84.922893,422768.3071359804
matmul,linear,"[(2048, 1536), (1536, 1664)]",379080,matmul_linear_378,89.2190089,424787.03323849634
matmul,linear,"[(1024, 1536), (1536, 1792)]",208704,matmul_linear_379,68.70313399999999,303676.53514321486
matmul,linear,"[(1152, 1536), (1536, 1792)]",234792,matmul_linear_380,72.2453215,324892.6709787013
matmul,linear,"[(1280, 1536), (1536, 1792)]",260880,matmul_linear_381,76.0828482,342789.37148386094
matmul,linear,"[(1408, 1536), (1536, 1792)]",286968,matmul_linear_382,79.5641517,360574.9947916557
matmul,linear,"[(1536, 1536), (1536, 1792)]",313056,matmul_linear_383,83.3948394,375290.1347521511
matmul,linear,"[(1664, 1536), (1536, 1792)]",339144,matmul_linear_384,87.1872858,388883.3212355832
matmul,linear,"[(1792, 1536), (1536, 1792)]",365232,matmul_linear_385,81.2205627,449579.2288290807
matmul,linear,"[(1920, 1536), (1536, 1792)]",386736,matmul_linear_386,85.55832140000001,451914.4781615595
matmul,linear,"[(2048, 1536), (1536, 1792)]",408240,matmul_linear_387,89.8852679,454078.98787839065
matmul,linear,"[(1024, 1536), (1536, 1920)]",220992,matmul_linear_388,78.176875,282582.0591127491
matmul,linear,"[(1152, 1536), (1536, 1920)]",248616,matmul_linear_389,82.40199989999999,301611.12388256495
matmul,linear,"[(1280, 1536), (1536, 1920)]",276240,matmul_linear_390,86.9194108,317711.6343144839
matmul,linear,"[(1408, 1536), (1536, 1920)]",303864,matmul_linear_391,91.1734376,333181.2801609226
matmul,linear,"[(1536, 1536), (1536, 1920)]",331488,matmul_linear_392,95.7774197,346002.4540422026
matmul,linear,"[(1664, 1536), (1536, 1920)]",359112,matmul_linear_393,100.0507231,358829.9396078028
matmul,linear,"[(1792, 1536), (1536, 1920)]",386736,matmul_linear_394,104.5737056,369721.4553850524
matmul,linear,"[(1920, 1536), (1536, 1920)]",414360,matmul_linear_395,102.8308392,402853.047182756
matmul,linear,"[(2048, 1536), (1536, 1920)]",437400,matmul_linear_396,150.7623842,290025.4197597122
matmul,linear,"[(1024, 1536), (1536, 2048)]",233280,matmul_linear_397,77.1152591,302408.2230450549
matmul,linear,"[(1152, 1536), (1536, 2048)]",262440,matmul_linear_398,80.8950178,324320.4737661854
matmul,linear,"[(1280, 1536), (1536, 2048)]",291600,matmul_linear_399,84.91688409999999,343294.6064914551
matmul,linear,"[(1408, 1536), (1536, 2048)]",320760,matmul_linear_400,88.8150001,361055.2098618981
matmul,linear,"[(1536, 1536), (1536, 2048)]",349920,matmul_linear_401,92.6620175,377530.4568373983
matmul,linear,"[(1664, 1536), (1536, 2048)]",379080,matmul_linear_402,96.7295802,391796.66616582713
matmul,linear,"[(1792, 1536), (1536, 2048)]",408240,matmul_linear_403,101.5397232,401949.5498061393
matmul,linear,"[(1920, 1536), (1536, 2048)]",437400,matmul_linear_404,106.0016876,412534.9399742952
matmul,linear,"[(2048, 1536), (1536, 2048)]",466560,matmul_linear_405,150.98314280000002,308914.6299431779
matmul,linear,"[(1024, 1664), (1664, 1024)]",146224,matmul_linear_406,48.1918658,303320.49964788865
matmul,linear,"[(1152, 1664), (1664, 1024)]",159536,matmul_linear_407,52.355732,304615.44166357943
matmul,linear,"[(1280, 1664), (1664, 1024)]",172848,matmul_linear_408,56.3918662,306412.2891783284
matmul,linear,"[(1408, 1664), (1664, 1024)]",186160,matmul_linear_409,60.61398199999999,307023.8579903892
matmul,linear,"[(1536, 1664), (1664, 1024)]",199472,matmul_linear_410,64.8282858,307592.8497159183
matmul,linear,"[(1664, 1664), (1664, 1024)]",212784,matmul_linear_411,69.00028560000001,308281.3322650942
matmul,linear,"[(1792, 1664), (1664, 1024)]",226096,matmul_linear_412,73.094982,309218.08697893925
matmul,linear,"[(1920, 1664), (1664, 1024)]",239408,matmul_linear_413,77.28044650000001,309691.1707847081
matmul,linear,"[(2048, 1664), (1664, 1024)]",252720,matmul_linear_414,81.47114300000001,310095.72169252613
matmul,linear,"[(1024, 1664), (1664, 1152)]",159536,matmul_linear_415,47.14057129999999,338326.10643117095
matmul,linear,"[(1152, 1664), (1664, 1152)]",179478,matmul_linear_416,44.6754285,401637.6128804227
matmul,linear,"[(1280, 1664), (1664, 1152)]",194454,matmul_linear_417,48.0051609,404968.9474931017
matmul,linear,"[(1408, 1664), (1664, 1152)]",209430,matmul_linear_418,51.66098219999999,405292.9892180796
matmul,linear,"[(1536, 1664), (1664, 1152)]",224406,matmul_linear_419,55.157580300000006,406745.2582210173
matmul,linear,"[(1664, 1664), (1664, 1152)]",239382,matmul_linear_420,58.52712479999999,408910.3534353016
matmul,linear,"[(1792, 1664), (1664, 1152)]",254358,matmul_linear_421,61.89228579999999,410868.8254557889
matmul,linear,"[(1920, 1664), (1664, 1152)]",269334,matmul_linear_422,65.488143,411171.3961060096
matmul,linear,"[(2048, 1664), (1664, 1152)]",284310,matmul_linear_423,68.7791426,413266.5952387141
matmul,linear,"[(1024, 1664), (1664, 1280)]",172848,matmul_linear_424,56.9537053,303388.594972942
matmul,linear,"[(1152, 1664), (1664, 1280)]",194454,matmul_linear_425,60.19205380000001,322955.9313462069
matmul,linear,"[(1280, 1664), (1664, 1280)]",216060,matmul_linear_426,100.476018,214936.38808616
matmul,linear,"[(1408, 1664), (1664, 1280)]",232700,matmul_linear_427,109.4820179,212446.31990117897
matmul,linear,"[(1536, 1664), (1664, 1280)]",249340,matmul_linear_428,64.40858940000001,387022.2803087813
matmul,linear,"[(1664, 1664), (1664, 1280)]",265980,matmul_linear_429,68.05401789999999,390736.585711716
matmul,linear,"[(1792, 1664), (1664, 1280)]",282620,matmul_linear_430,71.0158304,397867.6058255316
matmul,linear,"[(1920, 1664), (1664, 1280)]",299260,matmul_linear_431,73.878259,404971.8087441665
matmul,linear,"[(2048, 1664), (1664, 1280)]",315900,matmul_linear_432,83.71480360000001,377252.6143708232
matmul,linear,"[(1024, 1664), (1664, 1408)]",186160,matmul_linear_433,55.6138571,334636.7179824685
matmul,linear,"[(1152, 1664), (1664, 1408)]",209430,matmul_linear_434,73.90500870000001,283277.27534832153
matmul,linear,"[(1280, 1664), (1664, 1408)]",232700,matmul_linear_435,76.6431519,303514.862164874
matmul,linear,"[(1408, 1664), (1664, 1408)]",255970,matmul_linear_436,74.9302947,341510.82780313684
matmul,linear,"[(1536, 1664), (1664, 1408)]",274274,matmul_linear_437,79.68428580000001,344100.8637542435
matmul,linear,"[(1664, 1664), (1664, 1408)]",292578,matmul_linear_438,84.47388400000001,346253.1995285075
matmul,linear,"[(1792, 1664), (1664, 1408)]",310882,matmul_linear_439,89.3025445,348022.2195186164
matmul,linear,"[(1920, 1664), (1664, 1408)]",329186,matmul_linear_440,94.1201428,349650.85056925775
matmul,linear,"[(2048, 1664), (1664, 1408)]",347490,matmul_linear_441,98.9348302,351131.2087639284
matmul,linear,"[(1024, 1664), (1664, 1536)]",199472,matmul_linear_442,65.5099912,304390.9583196525
matmul,linear,"[(1152, 1664), (1664, 1536)]",224406,matmul_linear_443,69.20843740000001,324146.59251156566
matmul,linear,"[(1280, 1664), (1664, 1536)]",249340,matmul_linear_444,72.42971440000001,344150.97774512274
matmul,linear,"[(1408, 1664), (1664, 1536)]",274274,matmul_linear_445,76.20469650000001,359817.4494448646
matmul,linear,"[(1536, 1664), (1664, 1536)]",299208,matmul_linear_446,79.808884,374805.6308067157
matmul,linear,"[(1664, 1664), (1664, 1536)]",319176,matmul_linear_447,84.67774990000001,376830.1857653636
matmul,linear,"[(1792, 1664), (1664, 1536)]",339144,matmul_linear_448,89.5485358,378626.46042750817
matmul,linear,"[(1920, 1664), (1664, 1536)]",359112,matmul_linear_449,94.2986966,380723.9275281775
matmul,linear,"[(2048, 1664), (1664, 1536)]",379080,matmul_linear_450,99.1103214,382382.86822728434
matmul,linear,"[(1024, 1664), (1664, 1664)]",212784,matmul_linear_451,73.5054375,289380.6251578327
matmul,linear,"[(1152, 1664), (1664, 1664)]",239382,matmul_linear_452,85.7718928,278991.42748916923
matmul,linear,"[(1280, 1664), (1664, 1664)]",265980,matmul_linear_453,81.1135624,327810.6380365314
matmul,linear,"[(1408, 1664), (1664, 1664)]",292578,matmul_linear_454,110.5892856,264462.7000957858
matmul,linear,"[(1536, 1664), (1664, 1664)]",319176,matmul_linear_455,113.33067880000002,281532.4788482604
matmul,linear,"[(1664, 1664), (1664, 1664)]",345774,matmul_linear_456,78.2921517,441545.8003669862
matmul,linear,"[(1792, 1664), (1664, 1664)]",367406,matmul_linear_457,82.61113379999999,444641.5052909007
matmul,linear,"[(1920, 1664), (1664, 1664)]",389038,matmul_linear_458,87.52370529999999,444394.4357263175
matmul,linear,"[(2048, 1664), (1664, 1664)]",410670,matmul_linear_459,92.0271428,446148.7778116698
matmul,linear,"[(1024, 1664), (1664, 1792)]",226096,matmul_linear_460,73.6214643,307006.08943973423
matmul,linear,"[(1152, 1664), (1664, 1792)]",254358,matmul_linear_461,77.33070540000001,328822.3843029886
matmul,linear,"[(1280, 1664), (1664, 1792)]",282620,matmul_linear_462,81.11141049999999,348334.33033383137
matmul,linear,"[(1408, 1664), (1664, 1792)]",310882,matmul_linear_463,84.8844554,366141.3789839783
matmul,linear,"[(1536, 1664), (1664, 1792)]",339144,matmul_linear_464,89.2006877,380103.3467954978
matmul,linear,"[(1664, 1664), (1664, 1792)]",367406,matmul_linear_465,92.9845445,395025.8803015376
matmul,linear,"[(1792, 1664), (1664, 1792)]",395668,matmul_linear_466,190.39199990000003,207717.5554686213
matmul,linear,"[(1920, 1664), (1664, 1792)]",418964,matmul_linear_467,213.6090088,196035.9225220093
matmul,linear,"[(2048, 1664), (1664, 1792)]",442260,matmul_linear_468,226.2785179,195349.39754088785
matmul,linear,"[(1024, 1664), (1664, 1920)]",239408,matmul_linear_469,83.8351606,285469.9187388448
matmul,linear,"[(1152, 1664), (1664, 1920)]",269334,matmul_linear_470,88.7162946,303490.2268172503
matmul,linear,"[(1280, 1664), (1664, 1920)]",299260,matmul_linear_471,93.1784106,321068.8180480726
matmul,linear,"[(1408, 1664), (1664, 1920)]",329186,matmul_linear_472,98.1022861,335453.8520931573
matmul,linear,"[(1536, 1664), (1664, 1920)]",359112,matmul_linear_473,102.8691427,348995.939340418
matmul,linear,"[(1664, 1664), (1664, 1920)]",389038,matmul_linear_474,107.7009821,361120.475815884
matmul,linear,"[(1792, 1664), (1664, 1920)]",418964,matmul_linear_475,112.4872768,372354.5672351098
matmul,linear,"[(1920, 1664), (1664, 1920)]",448890,matmul_linear_476,121.10158040000002,370572.2889307561
matmul,linear,"[(2048, 1664), (1664, 1920)]",473850,matmul_linear_477,159.1274375,297680.198967887
matmul,linear,"[(1024, 1664), (1664, 2048)]",252720,matmul_linear_478,82.7489999,305305.5037588436
matmul,linear,"[(1152, 1664), (1664, 2048)]",284310,matmul_linear_479,86.739884,327673.0922490051
matmul,linear,"[(1280, 1664), (1664, 2048)]",315900,matmul_linear_480,90.9155625,347365.2648164609
matmul,linear,"[(1408, 1664), (1664, 2048)]",347490,matmul_linear_481,95.0665627,365422.8401352519
matmul,linear,"[(1536, 1664), (1664, 2048)]",379080,matmul_linear_482,99.0904375,382459.6188330483
matmul,linear,"[(1664, 1664), (1664, 2048)]",410670,matmul_linear_483,103.3380178,397304.56488608976
matmul,linear,"[(1792, 1664), (1664, 2048)]",442260,matmul_linear_484,127.6993214,346229.17007811135
matmul,linear,"[(1920, 1664), (1664, 2048)]",473850,matmul_linear_485,134.3390177,352627.00970479107
matmul,linear,"[(2048, 1664), (1664, 2048)]",505440,matmul_linear_486,159.36271430000002,317063.2726137622
matmul,linear,"[(1024, 1792), (1792, 1024)]",157472,matmul_linear_487,46.0073659,342175.6267817541
matmul,linear,"[(1152, 1792), (1792, 1024)]",171808,matmul_linear_488,56.72670529999999,302769.69618875434
matmul,linear,"[(1280, 1792), (1792, 1024)]",186144,matmul_linear_489,61.33000009999999,303412.1469044316
matmul,linear,"[(1408, 1792), (1792, 1024)]",200480,matmul_linear_490,65.80329470000001,304565.5960222004
matmul,linear,"[(1536, 1792), (1792, 1024)]",214816,matmul_linear_491,70.2264463,305790.4605286855
matmul,linear,"[(1664, 1792), (1792, 1024)]",229152,matmul_linear_492,74.80798220000001,306220.2525465257
matmul,linear,"[(1792, 1792), (1792, 1024)]",243488,matmul_linear_493,79.2529909,307128.783715215
matmul,linear,"[(1920, 1792), (1792, 1024)]",257824,matmul_linear_494,83.7749912,307657.71660122834
matmul,linear,"[(2048, 1792), (1792, 1024)]",272160,matmul_linear_495,88.33715179999999,307992.34218484286
matmul,linear,"[(1024, 1792), (1792, 1152)]",171808,matmul_linear_496,50.259160900000005,341744.14726271323
matmul,linear,"[(1152, 1792), (1792, 1152)]",193284,matmul_linear_497,47.3065535,408477.640305164
matmul,linear,"[(1280, 1792), (1792, 1152)]",209412,matmul_linear_498,50.9443035,410960.6792376698
matmul,linear,"[(1408, 1792), (1792, 1152)]",225540,matmul_linear_499,54.7852589,411580.0842571176
matmul,linear,"[(1536, 1792), (1792, 1152)]",241668,matmul_linear_500,58.2948572,414461.4409361654
matmul,linear,"[(1664, 1792), (1792, 1152)]",257796,matmul_linear_501,62.11470569999999,414932.1523619488
matmul,linear,"[(1792, 1792), (1792, 1152)]",273924,matmul_linear_502,65.5067498,418061.4884516832
matmul,linear,"[(1920, 1792), (1792, 1152)]",290052,matmul_linear_503,69.41626779999999,417744.4177317179
matmul,linear,"[(2048, 1792), (1792, 1152)]",306180,matmul_linear_504,72.7843036,420567.623176929
matmul,linear,"[(1024, 1792), (1792, 1280)]",186144,matmul_linear_505,60.781134,306152.92381020734
matmul,linear,"[(1152, 1792), (1792, 1280)]",209412,matmul_linear_506,64.2034106,326069.5882554875
matmul,linear,"[(1280, 1792), (1792, 1280)]",232680,matmul_linear_507,55.8248393,416703.7076642333
matmul,linear,"[(1408, 1792), (1792, 1280)]",250600,matmul_linear_508,59.531428600000005,420854.11767088016
matmul,linear,"[(1536, 1792), (1792, 1280)]",268520,matmul_linear_509,63.1656964,425004.15510910127
matmul,linear,"[(1664, 1792), (1792, 1280)]",286440,matmul_linear_510,66.740589,429084.1056422202
matmul,linear,"[(1792, 1792), (1792, 1280)]",304360,matmul_linear_511,70.3351789,432627.9815876035
matmul,linear,"[(1920, 1792), (1792, 1280)]",322280,matmul_linear_512,73.9677142,435603.6086428097
matmul,linear,"[(2048, 1792), (1792, 1280)]",340200,matmul_linear_513,77.6934643,437774.6694656013
matmul,linear,"[(1024, 1792), (1792, 1408)]",200480,matmul_linear_514,61.20383030000001,327461.198404277
matmul,linear,"[(1152, 1792), (1792, 1408)]",225540,matmul_linear_515,78.89930340000001,285758.0371192479
matmul,linear,"[(1280, 1792), (1792, 1408)]",250600,matmul_linear_516,81.8625803,306022.77194492484
matmul,linear,"[(1408, 1792), (1792, 1408)]",275660,matmul_linear_517,79.77144630000001,345462.2441184196
matmul,linear,"[(1536, 1792), (1792, 1408)]",295372,matmul_linear_518,84.9159998,347740.2193881959
matmul,linear,"[(1664, 1792), (1792, 1408)]",315084,matmul_linear_519,90.014259,349937.87566589867
matmul,linear,"[(1792, 1792), (1792, 1408)]",334796,matmul_linear_520,95.210982,351535.9068746923
matmul,linear,"[(1920, 1792), (1792, 1408)]",354508,matmul_linear_521,100.3368928,353217.69811392843
matmul,linear,"[(2048, 1792), (1792, 1408)]",374220,matmul_linear_522,105.43742869999998,354821.40183422365
matmul,linear,"[(1024, 1792), (1792, 1536)]",214816,matmul_linear_523,69.7631251,307821.9855648353
matmul,linear,"[(1152, 1792), (1792, 1536)]",241668,matmul_linear_524,73.5587321,328437.47352722514
matmul,linear,"[(1280, 1792), (1792, 1536)]",268520,matmul_linear_525,77.1782859,347821.6943842491
matmul,linear,"[(1408, 1792), (1792, 1536)]",295372,matmul_linear_526,80.85298209999999,365219.8587464346
matmul,linear,"[(1536, 1792), (1792, 1536)]",322224,matmul_linear_527,85.13025009999998,378407.0519838636
matmul,linear,"[(1664, 1792), (1792, 1536)]",343728,matmul_linear_528,90.2005715,380970.7562978135
matmul,linear,"[(1792, 1792), (1792, 1536)]",365232,matmul_linear_529,95.3872856,382793.7973259615
matmul,linear,"[(1920, 1792), (1792, 1536)]",386736,matmul_linear_530,100.5805981,384403.5795228583
matmul,linear,"[(2048, 1792), (1792, 1536)]",408240,matmul_linear_531,105.6835715,386185.2042240075
matmul,linear,"[(1024, 1792), (1792, 1664)]",229152,matmul_linear_532,78.7333036,290948.3740961684
matmul,linear,"[(1152, 1792), (1792, 1664)]",257796,matmul_linear_533,82.6361341,311865.22297138773
matmul,linear,"[(1280, 1792), (1792, 1664)]",286440,matmul_linear_534,86.75597309999999,330067.4683192505
matmul,linear,"[(1408, 1792), (1792, 1664)]",315084,matmul_linear_535,90.7814196,346979.8335037272
matmul,linear,"[(1536, 1792), (1792, 1664)]",343728,matmul_linear_536,95.1118482,361293.4609673583
matmul,linear,"[(1664, 1792), (1792, 1664)]",372372,matmul_linear_537,85.47841969999999,435532.7612359919
matmul,linear,"[(1792, 1792), (1792, 1664)]",395668,matmul_linear_538,90.1715802,438694.5726607106
matmul,linear,"[(1920, 1792), (1792, 1664)]",418964,matmul_linear_539,104.1867322,402027.97844138544
matmul,linear,"[(2048, 1792), (1792, 1664)]",442260,matmul_linear_540,108.9467322,405841.50101548433
matmul,linear,"[(1024, 1792), (1792, 1792)]",243488,matmul_linear_541,78.79829470000001,308901.6109193794
matmul,linear,"[(1152, 1792), (1792, 1792)]",273924,matmul_linear_542,82.79897330000001,330730.18917095667
matmul,linear,"[(1280, 1792), (1792, 1792)]",304360,matmul_linear_543,86.7768485,350638.71114367555
matmul,linear,"[(1408, 1792), (1792, 1792)]",334796,matmul_linear_544,90.8950089,368232.6555018358
matmul,linear,"[(1536, 1792), (1792, 1792)]",365232,matmul_linear_545,95.2555893,383323.1698989657
matmul,linear,"[(1664, 1792), (1792, 1792)]",395668,matmul_linear_546,99.5277145,397445.549988491
matmul,linear,"[(1792, 1792), (1792, 1792)]",426104,matmul_linear_547,90.777866,469291.9550829714
matmul,linear,"[(1920, 1792), (1792, 1792)]",451192,matmul_linear_548,104.6651337,430981.4729318021
matmul,linear,"[(2048, 1792), (1792, 1792)]",476280,matmul_linear_549,109.503009,434846.9520056751
matmul,linear,"[(1024, 1792), (1792, 1920)]",257824,matmul_linear_550,67.99026790000002,379107.2129781973
matmul,linear,"[(1152, 1792), (1792, 1920)]",290052,matmul_linear_551,94.4615358,306958.3148405681
matmul,linear,"[(1280, 1792), (1792, 1920)]",322280,matmul_linear_552,99.2744108,324535.5202744754
matmul,linear,"[(1408, 1792), (1792, 1920)]",354508,matmul_linear_553,104.33373199999998,339682.7272199944
matmul,linear,"[(1536, 1792), (1792, 1920)]",386736,matmul_linear_554,109.44041080000002,353275.8665313781
matmul,linear,"[(1664, 1792), (1792, 1920)]",418964,matmul_linear_555,114.6343213,365378.6762365557
matmul,linear,"[(1792, 1792), (1792, 1920)]",451192,matmul_linear_556,119.8547411,376349.0214229832
matmul,linear,"[(1920, 1792), (1792, 1920)]",483420,matmul_linear_557,129.2268662,373986.298163284
matmul,linear,"[(2048, 1792), (1792, 1920)]",510300,matmul_linear_558,172.7511695,295295.9741499753
matmul,linear,"[(1024, 1792), (1792, 2048)]",272160,matmul_linear_559,88.19486629999999,308489.3900833546
matmul,linear,"[(1152, 1792), (1792, 2048)]",306180,matmul_linear_560,92.5717231,330648.9476773065
matmul,linear,"[(1280, 1792), (1792, 2048)]",340200,matmul_linear_561,96.8057145,351325.53490476013
matmul,linear,"[(1408, 1792), (1792, 2048)]",374220,matmul_linear_562,101.3323123,369199.7736912395
matmul,linear,"[(1536, 1792), (1792, 2048)]",408240,matmul_linear_563,105.4624286,386995.2010297249
matmul,linear,"[(1664, 1792), (1792, 2048)]",442260,matmul_linear_564,130.2348572,339486.5051096321
matmul,linear,"[(1792, 1792), (1792, 2048)]",476280,matmul_linear_565,136.1557323,349705.32362059056
matmul,linear,"[(1920, 1792), (1792, 2048)]",510300,matmul_linear_566,143.38328570000002,355799.22319655697
matmul,linear,"[(2048, 1792), (1792, 2048)]",544320,matmul_linear_567,172.81074089999998,314880.42145133816
matmul,linear,"[(1024, 1920), (1920, 1024)]",168720,matmul_linear_568,48.3315537,348988.7155154708
matmul,linear,"[(1152, 1920), (1920, 1024)]",184080,matmul_linear_569,52.950267800000006,347546.9669526392
matmul,linear,"[(1280, 1920), (1920, 1024)]",199440,matmul_linear_570,63.9498751,311769.25648897793
matmul,linear,"[(1408, 1920), (1920, 1024)]",214800,matmul_linear_571,68.7585627,312297.45504453365
matmul,linear,"[(1536, 1920), (1920, 1024)]",230160,matmul_linear_572,73.41902680000001,313388.21965044073
matmul,linear,"[(1664, 1920), (1920, 1024)]",245520,matmul_linear_573,78.10241970000001,314256.4577679787
matmul,linear,"[(1792, 1920), (1920, 1024)]",260880,matmul_linear_574,82.9596964,314365.9531323936
matmul,linear,"[(1920, 1920), (1920, 1024)]",276240,matmul_linear_575,87.5325627,315485.4135640428
matmul,linear,"[(2048, 1920), (1920, 1024)]",291600,matmul_linear_576,92.2200357,316100.2679641122
matmul,linear,"[(1024, 1920), (1920, 1152)]",184080,matmul_linear_577,53.0921699,346617.7935027289
matmul,linear,"[(1152, 1920), (1920, 1152)]",207090,matmul_linear_578,50.0284107,413844.7907746548
matmul,linear,"[(1280, 1920), (1920, 1152)]",224370,matmul_linear_579,53.8794553,416329.5996511309
matmul,linear,"[(1408, 1920), (1920, 1152)]",241650,matmul_linear_580,57.8031427,417956.8541993825
matmul,linear,"[(1536, 1920), (1920, 1152)]",258930,matmul_linear_581,61.5259913,420746.5309196896
matmul,linear,"[(1664, 1920), (1920, 1152)]",276210,matmul_linear_582,65.37559820000001,422397.09005339537
matmul,linear,"[(1792, 1920), (1920, 1152)]",293490,matmul_linear_583,69.09803539999999,424644.3480860529
matmul,linear,"[(1920, 1920), (1920, 1152)]",310770,matmul_linear_584,73.1655623,424649.0079086017
matmul,linear,"[(2048, 1920), (1920, 1152)]",328050,matmul_linear_585,76.75667849999999,427289.520248717
matmul,linear,"[(1024, 1920), (1920, 1280)]",199440,matmul_linear_586,64.4381515,309406.08507135714
matmul,linear,"[(1152, 1920), (1920, 1280)]",224370,matmul_linear_587,67.89358,330373.07271173503
matmul,linear,"[(1280, 1920), (1920, 1280)]",249300,matmul_linear_588,114.4252856,217771.42474040715
matmul,linear,"[(1408, 1920), (1920, 1280)]",268500,matmul_linear_589,63.61798219999999,421950.48119240726
matmul,linear,"[(1536, 1920), (1920, 1280)]",287700,matmul_linear_590,67.65402680000001,425151.8491626576
matmul,linear,"[(1664, 1920), (1920, 1280)]",306900,matmul_linear_591,71.5345448,428923.4890821588
matmul,linear,"[(1792, 1920), (1920, 1280)]",326100,matmul_linear_592,75.577268,431378.9468177124
matmul,linear,"[(1920, 1920), (1920, 1280)]",345300,matmul_linear_593,79.36698210000002,434967.5694899579
matmul,linear,"[(2048, 1920), (1920, 1280)]",364500,matmul_linear_594,83.2994555,437477.8902900512
matmul,linear,"[(1024, 1920), (1920, 1408)]",214800,matmul_linear_595,81.969875,261947.49000776195
matmul,linear,"[(1152, 1920), (1920, 1408)]",241650,matmul_linear_596,83.9255716,287833.69576526067
matmul,linear,"[(1280, 1920), (1920, 1408)]",268500,matmul_linear_597,105.708893,253899.44354728988
matmul,linear,"[(1408, 1920), (1920, 1408)]",295350,matmul_linear_598,83.134107,355169.34811484773
matmul,linear,"[(1536, 1920), (1920, 1408)]",316470,matmul_linear_599,88.29928579999999,358306.0699163662
matmul,linear,"[(1664, 1920), (1920, 1408)]",337590,matmul_linear_600,93.5984193,360579.16800812894
matmul,linear,"[(1792, 1920), (1920, 1408)]",358710,matmul_linear_601,98.8337233,362842.9186950402
matmul,linear,"[(1920, 1920), (1920, 1408)]",379830,matmul_linear_602,104.1957233,364435.11523346754
matmul,linear,"[(2048, 1920), (1920, 1408)]",400950,matmul_linear_603,136.3892857,293874.7047887062
matmul,linear,"[(1024, 1920), (1920, 1536)]",230160,matmul_linear_604,74.4425894,309077.8535043812
matmul,linear,"[(1152, 1920), (1920, 1536)]",258930,matmul_linear_605,78.2944464,330613.1117284457
matmul,linear,"[(1280, 1920), (1920, 1536)]",287700,matmul_linear_606,82.0382944,350589.8846497716
matmul,linear,"[(1408, 1920), (1920, 1536)]",316470,matmul_linear_607,86.1250985,367353.8613154678
matmul,linear,"[(1536, 1920), (1920, 1536)]",345240,matmul_linear_608,88.50058030000001,389999.1370109694
matmul,linear,"[(1664, 1920), (1920, 1536)]",368280,matmul_linear_609,93.8014196,392516.6592898772
matmul,linear,"[(1792, 1920), (1920, 1536)]",391320,matmul_linear_610,99.091268,394808.6613767018
matmul,linear,"[(1920, 1920), (1920, 1536)]",414360,matmul_linear_611,104.4008569,396793.2940817653
matmul,linear,"[(2048, 1920), (1920, 1536)]",437400,matmul_linear_612,136.47888390000003,320389.1390528142
matmul,linear,"[(1024, 1920), (1920, 1664)]",245520,matmul_linear_613,83.7128662,293188.24963826174
matmul,linear,"[(1152, 1920), (1920, 1664)]",276210,matmul_linear_614,87.93259810000002,314015.5907686071
matmul,linear,"[(1280, 1920), (1920, 1664)]",306900,matmul_linear_615,92.2801697,332474.1608383713
matmul,linear,"[(1408, 1920), (1920, 1664)]",337590,matmul_linear_616,96.7396966,348867.3958725233
matmul,linear,"[(1536, 1920), (1920, 1664)]",368280,matmul_linear_617,101.3523125,363266.1540776388
matmul,linear,"[(1664, 1920), (1920, 1664)]",398970,matmul_linear_618,87.11443740000001,457883.7876563041
matmul,linear,"[(1792, 1920), (1920, 1664)]",423930,matmul_linear_619,92.050732,460439.520750362
matmul,linear,"[(1920, 1920), (1920, 1664)]",448890,matmul_linear_620,97.50183909999998,460291.3158392928
matmul,linear,"[(2048, 1920), (1920, 1664)]",473850,matmul_linear_621,102.4972408,462205.1277298383
matmul,linear,"[(1024, 1920), (1920, 1792)]",260880,matmul_linear_622,83.8498661,311027.5093616399
matmul,linear,"[(1152, 1920), (1920, 1792)]",293490,matmul_linear_623,88.0552947,333201.93374504714
matmul,linear,"[(1280, 1920), (1920, 1792)]",326100,matmul_linear_624,92.4199552,352745.87543275504
matmul,linear,"[(1408, 1920), (1920, 1792)]",358710,matmul_linear_625,96.764973,370602.3201463612
matmul,linear,"[(1536, 1920), (1920, 1792)]",391320,matmul_linear_626,101.5455535,385263.9933136018
matmul,linear,"[(1664, 1920), (1920, 1792)]",423930,matmul_linear_627,106.1118571,399412.3745694957
matmul,linear,"[(1792, 1920), (1920, 1792)]",456540,matmul_linear_628,96.2403213,474274.9748890333
matmul,linear,"[(1920, 1920), (1920, 1792)]",483420,matmul_linear_629,101.2830359,477196.1194382998
matmul,linear,"[(2048, 1920), (1920, 1792)]",510300,matmul_linear_630,106.3725715,479628.93087387655
matmul,linear,"[(1024, 1920), (1920, 1920)]",276240,matmul_linear_631,71.6232679,385584.7196440194
matmul,linear,"[(1152, 1920), (1920, 1920)]",310770,matmul_linear_632,100.0885628,310395.0169191559
matmul,linear,"[(1280, 1920), (1920, 1920)]",345300,matmul_linear_633,105.4137232,327466.4586335377
matmul,linear,"[(1408, 1920), (1920, 1920)]",379830,matmul_linear_634,110.2887502,344295.9599788809
matmul,linear,"[(1536, 1920), (1920, 1920)]",414360,matmul_linear_635,115.98198229999998,357162.3883321919
matmul,linear,"[(1664, 1920), (1920, 1920)]",448890,matmul_linear_636,121.1342857,370472.21034160105
matmul,linear,"[(1792, 1920), (1920, 1920)]",483420,matmul_linear_637,126.6597054,381568.34390884347
matmul,linear,"[(1920, 1920), (1920, 1920)]",517950,matmul_linear_638,136.8111518,378487.55897119787
matmul,linear,"[(2048, 1920), (1920, 1920)]",546750,matmul_linear_639,143.6156965,380603.5117501936
matmul,linear,"[(1024, 1920), (1920, 2048)]",291600,matmul_linear_640,93.7752765,310856.16124363017
matmul,linear,"[(1152, 1920), (1920, 2048)]",328050,matmul_linear_641,98.2969736,333633.5708166706
matmul,linear,"[(1280, 1920), (1920, 2048)]",364500,matmul_linear_642,102.904991,354110.2248471117
matmul,linear,"[(1408, 1920), (1920, 2048)]",400950,matmul_linear_643,107.5214196,372802.4425938662
matmul,linear,"[(1536, 1920), (1920, 2048)]",437400,matmul_linear_644,132.3350359,330424.71480834804
matmul,linear,"[(1664, 1920), (1920, 2048)]",473850,matmul_linear_645,138.3652947,342363.0439499942
matmul,linear,"[(1792, 1920), (1920, 2048)]",510300,matmul_linear_646,144.71541059999998,352523.1227788812
matmul,linear,"[(1920, 1920), (1920, 2048)]",546750,matmul_linear_647,152.3060179,358881.2192181278
matmul,linear,"[(2048, 1920), (1920, 2048)]",583200,matmul_linear_648,143.77856249999996,405523.7521501164
matmul,linear,"[(1024, 2048), (2048, 1024)]",179968,matmul_linear_649,52.66341100000001,341632.5170980664
matmul,linear,"[(1152, 2048), (2048, 1024)]",196352,matmul_linear_650,56.8348659,345378.0738736643
matmul,linear,"[(1280, 2048), (2048, 1024)]",212736,matmul_linear_651,69.041009,308029.9116007995
matmul,linear,"[(1408, 2048), (2048, 1024)]",229120,matmul_linear_652,73.93886610000001,309777.62199398933
matmul,linear,"[(1536, 2048), (2048, 1024)]",245504,matmul_linear_653,79.04472310000001,310488.72796532064
matmul,linear,"[(1664, 2048), (2048, 1024)]",261888,matmul_linear_654,84.0971698,311311.19329321355
matmul,linear,"[(1792, 2048), (2048, 1024)]",278272,matmul_linear_655,89.10488409999999,312197.13478747464
matmul,linear,"[(1920, 2048), (2048, 1024)]",294656,matmul_linear_656,94.2034466,312686.8572061354
matmul,linear,"[(2048, 2048), (2048, 1024)]",311040,matmul_linear_657,99.3855624,312862.96211329784
matmul,linear,"[(1024, 2048), (2048, 1152)]",196352,matmul_linear_658,56.2445264,349004.1930081929
matmul,linear,"[(1152, 2048), (2048, 1152)]",220896,matmul_linear_659,52.6991072,419064.5963975648
matmul,linear,"[(1280, 2048), (2048, 1152)]",239328,matmul_linear_660,56.6650894,422255.2852984646
matmul,linear,"[(1408, 2048), (2048, 1152)]",257760,matmul_linear_661,60.91527670000001,423045.0860338947
matmul,linear,"[(1536, 2048), (2048, 1152)]",276192,matmul_linear_662,64.7068483,426735.8098968018
matmul,linear,"[(1664, 2048), (2048, 1152)]",294624,matmul_linear_663,68.94914270000001,427206.2556874981
matmul,linear,"[(1792, 2048), (2048, 1152)]",313056,matmul_linear_664,72.7142767,430428.93352922535
matmul,linear,"[(1920, 2048), (2048, 1152)]",331488,matmul_linear_665,77.03613399999999,430201.967126232
matmul,linear,"[(2048, 2048), (2048, 1152)]",349920,matmul_linear_666,80.72500009999999,433371.6625166038
matmul,linear,"[(1024, 2048), (2048, 1280)]",212736,matmul_linear_667,68.2661517,311527.3507475302
matmul,linear,"[(1152, 2048), (2048, 1280)]",239328,matmul_linear_668,71.9417323,332569.22042131587
matmul,linear,"[(1280, 2048), (2048, 1280)]",265920,matmul_linear_669,62.3922858,426106.5359368513
matmul,linear,"[(1408, 2048), (2048, 1280)]",286400,matmul_linear_670,66.4855804,430670.09823321033
matmul,linear,"[(1536, 2048), (2048, 1280)]",306880,matmul_linear_671,70.615,434481.8877009135
matmul,linear,"[(1664, 2048), (2048, 1280)]",327360,matmul_linear_672,74.6774465,438265.2834192717
matmul,linear,"[(1792, 2048), (2048, 1280)]",347840,matmul_linear_673,78.8370087,441114.1020261719
matmul,linear,"[(1920, 2048), (2048, 1280)]",368320,matmul_linear_674,90.8891518,405140.8815636015
matmul,linear,"[(2048, 2048), (2048, 1280)]",388800,matmul_linear_675,87.00216069999999,446785.4530413979
matmul,linear,"[(1024, 2048), (2048, 1408)]",229120,matmul_linear_676,68.0157232,336763.2857527273
matmul,linear,"[(1152, 2048), (2048, 1408)]",257760,matmul_linear_677,71.06445529999999,362612.975019454
matmul,linear,"[(1280, 2048), (2048, 1408)]",286400,matmul_linear_678,74.5637053,384001.0835602882
matmul,linear,"[(1408, 2048), (2048, 1408)]",315040,matmul_linear_679,88.5055626,355855.0278481592
matmul,linear,"[(1536, 2048), (2048, 1408)]",337568,matmul_linear_680,94.1514555,358437.2081688105
matmul,linear,"[(1664, 2048), (2048, 1408)]",360096,matmul_linear_681,99.7472679,360908.3840702368
matmul,linear,"[(1792, 2048), (2048, 1408)]",382624,matmul_linear_682,131.71699069999997,290389.47897046065
matmul,linear,"[(1920, 2048), (2048, 1408)]",405152,matmul_linear_683,139.27558059999996,290799.52327220823
matmul,linear,"[(2048, 2048), (2048, 1408)]",427680,matmul_linear_684,146.8237053,291188.1125879065
matmul,linear,"[(1024, 2048), (2048, 1536)]",245504,matmul_linear_685,78.72026810000001,311768.85655436426
matmul,linear,"[(1152, 2048), (2048, 1536)]",276192,matmul_linear_686,82.7574196,333636.8435784337
matmul,linear,"[(1280, 2048), (2048, 1536)]",306880,matmul_linear_687,86.8734287,353149.55465928325
matmul,linear,"[(1408, 2048), (2048, 1536)]",337568,matmul_linear_688,90.8979999,371270.1075616296
matmul,linear,"[(1536, 2048), (2048, 1536)]",368256,matmul_linear_689,94.2988752,390420.0345380154
matmul,linear,"[(1664, 2048), (2048, 1536)]",392832,matmul_linear_690,100.05960720000002,392497.9833348776
matmul,linear,"[(1792, 2048), (2048, 1536)]",417408,matmul_linear_691,131.85487510000002,316466.2245581998
matmul,linear,"[(1920, 2048), (2048, 1536)]",441984,matmul_linear_692,139.4073033,316945.0826732261
matmul,linear,"[(2048, 2048), (2048, 1536)]",466560,matmul_linear_693,147.083741,317107.05281761906
matmul,linear,"[(1024, 2048), (2048, 1664)]",261888,matmul_linear_694,78.57269620000001,333206.62261275435
matmul,linear,"[(1152, 2048), (2048, 1664)]",294624,matmul_linear_695,81.9260265,359521.98166659527
matmul,linear,"[(1280, 2048), (2048, 1664)]",327360,matmul_linear_696,85.7691518,381575.68773835065
matmul,linear,"[(1408, 2048), (2048, 1664)]",360096,matmul_linear_697,89.0858574,404112.3076653467
matmul,linear,"[(1536, 2048), (2048, 1664)]",392832,matmul_linear_698,93.038866,422123.5468777102
matmul,linear,"[(1664, 2048), (2048, 1664)]",425568,matmul_linear_699,91.5816072,464587.1932162378
matmul,linear,"[(1792, 2048), (2048, 1664)]",452192,matmul_linear_700,96.7508479,467277.8161276456
matmul,linear,"[(1920, 2048), (2048, 1664)]",478816,matmul_linear_701,102.5690091,466723.26777006953
matmul,linear,"[(2048, 2048), (2048, 1664)]",505440,matmul_linear_702,107.7059909,469177.5172267599
matmul,linear,"[(1024, 2048), (2048, 1792)]",278272,matmul_linear_703,88.5484374,314159.63932368613
matmul,linear,"[(1152, 2048), (2048, 1792)]",313056,matmul_linear_704,92.8574377,337036.16028412123
matmul,linear,"[(1280, 2048), (2048, 1792)]",347840,matmul_linear_705,97.6372678,356157.4085056485
matmul,linear,"[(1408, 2048), (2048, 1792)]",382624,matmul_linear_706,101.9808571,375091.98296677193
matmul,linear,"[(1536, 2048), (2048, 1792)]",417408,matmul_linear_707,131.0952676,318300.5095238083
matmul,linear,"[(1664, 2048), (2048, 1792)]",452192,matmul_linear_708,135.8505537,332759.8873425129
matmul,linear,"[(1792, 2048), (2048, 1792)]",486976,matmul_linear_709,111.5976606,436267.5702356076
matmul,linear,"[(1920, 2048), (2048, 1792)]",515648,matmul_linear_710,116.4924463,442545.00950736745
matmul,linear,"[(2048, 2048), (2048, 1792)]",544320,matmul_linear_711,122.2178484,445268.6651548023
matmul,linear,"[(1024, 2048), (2048, 1920)]",294656,matmul_linear_712,75.5113928,390113.9651700346
matmul,linear,"[(1152, 2048), (2048, 1920)]",331488,matmul_linear_713,106.2464285,311899.19345994765
matmul,linear,"[(1280, 2048), (2048, 1920)]",368320,matmul_linear_714,111.7545716,329479.35834456724
matmul,linear,"[(1408, 2048), (2048, 1920)]",405152,matmul_linear_715,117.3189912,345242.21259140864
matmul,linear,"[(1536, 2048), (2048, 1920)]",441984,matmul_linear_716,122.88057129999996,359585.8277301972
matmul,linear,"[(1664, 2048), (2048, 1920)]",478816,matmul_linear_717,128.3281427,373018.467957068
matmul,linear,"[(1792, 2048), (2048, 1920)]",515648,matmul_linear_718,134.02411620000004,384642.69752356695
matmul,linear,"[(1920, 2048), (2048, 1920)]",552480,matmul_linear_719,134.5876963,410398.1474447007
matmul,linear,"[(2048, 2048), (2048, 1920)]",583200,matmul_linear_720,141.5611785,411877.355783316
matmul,linear,"[(1024, 2048), (2048, 2048)]",311040,matmul_linear_721,99.4084196,312791.00184025057
matmul,linear,"[(1152, 2048), (2048, 2048)]",349920,matmul_linear_722,104.0678303,336142.2364252942
matmul,linear,"[(1280, 2048), (2048, 2048)]",388800,matmul_linear_723,108.8828391,356981.06365863484
matmul,linear,"[(1408, 2048), (2048, 2048)]",427680,matmul_linear_724,133.57888399999996,320070.3646513472
matmul,linear,"[(1536, 2048), (2048, 2048)]",466560,matmul_linear_725,140.0995714,332920.2907387339
matmul,linear,"[(1664, 2048), (2048, 2048)]",505440,matmul_linear_726,146.5698752,344745.75995599944
matmul,linear,"[(1792, 2048), (2048, 2048)]",544320,matmul_linear_727,153.13216970000002,355357.6422879483
matmul,linear,"[(1920, 2048), (2048, 2048)]",583200,matmul_linear_728,161.1874466,361714.7767097888
matmul,linear,"[(2048, 2048), (2048, 2048)]",622080,matmul_linear_729,141.6931337,438933.271236064
matmul,linear,"[(2048, 2048), (2048, 2048)]",622080,matmul_linear_1,141.55944630000002,439347.8900981685
matmul,linear,"[(2176, 2048), (2048, 2048)]",654848,matmul_linear_2,148.51584830000002,440828.0272077199
matmul,linear,"[(2304, 2048), (2048, 2048)]",687616,matmul_linear_3,155.3374197,442559.59955301095
matmul,linear,"[(2432, 2048), (2048, 2048)]",720384,matmul_linear_4,162.161009,444139.9590643889
matmul,linear,"[(2560, 2048), (2048, 2048)]",753152,matmul_linear_5,168.8631874,445913.137378455
matmul,linear,"[(2688, 2048), (2048, 2048)]",785920,matmul_linear_6,175.68769650000002,447239.2364160229
matmul,linear,"[(2816, 2048), (2048, 2048)]",818688,matmul_linear_7,182.4268392,448676.0702264034
matmul,linear,"[(2944, 2048), (2048, 2048)]",851456,matmul_linear_8,189.2678481,449768.2732157085
matmul,linear,"[(3072, 2048), (2048, 2048)]",884224,matmul_linear_9,210.0113033,420936.3852353656
matmul,linear,"[(2048, 2048), (2048, 2176)]",654848,matmul_linear_10,197.1559822,332047.1622076908
matmul,linear,"[(2176, 2048), (2048, 2176)]",695776,matmul_linear_11,198.4391342,350524.38808
matmul,linear,"[(2304, 2048), (2048, 2176)]",730592,matmul_linear_12,205.5587055,355317.68869526184
matmul,linear,"[(2432, 2048), (2048, 2176)]",765408,matmul_linear_13,215.4560001,355150.2597489742
matmul,linear,"[(2560, 2048), (2048, 2176)]",800224,matmul_linear_14,223.68367870000003,357648.05057334737
matmul,linear,"[(2688, 2048), (2048, 2176)]",835040,matmul_linear_15,218.24058,382523.6165611363
matmul,linear,"[(2816, 2048), (2048, 2176)]",869856,matmul_linear_16,226.7618572,383498.9044810135
matmul,linear,"[(2944, 2048), (2048, 2176)]",904672,matmul_linear_17,235.3401068,384310.4654753221
matmul,linear,"[(3072, 2048), (2048, 2176)]",939488,matmul_linear_18,243.7824551,385279.661393032
matmul,linear,"[(2048, 2048), (2048, 2304)]",687616,matmul_linear_19,196.7829821,349328.5901463632
matmul,linear,"[(2176, 2048), (2048, 2304)]",730592,matmul_linear_20,203.499259,358914.575085013
matmul,linear,"[(2304, 2048), (2048, 2304)]",773568,matmul_linear_21,205.7760177,375827.1894977488
matmul,linear,"[(2432, 2048), (2048, 2304)]",810432,matmul_linear_22,215.6770178,375661.87220444775
matmul,linear,"[(2560, 2048), (2048, 2304)]",847296,matmul_linear_23,223.9492948,378242.78547592007
matmul,linear,"[(2688, 2048), (2048, 2304)]",884160,matmul_linear_24,218.3829998,404766.67955368926
matmul,linear,"[(2816, 2048), (2048, 2304)]",921024,matmul_linear_25,227.055866,405537.61519378674
matmul,linear,"[(2944, 2048), (2048, 2304)]",957888,matmul_linear_26,235.7804553,406162.6814343928
matmul,linear,"[(3072, 2048), (2048, 2304)]",994752,matmul_linear_27,244.2195538,407218.73616255866
matmul,linear,"[(2048, 2048), (2048, 2432)]",720384,matmul_linear_28,191.5274374,376025.7445822225
matmul,linear,"[(2176, 2048), (2048, 2432)]",765408,matmul_linear_29,212.2135715,360578.1576643886
matmul,linear,"[(2304, 2048), (2048, 2432)]",810432,matmul_linear_30,220.8748034,366819.1720942128
matmul,linear,"[(2432, 2048), (2048, 2432)]",855456,matmul_linear_31,210.6144284,406071.6030087519
matmul,linear,"[(2560, 2048), (2048, 2432)]",894368,matmul_linear_32,218.2148127,409756.6861405372
matmul,linear,"[(2688, 2048), (2048, 2432)]",933280,matmul_linear_33,224.9601516,414764.5852886241
matmul,linear,"[(2816, 2048), (2048, 2432)]",972192,matmul_linear_34,234.5224285,414441.1618914733
matmul,linear,"[(2944, 2048), (2048, 2432)]",1011104,matmul_linear_35,242.1471338,417457.6989629435
matmul,linear,"[(3072, 2048), (2048, 2432)]",1050016,matmul_linear_36,248.949152,421679.3037511532
matmul,linear,"[(2048, 2048), (2048, 2560)]",753152,matmul_linear_37,191.5604375,393066.77797836
matmul,linear,"[(2176, 2048), (2048, 2560)]",800224,matmul_linear_38,214.08827690000004,373682.2600972131
matmul,linear,"[(2304, 2048), (2048, 2560)]",847296,matmul_linear_39,222.2562676,381124.79476029857
matmul,linear,"[(2432, 2048), (2048, 2560)]",894368,matmul_linear_40,249.30143730000003,358649.6364586743
matmul,linear,"[(2560, 2048), (2048, 2560)]",941440,matmul_linear_41,218.4514196,430860.8066286972
matmul,linear,"[(2688, 2048), (2048, 2560)]",982400,matmul_linear_42,225.1294286,436271.2048261291
matmul,linear,"[(2816, 2048), (2048, 2560)]",1023360,matmul_linear_43,234.6361606,436047.6071646904
matmul,linear,"[(2944, 2048), (2048, 2560)]",1064320,matmul_linear_44,242.38883930000003,438996.1246704563
matmul,linear,"[(3072, 2048), (2048, 2560)]",1105280,matmul_linear_45,249.1345982,443547.7341909391
matmul,linear,"[(2048, 2048), (2048, 2688)]",785920,matmul_linear_46,221.4855625,354740.2844542068
matmul,linear,"[(2176, 2048), (2048, 2688)]",835040,matmul_linear_47,228.8978483,364709.0212301047
matmul,linear,"[(2304, 2048), (2048, 2688)]",884160,matmul_linear_48,211.0520088,418829.9144922425
matmul,linear,"[(2432, 2048), (2048, 2688)]",933280,matmul_linear_49,218.1602949,427695.5346676605
matmul,linear,"[(2560, 2048), (2048, 2688)]",982400,matmul_linear_50,226.914152,432839.061464972
matmul,linear,"[(2688, 2048), (2048, 2688)]",1031520,matmul_linear_51,259.7439641,397029.5362239372
matmul,linear,"[(2816, 2048), (2048, 2688)]",1074528,matmul_linear_52,269.9175981,397994.8287787836
matmul,linear,"[(2944, 2048), (2048, 2688)]",1117536,matmul_linear_53,280.0267322,398981.8987959464
matmul,linear,"[(3072, 2048), (2048, 2688)]",1160544,matmul_linear_54,311.83015190000003,372071.8355100477
matmul,linear,"[(2048, 2048), (2048, 2816)]",818688,matmul_linear_55,185.9070001,440275.0259859096
matmul,linear,"[(2176, 2048), (2048, 2816)]",869856,matmul_linear_56,230.0682769,377986.0237320272
matmul,linear,"[(2304, 2048), (2048, 2816)]",921024,matmul_linear_57,235.1212768,391622.9493370972
matmul,linear,"[(2432, 2048), (2048, 2816)]",972192,matmul_linear_58,241.56643760000003,402353.258680667
matmul,linear,"[(2560, 2048), (2048, 2816)]",1023360,matmul_linear_59,248.9858482,410911.3114452904
matmul,linear,"[(2688, 2048), (2048, 2816)]",1074528,matmul_linear_60,255.316866,420760.5631247252
matmul,linear,"[(2816, 2048), (2048, 2816)]",1125696,matmul_linear_61,270.2462856,416444.4855239113
matmul,linear,"[(2944, 2048), (2048, 2816)]",1170752,matmul_linear_62,280.3487143,417505.6248102437
matmul,linear,"[(3072, 2048), (2048, 2816)]",1215808,matmul_linear_63,312.0691607,389495.6900300017
matmul,linear,"[(2048, 2048), (2048, 2944)]",851456,matmul_linear_64,244.7914286,347729.17231604416
matmul,linear,"[(2176, 2048), (2048, 2944)]",904672,matmul_linear_65,253.5967051,356636.4961004771
matmul,linear,"[(2304, 2048), (2048, 2944)]",957888,matmul_linear_66,275.6194467,347440.06347114546
matmul,linear,"[(2432, 2048), (2048, 2944)]",1011104,matmul_linear_67,285.4207144,354150.39213621983
matmul,linear,"[(2560, 2048), (2048, 2944)]",1064320,matmul_linear_68,294.2597233999999,361594.080216756
matmul,linear,"[(2688, 2048), (2048, 2944)]",1117536,matmul_linear_69,258.65497330000005,431956.64509061264
matmul,linear,"[(2816, 2048), (2048, 2944)]",1170752,matmul_linear_70,268.8138216,435425.2244961202
matmul,linear,"[(2944, 2048), (2048, 2944)]",1223968,matmul_linear_71,280.69358040000003,435951.29773748113
matmul,linear,"[(3072, 2048), (2048, 2944)]",1271072,matmul_linear_72,312.2447322,406975.5625064794
matmul,linear,"[(2048, 2048), (2048, 3072)]",884224,matmul_linear_73,246.4321428,358710.336165287
matmul,linear,"[(2176, 2048), (2048, 3072)]",939488,matmul_linear_74,255.6481341,367392.6098355591
matmul,linear,"[(2304, 2048), (2048, 3072)]",994752,matmul_linear_75,274.9645892,361674.5844634746
matmul,linear,"[(2432, 2048), (2048, 3072)]",1050016,matmul_linear_76,284.7741341,368618.8807784352
matmul,linear,"[(2560, 2048), (2048, 3072)]",1105280,matmul_linear_77,293.86255360000007,376021.41678469366
matmul,linear,"[(2688, 2048), (2048, 3072)]",1160544,matmul_linear_78,259.159857,447710.0942924969
matmul,linear,"[(2816, 2048), (2048, 3072)]",1215808,matmul_linear_79,269.14528579999995,451629.2570762167
matmul,linear,"[(2944, 2048), (2048, 3072)]",1271072,matmul_linear_80,277.3189909,458242.9342054484
matmul,linear,"[(3072, 2048), (2048, 3072)]",1326336,matmul_linear_81,312.4861877,424346.2802539416
matmul,linear,"[(2048, 2176), (2176, 2048)]",660960,matmul_linear_82,202.20484850000005,326776.4349139729
matmul,linear,"[(2176, 2176), (2176, 2048)]",695776,matmul_linear_83,212.6598393,327077.9017092486
matmul,linear,"[(2304, 2176), (2176, 2048)]",730592,matmul_linear_84,238.4410356,306303.63482803124
matmul,linear,"[(2432, 2176), (2176, 2048)]",765408,matmul_linear_85,250.113009,305924.86574378866
matmul,linear,"[(2560, 2176), (2176, 2048)]",800224,matmul_linear_86,259.6208572,308127.932312674
matmul,linear,"[(2688, 2176), (2176, 2048)]",835040,matmul_linear_87,269.84271440000003,309354.34337804007
matmul,linear,"[(2816, 2176), (2176, 2048)]",869856,matmul_linear_88,231.7655804,375217.1624961443
matmul,linear,"[(2944, 2176), (2176, 2048)]",904672,matmul_linear_89,290.860009,310933.4772766922
matmul,linear,"[(3072, 2176), (2176, 2048)]",939488,matmul_linear_90,301.1885625,311826.8514719911
matmul,linear,"[(2048, 2176), (2176, 2176)]",695776,matmul_linear_91,207.8996966,334569.07906973833
matmul,linear,"[(2176, 2176), (2176, 2176)]",739262,matmul_linear_92,207.8372949,355592.65870001464
matmul,linear,"[(2304, 2176), (2176, 2176)]",776254,matmul_linear_93,219.6285803,353339.42893938563
matmul,linear,"[(2432, 2176), (2176, 2176)]",813246,matmul_linear_94,247.0645981,329063.3063798305
matmul,linear,"[(2560, 2176), (2176, 2176)]",850238,matmul_linear_95,255.5592859,332596.9697092897
matmul,linear,"[(2688, 2176), (2176, 2176)]",887230,matmul_linear_96,264.745143,335026.07254894945
matmul,linear,"[(2816, 2176), (2176, 2176)]",924222,matmul_linear_97,273.3705804,337983.9293854021
matmul,linear,"[(2944, 2176), (2176, 2176)]",961214,matmul_linear_98,282.55999110000005,340080.5033536469
matmul,linear,"[(3072, 2176), (2176, 2176)]",998206,matmul_linear_99,291.12914279999995,342773.95291296823
matmul,linear,"[(2048, 2176), (2176, 2304)]",730592,matmul_linear_100,208.17573220000003,350849.64829911134
matmul,linear,"[(2176, 2176), (2176, 2304)]",776254,matmul_linear_101,215.102884,360775.6821689104
matmul,linear,"[(2304, 2176), (2176, 2304)]",821916,matmul_linear_102,219.7694017,373890.1886441729
matmul,linear,"[(2432, 2176), (2176, 2304)]",861084,matmul_linear_103,247.1551519,348298.1593668734
matmul,linear,"[(2560, 2176), (2176, 2304)]",900252,matmul_linear_104,255.7594552,351891.67878114874
matmul,linear,"[(2688, 2176), (2176, 2304)]",939420,matmul_linear_105,264.8397142,354612.66189729184
matmul,linear,"[(2816, 2176), (2176, 2304)]",978588,matmul_linear_106,273.4595802,357754.7145008745
matmul,linear,"[(2944, 2176), (2176, 2304)]",1017756,matmul_linear_107,282.7554374,359842.1497809188
matmul,linear,"[(3072, 2176), (2176, 2304)]",1056924,matmul_linear_108,291.1968392,362858.61002601153
matmul,linear,"[(2048, 2176), (2176, 2432)]",765408,matmul_linear_109,216.1934197,353938.5276582958
matmul,linear,"[(2176, 2176), (2176, 2432)]",813246,matmul_linear_110,223.8898303,363134.89946385473
matmul,linear,"[(2304, 2176), (2176, 2432)]",861084,matmul_linear_111,254.6450092,338050.7466826882
matmul,linear,"[(2432, 2176), (2176, 2432)]",908922,matmul_linear_112,216.64369640000004,419446.9404850866
matmul,linear,"[(2560, 2176), (2176, 2432)]",950266,matmul_linear_113,225.4872411,421327.8357233402
matmul,linear,"[(2688, 2176), (2176, 2432)]",991610,matmul_linear_114,234.7279821,422350.6985185726
matmul,linear,"[(2816, 2176), (2176, 2432)]",1032954,matmul_linear_115,243.5857144,423961.8143573693
matmul,linear,"[(2944, 2176), (2176, 2432)]",1074298,matmul_linear_116,362.1687054,296529.1631446961
matmul,linear,"[(3072, 2176), (2176, 2432)]",1115642,matmul_linear_117,375.2252946,297225.90421157604
matmul,linear,"[(2048, 2176), (2176, 2560)]",800224,matmul_linear_118,217.5678393,367704.3605041216
matmul,linear,"[(2176, 2176), (2176, 2560)]",850238,matmul_linear_119,225.8223125,376407.5251366049
matmul,linear,"[(2304, 2176), (2176, 2560)]",900252,matmul_linear_120,254.68045540000003,353382.9551745806
matmul,linear,"[(2432, 2176), (2176, 2560)]",950266,matmul_linear_121,262.59858040000006,361770.1969190081
matmul,linear,"[(2560, 2176), (2176, 2560)]",1000280,matmul_linear_122,225.8942947,442708.8816180271
matmul,linear,"[(2688, 2176), (2176, 2560)]",1043800,matmul_linear_123,235.17387499999995,443741.8170385636
matmul,linear,"[(2816, 2176), (2176, 2560)]",1087320,matmul_linear_124,244.0769823,445382.4005745666
matmul,linear,"[(2944, 2176), (2176, 2560)]",1130840,matmul_linear_125,362.64626770000007,311730.03955123835
matmul,linear,"[(3072, 2176), (2176, 2560)]",1174360,matmul_linear_126,375.501875,312644.1107983815
matmul,linear,"[(2048, 2176), (2176, 2688)]",835040,matmul_linear_127,232.90803560000003,358427.7759304583
matmul,linear,"[(2176, 2176), (2176, 2688)]",887230,matmul_linear_128,279.0478393,317849.0664488367
matmul,linear,"[(2304, 2176), (2176, 2688)]",939420,matmul_linear_129,285.58086590000005,328850.6098524648
matmul,linear,"[(2432, 2176), (2176, 2688)]",991610,matmul_linear_130,292.3752413000001,339056.62475077016
matmul,linear,"[(2560, 2176), (2176, 2688)]",1043800,matmul_linear_131,298.8662766,349153.1883739472
matmul,linear,"[(2688, 2176), (2176, 2688)]",1095990,matmul_linear_132,350.91416969999995,312224.2361335745
matmul,linear,"[(2816, 2176), (2176, 2688)]",1141686,matmul_linear_133,362.3489641,314979.1400316853
matmul,linear,"[(2944, 2176), (2176, 2688)]",1187382,matmul_linear_134,374.6425624,316837.29414872266
matmul,linear,"[(3072, 2176), (2176, 2688)]",1233078,matmul_linear_135,385.9083039,319426.1639976335
matmul,linear,"[(2048, 2176), (2176, 2816)]",869856,matmul_linear_136,209.1655358,415769.6587719592
matmul,linear,"[(2176, 2176), (2176, 2816)]",924222,matmul_linear_137,217.1189644,425575.3907029965
matmul,linear,"[(2304, 2176), (2176, 2816)]",978588,matmul_linear_138,226.87500889999995,431233.536798376
matmul,linear,"[(2432, 2176), (2176, 2816)]",1032954,matmul_linear_139,234.5888481,440225.279042964
matmul,linear,"[(2560, 2176), (2176, 2816)]",1087320,matmul_linear_140,244.6231516,444387.7734949435
matmul,linear,"[(2688, 2176), (2176, 2816)]",1141686,matmul_linear_141,252.3995711,452232.7813214338
matmul,linear,"[(2816, 2176), (2176, 2816)]",1196052,matmul_linear_142,362.491402,329853.2053452678
matmul,linear,"[(2944, 2176), (2176, 2816)]",1243924,matmul_linear_143,374.803143,331787.29156414786
matmul,linear,"[(3072, 2176), (2176, 2816)]",1291796,matmul_linear_144,386.0613838,334508.9648451392
matmul,linear,"[(2048, 2176), (2176, 2944)]",904672,matmul_linear_145,258.2825717,350164.4386903477
matmul,linear,"[(2176, 2176), (2176, 2944)]",961214,matmul_linear_146,267.5225715,359202.01874573407
matmul,linear,"[(2304, 2176), (2176, 2944)]",1017756,matmul_linear_147,291.1418392,349473.9405908101
matmul,linear,"[(2432, 2176), (2176, 2944)]",1074298,matmul_linear_148,346.49869650000005,309943.87919825834
matmul,linear,"[(2560, 2176), (2176, 2944)]",1130840,matmul_linear_149,352.9788661,320270.45517609816
matmul,linear,"[(2688, 2176), (2176, 2944)]",1187382,matmul_linear_150,362.48733030000005,327465.1038664729
matmul,linear,"[(2816, 2176), (2176, 2944)]",1243924,matmul_linear_151,369.945009,336145.6499582077
matmul,linear,"[(2944, 2176), (2176, 2944)]",1300466,matmul_linear_152,375.0022859,346688.8194011673
matmul,linear,"[(3072, 2176), (2176, 2944)]",1350514,matmul_linear_153,386.2610267,349537.65605296567
matmul,linear,"[(2048, 2176), (2176, 3072)]",939488,matmul_linear_154,259.995982,361247.1226643802
matmul,linear,"[(2176, 2176), (2176, 3072)]",998206,matmul_linear_155,269.8074644,369869.749435887
matmul,linear,"[(2304, 2176), (2176, 3072)]",1056924,matmul_linear_156,291.0571427,363032.8165306008
matmul,linear,"[(2432, 2176), (2176, 3072)]",1115642,matmul_linear_157,346.06499990000003,322279.32189686305
matmul,linear,"[(2560, 2176), (2176, 3072)]",1174360,matmul_linear_158,353.1837052,332406.8463549264
matmul,linear,"[(2688, 2176), (2176, 3072)]",1233078,matmul_linear_159,362.0119911000001,340517.998937881
matmul,linear,"[(2816, 2176), (2176, 3072)]",1291796,matmul_linear_160,370.0575268,348979.7798846447
matmul,linear,"[(2944, 2176), (2176, 3072)]",1350514,matmul_linear_161,378.456143,356748.2174168329
matmul,linear,"[(3072, 2176), (2176, 3072)]",1409232,matmul_linear_162,386.4745446,364537.7283291844
matmul,linear,"[(2048, 2304), (2304, 2048)]",699840,matmul_linear_163,156.4406872,447251.6529017138
matmul,linear,"[(2176, 2304), (2304, 2048)]",736704,matmul_linear_164,164.3761427,448081.8273011464
matmul,linear,"[(2304, 2304), (2304, 2048)]",773568,matmul_linear_165,171.90073209999997,449908.5546756087
matmul,linear,"[(2432, 2304), (2304, 2048)]",810432,matmul_linear_166,179.4501337,451519.61336560425
matmul,linear,"[(2560, 2304), (2304, 2048)]",847296,matmul_linear_167,187.0484197,452882.1750747462
matmul,linear,"[(2688, 2304), (2304, 2048)]",884160,matmul_linear_168,194.5471428,454370.8224828271
matmul,linear,"[(2816, 2304), (2304, 2048)]",921024,matmul_linear_169,202.0052412,455840.645167775
matmul,linear,"[(2944, 2304), (2304, 2048)]",957888,matmul_linear_170,209.5478749,457021.3143808408
matmul,linear,"[(3072, 2304), (2304, 2048)]",994752,matmul_linear_171,217.0023036,458306.1936197805
matmul,linear,"[(2048, 2304), (2304, 2176)]",736704,matmul_linear_172,183.180714,402073.3423312238
matmul,linear,"[(2176, 2304), (2304, 2176)]",782748,matmul_linear_173,186.2684284,420125.8035479296
matmul,linear,"[(2304, 2304), (2304, 2176)]",821916,matmul_linear_174,209.7391518,391775.3332156843
matmul,linear,"[(2432, 2304), (2304, 2176)]",861084,matmul_linear_175,224.223009,383930.1688217913
matmul,linear,"[(2560, 2304), (2304, 2176)]",900252,matmul_linear_176,233.6908659,385132.00148748304
matmul,linear,"[(2688, 2304), (2304, 2176)]",939420,matmul_linear_177,243.4234374,385820.1110763708
matmul,linear,"[(2816, 2304), (2304, 2176)]",978588,matmul_linear_178,252.934741,386793.4714666184
matmul,linear,"[(2944, 2304), (2304, 2176)]",1017756,matmul_linear_179,262.4529908,387686.01718262455
matmul,linear,"[(3072, 2304), (2304, 2176)]",1056924,matmul_linear_180,272.0929822,388342.2124577677
matmul,linear,"[(2048, 2304), (2304, 2304)]",773568,matmul_linear_181,176.0897054,439203.3642953666
matmul,linear,"[(2176, 2304), (2304, 2304)]",821916,matmul_linear_182,182.4328839,450430.6184002061
matmul,linear,"[(2304, 2304), (2304, 2304)]",870264,matmul_linear_183,209.9944465,414322.3880701531
matmul,linear,"[(2432, 2304), (2304, 2304)]",911736,matmul_linear_184,224.5780178,405877.401052651
matmul,linear,"[(2560, 2304), (2304, 2304)]",953208,matmul_linear_185,233.9539553,407334.0178509476
matmul,linear,"[(2688, 2304), (2304, 2304)]",994680,matmul_linear_186,243.7181607,408027.1568532726
matmul,linear,"[(2816, 2304), (2304, 2304)]",1036152,matmul_linear_187,253.2625624,409021.6602173966
matmul,linear,"[(2944, 2304), (2304, 2304)]",1077624,matmul_linear_188,262.8531515,409871.87739634153
matmul,linear,"[(3072, 2304), (2304, 2304)]",1119096,matmul_linear_189,272.2712944,410922.39678484446
matmul,linear,"[(2048, 2304), (2304, 2432)]",810432,matmul_linear_190,227.4810088,356163.58625502983
matmul,linear,"[(2176, 2304), (2304, 2432)]",861084,matmul_linear_191,197.946839,434907.7042654872
matmul,linear,"[(2304, 2304), (2304, 2432)]",911736,matmul_linear_192,207.2299913,439863.34424398537
matmul,linear,"[(2432, 2304), (2304, 2432)]",962388,matmul_linear_193,215.2626787,446976.1052552117
matmul,linear,"[(2560, 2304), (2304, 2432)]",1006164,matmul_linear_194,224.17385700000003,448731.9973903112
matmul,linear,"[(2688, 2304), (2304, 2432)]",1049940,matmul_linear_195,233.3918928,449761.3843882413
matmul,linear,"[(2816, 2304), (2304, 2432)]",1093716,matmul_linear_196,242.280723,451325.10161652445
matmul,linear,"[(2944, 2304), (2304, 2432)]",1137492,matmul_linear_197,251.4744643,452229.0279855265
matmul,linear,"[(3072, 2304), (2304, 2432)]",1181268,matmul_linear_198,272.53443760000005,433338.0676447767
matmul,linear,"[(2048, 2304), (2304, 2560)]",847296,matmul_linear_199,229.0132677,369876.8177230372
matmul,linear,"[(2176, 2304), (2304, 2560)]",900252,matmul_linear_200,198.3290357,453818.4072682909
matmul,linear,"[(2304, 2304), (2304, 2560)]",953208,matmul_linear_201,207.8250089,458558.9482397948
matmul,linear,"[(2432, 2304), (2304, 2560)]",1006164,matmul_linear_202,214.3772766,469242.654201812
matmul,linear,"[(2560, 2304), (2304, 2560)]",1059120,matmul_linear_203,224.6101427,471437.0317958486
matmul,linear,"[(2688, 2304), (2304, 2560)]",1105200,matmul_linear_204,233.7048572,472804.1634997735
matmul,linear,"[(2816, 2304), (2304, 2560)]",1151280,matmul_linear_205,242.6307412,474398.8183714949
matmul,linear,"[(2944, 2304), (2304, 2560)]",1197360,matmul_linear_206,251.92875870000003,475177.2197102879
matmul,linear,"[(3072, 2304), (2304, 2560)]",1243440,matmul_linear_207,272.7788573,455741.7805205755
matmul,linear,"[(2048, 2304), (2304, 2688)]",884160,matmul_linear_208,214.7505446,411614.9046801533
matmul,linear,"[(2176, 2304), (2304, 2688)]",939420,matmul_linear_209,222.4600534,422187.05137944553
matmul,linear,"[(2304, 2304), (2304, 2688)]",994680,matmul_linear_210,232.2920088,428102.4186447176
matmul,linear,"[(2432, 2304), (2304, 2688)]",1049940,matmul_linear_211,240.56957140000003,436339.2362217094
matmul,linear,"[(2560, 2304), (2304, 2688)]",1105200,matmul_linear_212,250.06729480000004,441861.0332826298
matmul,linear,"[(2688, 2304), (2304, 2688)]",1160460,matmul_linear_213,288.12771410000005,402658.8958683929
matmul,linear,"[(2816, 2304), (2304, 2688)]",1208844,matmul_linear_214,299.3452855,403729.3096819125
matmul,linear,"[(2944, 2304), (2304, 2688)]",1257228,matmul_linear_215,310.54159820000007,404750.109385442
matmul,linear,"[(3072, 2304), (2304, 2688)]",1305612,matmul_linear_216,321.6675623,405788.6107957426
matmul,linear,"[(2048, 2304), (2304, 2816)]",921024,matmul_linear_217,207.9705268,442762.7528004127
matmul,linear,"[(2176, 2304), (2304, 2816)]",978588,matmul_linear_218,215.7581608,453457.81508867966
matmul,linear,"[(2304, 2304), (2304, 2816)]",1036152,matmul_linear_219,225.7317145,458919.2398507654
matmul,linear,"[(2432, 2304), (2304, 2816)]",1093716,matmul_linear_220,233.28142860000003,468739.72143164417
matmul,linear,"[(2560, 2304), (2304, 2816)]",1151280,matmul_linear_221,243.1518571000001,473381.8864766136
matmul,linear,"[(2688, 2304), (2304, 2816)]",1208844,matmul_linear_222,250.9426964,481621.1328888869
matmul,linear,"[(2816, 2304), (2304, 2816)]",1266408,matmul_linear_223,299.7001428,422458.3572194414
matmul,linear,"[(2944, 2304), (2304, 2816)]",1317096,matmul_linear_224,310.9065446,423530.8379080677
matmul,linear,"[(3072, 2304), (2304, 2816)]",1367784,matmul_linear_225,322.125857,424511.6759264066
matmul,linear,"[(2048, 2304), (2304, 2944)]",957888,matmul_linear_226,271.7963126,352328.62231531244
matmul,linear,"[(2176, 2304), (2304, 2944)]",1017756,matmul_linear_227,245.80341980000003,413952.8235238165
matmul,linear,"[(2304, 2304), (2304, 2944)]",1077624,matmul_linear_228,256.8597142,419437.9580469844
matmul,linear,"[(2432, 2304), (2304, 2944)]",1137492,matmul_linear_229,265.3122856,428637.02490918495
matmul,linear,"[(2560, 2304), (2304, 2944)]",1197360,matmul_linear_230,276.3992678,433099.4109573397
matmul,linear,"[(2688, 2304), (2304, 2944)]",1257228,matmul_linear_231,306.7588661,409742.4329128136
matmul,linear,"[(2816, 2304), (2304, 2944)]",1317096,matmul_linear_232,317.1824462,415148.70489506936
matmul,linear,"[(2944, 2304), (2304, 2944)]",1376964,matmul_linear_233,311.289125,442242.46859732096
matmul,linear,"[(3072, 2304), (2304, 2944)]",1429956,matmul_linear_234,322.4481608,443368.4931842229
matmul,linear,"[(2048, 2304), (2304, 3072)]",994752,matmul_linear_235,273.5341429,363566.4839912385
matmul,linear,"[(2176, 2304), (2304, 3072)]",1056924,matmul_linear_236,246.2509911,429105.9882799797
matmul,linear,"[(2304, 2304), (2304, 3072)]",1119096,matmul_linear_237,257.2569911,434910.9185429248
matmul,linear,"[(2432, 2304), (2304, 3072)]",1181268,matmul_linear_238,265.7282768,444439.8187295964
matmul,linear,"[(2560, 2304), (2304, 3072)]",1243440,matmul_linear_239,276.7705626,449167.4323161563
matmul,linear,"[(2688, 2304), (2304, 3072)]",1305612,matmul_linear_240,306.6518483,425663.6167001705
matmul,linear,"[(2816, 2304), (2304, 3072)]",1367784,matmul_linear_241,317.3877144,430850.5182283767
matmul,linear,"[(2944, 2304), (2304, 3072)]",1429956,matmul_linear_242,327.53299989999994,436483.7947433035
matmul,linear,"[(3072, 2304), (2304, 3072)]",1492128,matmul_linear_243,322.8704196,462044.5352127885
matmul,linear,"[(2048, 2432), (2432, 2048)]",738720,matmul_linear_244,171.40043770000003,430890.73136147537
matmul,linear,"[(2176, 2432), (2432, 2048)]",777632,matmul_linear_245,179.53632140000002,433033.526372898
matmul,linear,"[(2304, 2432), (2432, 2048)]",816544,matmul_linear_246,187.5931607,435173.86443785205
matmul,linear,"[(2432, 2432), (2432, 2048)]",855456,matmul_linear_247,276.6205535,309152.5082377872
matmul,linear,"[(2560, 2432), (2432, 2048)]",894368,matmul_linear_248,287.14882140000003,311364.9733331623
matmul,linear,"[(2688, 2432), (2432, 2048)]",933280,matmul_linear_249,298.5127234,312543.2901653665
matmul,linear,"[(2816, 2432), (2432, 2048)]",972192,matmul_linear_250,311.2655714,312235.2176815788
matmul,linear,"[(2944, 2432), (2432, 2048)]",1011104,matmul_linear_251,230.4395715,438671.8625835059
matmul,linear,"[(3072, 2432), (2432, 2048)]",1050016,matmul_linear_252,254.3016873,412801.7039361186
matmul,linear,"[(2048, 2432), (2432, 2176)]",777632,matmul_linear_253,242.0961698,321107.8905017025
matmul,linear,"[(2176, 2432), (2432, 2176)]",826234,matmul_linear_254,249.4379823,331138.2470309936
matmul,linear,"[(2304, 2432), (2432, 2176)]",867578,matmul_linear_255,257.7922859,336441.4899717137
matmul,linear,"[(2432, 2432), (2432, 2176)]",908922,matmul_linear_256,268.4421516,338491.385362745
matmul,linear,"[(2560, 2432), (2432, 2176)]",950266,matmul_linear_257,276.5251519,343545.4128930903
matmul,linear,"[(2688, 2432), (2432, 2176)]",991610,matmul_linear_258,287.58515179999995,344705.7014743277
matmul,linear,"[(2816, 2432), (2432, 2176)]",1032954,matmul_linear_259,276.4205981,373589.2283354045
matmul,linear,"[(2944, 2432), (2432, 2176)]",1074298,matmul_linear_260,327.3227234,328107.5832807885
matmul,linear,"[(3072, 2432), (2432, 2176)]",1115642,matmul_linear_261,337.42583940000003,330533.2443252714
matmul,linear,"[(2048, 2432), (2432, 2304)]",816544,matmul_linear_262,242.15343770000004,337101.07703430706
matmul,linear,"[(2176, 2432), (2432, 2304)]",867578,matmul_linear_263,251.7231517,344555.6243002896
matmul,linear,"[(2304, 2432), (2432, 2304)]",918612,matmul_linear_264,257.9274018,356051.3796476354
matmul,linear,"[(2432, 2432), (2432, 2304)]",962388,matmul_linear_265,268.582143,358221.66250903736
matmul,linear,"[(2560, 2432), (2432, 2304)]",1006164,matmul_linear_266,276.6940177,363537.786014916
matmul,linear,"[(2688, 2432), (2432, 2304)]",1049940,matmul_linear_267,287.66988390000006,364880.8543618631
matmul,linear,"[(2816, 2432), (2432, 2304)]",1093716,matmul_linear_268,276.6874554,395189.3341040138
matmul,linear,"[(2944, 2432), (2432, 2304)]",1137492,matmul_linear_269,327.6368215,347080.7578868238
matmul,linear,"[(3072, 2432), (2432, 2304)]",1181268,matmul_linear_270,337.7221071,349675.14801843424
matmul,linear,"[(2048, 2432), (2432, 2432)]",855456,matmul_linear_271,265.0922767,322601.2158366664
matmul,linear,"[(2176, 2432), (2432, 2432)]",908922,matmul_linear_272,274.8110982,330644.2843296348
matmul,linear,"[(2304, 2432), (2432, 2432)]",962388,matmul_linear_273,280.5675714,342914.69524713577
matmul,linear,"[(2432, 2432), (2432, 2432)]",1015854,matmul_linear_274,235.8338928,430649.790854489
matmul,linear,"[(2560, 2432), (2432, 2432)]",1062062,matmul_linear_275,357.4545537,297018.05011479976
matmul,linear,"[(2688, 2432), (2432, 2432)]",1108270,matmul_linear_276,371.7557053,298017.81882557704
matmul,linear,"[(2816, 2432), (2432, 2432)]",1154478,matmul_linear_277,265.18497319999994,435248.1971730365
matmul,linear,"[(2944, 2432), (2432, 2432)]",1200686,matmul_linear_278,274.5428842,437240.0547235891
matmul,linear,"[(3072, 2432), (2432, 2432)]",1246894,matmul_linear_279,284.8295714,437668.4500493546
matmul,linear,"[(2048, 2432), (2432, 2560)]",894368,matmul_linear_280,265.2776965,337044.06141188735
matmul,linear,"[(2176, 2432), (2432, 2560)]",950266,matmul_linear_281,275.0008483,345450.2067991257
matmul,linear,"[(2304, 2432), (2432, 2560)]",1006164,matmul_linear_282,280.6342768,358432.112140052
matmul,linear,"[(2432, 2432), (2432, 2560)]",1062062,matmul_linear_283,291.19529449999993,364624.98699665634
matmul,linear,"[(2560, 2432), (2432, 2560)]",1117960,matmul_linear_284,357.9211339,312248.1387696844
matmul,linear,"[(2688, 2432), (2432, 2560)]",1166600,matmul_linear_285,372.0824106,313432.6924266062
matmul,linear,"[(2816, 2432), (2432, 2560)]",1215240,matmul_linear_286,265.54099110000004,457546.8570693679
matmul,linear,"[(2944, 2432), (2432, 2560)]",1263880,matmul_linear_287,274.97471440000004,459534.9896236131
matmul,linear,"[(3072, 2432), (2432, 2560)]",1312520,matmul_linear_288,285.2839911,459974.8871113224
matmul,linear,"[(2048, 2432), (2432, 2688)]",933280,matmul_linear_289,281.4635623,331481.10853626474
matmul,linear,"[(2176, 2432), (2432, 2688)]",991610,matmul_linear_290,309.5332412,320256.54592564
matmul,linear,"[(2304, 2432), (2432, 2688)]",1049940,matmul_linear_291,256.0786963,409906.7733748456
matmul,linear,"[(2432, 2432), (2432, 2688)]",1108270,matmul_linear_292,265.1994196,417800.612931809
matmul,linear,"[(2560, 2432), (2432, 2688)]",1166600,matmul_linear_293,275.80998220000004,422872.36332586943
matmul,linear,"[(2688, 2432), (2432, 2688)]",1224930,matmul_linear_294,277.2190001,441763.65276483085
matmul,linear,"[(2816, 2432), (2432, 2688)]",1276002,matmul_linear_295,288.09858010000005,442804.6472763229
matmul,linear,"[(2944, 2432), (2432, 2688)]",1327074,matmul_linear_296,297.41282140000004,446106.0491384047
matmul,linear,"[(3072, 2432), (2432, 2688)]",1378146,matmul_linear_297,306.6997231,449246.9984485944
matmul,linear,"[(2048, 2432), (2432, 2816)]",972192,matmul_linear_298,229.64359830000004,423248.1826608357
matmul,linear,"[(2176, 2432), (2432, 2816)]",1032954,matmul_linear_299,238.23772320000003,433481.2087713907
matmul,linear,"[(2304, 2432), (2432, 2816)]",1093716,matmul_linear_300,286.4069998,381774.7449481855
matmul,linear,"[(2432, 2432), (2432, 2816)]",1154478,matmul_linear_301,294.22471449999995,392279.6822989186
matmul,linear,"[(2560, 2432), (2432, 2816)]",1215240,matmul_linear_302,268.0277052,453300.88969280175
matmul,linear,"[(2688, 2432), (2432, 2816)]",1276002,matmul_linear_303,276.3664643,461606.525512039
matmul,linear,"[(2816, 2432), (2432, 2816)]",1336764,matmul_linear_304,289.1557232,462198.994191238
matmul,linear,"[(2944, 2432), (2432, 2816)]",1390268,matmul_linear_305,298.4424195,465741.2843352517
matmul,linear,"[(3072, 2432), (2432, 2816)]",1443772,matmul_linear_306,309.0403124,467079.1808608073
matmul,linear,"[(2048, 2432), (2432, 2944)]",1011104,matmul_linear_307,320.7145535,315166.01738701575
matmul,linear,"[(2176, 2432), (2432, 2944)]",1074298,matmul_linear_308,333.26040170000005,322259.9307088034
matmul,linear,"[(2304, 2432), (2432, 2944)]",1137492,matmul_linear_309,359.9914108,315877.53887299134
matmul,linear,"[(2432, 2432), (2432, 2944)]",1200686,matmul_linear_310,383.2232946,313212.3734696894
matmul,linear,"[(2560, 2432), (2432, 2944)]",1263880,matmul_linear_311,390.1721428,323828.81535057665
matmul,linear,"[(2688, 2432), (2432, 2944)]",1327074,matmul_linear_312,400.6715627,331112.4252236082
matmul,linear,"[(2816, 2432), (2432, 2944)]",1390268,matmul_linear_313,403.8372498,344164.42847670167
matmul,linear,"[(2944, 2432), (2432, 2944)]",1453462,matmul_linear_314,342.5148482999999,424250.07043167664
matmul,linear,"[(3072, 2432), (2432, 2944)]",1509398,matmul_linear_315,447.97203580000007,336840.2282677038
matmul,linear,"[(2048, 2432), (2432, 3072)]",1050016,matmul_linear_316,320.7551516,327257.48584622267
matmul,linear,"[(2176, 2432), (2432, 3072)]",1115642,matmul_linear_317,333.2725983,334653.59381203586
matmul,linear,"[(2304, 2432), (2432, 3072)]",1181268,matmul_linear_318,361.961277,326252.0368229887
matmul,linear,"[(2432, 2432), (2432, 3072)]",1246894,matmul_linear_319,382.7444374,325677.1709159789
matmul,linear,"[(2560, 2432), (2432, 3072)]",1312520,matmul_linear_320,390.368723,336125.7073039123
matmul,linear,"[(2688, 2432), (2432, 3072)]",1378146,matmul_linear_321,400.2287055000001,344239.61908811657
matmul,linear,"[(2816, 2432), (2432, 3072)]",1443772,matmul_linear_322,406.9136071,354710.44988628005
matmul,linear,"[(2944, 2432), (2432, 3072)]",1509398,matmul_linear_323,470.2396966,320884.81070685515
matmul,linear,"[(3072, 2432), (2432, 3072)]",1575024,matmul_linear_324,448.45273209999993,351112.934443398
matmul,linear,"[(2048, 2560), (2560, 2048)]",777600,matmul_linear_325,170.96898209999998,454719.3423443211
matmul,linear,"[(2176, 2560), (2560, 2048)]",818560,matmul_linear_326,179.13954460000002,456839.8687641857
matmul,linear,"[(2304, 2560), (2560, 2048)]",859520,matmul_linear_327,187.2478839,458927.88437333045
matmul,linear,"[(2432, 2560), (2560, 2048)]",900480,matmul_linear_328,197.2431609,456432.9392873261
matmul,linear,"[(2560, 2560), (2560, 2048)]",941440,matmul_linear_329,205.5452857,457920.7212215327
matmul,linear,"[(2688, 2560), (2560, 2048)]",982400,matmul_linear_330,213.7104642,459587.3642465281
matmul,linear,"[(2816, 2560), (2560, 2048)]",1023360,matmul_linear_331,222.0229912,460825.2377282629
matmul,linear,"[(2944, 2560), (2560, 2048)]",1064320,matmul_linear_332,230.2064105,462232.9114460086
matmul,linear,"[(3072, 2560), (2560, 2048)]",1105280,matmul_linear_333,253.7271518,435517.5490714668
matmul,linear,"[(2048, 2560), (2560, 2176)]",818560,matmul_linear_334,202.5321518,404062.98978955497
matmul,linear,"[(2176, 2560), (2560, 2176)]",869720,matmul_linear_335,200.841018,432939.0318973588
matmul,linear,"[(2304, 2560), (2560, 2176)]",913240,matmul_linear_336,211.273116,432155.6590683312
matmul,linear,"[(2432, 2560), (2560, 2176)]",956760,matmul_linear_337,221.7062858,431443.921521056
matmul,linear,"[(2560, 2560), (2560, 2176)]",1000280,matmul_linear_338,255.1618662,391917.8257420191
matmul,linear,"[(2688, 2560), (2560, 2176)]",1043800,matmul_linear_339,265.5644285,392949.6286327746
matmul,linear,"[(2816, 2560), (2560, 2176)]",1087320,matmul_linear_340,276.0324286,393810.23928411
matmul,linear,"[(2944, 2560), (2560, 2176)]",1130840,matmul_linear_341,286.39895540000003,394747.80886180553
matmul,linear,"[(3072, 2560), (2560, 2176)]",1174360,matmul_linear_342,294.510009,398650.4546916774
matmul,linear,"[(2048, 2560), (2560, 2304)]",859520,matmul_linear_343,191.8668749,447877.2761441897
matmul,linear,"[(2176, 2560), (2560, 2304)]",913240,matmul_linear_344,218.5741608,417716.9993458806
matmul,linear,"[(2304, 2560), (2560, 2304)]",966960,matmul_linear_345,211.7156161,456625.8749318115
matmul,linear,"[(2432, 2560), (2560, 2304)]",1013040,matmul_linear_346,222.2079998,455797.1778296885
matmul,linear,"[(2560, 2560), (2560, 2304)]",1059120,matmul_linear_347,255.3419552,414684.94952794974
matmul,linear,"[(2688, 2560), (2560, 2304)]",1105200,matmul_linear_348,265.81330360000004,415680.5441006527
matmul,linear,"[(2816, 2560), (2560, 2304)]",1151280,matmul_linear_349,276.2791516,416608.967481859
matmul,linear,"[(2944, 2560), (2560, 2304)]",1197360,matmul_linear_350,286.7025536,417531.4389130017
matmul,linear,"[(3072, 2560), (2560, 2304)]",1243440,matmul_linear_351,295.03454450000004,421355.7322795128
matmul,linear,"[(2048, 2560), (2560, 2432)]",900480,matmul_linear_352,222.5440356,404530.0308935352
matmul,linear,"[(2176, 2560), (2560, 2432)]",956760,matmul_linear_353,228.8047144,418055.7196095956
matmul,linear,"[(2304, 2560), (2560, 2432)]",1013040,matmul_linear_354,233.6781516,433419.3483274711
matmul,linear,"[(2432, 2560), (2560, 2432)]",1069320,matmul_linear_355,235.2255359,454493.5014702628
matmul,linear,"[(2560, 2560), (2560, 2432)]",1117960,matmul_linear_356,245.044732,456126.9063592847
matmul,linear,"[(2688, 2560), (2560, 2432)]",1166600,matmul_linear_357,254.7815804,457782.3940759259
matmul,linear,"[(2816, 2560), (2560, 2432)]",1215240,matmul_linear_358,264.64014290000006,459104.7097175293
matmul,linear,"[(2944, 2560), (2560, 2432)]",1263880,matmul_linear_359,273.96714280000003,461225.3936522784
matmul,linear,"[(3072, 2560), (2560, 2432)]",1312520,matmul_linear_360,284.1264464,461849.2541543292
matmul,linear,"[(2048, 2560), (2560, 2560)]",941440,matmul_linear_361,246.7289821,381468.46917093487
matmul,linear,"[(2176, 2560), (2560, 2560)]",1000280,matmul_linear_362,256.156009,390396.4025263214
matmul,linear,"[(2304, 2560), (2560, 2560)]",1059120,matmul_linear_363,266.5028303,397314.16584872943
matmul,linear,"[(2432, 2560), (2560, 2560)]",1117960,matmul_linear_364,275.4049909,405833.0937854838
matmul,linear,"[(2560, 2560), (2560, 2560)]",1176800,matmul_linear_365,245.4627055,479321.0988601688
matmul,linear,"[(2688, 2560), (2560, 2560)]",1228000,matmul_linear_366,255.1544375,481177.1480801701
matmul,linear,"[(2816, 2560), (2560, 2560)]",1279200,matmul_linear_367,265.0155804,482588.6019566268
matmul,linear,"[(2944, 2560), (2560, 2560)]",1330400,matmul_linear_368,274.4992679,484564.3162941565
matmul,linear,"[(3072, 2560), (2560, 2560)]",1381600,matmul_linear_369,284.6896965,485200.3171472346
matmul,linear,"[(2048, 2560), (2560, 2688)]",982400,matmul_linear_370,235.9245625,416304.2902484984
matmul,linear,"[(2176, 2560), (2560, 2688)]",1043800,matmul_linear_371,244.7869821,426311.5644734688
matmul,linear,"[(2304, 2560), (2560, 2688)]",1105200,matmul_linear_372,255.1251519,433099.15412855847
matmul,linear,"[(2432, 2560), (2560, 2688)]",1166600,matmul_linear_373,264.2500177,441375.8455473133
matmul,linear,"[(2560, 2560), (2560, 2688)]",1228000,matmul_linear_374,274.81299120000006,446749.32638657576
matmul,linear,"[(2688, 2560), (2560, 2688)]",1289400,matmul_linear_375,284.1844107,453619.469278404
matmul,linear,"[(2816, 2560), (2560, 2688)]",1343160,matmul_linear_376,286.5487053,468637.0681342945
matmul,linear,"[(2944, 2560), (2560, 2688)]",1396920,matmul_linear_377,294.5020089,474232.9273771891
matmul,linear,"[(3072, 2560), (2560, 2688)]",1450680,matmul_linear_378,305.88155340000003,474162.00889693794
matmul,linear,"[(2048, 2560), (2560, 2816)]",1023360,matmul_linear_379,228.4551518,447847.875955932
matmul,linear,"[(2176, 2560), (2560, 2816)]",1087320,matmul_linear_380,237.1095714,458472.79973135656
matmul,linear,"[(2304, 2560), (2560, 2816)]",1151280,matmul_linear_381,285.24585740000003,403509.7177690336
matmul,linear,"[(2432, 2560), (2560, 2816)]",1215240,matmul_linear_382,293.15258950000003,414441.79274783446
matmul,linear,"[(2560, 2560), (2560, 2816)]",1279200,matmul_linear_383,266.677732,479580.09567443
matmul,linear,"[(2688, 2560), (2560, 2816)]",1343160,matmul_linear_384,275.0528929000001,488227.8942600788
matmul,linear,"[(2816, 2560), (2560, 2816)]",1407120,matmul_linear_385,287.0900002,490032.0140094521
matmul,linear,"[(2944, 2560), (2560, 2816)]",1463440,matmul_linear_386,294.9611788,496046.64748553006
matmul,linear,"[(3072, 2560), (2560, 2816)]",1519760,matmul_linear_387,306.3855446,495928.623668951
matmul,linear,"[(2048, 2560), (2560, 2944)]",1064320,matmul_linear_388,259.6183123,409855.6732231326
matmul,linear,"[(2176, 2560), (2560, 2944)]",1130840,matmul_linear_389,268.6497053,420834.76288656105
matmul,linear,"[(2304, 2560), (2560, 2944)]",1197360,matmul_linear_390,280.86728580000005,426208.1036972801
matmul,linear,"[(2432, 2560), (2560, 2944)]",1263880,matmul_linear_391,311.8212678,405221.93615819816
matmul,linear,"[(2560, 2560), (2560, 2944)]",1330400,matmul_linear_392,324.6028392,409754.70221974567
matmul,linear,"[(2688, 2560), (2560, 2944)]",1396920,matmul_linear_393,334.3055536,417757.2521327088
matmul,linear,"[(2816, 2560), (2560, 2944)]",1463440,matmul_linear_394,347.0871519,421534.7369785773
matmul,linear,"[(2944, 2560), (2560, 2944)]",1529960,matmul_linear_395,342.34101780000003,446811.0975459629
matmul,linear,"[(3072, 2560), (2560, 2944)]",1588840,matmul_linear_396,354.63630340000003,447919.5582819173
matmul,linear,"[(2048, 2560), (2560, 3072)]",1105280,matmul_linear_397,259.9692946,425057.9024748409
matmul,linear,"[(2176, 2560), (2560, 3072)]",1174360,matmul_linear_398,269.2084195,436127.0697852376
matmul,linear,"[(2304, 2560), (2560, 3072)]",1243440,matmul_linear_399,281.2251426,442051.0781376345
matmul,linear,"[(2432, 2560), (2560, 3072)]",1312520,matmul_linear_400,312.0748568,420478.5795941763
matmul,linear,"[(2560, 2560), (2560, 3072)]",1381600,matmul_linear_401,324.7611428,425320.3529671777
matmul,linear,"[(2688, 2560), (2560, 3072)]",1450680,matmul_linear_402,334.59617860000003,433461.43697452254
matmul,linear,"[(2816, 2560), (2560, 3072)]",1519760,matmul_linear_403,347.3674196,437407.9279887652
matmul,linear,"[(2944, 2560), (2560, 3072)]",1588840,matmul_linear_404,357.1274285,444794.4195279025
matmul,linear,"[(3072, 2560), (2560, 3072)]",1657920,matmul_linear_405,355.11486610000003,466768.65526297945
matmul,linear,"[(2048, 2688), (2688, 2048)]",816480,matmul_linear_406,178.79398200000003,456559.6654243093
matmul,linear,"[(2176, 2688), (2688, 2048)]",859488,matmul_linear_407,187.2364019,458938.9428969261
matmul,linear,"[(2304, 2688), (2688, 2048)]",902496,matmul_linear_408,195.9220001,460540.45872304257
matmul,linear,"[(2432, 2688), (2688, 2048)]",945504,matmul_linear_409,204.4864289,462279.82886501466
matmul,linear,"[(2560, 2688), (2688, 2048)]",988512,matmul_linear_410,213.1201875,463728.4207590611
matmul,linear,"[(2688, 2688), (2688, 2048)]",1031520,matmul_linear_411,221.5185357,465558.5494032769
matmul,linear,"[(2816, 2688), (2688, 2048)]",1074528,matmul_linear_412,230.037866,467009.1845374709
matmul,linear,"[(2944, 2688), (2688, 2048)]",1117536,matmul_linear_413,238.6144731,468243.762002926
matmul,linear,"[(3072, 2688), (2688, 2048)]",1160544,matmul_linear_414,247.06387490000003,469634.3957993592
matmul,linear,"[(2048, 2688), (2688, 2176)]",859488,matmul_linear_415,208.7382947,411653.8668385031
matmul,linear,"[(2176, 2688), (2688, 2176)]",913206,matmul_linear_416,231.978732,393559.36356613936
matmul,linear,"[(2304, 2688), (2688, 2176)]",958902,matmul_linear_417,242.4955444,395330.770644708
matmul,linear,"[(2432, 2688), (2688, 2176)]",1004598,matmul_linear_418,253.33586610000003,396447.87751350296
matmul,linear,"[(2560, 2688), (2688, 2176)]",1050294,matmul_linear_419,264.09230360000004,397599.5867288879
matmul,linear,"[(2688, 2688), (2688, 2176)]",1095990,matmul_linear_420,274.8644196,398638.4040447846
matmul,linear,"[(2816, 2688), (2688, 2176)]",1141686,matmul_linear_421,285.54216069999995,399730.9731919039
matmul,linear,"[(2944, 2688), (2688, 2176)]",1187382,matmul_linear_422,296.25256249999995,400700.5837924187
matmul,linear,"[(3072, 2688), (2688, 2176)]",1233078,matmul_linear_423,307.17855360000004,401320.60230079805
matmul,linear,"[(2048, 2688), (2688, 2304)]",902496,matmul_linear_424,200.6802677,449618.35564279545
matmul,linear,"[(2176, 2688), (2688, 2304)]",958902,matmul_linear_425,208.2078841,460450.283263745
matmul,linear,"[(2304, 2688), (2688, 2304)]",1015308,matmul_linear_426,242.84258960000005,417993.05430006
matmul,linear,"[(2432, 2688), (2688, 2304)]",1063692,matmul_linear_427,253.622991,419298.8864361275
matmul,linear,"[(2560, 2688), (2688, 2304)]",1112076,matmul_linear_428,264.42430360000003,420464.97260639846
matmul,linear,"[(2688, 2688), (2688, 2304)]",1160460,matmul_linear_429,275.0777319999999,421766.2090757678
matmul,linear,"[(2816, 2688), (2688, 2304)]",1208844,matmul_linear_430,285.8961695,422726.2316749928
matmul,linear,"[(2944, 2688), (2688, 2304)]",1257228,matmul_linear_431,296.57595539999994,423814.33867399767
matmul,linear,"[(3072, 2688), (2688, 2304)]",1305612,matmul_linear_432,307.56728580000004,424396.38185804745
matmul,linear,"[(2048, 2688), (2688, 2432)]",945504,matmul_linear_433,219.3385713,430970.5565355345
matmul,linear,"[(2176, 2688), (2688, 2432)]",1004598,matmul_linear_434,227.4404554,441597.1458455848
matmul,linear,"[(2304, 2688), (2688, 2432)]",1063692,matmul_linear_435,236.9451697,448819.0479581234
matmul,linear,"[(2432, 2688), (2688, 2432)]",1122786,matmul_linear_436,239.5332858,468639.02983883343
matmul,linear,"[(2560, 2688), (2688, 2432)]",1173858,matmul_linear_437,249.1601161,471025.96444965294
matmul,linear,"[(2688, 2688), (2688, 2432)]",1224930,matmul_linear_438,282.2917143,433823.4692160429
matmul,linear,"[(2816, 2688), (2688, 2432)]",1276002,matmul_linear_439,293.59188379999995,434517.6002839491
matmul,linear,"[(2944, 2688), (2688, 2432)]",1327074,matmul_linear_440,303.1498484,437661.7231228014
matmul,linear,"[(3072, 2688), (2688, 2432)]",1378146,matmul_linear_441,311.57827690000005,442211.3234053576
matmul,linear,"[(2048, 2688), (2688, 2560)]",988512,matmul_linear_442,219.7167322,449802.9227779496
matmul,linear,"[(2176, 2688), (2688, 2560)]",1050294,matmul_linear_443,227.7417588,461077.6099096324
matmul,linear,"[(2304, 2688), (2688, 2560)]",1112076,matmul_linear_444,237.4687322,468204.1803850587
matmul,linear,"[(2432, 2688), (2688, 2560)]",1173858,matmul_linear_445,245.7704373,477523.7585349327
matmul,linear,"[(2560, 2688), (2688, 2560)]",1235640,matmul_linear_446,249.509723,495127.1940119946
matmul,linear,"[(2688, 2688), (2688, 2560)]",1289400,matmul_linear_447,282.482857,456352.4777515968
matmul,linear,"[(2816, 2688), (2688, 2560)]",1343160,matmul_linear_448,293.6472679,457305.9243273485
matmul,linear,"[(2944, 2688), (2688, 2560)]",1396920,matmul_linear_449,303.2604197,460533.8015959687
matmul,linear,"[(3072, 2688), (2688, 2560)]",1450680,matmul_linear_450,311.92774110000005,464969.2480522053
matmul,linear,"[(2048, 2688), (2688, 2688)]",1031520,matmul_linear_451,248.17630360000004,415540.00472122425
matmul,linear,"[(2176, 2688), (2688, 2688)]",1095990,matmul_linear_452,257.2747323,425899.8602280151
matmul,linear,"[(2304, 2688), (2688, 2688)]",1160460,matmul_linear_453,268.3345446,432367.6130424693
matmul,linear,"[(2432, 2688), (2688, 2688)]",1224930,matmul_linear_454,277.3915716,441488.7595050491
matmul,linear,"[(2560, 2688), (2688, 2688)]",1289400,matmul_linear_455,288.4153036,446963.65574423707
matmul,linear,"[(2688, 2688), (2688, 2688)]",1353870,matmul_linear_456,276.9064553,488826.8466252329
matmul,linear,"[(2816, 2688), (2688, 2688)]",1410318,matmul_linear_457,341.26546440000004,413161.2722707138
matmul,linear,"[(2944, 2688), (2688, 2688)]",1466766,matmul_linear_458,353.9841251,414259.2596378836
matmul,linear,"[(3072, 2688), (2688, 2688)]",1523214,matmul_linear_459,366.6804285,415306.4088533704
matmul,linear,"[(2048, 2688), (2688, 2816)]",1074528,matmul_linear_460,236.7352946,453794.2965034332
matmul,linear,"[(2176, 2688), (2688, 2816)]",1141686,matmul_linear_461,244.9331339,466021.5009260943
matmul,linear,"[(2304, 2688), (2688, 2816)]",1208844,matmul_linear_462,256.3739823,471415.8648920359
matmul,linear,"[(2432, 2688), (2688, 2816)]",1276002,matmul_linear_463,264.6775715,481996.76126637735
matmul,linear,"[(2560, 2688), (2688, 2816)]",1343160,matmul_linear_464,317.20585710000006,423334.8042244897
matmul,linear,"[(2688, 2688), (2688, 2816)]",1410318,matmul_linear_465,324.29740180000005,434784.1502189303
matmul,linear,"[(2816, 2688), (2688, 2816)]",1477476,matmul_linear_466,341.56570530000005,432459.8199919749
matmul,linear,"[(2944, 2688), (2688, 2816)]",1536612,matmul_linear_467,354.2391517,433678.1390413148
matmul,linear,"[(3072, 2688), (2688, 2816)]",1595748,matmul_linear_468,366.9171608,434806.8864810643
matmul,linear,"[(2048, 2688), (2688, 2944)]",1117536,matmul_linear_469,251.7116698,443874.648012128
matmul,linear,"[(2176, 2688), (2688, 2944)]",1187382,matmul_linear_470,260.6558393,455436.313012881
matmul,linear,"[(2304, 2688), (2688, 2944)]",1257228,matmul_linear_471,295.38870540000005,425518.1692179215
matmul,linear,"[(2432, 2688), (2688, 2944)]",1327074,matmul_linear_472,304.77113380000003,435332.9701286165
matmul,linear,"[(2560, 2688), (2688, 2944)]",1396920,matmul_linear_473,317.3894552,440028.0436742122
matmul,linear,"[(2688, 2688), (2688, 2944)]",1466766,matmul_linear_474,327.22797319999995,448139.7961446655
matmul,linear,"[(2816, 2688), (2688, 2944)]",1536612,matmul_linear_475,339.8130894,452093.2932934278
matmul,linear,"[(2944, 2688), (2688, 2944)]",1606458,matmul_linear_476,354.5864285,452951.1804402012
matmul,linear,"[(3072, 2688), (2688, 2944)]",1668282,matmul_linear_477,367.4175716,453956.1282181203
matmul,linear,"[(2048, 2688), (2688, 3072)]",1160544,matmul_linear_478,251.7514554,460888.0003100869
matmul,linear,"[(2176, 2688), (2688, 3072)]",1233078,matmul_linear_479,261.0082948,472328.6639797627
matmul,linear,"[(2304, 2688), (2688, 3072)]",1305612,matmul_linear_480,295.8720358,441175.9037770477
matmul,linear,"[(2432, 2688), (2688, 3072)]",1378146,matmul_linear_481,305.42112510000004,451128.1197146306
matmul,linear,"[(2560, 2688), (2688, 3072)]",1450680,matmul_linear_482,317.7623126,456429.9100860082
matmul,linear,"[(2688, 2688), (2688, 3072)]",1523214,matmul_linear_483,327.7754287,464612.6863783735
matmul,linear,"[(2816, 2688), (2688, 3072)]",1595748,matmul_linear_484,340.250232,468892.4796289339
matmul,linear,"[(2944, 2688), (2688, 3072)]",1668282,matmul_linear_485,350.3517321,476073.4700155063
matmul,linear,"[(3072, 2688), (2688, 3072)]",1740816,matmul_linear_486,367.7567321,473260.7431356659
matmul,linear,"[(2048, 2816), (2816, 2048)]",855360,matmul_linear_487,185.8200179,460216.3909177517
matmul,linear,"[(2176, 2816), (2816, 2048)]",900416,matmul_linear_488,215.5365625,417655.5722129512
matmul,linear,"[(2304, 2816), (2816, 2048)]",945472,matmul_linear_489,222.9985534,423881.2257006327
matmul,linear,"[(2432, 2816), (2816, 2048)]",990528,matmul_linear_490,233.15703560000003,424732.9875403511
matmul,linear,"[(2560, 2816), (2816, 2048)]",1035584,matmul_linear_491,241.6137052,428511.4478244424
matmul,linear,"[(2688, 2816), (2816, 2048)]",1080640,matmul_linear_492,249.2024286,433539.4336407362
matmul,linear,"[(2816, 2816), (2816, 2048)]",1125696,matmul_linear_493,259.3125624,434007.7769551206
matmul,linear,"[(2944, 2816), (2816, 2048)]",1170752,matmul_linear_494,267.9333036,436856.5053203786
matmul,linear,"[(3072, 2816), (2816, 2048)]",1215808,matmul_linear_495,275.7024376,440885.5823487286
matmul,linear,"[(2048, 2816), (2816, 2176)]",900416,matmul_linear_496,228.2457054,394394.16952753766
matmul,linear,"[(2176, 2816), (2816, 2176)]",956692,matmul_linear_497,239.7764285,398893.3480888427
matmul,linear,"[(2304, 2816), (2816, 2176)]",1004564,matmul_linear_498,250.8867501,400305.3620207503
matmul,linear,"[(2432, 2816), (2816, 2176)]",1052436,matmul_linear_499,261.9734464,401633.8453428844
matmul,linear,"[(2560, 2816), (2816, 2176)]",1100308,matmul_linear_500,273.1958842,402654.23739344894
matmul,linear,"[(2688, 2816), (2816, 2176)]",1148180,matmul_linear_501,284.16743740000004,403950.5170139525
matmul,linear,"[(2816, 2816), (2816, 2176)]",1196052,matmul_linear_502,320.9989999,372503.03003205714
matmul,linear,"[(2944, 2816), (2816, 2176)]",1243924,matmul_linear_503,331.4664284,375179.0308220548
matmul,linear,"[(3072, 2816), (2816, 2176)]",1291796,matmul_linear_504,340.89141979999994,378846.4694529106
matmul,linear,"[(2048, 2816), (2816, 2304)]",945472,matmul_linear_505,228.2937054,414047.2049539917
matmul,linear,"[(2176, 2816), (2816, 2304)]",1004564,matmul_linear_506,237.4824199,422905.6272893823
matmul,linear,"[(2304, 2816), (2816, 2304)]",1063656,matmul_linear_507,250.964875,423726.6410787565
matmul,linear,"[(2432, 2816), (2816, 2304)]",1114344,matmul_linear_508,262.22371459999994,424859.2763567694
matmul,linear,"[(2560, 2816), (2816, 2304)]",1165032,matmul_linear_509,273.38671459999995,426047.9939523002
matmul,linear,"[(2688, 2816), (2816, 2304)]",1215720,matmul_linear_510,284.3288751,427475.2856871904
matmul,linear,"[(2816, 2816), (2816, 2304)]",1266408,matmul_linear_511,321.06442860000004,394340.45717620174
matmul,linear,"[(2944, 2816), (2816, 2304)]",1317096,matmul_linear_512,331.4478481,397276.5428106275
matmul,linear,"[(3072, 2816), (2816, 2304)]",1367784,matmul_linear_513,341.1309913,400855.65483147
matmul,linear,"[(2048, 2816), (2816, 2432)]",990528,matmul_linear_514,266.4981338,371582.9029442157
matmul,linear,"[(2176, 2816), (2816, 2432)]",1052436,matmul_linear_515,276.4498393,380596.91147764033
matmul,linear,"[(2304, 2816), (2816, 2432)]",1114344,matmul_linear_516,287.1738573,387938.107116375
matmul,linear,"[(2432, 2816), (2816, 2432)]",1176252,matmul_linear_517,271.582991,433009.597795099
matmul,linear,"[(2560, 2816), (2816, 2432)]",1229756,matmul_linear_518,304.8528571,403293.2998687976
matmul,linear,"[(2688, 2816), (2816, 2432)]",1283260,matmul_linear_519,315.8319999,406210.9502540309
matmul,linear,"[(2816, 2816), (2816, 2432)]",1336764,matmul_linear_520,324.78658019999995,411482.2763295317
matmul,linear,"[(2944, 2816), (2816, 2432)]",1390268,matmul_linear_521,335.708134,414029.9716020584
matmul,linear,"[(3072, 2816), (2816, 2432)]",1443772,matmul_linear_522,344.777009,418655.3004730661
matmul,linear,"[(2048, 2816), (2816, 2560)]",1035584,matmul_linear_523,266.61273229999995,388322.559967891
matmul,linear,"[(2176, 2816), (2816, 2560)]",1100308,matmul_linear_524,276.7580181,397470.4146003928
matmul,linear,"[(2304, 2816), (2816, 2560)]",1165032,matmul_linear_525,287.4241072,405235.5201654429
matmul,linear,"[(2432, 2816), (2816, 2560)]",1229756,matmul_linear_526,298.1178483,412406.6670823681
matmul,linear,"[(2560, 2816), (2816, 2560)]",1294480,matmul_linear_527,305.0637322,424231.0047591425
matmul,linear,"[(2688, 2816), (2816, 2560)]",1350800,matmul_linear_528,315.9474374,427439.470209357
matmul,linear,"[(2816, 2816), (2816, 2560)]",1407120,matmul_linear_529,324.9085714,432981.8340485307
matmul,linear,"[(2944, 2816), (2816, 2560)]",1463440,matmul_linear_530,335.83214280000004,435665.3165056123
matmul,linear,"[(3072, 2816), (2816, 2560)]",1519760,matmul_linear_531,344.9529999,440470.1647588425
matmul,linear,"[(2048, 2816), (2816, 2688)]",1080640,matmul_linear_532,255.584393,422711.4194750537
matmul,linear,"[(2176, 2816), (2816, 2688)]",1148180,matmul_linear_533,264.9300268,433289.9082216075
matmul,linear,"[(2304, 2816), (2816, 2688)]",1215720,matmul_linear_534,276.48816980000004,439600.5488080741
matmul,linear,"[(2432, 2816), (2816, 2688)]",1283260,matmul_linear_535,285.7671339,448957.93835936993
matmul,linear,"[(2560, 2816), (2816, 2688)]",1350800,matmul_linear_536,343.350277,393317.4778603717
matmul,linear,"[(2688, 2816), (2816, 2688)]",1418340,matmul_linear_537,289.5041338,489820.4655156464
matmul,linear,"[(2816, 2816), (2816, 2688)]",1477476,matmul_linear_538,299.5519732,493128.5987692503
matmul,linear,"[(2944, 2816), (2816, 2688)]",1536612,matmul_linear_539,308.9287055000001,497300.2003190344
matmul,linear,"[(3072, 2816), (2816, 2688)]",1595748,matmul_linear_540,320.7788749,497360.4392192162
matmul,linear,"[(2048, 2816), (2816, 2816)]",1125696,matmul_linear_541,294.5665808,382053.3308166776
matmul,linear,"[(2176, 2816), (2816, 2816)]",1196052,matmul_linear_542,302.9080269,394756.489027561
matmul,linear,"[(2304, 2816), (2816, 2816)]",1266408,matmul_linear_543,363.3029732,348481.7880446677
matmul,linear,"[(2432, 2816), (2816, 2816)]",1336764,matmul_linear_544,371.7884644,359449.6170536916
matmul,linear,"[(2560, 2816), (2816, 2816)]",1407120,matmul_linear_545,379.9872856,370207.12692877534
matmul,linear,"[(2688, 2816), (2816, 2816)]",1477476,matmul_linear_546,387.7274017,380960.5063046799
matmul,linear,"[(2816, 2816), (2816, 2816)]",1547832,matmul_linear_547,299.69611590000005,516367.15385409497
matmul,linear,"[(2944, 2816), (2816, 2816)]",1609784,matmul_linear_548,309.0265359,520820.96082030993
matmul,linear,"[(3072, 2816), (2816, 2816)]",1671736,matmul_linear_549,321.3875892,520061.96523372165
matmul,linear,"[(2048, 2816), (2816, 2944)]",1170752,matmul_linear_550,281.85085690000005,415279.968284212
matmul,linear,"[(2176, 2816), (2816, 2944)]",1243924,matmul_linear_551,314.90531250000004,394915.2476389232
matmul,linear,"[(2304, 2816), (2816, 2944)]",1317096,matmul_linear_552,326.88600899999994,402822.10854457226
matmul,linear,"[(2432, 2816), (2816, 2944)]",1390268,matmul_linear_553,339.18671430000006,409782.79946907103
matmul,linear,"[(2560, 2816), (2816, 2944)]",1463440,matmul_linear_554,351.6084377,416112.9923766616
matmul,linear,"[(2688, 2816), (2816, 2944)]",1536612,matmul_linear_555,363.7755714,422306.5937375365
matmul,linear,"[(2816, 2816), (2816, 2944)]",1609784,matmul_linear_556,401.1799821,401162.2941886313
matmul,linear,"[(2944, 2816), (2816, 2944)]",1682956,matmul_linear_557,398.9715891,421723.5197640042
matmul,linear,"[(3072, 2816), (2816, 2944)]",1747724,matmul_linear_558,410.4858483,425669.6111176752
matmul,linear,"[(2048, 2816), (2816, 3072)]",1215808,matmul_linear_559,282.22444640000003,430694.7151668148
matmul,linear,"[(2176, 2816), (2816, 3072)]",1291796,matmul_linear_560,314.8174108,410231.8163748776
matmul,linear,"[(2304, 2816), (2816, 3072)]",1367784,matmul_linear_561,326.9679999,418223.5057921031
matmul,linear,"[(2432, 2816), (2816, 3072)]",1443772,matmul_linear_562,339.10301789999994,425662.06161213294
matmul,linear,"[(2560, 2816), (2816, 3072)]",1519760,matmul_linear_563,351.53627680000005,432219.5357913626
matmul,linear,"[(2688, 2816), (2816, 3072)]",1595748,matmul_linear_564,363.74600010000006,438598.43230201886
matmul,linear,"[(2816, 2816), (2816, 3072)]",1671736,matmul_linear_565,401.4503214,416324.1279394328
matmul,linear,"[(2944, 2816), (2816, 3072)]",1747724,matmul_linear_566,412.0652680000001,424037.66355091095
matmul,linear,"[(3072, 2816), (2816, 3072)]",1823712,matmul_linear_567,410.7055713,443943.64767379046
matmul,linear,"[(2048, 2944), (2944, 2048)]",894240,matmul_linear_568,201.0755806,444628.2943715146
matmul,linear,"[(2176, 2944), (2944, 2048)]",941344,matmul_linear_569,210.5637321,446958.9453424681
matmul,linear,"[(2304, 2944), (2944, 2048)]",988448,matmul_linear_570,221.2491337,446657.9074638429
matmul,linear,"[(2432, 2944), (2944, 2048)]",1035552,matmul_linear_571,230.8568748,448468.8376822816
matmul,linear,"[(2560, 2944), (2944, 2048)]",1082656,matmul_linear_572,240.4620088,450139.9382766864
matmul,linear,"[(2688, 2944), (2944, 2048)]",1129760,matmul_linear_573,250.0081427000001,451789.2816045866
matmul,linear,"[(2816, 2944), (2944, 2048)]",1176864,matmul_linear_574,259.6234105,453196.5643327454
matmul,linear,"[(2944, 2944), (2944, 2048)]",1223968,matmul_linear_575,269.3254376,454356.887142546
matmul,linear,"[(3072, 2944), (2944, 2048)]",1271072,matmul_linear_576,278.89870549999995,455646.8266915281
matmul,linear,"[(2048, 2944), (2944, 2176)]",941344,matmul_linear_577,237.6891252,395939.9951861155
matmul,linear,"[(2176, 2944), (2944, 2176)]",1000178,matmul_linear_578,239.4380183,417618.9600470395
matmul,linear,"[(2304, 2944), (2944, 2176)]",1050226,matmul_linear_579,275.1555445,381584.47665062407
matmul,linear,"[(2432, 2944), (2944, 2176)]",1100274,matmul_linear_580,287.1477053,383073.5304485472
matmul,linear,"[(2560, 2944), (2944, 2176)]",1150322,matmul_linear_581,302.2704198,380460.5592373614
matmul,linear,"[(2688, 2944), (2944, 2176)]",1200370,matmul_linear_582,314.6594196,381382.30284220615
matmul,linear,"[(2816, 2944), (2944, 2176)]",1250418,matmul_linear_583,326.9077144,382398.7740943932
matmul,linear,"[(2944, 2944), (2944, 2176)]",1300466,matmul_linear_584,339.1843125,383309.8311961288
matmul,linear,"[(3072, 2944), (2944, 2176)]",1350514,matmul_linear_585,351.3537144,384274.4763894832
matmul,linear,"[(2048, 2944), (2944, 2304)]",988448,matmul_linear_586,226.0717501,437127.5614103807
matmul,linear,"[(2176, 2944), (2944, 2304)]",1050226,matmul_linear_587,234.1242767,448476.2923875379
matmul,linear,"[(2304, 2944), (2944, 2304)]",1112004,matmul_linear_588,275.2921516,403835.96168180776
matmul,linear,"[(2432, 2944), (2944, 2304)]",1164996,matmul_linear_589,287.46683899999994,405162.7440621074
matmul,linear,"[(2560, 2944), (2944, 2304)]",1217988,matmul_linear_590,302.5752857,402440.4775483288
matmul,linear,"[(2688, 2944), (2944, 2304)]",1270980,matmul_linear_591,315.11612490000005,403237.0238997883
matmul,linear,"[(2816, 2944), (2944, 2304)]",1323972,matmul_linear_592,327.351723,404349.3756949005
matmul,linear,"[(2944, 2944), (2944, 2304)]",1376964,matmul_linear_593,339.6675627,405285.7804538602
matmul,linear,"[(3072, 2944), (2944, 2304)]",1429956,matmul_linear_594,351.87097320000004,406286.4623431802
matmul,linear,"[(2048, 2944), (2944, 2432)]",1035552,matmul_linear_595,244.7528748,423001.0568706097
matmul,linear,"[(2176, 2944), (2944, 2432)]",1100274,matmul_linear_596,252.7628573,435198.9247522642
matmul,linear,"[(2304, 2944), (2944, 2432)]",1164996,matmul_linear_597,264.9331876,439631.9983025033
matmul,linear,"[(2432, 2944), (2944, 2432)]",1229718,matmul_linear_598,277.490286,443057.1345167736
matmul,linear,"[(2560, 2944), (2944, 2432)]",1285654,matmul_linear_599,288.8970001,444921.5819323076
matmul,linear,"[(2688, 2944), (2944, 2432)]",1341590,matmul_linear_600,300.5930088,446214.4387009442
matmul,linear,"[(2816, 2944), (2944, 2432)]",1397526,matmul_linear_601,311.88569640000003,447989.16091093945
matmul,linear,"[(2944, 2944), (2944, 2432)]",1453462,matmul_linear_602,323.585875,449073.4999248653
matmul,linear,"[(3072, 2944), (2944, 2432)]",1509398,matmul_linear_603,354.3257412,425891.6298737146
matmul,linear,"[(2048, 2944), (2944, 2560)]",1082656,matmul_linear_604,245.05443760000003,441702.2422296261
matmul,linear,"[(2176, 2944), (2944, 2560)]",1150322,matmul_linear_605,253.2476967000001,454128.02062546846
matmul,linear,"[(2304, 2944), (2944, 2560)]",1217988,matmul_linear_606,265.3565625,458900.5193483768
matmul,linear,"[(2432, 2944), (2944, 2560)]",1285654,matmul_linear_607,275.7862766,466077.6560639783
matmul,linear,"[(2560, 2944), (2944, 2560)]",1353320,matmul_linear_608,289.2771251,467728.2112808512
matmul,linear,"[(2688, 2944), (2944, 2560)]",1412200,matmul_linear_609,300.9425803,469158.9525191893
matmul,linear,"[(2816, 2944), (2944, 2560)]",1471080,matmul_linear_610,312.3627324,470852.4688483613
matmul,linear,"[(2944, 2944), (2944, 2560)]",1529960,matmul_linear_611,324.0987054000001,471966.0633653983
matmul,linear,"[(3072, 2944), (2944, 2560)]",1588840,matmul_linear_612,354.6579821,447892.1727948049
matmul,linear,"[(2048, 2944), (2944, 2688)]",1129760,matmul_linear_613,277.0317143,407708.90478718746
matmul,linear,"[(2176, 2944), (2944, 2688)]",1200370,matmul_linear_614,286.0413926,419549.0546662232
matmul,linear,"[(2304, 2944), (2944, 2688)]",1270980,matmul_linear_615,301.7765714,421065.8957167143
matmul,linear,"[(2432, 2944), (2944, 2688)]",1341590,matmul_linear_616,311.1772767,431033.6657443021
matmul,linear,"[(2560, 2944), (2944, 2688)]",1412200,matmul_linear_617,323.7212858,436139.4633735883
matmul,linear,"[(2688, 2944), (2944, 2688)]",1482810,matmul_linear_618,326.7157144,453753.28426063614
matmul,linear,"[(2816, 2944), (2944, 2688)]",1544634,matmul_linear_619,339.3897323,455021.0166354228
matmul,linear,"[(2944, 2944), (2944, 2688)]",1606458,matmul_linear_620,350.032009,458846.027418881
matmul,linear,"[(3072, 2944), (2944, 2688)]",1668282,matmul_linear_621,361.1901697,461784.6635238312
matmul,linear,"[(2048, 2944), (2944, 2816)]",1176864,matmul_linear_622,263.983875,445709.0479958293
matmul,linear,"[(2176, 2944), (2944, 2816)]",1250418,matmul_linear_623,278.32199990000004,449170.269849049
matmul,linear,"[(2304, 2944), (2944, 2816)]",1323972,matmul_linear_624,290.7035536,455337.15706404776
matmul,linear,"[(2432, 2944), (2944, 2816)]",1397526,matmul_linear_625,300.3798393,465152.9288439499
matmul,linear,"[(2560, 2944), (2944, 2816)]",1471080,matmul_linear_626,313.098991,469745.0146075367
matmul,linear,"[(2688, 2944), (2944, 2816)]",1544634,matmul_linear_627,322.9111429,478246.4534942812
matmul,linear,"[(2816, 2944), (2944, 2816)]",1618188,matmul_linear_628,340.4081519,475266.994288482
matmul,linear,"[(2944, 2944), (2944, 2816)]",1682956,matmul_linear_629,351.2652857,479012.53076039447
matmul,linear,"[(3072, 2944), (2944, 2816)]",1747724,matmul_linear_630,363.5323125,480661.66544342606
matmul,linear,"[(2048, 2944), (2944, 2944)]",1223968,matmul_linear_631,284.8625536,429569.6721039294
matmul,linear,"[(2176, 2944), (2944, 2944)]",1300466,matmul_linear_632,294.9590358,440797.1559297455
matmul,linear,"[(2304, 2944), (2944, 2944)]",1376964,matmul_linear_633,309.1388662,445319.2437612039
matmul,linear,"[(2432, 2944), (2944, 2944)]",1453462,matmul_linear_634,318.20873220000004,456663.70662464167
matmul,linear,"[(2560, 2944), (2944, 2944)]",1529960,matmul_linear_635,356.7432767,428768.62904682185
matmul,linear,"[(2688, 2944), (2944, 2944)]",1606458,matmul_linear_636,367.5244288,437002.37309809
matmul,linear,"[(2816, 2944), (2944, 2944)]",1682956,matmul_linear_637,381.9688571,440500.3182503959
matmul,linear,"[(2944, 2944), (2944, 2944)]",1759454,matmul_linear_638,400.7762947,438911.4942594183
matmul,linear,"[(3072, 2944), (2944, 2944)]",1827166,matmul_linear_639,415.0232498,440156.29910625785
matmul,linear,"[(2048, 2944), (2944, 3072)]",1271072,matmul_linear_640,285.0463125,445817.7138101023
matmul,linear,"[(2176, 2944), (2944, 3072)]",1350514,matmul_linear_641,295.21343740000003,457370.3685219173
matmul,linear,"[(2304, 2944), (2944, 3072)]",1429956,matmul_linear_642,309.4537679,461990.3502658564
matmul,linear,"[(2432, 2944), (2944, 3072)]",1509398,matmul_linear_643,318.7490981,473437.9673220164
matmul,linear,"[(2560, 2944), (2944, 3072)]",1588840,matmul_linear_644,357.0849196,444847.3816423806
matmul,linear,"[(2688, 2944), (2944, 3072)]",1668282,matmul_linear_645,368.0036962,453232.9467140281
matmul,linear,"[(2816, 2944), (2944, 3072)]",1747724,matmul_linear_646,382.3288659,457025.8295880609
matmul,linear,"[(2944, 2944), (2944, 3072)]",1827166,matmul_linear_647,393.2386073,464545.62890847167
matmul,linear,"[(3072, 2944), (2944, 3072)]",1906608,matmul_linear_648,415.4631341000001,458811.4757751498
matmul,linear,"[(2048, 3072), (3072, 2048)]",933120,matmul_linear_649,200.4308748,465457.0160690632
matmul,linear,"[(2176, 3072), (3072, 2048)]",982272,matmul_linear_650,210.0855714,467458.0495386653
matmul,linear,"[(2304, 3072), (3072, 2048)]",1031424,matmul_linear_651,220.4847054,467698.4344214744
matmul,linear,"[(2432, 3072), (3072, 2048)]",1080576,matmul_linear_652,230.0261517,469662.2387776529
matmul,linear,"[(2560, 3072), (3072, 2048)]",1129728,matmul_linear_653,239.7347321,471140.8544660768
matmul,linear,"[(2688, 3072), (3072, 2048)]",1178880,matmul_linear_654,249.36118759999997,472660.01985162194
matmul,linear,"[(2816, 3072), (3072, 2048)]",1228032,matmul_linear_655,258.97315189999995,474092.78446060425
matmul,linear,"[(2944, 3072), (3072, 2048)]",1277184,matmul_linear_656,268.4557232,475652.1965916501
matmul,linear,"[(3072, 3072), (3072, 2048)]",1326336,matmul_linear_657,278.12814280000003,476779.4652160601
matmul,linear,"[(2048, 3072), (3072, 2176)]",982272,matmul_linear_658,235.92659809999995,416246.4433050714
matmul,linear,"[(2176, 3072), (3072, 2176)]",1043664,matmul_linear_659,238.99395550000003,436590.5421589208
matmul,linear,"[(2304, 3072), (3072, 2176)]",1095888,matmul_linear_660,274.6495711,398913.1845503544
matmul,linear,"[(2432, 3072), (3072, 2176)]",1148112,matmul_linear_661,286.820893,400188.8311208207
matmul,linear,"[(2560, 3072), (3072, 2176)]",1200336,matmul_linear_662,301.39570540000005,398159.15847306553
matmul,linear,"[(2688, 3072), (3072, 2176)]",1252560,matmul_linear_663,313.79115170000006,399069.95530757017
matmul,linear,"[(2816, 3072), (3072, 2176)]",1304784,matmul_linear_664,325.9844466,400159.5871087795
matmul,linear,"[(2944, 3072), (3072, 2176)]",1357008,matmul_linear_665,338.1854375,401161.51203657314
matmul,linear,"[(3072, 3072), (3072, 2176)]",1409232,matmul_linear_666,350.4153125,402060.5077546376
matmul,linear,"[(2048, 3072), (3072, 2304)]",1031424,matmul_linear_667,225.2223841,457858.0329555707
matmul,linear,"[(2176, 3072), (3072, 2304)]",1095888,matmul_linear_668,233.0804735,470075.8081849786
matmul,linear,"[(2304, 3072), (3072, 2304)]",1160352,matmul_linear_669,274.9298659,421953.819508301
matmul,linear,"[(2432, 3072), (3072, 2304)]",1215648,matmul_linear_670,287.10599990000003,423314.3488549226
matmul,linear,"[(2560, 3072), (3072, 2304)]",1270944,matmul_linear_671,301.60295540000004,421296.40121046366
matmul,linear,"[(2688, 3072), (3072, 2304)]",1326240,matmul_linear_672,314.1698392,422041.0952041509
matmul,linear,"[(2816, 3072), (3072, 2304)]",1381536,matmul_linear_673,326.3871699,423181.3441849695
matmul,linear,"[(2944, 3072), (3072, 2304)]",1436832,matmul_linear_674,338.6136253,424227.87479447015
matmul,linear,"[(3072, 3072), (3072, 2304)]",1492128,matmul_linear_675,350.8320177,425211.2386327105
matmul,linear,"[(2048, 3072), (3072, 2432)]",1080576,matmul_linear_676,243.9300091,442886.0860444662
matmul,linear,"[(2176, 3072), (3072, 2432)]",1148112,matmul_linear_677,251.8834017,455710.8999049618
matmul,linear,"[(2304, 3072), (3072, 2432)]",1215648,matmul_linear_678,263.9113926,460527.3295077144
matmul,linear,"[(2432, 3072), (3072, 2432)]",1283184,matmul_linear_679,275.7574643,465230.649618974
matmul,linear,"[(2560, 3072), (3072, 2432)]",1341552,matmul_linear_680,287.1430087,467106.91758217965
matmul,linear,"[(2688, 3072), (3072, 2432)]",1399920,matmul_linear_681,298.7888573,468431.5284680798
matmul,linear,"[(2816, 3072), (3072, 2432)]",1458288,matmul_linear_682,310.03628560000004,470260.4280311375
matmul,linear,"[(2944, 3072), (3072, 2432)]",1516656,matmul_linear_683,321.88127650000007,471084.9090731438
matmul,linear,"[(3072, 3072), (3072, 2432)]",1575024,matmul_linear_684,352.6121607,446573.1938210207
matmul,linear,"[(2048, 3072), (3072, 2560)]",1129728,matmul_linear_685,244.2298391,462467.5569222451
matmul,linear,"[(2176, 3072), (3072, 2560)]",1200336,matmul_linear_686,252.3038391,475650.1924194858
matmul,linear,"[(2304, 3072), (3072, 2560)]",1270944,matmul_linear_687,264.54514290000003,480326.1329721053
matmul,linear,"[(2432, 3072), (3072, 2560)]",1341552,matmul_linear_688,274.56037520000007,488518.2133976045
matmul,linear,"[(2560, 3072), (3072, 2560)]",1412160,matmul_linear_689,287.5050001,491077.544567511
matmul,linear,"[(2688, 3072), (3072, 2560)]",1473600,matmul_linear_690,299.21658900000006,492386.063331201
matmul,linear,"[(2816, 3072), (3072, 2560)]",1535040,matmul_linear_691,310.5014375,494274.522823264
matmul,linear,"[(2944, 3072), (3072, 2560)]",1596480,matmul_linear_692,322.2214643,495360.4757532908
matmul,linear,"[(3072, 3072), (3072, 2560)]",1657920,matmul_linear_693,352.9221875,469669.27456565766
matmul,linear,"[(2048, 3072), (3072, 2688)]",1178880,matmul_linear_694,275.8732946,427226.610830275
matmul,linear,"[(2176, 3072), (3072, 2688)]",1252560,matmul_linear_695,285.1055537,439232.02413797815
matmul,linear,"[(2304, 3072), (3072, 2688)]",1326240,matmul_linear_696,300.14816980000006,441761.7647689551
matmul,linear,"[(2432, 3072), (3072, 2688)]",1399920,matmul_linear_697,309.67326790000004,451963.5602463637
matmul,linear,"[(2560, 3072), (3072, 2688)]",1473600,matmul_linear_698,322.185134,457276.7826295797
matmul,linear,"[(2688, 3072), (3072, 2688)]",1547280,matmul_linear_699,310.59572319999995,498065.262566629
matmul,linear,"[(2816, 3072), (3072, 2688)]",1611792,matmul_linear_700,335.25470520000005,480666.4068542951
matmul,linear,"[(2944, 3072), (3072, 2688)]",1676304,matmul_linear_701,344.4185448,486605.499836953
matmul,linear,"[(3072, 3072), (3072, 2688)]",1740816,matmul_linear_702,357.6510002,486635.9518151852
matmul,linear,"[(2048, 3072), (3072, 2816)]",1228032,matmul_linear_703,263.1107408,466635.7920342264
matmul,linear,"[(2176, 3072), (3072, 2816)]",1304784,matmul_linear_704,276.7071072,471439.7494495581
matmul,linear,"[(2304, 3072), (3072, 2816)]",1381536,matmul_linear_705,289.13241959999993,477721.2010646489
matmul,linear,"[(2432, 3072), (3072, 2816)]",1458288,matmul_linear_706,298.7462677,488035.97278624686
matmul,linear,"[(2560, 3072), (3072, 2816)]",1535040,matmul_linear_707,311.3001071,493006.15865188057
matmul,linear,"[(2688, 3072), (3072, 2816)]",1611792,matmul_linear_708,321.0412679,501951.34391073097
matmul,linear,"[(2816, 3072), (3072, 2816)]",1688544,matmul_linear_709,335.8461343,502673.0938512696
matmul,linear,"[(2944, 3072), (3072, 2816)]",1756128,matmul_linear_710,344.9368661,509015.77525925694
matmul,linear,"[(3072, 3072), (3072, 2816)]",1823712,matmul_linear_711,358.2584464,508949.26829381794
matmul,linear,"[(2048, 3072), (3072, 2944)]",1277184,matmul_linear_712,284.09101780000003,449468.59596987936
matmul,linear,"[(2176, 3072), (3072, 2944)]",1357008,matmul_linear_713,293.953125,461540.95040663367
matmul,linear,"[(2304, 3072), (3072, 2944)]",1436832,matmul_linear_714,307.9225626,466521.21407013776
matmul,linear,"[(2432, 3072), (3072, 2944)]",1516656,matmul_linear_715,317.356134,477803.4773596026
matmul,linear,"[(2560, 3072), (3072, 2944)]",1596480,matmul_linear_716,355.67900890000004,448754.1522136479
matmul,linear,"[(2688, 3072), (3072, 2944)]",1676304,matmul_linear_717,366.5190001,457258.0086005478
matmul,linear,"[(2816, 3072), (3072, 2944)]",1756128,matmul_linear_718,380.6988929,461190.5455601864
matmul,linear,"[(2944, 3072), (3072, 2944)]",1835952,matmul_linear_719,399.76245549999993,459160.7371554432
matmul,linear,"[(3072, 3072), (3072, 2944)]",1906608,matmul_linear_720,413.97116100000005,460465.4160532211
matmul,linear,"[(2048, 3072), (3072, 3072)]",1326336,matmul_linear_721,284.147116,466677.9207725621
matmul,linear,"[(2176, 3072), (3072, 3072)]",1409232,matmul_linear_722,294.3790268,478613.45160653273
matmul,linear,"[(2304, 3072), (3072, 3072)]",1492128,matmul_linear_723,308.4972947,483576.2025582845
matmul,linear,"[(2432, 3072), (3072, 3072)]",1575024,matmul_linear_724,318.07972320000005,495066.42688024056
matmul,linear,"[(2560, 3072), (3072, 3072)]",1657920,matmul_linear_725,356.0678394,465519.13673352666
matmul,linear,"[(2688, 3072), (3072, 3072)]",1740816,matmul_linear_726,367.0964284,474112.1865874302
matmul,linear,"[(2816, 3072), (3072, 3072)]",1823712,matmul_linear_727,381.27924120000006,478214.002687435
matmul,linear,"[(2944, 3072), (3072, 3072)]",1906608,matmul_linear_728,392.2590179,485958.4238973592
matmul,linear,"[(3072, 3072), (3072, 3072)]",1989504,matmul_linear_729,414.4645535,479917.8889121818
