Operation_Type,Operation,Input_Shapes,Predicted_Latency_us,Kernel_Name,Actual_Duration_us,Error_Percentage
matmul,linear,"[(32, 128), (128, 128)]",0.9291100000000001,matmul_linear_1,1.1308662,-17.84085508966489
matmul,linear,"[(34, 128), (128, 128)]",0.92983,matmul_linear_2,1.1525268999999998,-19.32249043384582
matmul,linear,"[(36, 128), (128, 128)]",0.93055,matmul_linear_3,1.1378482,-18.21844073752545
matmul,linear,"[(38, 128), (128, 128)]",0.93127,matmul_linear_4,1.1594197999999998,-19.677928563924798
matmul,linear,"[(40, 128), (128, 128)]",0.9319900000000001,matmul_linear_5,1.1844465999999998,-21.314308302290684
matmul,linear,"[(42, 128), (128, 128)]",0.93271,matmul_linear_6,1.1782946,-20.84237677063105
matmul,linear,"[(44, 128), (128, 128)]",0.93343,matmul_linear_7,1.1205712999999997,-16.700525883538138
matmul,linear,"[(46, 128), (128, 128)]",0.93415,matmul_linear_8,1.1314288000000001,-17.436254053282017
matmul,linear,"[(48, 128), (128, 128)]",0.9348700000000001,matmul_linear_9,1.1366964000000002,-17.75552381445037
matmul,linear,"[(50, 128), (128, 128)]",0.93559,matmul_linear_10,1.1788569999999998,-20.63583623798305
matmul,linear,"[(52, 128), (128, 128)]",0.9363100000000001,matmul_linear_11,1.1606877,-19.331444625457813
matmul,linear,"[(54, 128), (128, 128)]",0.93703,matmul_linear_12,1.1778661000000001,-20.44681479499241
matmul,linear,"[(56, 128), (128, 128)]",0.9377500000000001,matmul_linear_13,1.206875,-22.299326773692375
matmul,linear,"[(58, 128), (128, 128)]",0.93847,matmul_linear_14,1.1675536000000002,-19.620820834264066
matmul,linear,"[(60, 128), (128, 128)]",0.9391900000000001,matmul_linear_15,1.1604196,-19.064621107744124
matmul,linear,"[(62, 128), (128, 128)]",0.93991,matmul_linear_16,1.1800088,-20.34720419034163
matmul,linear,"[(64, 128), (128, 128)]",0.9406300000000001,matmul_linear_17,1.1828035000000001,-20.474533597507957
matmul,linear,"[(66, 128), (128, 128)]",0.94135,matmul_linear_18,1.1694107,-19.50219029122959
matmul,linear,"[(68, 128), (128, 128)]",0.9420700000000001,matmul_linear_19,1.2151427,-22.472479981157754
matmul,linear,"[(70, 128), (128, 128)]",0.94279,matmul_linear_20,1.1854377,-20.469038566936078
matmul,linear,"[(72, 128), (128, 128)]",0.9435100000000001,matmul_linear_21,1.1902945,-20.733062279965164
matmul,linear,"[(74, 128), (128, 128)]",0.94423,matmul_linear_22,1.1948215999999998,-20.97313942098133
matmul,linear,"[(76, 128), (128, 128)]",0.9449500000000001,matmul_linear_23,1.163875,-18.81000966598646
matmul,linear,"[(78, 128), (128, 128)]",0.94567,matmul_linear_24,1.1792767,-19.809320408009416
matmul,linear,"[(80, 128), (128, 128)]",0.9463900000000001,matmul_linear_25,1.1935713000000001,-20.70938703033493
matmul,linear,"[(82, 128), (128, 128)]",0.9471100000000001,matmul_linear_26,1.1984553999999998,-20.97244503216388
matmul,linear,"[(84, 128), (128, 128)]",0.9478300000000001,matmul_linear_27,1.2471606999999998,-24.000972769587733
matmul,linear,"[(86, 128), (128, 128)]",0.94855,matmul_linear_28,1.1937053,-20.537338654691403
matmul,linear,"[(88, 128), (128, 128)]",0.9492700000000001,matmul_linear_29,1.1945624,-20.534080094936847
matmul,linear,"[(90, 128), (128, 128)]",0.9499900000000001,matmul_linear_30,1.1883035999999998,-20.05494218817478
matmul,linear,"[(92, 128), (128, 128)]",0.95071,matmul_linear_31,1.2091429,-21.373230575145417
matmul,linear,"[(94, 128), (128, 128)]",0.95143,matmul_linear_32,1.1913123999999997,-20.135977767040767
matmul,linear,"[(96, 128), (128, 128)]",0.95215,matmul_linear_33,1.2385624,-23.12458379166039
matmul,linear,"[(98, 128), (128, 128)]",0.9528700000000001,matmul_linear_34,1.271134,-25.037800892746155
matmul,linear,"[(100, 128), (128, 128)]",0.95359,matmul_linear_35,1.2558573,-24.06860238022265
matmul,linear,"[(102, 128), (128, 128)]",0.95431,matmul_linear_36,1.2160357000000002,-21.522863185677863
matmul,linear,"[(104, 128), (128, 128)]",0.95503,matmul_linear_37,1.230116,-22.362606453375125
matmul,linear,"[(106, 128), (128, 128)]",0.9557500000000001,matmul_linear_38,1.2208481000000002,-21.714257490346263
matmul,linear,"[(108, 128), (128, 128)]",0.95647,matmul_linear_39,1.2428571,-23.04264102445888
matmul,linear,"[(110, 128), (128, 128)]",0.95719,matmul_linear_40,1.217,-21.34839769926048
matmul,linear,"[(112, 128), (128, 128)]",0.95791,matmul_linear_41,1.2345802999999997,-22.410069235674644
matmul,linear,"[(114, 128), (128, 128)]",0.9586300000000001,matmul_linear_42,1.271866,-24.62806616420282
matmul,linear,"[(116, 128), (128, 128)]",0.95935,matmul_linear_43,1.2508928000000001,-23.30677736733316
matmul,linear,"[(118, 128), (128, 128)]",0.9600700000000001,matmul_linear_44,1.2680178000000002,-24.28576318092696
matmul,linear,"[(120, 128), (128, 128)]",0.96079,matmul_linear_45,1.2561605000000002,-23.513754810790513
matmul,linear,"[(122, 128), (128, 128)]",0.9615100000000001,matmul_linear_46,1.3431159,-28.411985890420908
matmul,linear,"[(124, 128), (128, 128)]",0.96223,matmul_linear_47,1.3471427,-28.57252613253221
matmul,linear,"[(126, 128), (128, 128)]",0.9629500000000001,matmul_linear_48,1.3995893000000001,-31.197673488929933
matmul,linear,"[(128, 128), (128, 128)]",0.96367,matmul_linear_49,1.3191338,-26.946758547161775
matmul,linear,"[(130, 128), (128, 128)]",0.9643900000000001,matmul_linear_50,1.4336875,-32.733597802868466
matmul,linear,"[(132, 128), (128, 128)]",0.96511,matmul_linear_51,1.3681428,-29.458386946157955
matmul,linear,"[(134, 128), (128, 128)]",0.9658300000000001,matmul_linear_52,1.3122322,-26.39793475575435
matmul,linear,"[(136, 128), (128, 128)]",0.96655,matmul_linear_53,1.3323127000000001,-27.453217251475582
matmul,linear,"[(138, 128), (128, 128)]",0.9672700000000001,matmul_linear_54,1.3744286,-29.623845138263267
matmul,linear,"[(140, 128), (128, 128)]",0.96799,matmul_linear_55,1.3592857999999999,-28.78686733871566
matmul,linear,"[(142, 128), (128, 128)]",0.9687100000000001,matmul_linear_56,1.3065624,-25.85811439239335
matmul,linear,"[(144, 128), (128, 128)]",0.96943,matmul_linear_57,1.3459641999999998,-27.975053125484305
matmul,linear,"[(146, 128), (128, 128)]",0.9701500000000001,matmul_linear_58,1.395973,-30.50367019992506
matmul,linear,"[(148, 128), (128, 128)]",0.9708700000000001,matmul_linear_59,1.3711516,-29.193095788970368
matmul,linear,"[(150, 128), (128, 128)]",0.9715900000000001,matmul_linear_60,1.3404196,-27.515980816753192
matmul,linear,"[(152, 128), (128, 128)]",0.97231,matmul_linear_61,1.3594195999999998,-28.476093768252262
matmul,linear,"[(154, 128), (128, 128)]",0.9730300000000001,matmul_linear_62,1.3325803,-26.98151098286535
matmul,linear,"[(156, 128), (128, 128)]",0.9737500000000001,matmul_linear_63,1.3563127,-28.206084039469648
matmul,linear,"[(158, 128), (128, 128)]",0.9744700000000001,matmul_linear_64,1.3524284999999998,-27.946653002358335
matmul,linear,"[(160, 128), (128, 128)]",0.97519,matmul_linear_65,1.3503036,-27.77994519158506
matmul,linear,"[(162, 128), (128, 128)]",0.97591,matmul_linear_66,1.4499819999999999,-32.69502655895038
matmul,linear,"[(164, 128), (128, 128)]",0.9766300000000001,matmul_linear_67,1.3750446,-28.974667439877944
matmul,linear,"[(166, 128), (128, 128)]",0.97735,matmul_linear_68,1.4448393,-32.355799015156904
matmul,linear,"[(168, 128), (128, 128)]",0.97807,matmul_linear_69,1.4212947,-31.184574177332824
matmul,linear,"[(170, 128), (128, 128)]",0.97879,matmul_linear_70,1.3940091,-29.785967681272663
matmul,linear,"[(172, 128), (128, 128)]",0.9795100000000001,matmul_linear_71,1.4497054999999999,-32.43386329154438
matmul,linear,"[(174, 128), (128, 128)]",0.98023,matmul_linear_72,1.3979911999999999,-29.88296349791042
matmul,linear,"[(176, 128), (128, 128)]",0.98095,matmul_linear_73,1.3657411,-28.174527368327713
matmul,linear,"[(178, 128), (128, 128)]",0.98167,matmul_linear_74,1.4036252,-30.061814222201193
matmul,linear,"[(180, 128), (128, 128)]",0.9823900000000001,matmul_linear_75,1.3562858000000002,-27.567626233349934
matmul,linear,"[(182, 128), (128, 128)]",0.98311,matmul_linear_76,1.4447054,-31.95083232886095
matmul,linear,"[(184, 128), (128, 128)]",0.9838300000000001,matmul_linear_77,1.3774463000000001,-28.575800014853574
matmul,linear,"[(186, 128), (128, 128)]",0.98455,matmul_linear_78,1.3517143,-27.162862743998488
matmul,linear,"[(188, 128), (128, 128)]",0.9852700000000001,matmul_linear_79,1.3762855999999999,-28.410934474646822
matmul,linear,"[(190, 128), (128, 128)]",0.98599,matmul_linear_80,1.3682857,-27.939757025890128
matmul,linear,"[(192, 128), (128, 128)]",0.9867100000000001,matmul_linear_81,1.4261607,-30.81354716898313
matmul,linear,"[(194, 128), (128, 128)]",0.98743,matmul_linear_82,1.4177502,-30.352328640122916
matmul,linear,"[(196, 128), (128, 128)]",0.9881500000000001,matmul_linear_83,1.3972858000000001,-29.280752727895752
matmul,linear,"[(198, 128), (128, 128)]",0.98887,matmul_linear_84,1.4158215,-30.155743502976897
matmul,linear,"[(200, 128), (128, 128)]",0.9895900000000001,matmul_linear_85,1.4155802,-30.092975304401676
matmul,linear,"[(202, 128), (128, 128)]",0.99031,matmul_linear_86,1.4842855999999998,-33.28036059906529
matmul,linear,"[(204, 128), (128, 128)]",0.9910300000000001,matmul_linear_87,1.4155897,-29.991720058432175
matmul,linear,"[(206, 128), (128, 128)]",0.99175,matmul_linear_88,1.4035714999999997,-29.340970516998944
matmul,linear,"[(208, 128), (128, 128)]",0.9924700000000001,matmul_linear_89,1.3517322,-26.577912400104104
matmul,linear,"[(210, 128), (128, 128)]",0.99319,matmul_linear_90,1.457732,-31.86744888635222
matmul,linear,"[(212, 128), (128, 128)]",0.9939100000000001,matmul_linear_91,1.3725624,-27.5872630635955
matmul,linear,"[(214, 128), (128, 128)]",0.99463,matmul_linear_92,1.4144194,-29.679273347070893
matmul,linear,"[(216, 128), (128, 128)]",0.9953500000000001,matmul_linear_93,1.4005625,-28.93212548529608
matmul,linear,"[(218, 128), (128, 128)]",0.99607,matmul_linear_94,1.3885716000000001,-28.26657264198692
matmul,linear,"[(220, 128), (128, 128)]",0.9967900000000001,matmul_linear_95,1.436134,-30.592131374927405
matmul,linear,"[(222, 128), (128, 128)]",0.9975100000000001,matmul_linear_96,1.4148660999999998,-29.497922100190237
matmul,linear,"[(224, 128), (128, 128)]",0.9982300000000001,matmul_linear_97,1.4277141,-30.081940074697023
matmul,linear,"[(226, 128), (128, 128)]",0.99895,matmul_linear_98,1.4686785000000002,-31.983071856774654
matmul,linear,"[(228, 128), (128, 128)]",0.9996700000000001,matmul_linear_99,1.4807231,-32.4877149549433
matmul,linear,"[(230, 128), (128, 128)]",1.0003900000000001,matmul_linear_100,1.5110177,-33.793627963458
matmul,linear,"[(232, 128), (128, 128)]",1.0011100000000002,matmul_linear_101,1.4225624000000001,-29.626285637804
matmul,linear,"[(234, 128), (128, 128)]",1.00183,matmul_linear_102,1.416259,-29.262232402406617
matmul,linear,"[(236, 128), (128, 128)]",1.00255,matmul_linear_103,1.4429911,-30.522787008180437
matmul,linear,"[(238, 128), (128, 128)]",1.00327,matmul_linear_104,1.5131785,-33.69784199286468
matmul,linear,"[(240, 128), (128, 128)]",1.00399,matmul_linear_105,1.4798838,-32.157511285683384
matmul,linear,"[(242, 128), (128, 128)]",1.00471,matmul_linear_106,1.429991,-29.740117245493153
matmul,linear,"[(244, 128), (128, 128)]",1.00543,matmul_linear_107,1.4279822,-29.590859045721995
matmul,linear,"[(246, 128), (128, 128)]",1.00615,matmul_linear_108,1.4121875,-28.752378844877175
matmul,linear,"[(248, 128), (128, 128)]",1.0068700000000002,matmul_linear_109,1.4725714,-31.625047179376153
matmul,linear,"[(250, 128), (128, 128)]",1.00759,matmul_linear_110,1.4485715000000001,-30.442508360823066
matmul,linear,"[(252, 128), (128, 128)]",1.00831,matmul_linear_111,1.4048749,-28.2277731632902
matmul,linear,"[(254, 128), (128, 128)]",1.00903,matmul_linear_112,1.4774552,-31.7048665841103
matmul,linear,"[(256, 128), (128, 128)]",1.0097500000000001,matmul_linear_113,1.5339731,-34.17420422822277
matmul,linear,"[(258, 128), (128, 128)]",1.01047,matmul_linear_114,1.4841159,-31.914347120733627
matmul,linear,"[(260, 128), (128, 128)]",1.01119,matmul_linear_115,1.4234464,-28.96184921328966
matmul,linear,"[(262, 128), (128, 128)]",1.01191,matmul_linear_116,1.5161073999999999,-33.25604769160812
matmul,linear,"[(264, 128), (128, 128)]",1.0126300000000001,matmul_linear_117,1.4714286,-31.180486773194428
matmul,linear,"[(266, 128), (128, 128)]",1.01335,matmul_linear_118,1.4707230999999998,-31.098518817036318
matmul,linear,"[(268, 128), (128, 128)]",1.01407,matmul_linear_119,1.4578389999999999,-30.44019264129989
matmul,linear,"[(270, 128), (128, 128)]",1.01479,matmul_linear_120,1.4685713,-30.899507569023033
matmul,linear,"[(272, 128), (128, 128)]",1.0155100000000001,matmul_linear_121,1.4684286000000002,-30.84376046612004
matmul,linear,"[(274, 128), (128, 128)]",1.01623,matmul_linear_122,1.569866,-35.26644949314146
matmul,linear,"[(276, 128), (128, 128)]",1.01695,matmul_linear_123,1.4478925999999999,-29.76343687370181
matmul,linear,"[(278, 128), (128, 128)]",1.01767,matmul_linear_124,1.4562857,-30.118794684312284
matmul,linear,"[(280, 128), (128, 128)]",1.0183900000000001,matmul_linear_125,1.5090001000000002,-32.51226424703352
matmul,linear,"[(282, 128), (128, 128)]",1.01911,matmul_linear_126,1.5158839999999998,-32.77124107121652
matmul,linear,"[(284, 128), (128, 128)]",1.01983,matmul_linear_127,1.4852856,-31.33778446380952
matmul,linear,"[(286, 128), (128, 128)]",1.02055,matmul_linear_128,1.4584016,-30.022704308607445
matmul,linear,"[(288, 128), (128, 128)]",1.0212700000000001,matmul_linear_129,1.4482679999999999,-29.483355290595377
matmul,linear,"[(290, 128), (128, 128)]",1.0219900000000002,matmul_linear_130,1.5167411000000002,-32.619350790982054
matmul,linear,"[(292, 128), (128, 128)]",1.02271,matmul_linear_131,1.4729822000000001,-30.568746859262795
matmul,linear,"[(294, 128), (128, 128)]",1.02343,matmul_linear_132,1.5425445,-33.6531296179786
matmul,linear,"[(296, 128), (128, 128)]",1.0241500000000001,matmul_linear_133,1.4787592,-30.7426117788481
matmul,linear,"[(298, 128), (128, 128)]",1.02487,matmul_linear_134,1.4655626,-30.069858496661965
matmul,linear,"[(300, 128), (128, 128)]",1.02559,matmul_linear_135,1.4840177,-30.89098600373837
matmul,linear,"[(302, 128), (128, 128)]",1.02631,matmul_linear_136,1.5499732,-33.785306739497166
matmul,linear,"[(304, 128), (128, 128)]",1.02703,matmul_linear_137,1.5316965,-32.94820481733816
matmul,linear,"[(306, 128), (128, 128)]",1.0277500000000002,matmul_linear_138,1.5501426999999999,-33.69965229652727
matmul,linear,"[(308, 128), (128, 128)]",1.02847,matmul_linear_139,1.5315804,-32.849101490199274
matmul,linear,"[(310, 128), (128, 128)]",1.02919,matmul_linear_140,1.6078392999999997,-35.98924967190439
matmul,linear,"[(312, 128), (128, 128)]",1.02991,matmul_linear_141,1.6280090999999999,-36.73806860170498
matmul,linear,"[(314, 128), (128, 128)]",1.03063,matmul_linear_142,1.5438661999999999,-33.243567350590354
matmul,linear,"[(316, 128), (128, 128)]",1.03135,matmul_linear_143,1.5555267,-33.69769866373878
matmul,linear,"[(318, 128), (128, 128)]",1.03207,matmul_linear_144,1.5076964,-31.54656335320559
matmul,linear,"[(320, 128), (128, 128)]",1.03279,matmul_linear_145,1.574268,-34.39554129284213
matmul,linear,"[(322, 128), (128, 128)]",1.0335100000000002,matmul_linear_146,1.5411695,-32.939887533460784
matmul,linear,"[(324, 128), (128, 128)]",1.03423,matmul_linear_147,1.5669910999999999,-33.99898697573968
matmul,linear,"[(326, 128), (128, 128)]",1.03495,matmul_linear_148,1.5314465000000002,-32.42010086542364
matmul,linear,"[(328, 128), (128, 128)]",1.03567,matmul_linear_149,1.5733126,-34.172649478558796
matmul,linear,"[(330, 128), (128, 128)]",1.03639,matmul_linear_150,1.5521340000000001,-33.228058917593465
matmul,linear,"[(332, 128), (128, 128)]",1.03711,matmul_linear_151,1.5672859,-33.82764433725844
matmul,linear,"[(334, 128), (128, 128)]",1.03783,matmul_linear_152,1.5705713000000001,-33.920223806458196
matmul,linear,"[(336, 128), (128, 128)]",1.03855,matmul_linear_153,1.5940002999999998,-34.84631088212466
matmul,linear,"[(338, 128), (128, 128)]",1.0392700000000001,matmul_linear_154,1.5864284999999998,-34.48995652813851
matmul,linear,"[(340, 128), (128, 128)]",1.03999,matmul_linear_155,1.5698928,-33.75407543750759
matmul,linear,"[(342, 128), (128, 128)]",1.04071,matmul_linear_156,1.5939999999999999,-34.7107904642409
matmul,linear,"[(344, 128), (128, 128)]",1.04143,matmul_linear_157,1.5341515000000001,-32.11687372466148
matmul,linear,"[(346, 128), (128, 128)]",1.0421500000000001,matmul_linear_158,1.5778661,-33.95193673278106
matmul,linear,"[(348, 128), (128, 128)]",1.0428700000000002,matmul_linear_159,1.5707502,-33.606884150006785
matmul,linear,"[(350, 128), (128, 128)]",1.04359,matmul_linear_160,1.5595625,-33.08443874484029
matmul,linear,"[(352, 128), (128, 128)]",1.04431,matmul_linear_161,1.5892855999999997,-34.29060201640283
matmul,linear,"[(354, 128), (128, 128)]",1.0450300000000001,matmul_linear_162,1.6077054,-34.998663312320765
matmul,linear,"[(356, 128), (128, 128)]",1.04575,matmul_linear_163,1.6214286999999998,-35.50441040053133
matmul,linear,"[(358, 128), (128, 128)]",1.04647,matmul_linear_164,1.5868392,-34.053179427379916
matmul,linear,"[(360, 128), (128, 128)]",1.04719,matmul_linear_165,1.5592589000000001,-32.840530844492854
matmul,linear,"[(362, 128), (128, 128)]",1.0479100000000001,matmul_linear_166,1.6071162,-34.795629587953876
matmul,linear,"[(364, 128), (128, 128)]",1.0486300000000002,matmul_linear_167,1.6024196,-34.55958726415977
matmul,linear,"[(366, 128), (128, 128)]",1.04935,matmul_linear_168,1.5892679,-33.972743047286116
matmul,linear,"[(368, 128), (128, 128)]",1.05007,matmul_linear_169,1.6297232000000001,-35.56758595570095
matmul,linear,"[(370, 128), (128, 128)]",1.0507900000000001,matmul_linear_170,1.5899908,-33.91219622151272
matmul,linear,"[(372, 128), (128, 128)]",1.05151,matmul_linear_171,1.6534374999999997,-36.404611604611596
matmul,linear,"[(374, 128), (128, 128)]",1.05223,matmul_linear_172,1.6145807,-34.829519515500216
matmul,linear,"[(376, 128), (128, 128)]",1.05295,matmul_linear_173,1.6080089000000002,-34.518397255139575
matmul,linear,"[(378, 128), (128, 128)]",1.05367,matmul_linear_174,1.6101610000000002,-34.56120226486668
matmul,linear,"[(380, 128), (128, 128)]",1.0543900000000002,matmul_linear_175,1.6551338999999998,-36.29578851596234
matmul,linear,"[(382, 128), (128, 128)]",1.05511,matmul_linear_176,1.5907231,-33.67104557669402
matmul,linear,"[(384, 128), (128, 128)]",1.05583,matmul_linear_177,1.595134,-33.80932260236444
matmul,linear,"[(386, 128), (128, 128)]",1.05655,matmul_linear_178,1.6998571999999998,-37.84477896143275
matmul,linear,"[(388, 128), (128, 128)]",1.05727,matmul_linear_179,1.6450090000000004,-35.728619113937995
matmul,linear,"[(390, 128), (128, 128)]",1.05799,matmul_linear_180,1.6220354999999997,-34.77393065688142
matmul,linear,"[(392, 128), (128, 128)]",1.05871,matmul_linear_181,1.6112767000000001,-34.293718763512196
matmul,linear,"[(394, 128), (128, 128)]",1.05943,matmul_linear_182,1.7310269000000003,-38.79760043012619
matmul,linear,"[(396, 128), (128, 128)]",1.0601500000000001,matmul_linear_183,1.6557233,-35.97058155792093
matmul,linear,"[(398, 128), (128, 128)]",1.06087,matmul_linear_184,1.6398479,-35.30680497868125
matmul,linear,"[(400, 128), (128, 128)]",1.06159,matmul_linear_185,1.6427143999999998,-35.37586326631092
matmul,linear,"[(402, 128), (128, 128)]",1.06231,matmul_linear_186,1.6444108,-35.39874586082747
matmul,linear,"[(404, 128), (128, 128)]",1.0630300000000001,matmul_linear_187,1.6282857,-34.71477394906802
matmul,linear,"[(406, 128), (128, 128)]",1.0637500000000002,matmul_linear_188,1.6595627999999998,-35.90179293004155
matmul,linear,"[(408, 128), (128, 128)]",1.06447,matmul_linear_189,1.6676073000000002,-36.16782560258642
matmul,linear,"[(410, 128), (128, 128)]",1.06519,matmul_linear_190,1.6747143000000002,-36.395718362230504
matmul,linear,"[(412, 128), (128, 128)]",1.0659100000000001,matmul_linear_191,1.6675712,-36.08009061322239
matmul,linear,"[(414, 128), (128, 128)]",1.06663,matmul_linear_192,1.7474020000000003,-38.95909470173436
matmul,linear,"[(416, 128), (128, 128)]",1.06735,matmul_linear_193,1.7341517,-38.45117471556842
matmul,linear,"[(418, 128), (128, 128)]",1.06807,matmul_linear_194,1.7261247999999998,-38.123245781533285
matmul,linear,"[(420, 128), (128, 128)]",1.0687900000000001,matmul_linear_195,1.7041515,-37.28315821686041
matmul,linear,"[(422, 128), (128, 128)]",1.0695100000000002,matmul_linear_196,1.7542858,-39.03444923284449
matmul,linear,"[(424, 128), (128, 128)]",1.07023,matmul_linear_197,1.6991340000000001,-37.013207904732646
matmul,linear,"[(426, 128), (128, 128)]",1.07095,matmul_linear_198,1.6868482,-36.511773851375594
matmul,linear,"[(428, 128), (128, 128)]",1.0716700000000001,matmul_linear_199,1.6907231,-36.6146946238565
matmul,linear,"[(430, 128), (128, 128)]",1.07239,matmul_linear_200,1.6305804,-34.232620482866096
matmul,linear,"[(432, 128), (128, 128)]",1.07311,matmul_linear_201,1.6323037,-34.257944768488855
matmul,linear,"[(434, 128), (128, 128)]",1.07383,matmul_linear_202,1.7264104999999996,-37.799845401774355
matmul,linear,"[(436, 128), (128, 128)]",1.0745500000000001,matmul_linear_203,1.7202769,-37.53621873315859
matmul,linear,"[(438, 128), (128, 128)]",1.0752700000000002,matmul_linear_204,1.7269999999999999,-37.7376954255935
matmul,linear,"[(440, 128), (128, 128)]",1.07599,matmul_linear_205,1.7523123999999999,-38.59599464113819
matmul,linear,"[(442, 128), (128, 128)]",1.07671,matmul_linear_206,1.7318570999999998,-37.82916615926336
matmul,linear,"[(444, 128), (128, 128)]",1.07743,matmul_linear_207,1.6771427999999997,-35.75800462548566
matmul,linear,"[(446, 128), (128, 128)]",1.07815,matmul_linear_208,1.7172858999999998,-37.21779233149238
matmul,linear,"[(448, 128), (128, 128)]",1.07887,matmul_linear_209,1.6723124999999999,-35.4863400231715
matmul,linear,"[(450, 128), (128, 128)]",1.07959,matmul_linear_210,1.7417143,-38.01566651890037
matmul,linear,"[(452, 128), (128, 128)]",1.08031,matmul_linear_211,1.7191429,-37.15996500349098
matmul,linear,"[(454, 128), (128, 128)]",1.0810300000000002,matmul_linear_212,1.8134017,-40.38662255582973
matmul,linear,"[(456, 128), (128, 128)]",1.08175,matmul_linear_213,1.7240177000000003,-37.25412447911644
matmul,linear,"[(458, 128), (128, 128)]",1.08247,matmul_linear_214,1.6932855,-36.072800481667144
matmul,linear,"[(460, 128), (128, 128)]",1.08319,matmul_linear_215,1.721143,-37.065659274098664
matmul,linear,"[(462, 128), (128, 128)]",1.08391,matmul_linear_216,1.7068485000000002,-36.49641429804697
matmul,linear,"[(464, 128), (128, 128)]",1.08463,matmul_linear_217,1.7005893,-36.220344324170455
matmul,linear,"[(466, 128), (128, 128)]",1.08535,matmul_linear_218,1.7978750000000001,-39.631509420844054
matmul,linear,"[(468, 128), (128, 128)]",1.08607,matmul_linear_219,1.7010090000000002,-36.151425418677974
matmul,linear,"[(470, 128), (128, 128)]",1.0867900000000001,matmul_linear_220,1.6972946,-35.96927722506157
matmul,linear,"[(472, 128), (128, 128)]",1.08751,matmul_linear_221,1.7341159000000002,-37.28735201609074
matmul,linear,"[(474, 128), (128, 128)]",1.08823,matmul_linear_222,1.7453213,-37.64872977829354
matmul,linear,"[(476, 128), (128, 128)]",1.08895,matmul_linear_223,1.7785894000000002,-38.774514230209626
matmul,linear,"[(478, 128), (128, 128)]",1.0896700000000001,matmul_linear_224,1.7164552,-36.51625745897707
matmul,linear,"[(480, 128), (128, 128)]",1.0903900000000002,matmul_linear_225,1.7158660000000001,-36.452496873298955
matmul,linear,"[(482, 128), (128, 128)]",1.09111,matmul_linear_226,1.7657232999999999,-38.20605980563319
matmul,linear,"[(484, 128), (128, 128)]",1.09183,matmul_linear_227,1.7614375,-38.01483163609268
matmul,linear,"[(486, 128), (128, 128)]",1.0925500000000001,matmul_linear_228,1.7979999999999996,-39.23526140155727
matmul,linear,"[(488, 128), (128, 128)]",1.09327,matmul_linear_229,1.7734466000000002,-38.35337359467154
matmul,linear,"[(490, 128), (128, 128)]",1.09399,matmul_linear_230,1.7235356,-36.52640537276978
matmul,linear,"[(492, 128), (128, 128)]",1.09471,matmul_linear_231,1.7608751000000002,-37.83147935932538
matmul,linear,"[(494, 128), (128, 128)]",1.0954300000000001,matmul_linear_232,1.7939909000000003,-38.938932187448664
matmul,linear,"[(496, 128), (128, 128)]",1.0961500000000002,matmul_linear_233,1.8288484,-40.063375400607285
matmul,linear,"[(498, 128), (128, 128)]",1.09687,matmul_linear_234,1.7614019000000003,-37.72744312357107
matmul,linear,"[(500, 128), (128, 128)]",1.09759,matmul_linear_235,1.7724104999999999,-38.0736008955036
matmul,linear,"[(502, 128), (128, 128)]",1.0983100000000001,matmul_linear_236,1.7714196999999998,-37.99831852383711
matmul,linear,"[(504, 128), (128, 128)]",1.09903,matmul_linear_237,1.7901429999999998,-38.60658059160637
matmul,linear,"[(506, 128), (128, 128)]",1.09975,matmul_linear_238,1.8096071999999999,-39.22714277440982
matmul,linear,"[(508, 128), (128, 128)]",1.10047,matmul_linear_239,1.7675536,-37.74050190047985
matmul,linear,"[(510, 128), (128, 128)]",1.1011900000000001,matmul_linear_240,1.785884,-38.33922024050834
matmul,linear,"[(512, 128), (128, 128)]",1.1019100000000002,matmul_linear_241,1.7877231999999998,-38.36238182734328
matmul,linear,"[(514, 128), (128, 128)]",1.10263,matmul_linear_242,1.8749913,-41.192793801229904
matmul,linear,"[(516, 128), (128, 128)]",1.10335,matmul_linear_243,1.8264198,-39.589463495741775
matmul,linear,"[(518, 128), (128, 128)]",1.10407,matmul_linear_244,1.8047051,-38.822691862509835
matmul,linear,"[(520, 128), (128, 128)]",1.10479,matmul_linear_245,1.7995535999999999,-38.60755245078557
matmul,linear,"[(522, 128), (128, 128)]",1.10551,matmul_linear_246,1.8114197,-38.969969245669574
matmul,linear,"[(524, 128), (128, 128)]",1.10623,matmul_linear_247,1.7992949,-38.518694184038424
matmul,linear,"[(526, 128), (128, 128)]",1.10695,matmul_linear_248,1.8871429,-41.34254485974538
matmul,linear,"[(528, 128), (128, 128)]",1.1076700000000002,matmul_linear_249,1.7638842000000001,-37.20279369813505
matmul,linear,"[(530, 128), (128, 128)]",1.10839,matmul_linear_250,1.8424640999999997,-39.84197575410017
matmul,linear,"[(532, 128), (128, 128)]",1.10911,matmul_linear_251,1.8501339,-40.05244701478093
matmul,linear,"[(534, 128), (128, 128)]",1.10983,matmul_linear_252,1.8228303000000001,-39.11501251652444
matmul,linear,"[(536, 128), (128, 128)]",1.11055,matmul_linear_253,1.8210000999999998,-39.014281218326126
matmul,linear,"[(538, 128), (128, 128)]",1.11127,matmul_linear_254,1.8748662,-40.728037019388374
matmul,linear,"[(540, 128), (128, 128)]",1.11199,matmul_linear_255,1.8128571,-38.66091265549832
matmul,linear,"[(542, 128), (128, 128)]",1.11271,matmul_linear_256,1.8118124999999998,-38.58580841008658
matmul,linear,"[(544, 128), (128, 128)]",1.1134300000000001,matmul_linear_257,1.8071338999999997,-38.38696734093692
matmul,linear,"[(546, 128), (128, 128)]",1.11415,matmul_linear_258,1.7980357999999999,-38.03516036777465
matmul,linear,"[(548, 128), (128, 128)]",1.11487,matmul_linear_259,1.8298749,-39.0739771336281
matmul,linear,"[(550, 128), (128, 128)]",1.11559,matmul_linear_260,1.8251787,-38.87776577712636
matmul,linear,"[(552, 128), (128, 128)]",1.1163100000000001,matmul_linear_261,1.8405447,-39.348932954467216
matmul,linear,"[(554, 128), (128, 128)]",1.1170300000000002,matmul_linear_262,1.8219731,-38.6911914341655
matmul,linear,"[(556, 128), (128, 128)]",1.11775,matmul_linear_263,1.8091251000000004,-38.21599180731063
matmul,linear,"[(558, 128), (128, 128)]",1.11847,matmul_linear_264,1.7921337999999998,-37.59003931514487
matmul,linear,"[(560, 128), (128, 128)]",1.1191900000000001,matmul_linear_265,1.8286966,-38.79848630986682
matmul,linear,"[(562, 128), (128, 128)]",1.11991,matmul_linear_266,1.8519641,-39.52852541796032
matmul,linear,"[(564, 128), (128, 128)]",1.12063,matmul_linear_267,1.8595984,-39.73806387443655
matmul,linear,"[(566, 128), (128, 128)]",1.12135,matmul_linear_268,1.9172767,-41.51339762278444
matmul,linear,"[(568, 128), (128, 128)]",1.1220700000000001,matmul_linear_269,1.8778482,-40.247033812424235
matmul,linear,"[(570, 128), (128, 128)]",1.1227900000000002,matmul_linear_270,1.885848,-40.46232782281498
matmul,linear,"[(572, 128), (128, 128)]",1.12351,matmul_linear_271,1.8490178,-39.237469752860136
matmul,linear,"[(574, 128), (128, 128)]",1.12423,matmul_linear_272,1.8901339,-40.52114508924473
matmul,linear,"[(576, 128), (128, 128)]",1.1249500000000001,matmul_linear_273,1.9782858,-43.135112226959315
matmul,linear,"[(578, 128), (128, 128)]",1.12567,matmul_linear_274,1.8841161000000004,-40.254743325
matmul,linear,"[(580, 128), (128, 128)]",1.12639,matmul_linear_275,1.8879734,-40.338672144427456
matmul,linear,"[(582, 128), (128, 128)]",1.12711,matmul_linear_276,1.8849733999999998,-40.205522263603285
matmul,linear,"[(584, 128), (128, 128)]",1.12783,matmul_linear_277,1.9981605999999998,-43.5565889948986
matmul,linear,"[(586, 128), (128, 128)]",1.1285500000000002,matmul_linear_278,1.8749735,-39.809815978732495
matmul,linear,"[(588, 128), (128, 128)]",1.12927,matmul_linear_279,1.8539554000000003,-39.08861022223081
matmul,linear,"[(590, 128), (128, 128)]",1.12999,matmul_linear_280,1.8599732,-39.2469740961859
matmul,linear,"[(592, 128), (128, 128)]",1.13071,matmul_linear_281,1.8978661000000003,-40.42203504240895
matmul,linear,"[(594, 128), (128, 128)]",1.13143,matmul_linear_282,1.9076964,-40.69129658157347
matmul,linear,"[(596, 128), (128, 128)]",1.13215,matmul_linear_283,1.9495536000000002,-41.92773155865015
matmul,linear,"[(598, 128), (128, 128)]",1.13287,matmul_linear_284,2.0087053999999998,-43.60198364578498
matmul,linear,"[(600, 128), (128, 128)]",1.13359,matmul_linear_285,1.8955803,-40.19826013173907
matmul,linear,"[(602, 128), (128, 128)]",1.1343100000000002,matmul_linear_286,1.9054286999999999,-40.46956467066964
matmul,linear,"[(604, 128), (128, 128)]",1.13503,matmul_linear_287,1.9222946,-40.954419785604145
matmul,linear,"[(606, 128), (128, 128)]",1.13575,matmul_linear_288,1.9252949000000001,-41.00903710906833
matmul,linear,"[(608, 128), (128, 128)]",1.13647,matmul_linear_289,1.917277,-40.72478833261964
matmul,linear,"[(610, 128), (128, 128)]",1.1371900000000001,matmul_linear_290,1.9278482000000001,-41.012471832585156
matmul,linear,"[(612, 128), (128, 128)]",1.1379100000000002,matmul_linear_291,1.9788660000000005,-42.49686436575291
matmul,linear,"[(614, 128), (128, 128)]",1.13863,matmul_linear_292,1.9264643,-40.89534905993326
matmul,linear,"[(616, 128), (128, 128)]",1.13935,matmul_linear_293,1.9645625,-42.00489930964273
matmul,linear,"[(618, 128), (128, 128)]",1.1400700000000001,matmul_linear_294,1.9621427999999999,-41.89668560310696
matmul,linear,"[(620, 128), (128, 128)]",1.14079,matmul_linear_295,1.9230089,-40.67682162053436
matmul,linear,"[(622, 128), (128, 128)]",1.14151,matmul_linear_296,1.9482857,-41.40951709495173
matmul,linear,"[(624, 128), (128, 128)]",1.14223,matmul_linear_297,2.000009,-42.88875700059349
matmul,linear,"[(626, 128), (128, 128)]",1.1429500000000001,matmul_linear_298,1.9825623999999997,-42.34985995901061
matmul,linear,"[(628, 128), (128, 128)]",1.1436700000000002,matmul_linear_299,1.9544016999999996,-41.48234725747525
matmul,linear,"[(630, 128), (128, 128)]",1.14439,matmul_linear_300,1.9524195999999996,-41.38606270906109
matmul,linear,"[(632, 128), (128, 128)]",1.14511,matmul_linear_301,1.9860357999999998,-42.34192555844159
matmul,linear,"[(634, 128), (128, 128)]",1.1458300000000001,matmul_linear_302,1.9238837999999998,-40.441829179080344
matmul,linear,"[(636, 128), (128, 128)]",1.14655,matmul_linear_303,2.0327053,-43.5948732952091
matmul,linear,"[(638, 128), (128, 128)]",1.14727,matmul_linear_304,1.9454464000000002,-41.0279306589994
matmul,linear,"[(640, 128), (128, 128)]",1.14799,matmul_linear_305,1.9589998000000002,-41.39917727403545
matmul,linear,"[(642, 128), (128, 128)]",1.1487100000000001,matmul_linear_306,2.0341069999999997,-43.52755287701186
matmul,linear,"[(644, 128), (128, 128)]",1.1494300000000002,matmul_linear_307,1.9858751,-42.119723440814575
matmul,linear,"[(646, 128), (128, 128)]",1.15015,matmul_linear_308,1.9657411,-41.490260339980686
matmul,linear,"[(648, 128), (128, 128)]",1.15087,matmul_linear_309,1.9829822,-41.96266612983212
matmul,linear,"[(650, 128), (128, 128)]",1.1515900000000001,matmul_linear_310,2.0395715,-43.53764994264726
matmul,linear,"[(652, 128), (128, 128)]",1.15231,matmul_linear_311,1.9824555000000004,-41.87460954356858
matmul,linear,"[(654, 128), (128, 128)]",1.15303,matmul_linear_312,2.0434285999999995,-43.573756381798695
matmul,linear,"[(656, 128), (128, 128)]",1.15375,matmul_linear_313,1.9397141000000002,-40.519584819226715
matmul,linear,"[(658, 128), (128, 128)]",1.15447,matmul_linear_314,1.9489913,-40.765769452126335
matmul,linear,"[(660, 128), (128, 128)]",1.1551900000000002,matmul_linear_315,1.9924107,-42.0204880449598
matmul,linear,"[(662, 128), (128, 128)]",1.15591,matmul_linear_316,1.9666965,-41.22580682886252
matmul,linear,"[(664, 128), (128, 128)]",1.15663,matmul_linear_317,2.0528570999999998,-43.657549276079656
matmul,linear,"[(666, 128), (128, 128)]",1.15735,matmul_linear_318,1.9998393,-42.12784997274531
matmul,linear,"[(668, 128), (128, 128)]",1.15807,matmul_linear_319,2.0067233,-42.29049914355407
matmul,linear,"[(670, 128), (128, 128)]",1.15879,matmul_linear_320,1.9851786,-41.627922041875735
matmul,linear,"[(672, 128), (128, 128)]",1.15951,matmul_linear_321,2.0052679,-42.17680340866176
matmul,linear,"[(674, 128), (128, 128)]",1.16023,matmul_linear_322,1.9909109,-41.723660260235654
matmul,linear,"[(676, 128), (128, 128)]",1.1609500000000001,matmul_linear_323,2.0258660999999996,-42.693645942345334
matmul,linear,"[(678, 128), (128, 128)]",1.16167,matmul_linear_324,2.0630355999999996,-43.69122859537663
matmul,linear,"[(680, 128), (128, 128)]",1.16239,matmul_linear_325,1.9908752,-41.61412026228465
matmul,linear,"[(682, 128), (128, 128)]",1.16311,matmul_linear_326,2.0201428,-42.42436722790091
matmul,linear,"[(684, 128), (128, 128)]",1.1638300000000001,matmul_linear_327,1.9984197,-41.762483626437415
matmul,linear,"[(686, 128), (128, 128)]",1.1645500000000002,matmul_linear_328,2.0169911000000003,-42.263007506577495
matmul,linear,"[(688, 128), (128, 128)]",1.16527,matmul_linear_329,1.9873928999999997,-41.36690334357136
matmul,linear,"[(690, 128), (128, 128)]",1.16599,matmul_linear_330,1.9942588999999997,-41.532666596097414
matmul,linear,"[(692, 128), (128, 128)]",1.1667100000000001,matmul_linear_331,2.0178573,-42.180747865570076
matmul,linear,"[(694, 128), (128, 128)]",1.16743,matmul_linear_332,2.0678571,-43.54397119607539
matmul,linear,"[(696, 128), (128, 128)]",1.16815,matmul_linear_333,2.0617054999999995,-43.34059835412961
matmul,linear,"[(698, 128), (128, 128)]",1.16887,matmul_linear_334,2.1017140000000003,-44.38491631116318
matmul,linear,"[(700, 128), (128, 128)]",1.1695900000000001,matmul_linear_335,2.0961252000000004,-44.202283336892286
matmul,linear,"[(702, 128), (128, 128)]",1.1703100000000002,matmul_linear_336,2.0821075,-43.79204724059637
matmul,linear,"[(704, 128), (128, 128)]",1.17103,matmul_linear_337,2.0378749000000007,-42.536708215013604
matmul,linear,"[(706, 128), (128, 128)]",1.17175,matmul_linear_338,2.0437231999999996,-42.66591483621656
matmul,linear,"[(708, 128), (128, 128)]",1.1724700000000001,matmul_linear_339,2.0112856999999997,-41.70544741604834
matmul,linear,"[(710, 128), (128, 128)]",1.17319,matmul_linear_340,2.0320182000000004,-42.264788770100594
matmul,linear,"[(712, 128), (128, 128)]",1.17391,matmul_linear_341,2.0862591999999998,-43.73134459994232
matmul,linear,"[(714, 128), (128, 128)]",1.17463,matmul_linear_342,2.0497413,-42.693743839771386
matmul,linear,"[(716, 128), (128, 128)]",1.1753500000000001,matmul_linear_343,2.0755355,-43.371240819537896
matmul,linear,"[(718, 128), (128, 128)]",1.1760700000000002,matmul_linear_344,2.0853035,-43.601974484769244
matmul,linear,"[(720, 128), (128, 128)]",1.17679,matmul_linear_345,2.1191515,-44.46881216373629
matmul,linear,"[(722, 128), (128, 128)]",1.17751,matmul_linear_346,2.0575624,-42.771601969398354
matmul,linear,"[(724, 128), (128, 128)]",1.17823,matmul_linear_347,2.0908748000000004,-43.648945407922085
matmul,linear,"[(726, 128), (128, 128)]",1.17895,matmul_linear_348,2.0503215,-42.499261701152726
matmul,linear,"[(728, 128), (128, 128)]",1.17967,matmul_linear_349,2.0858480999999998,-43.44410793863656
matmul,linear,"[(730, 128), (128, 128)]",1.18039,matmul_linear_350,2.0785714,-43.211476882631985
matmul,linear,"[(732, 128), (128, 128)]",1.18111,matmul_linear_351,2.0255801,-41.69028418081319
matmul,linear,"[(734, 128), (128, 128)]",1.1818300000000002,matmul_linear_352,2.1741251999999998,-45.64112499132983
matmul,linear,"[(736, 128), (128, 128)]",1.18255,matmul_linear_353,2.0577049999999995,-42.53063485776628
matmul,linear,"[(738, 128), (128, 128)]",1.18327,matmul_linear_354,2.1024197,-43.718659028927476
matmul,linear,"[(740, 128), (128, 128)]",1.18399,matmul_linear_355,2.1018126,-43.66814624672057
matmul,linear,"[(742, 128), (128, 128)]",1.18471,matmul_linear_356,2.0834373,-43.136757703243575
matmul,linear,"[(744, 128), (128, 128)]",1.18543,matmul_linear_357,2.1578659,-45.06470490126379
matmul,linear,"[(746, 128), (128, 128)]",1.18615,matmul_linear_358,2.0924104999999997,-43.31179278635812
matmul,linear,"[(748, 128), (128, 128)]",1.18687,matmul_linear_359,2.0741429,-42.777809571365594
matmul,linear,"[(750, 128), (128, 128)]",1.1875900000000001,matmul_linear_360,2.1021250999999994,-43.505265219467645
matmul,linear,"[(752, 128), (128, 128)]",1.18831,matmul_linear_361,2.0778661000000005,-42.81104061517729
matmul,linear,"[(754, 128), (128, 128)]",1.18903,matmul_linear_362,2.0892589999999998,-43.0884347034044
matmul,linear,"[(756, 128), (128, 128)]",1.18975,matmul_linear_363,2.0928481000000003,-43.151631501588675
matmul,linear,"[(758, 128), (128, 128)]",1.1904700000000001,matmul_linear_364,2.0765444000000004,-42.67062144204574
matmul,linear,"[(760, 128), (128, 128)]",1.1911900000000002,matmul_linear_365,2.1217232000000004,-43.85742683117195
matmul,linear,"[(762, 128), (128, 128)]",1.19191,matmul_linear_366,2.1398482999999997,-44.299322526741726
matmul,linear,"[(764, 128), (128, 128)]",1.19263,matmul_linear_367,2.1029819000000005,-43.288622693328946
matmul,linear,"[(766, 128), (128, 128)]",1.1933500000000001,matmul_linear_368,2.1253751,-43.852264007421546
matmul,linear,"[(768, 128), (128, 128)]",1.19407,matmul_linear_369,2.1217055,-43.721218613987666
matmul,linear,"[(770, 128), (128, 128)]",1.19479,matmul_linear_370,2.1964198999999995,-45.602842152358924
matmul,linear,"[(772, 128), (128, 128)]",1.19551,matmul_linear_371,2.1255713999999997,-43.75582960892303
matmul,linear,"[(774, 128), (128, 128)]",1.1962300000000001,matmul_linear_372,2.1602857,-44.62630567799435
matmul,linear,"[(776, 128), (128, 128)]",1.1969500000000002,matmul_linear_373,2.1174285,-43.471526901616734
matmul,linear,"[(778, 128), (128, 128)]",1.19767,matmul_linear_374,2.1294553,-43.75697860387114
matmul,linear,"[(780, 128), (128, 128)]",1.19839,matmul_linear_375,2.1207141999999997,-43.4912068773812
matmul,linear,"[(782, 128), (128, 128)]",1.1991100000000001,matmul_linear_376,2.1885982999999998,-45.2110512925099
matmul,linear,"[(784, 128), (128, 128)]",1.19983,matmul_linear_377,2.1781782,-44.91589347464776
matmul,linear,"[(786, 128), (128, 128)]",1.20055,matmul_linear_378,2.1748306,-44.79799943958854
matmul,linear,"[(788, 128), (128, 128)]",1.20127,matmul_linear_379,2.1599820999999997,-44.385187266135205
matmul,linear,"[(790, 128), (128, 128)]",1.2019900000000001,matmul_linear_380,2.2394464,-46.326467112586386
matmul,linear,"[(792, 128), (128, 128)]",1.2027100000000002,matmul_linear_381,2.1454286,-43.940805114651674
matmul,linear,"[(794, 128), (128, 128)]",1.20343,matmul_linear_382,2.1291606,-43.47866478461043
matmul,linear,"[(796, 128), (128, 128)]",1.20415,matmul_linear_383,2.1685801000000007,-44.47288343188247
matmul,linear,"[(798, 128), (128, 128)]",1.20487,matmul_linear_384,2.1661517,-44.377395175047056
matmul,linear,"[(800, 128), (128, 128)]",1.20559,matmul_linear_385,2.1761248999999996,-44.59922773734172
matmul,linear,"[(802, 128), (128, 128)]",1.20631,matmul_linear_386,2.218268,-45.61928495565009
matmul,linear,"[(804, 128), (128, 128)]",1.20703,matmul_linear_387,2.2259910999999994,-45.775614287047226
matmul,linear,"[(806, 128), (128, 128)]",1.20775,matmul_linear_388,2.1692769000000003,-44.324765547450404
matmul,linear,"[(808, 128), (128, 128)]",1.2084700000000002,matmul_linear_389,2.2105624,-45.33201143745139
matmul,linear,"[(810, 128), (128, 128)]",1.20919,matmul_linear_390,2.2610089,-46.51989207118999
matmul,linear,"[(812, 128), (128, 128)]",1.20991,matmul_linear_391,2.1683034,-44.200152063590366
matmul,linear,"[(814, 128), (128, 128)]",1.21063,matmul_linear_392,2.1827233,-44.53580075862112
matmul,linear,"[(816, 128), (128, 128)]",1.2113500000000001,matmul_linear_393,2.1720001000000004,-44.228823930532975
matmul,linear,"[(818, 128), (128, 128)]",1.2120700000000002,matmul_linear_394,2.1968483,-44.82686856438835
matmul,linear,"[(820, 128), (128, 128)]",1.21279,matmul_linear_395,2.1981426999999996,-44.82660293164769
matmul,linear,"[(822, 128), (128, 128)]",1.21351,matmul_linear_396,2.2385895000000007,-45.7913118952805
matmul,linear,"[(824, 128), (128, 128)]",1.2142300000000001,matmul_linear_397,2.1744462999999996,-44.15911765675702
matmul,linear,"[(826, 128), (128, 128)]",1.21495,matmul_linear_398,2.1660177,-43.908583941857906
matmul,linear,"[(828, 128), (128, 128)]",1.21567,matmul_linear_399,2.1794464000000002,-44.221156345024134
matmul,linear,"[(830, 128), (128, 128)]",1.21639,matmul_linear_400,2.203026499999999,-44.78550303412144
matmul,linear,"[(832, 128), (128, 128)]",1.2171100000000001,matmul_linear_401,2.2404553999999997,-45.67577645151962
matmul,linear,"[(834, 128), (128, 128)]",1.2178300000000002,matmul_linear_402,2.1811160000000003,-44.16482204522822
matmul,linear,"[(836, 128), (128, 128)]",1.21855,matmul_linear_403,2.2104375,-44.872904119659566
matmul,linear,"[(838, 128), (128, 128)]",1.21927,matmul_linear_404,2.2301518000000007,-45.32793686958889
matmul,linear,"[(840, 128), (128, 128)]",1.2199900000000001,matmul_linear_405,2.2335892,-45.3798397664172
matmul,linear,"[(842, 128), (128, 128)]",1.22071,matmul_linear_406,2.2217411,-45.05615438270463
matmul,linear,"[(844, 128), (128, 128)]",1.22143,matmul_linear_407,2.2026874999999997,-44.5481939675964
matmul,linear,"[(846, 128), (128, 128)]",1.22215,matmul_linear_408,2.2231697,-45.026688695874185
matmul,linear,"[(848, 128), (128, 128)]",1.2228700000000001,matmul_linear_409,2.2378568999999997,-45.35530846498718
matmul,linear,"[(850, 128), (128, 128)]",1.2235900000000002,matmul_linear_410,2.2450091,-45.497325601040984
matmul,linear,"[(852, 128), (128, 128)]",1.22431,matmul_linear_411,2.2401606000000003,-45.34722198042409
matmul,linear,"[(854, 128), (128, 128)]",1.22503,matmul_linear_412,2.2879908,-46.458263730780736
matmul,linear,"[(856, 128), (128, 128)]",1.2257500000000001,matmul_linear_413,2.2491252,-45.50103302386189
matmul,linear,"[(858, 128), (128, 128)]",1.22647,matmul_linear_414,2.2062677,-44.40973776663639
matmul,linear,"[(860, 128), (128, 128)]",1.22719,matmul_linear_415,2.2882945,-46.37097628823563
matmul,linear,"[(862, 128), (128, 128)]",1.22791,matmul_linear_416,2.2099911000000003,-44.43823778294854
matmul,linear,"[(864, 128), (128, 128)]",1.22863,matmul_linear_417,2.2335447,-44.99192248088878
matmul,linear,"[(866, 128), (128, 128)]",1.2293500000000002,matmul_linear_418,2.2388215,-45.08941422976328
matmul,linear,"[(868, 128), (128, 128)]",1.23007,matmul_linear_419,2.2713037,-45.842997570073955
matmul,linear,"[(870, 128), (128, 128)]",1.23079,matmul_linear_420,2.2532679,-45.37755586009102
matmul,linear,"[(872, 128), (128, 128)]",1.23151,matmul_linear_421,2.3514469,-47.6275649686157
matmul,linear,"[(874, 128), (128, 128)]",1.23223,matmul_linear_422,2.2497056,-45.2270554867268
matmul,linear,"[(876, 128), (128, 128)]",1.23295,matmul_linear_423,2.2694197,-45.671133462003525
matmul,linear,"[(878, 128), (128, 128)]",1.23367,matmul_linear_424,2.2426964000000003,-44.99166271457876
matmul,linear,"[(880, 128), (128, 128)]",1.23439,matmul_linear_425,2.2714554,-45.656428032881465
matmul,linear,"[(882, 128), (128, 128)]",1.2351100000000002,matmul_linear_426,2.2394107,-44.84665095152041
matmul,linear,"[(884, 128), (128, 128)]",1.23583,matmul_linear_427,2.3369822000000005,-47.11855314944206
matmul,linear,"[(886, 128), (128, 128)]",1.23655,matmul_linear_428,2.2591430999999997,-45.26464481156594
matmul,linear,"[(888, 128), (128, 128)]",1.23727,matmul_linear_429,2.2513925,-45.044233735343795
matmul,linear,"[(890, 128), (128, 128)]",1.2379900000000001,matmul_linear_430,2.237875,-44.680109478858284
matmul,linear,"[(892, 128), (128, 128)]",1.2387100000000002,matmul_linear_431,2.2451425000000005,-44.827110083212986
matmul,linear,"[(894, 128), (128, 128)]",1.23943,matmul_linear_432,2.2812856,-45.66966976866026
matmul,linear,"[(896, 128), (128, 128)]",1.24015,matmul_linear_433,2.2627411000000004,-45.19258080387545
matmul,linear,"[(898, 128), (128, 128)]",1.2408700000000001,matmul_linear_434,2.2962856,-45.9618611900889
matmul,linear,"[(900, 128), (128, 128)]",1.24159,matmul_linear_435,2.3045358,-46.12407409769898
matmul,linear,"[(902, 128), (128, 128)]",1.24231,matmul_linear_436,2.3705982,-47.59508380627303
matmul,linear,"[(904, 128), (128, 128)]",1.24303,matmul_linear_437,2.2725625000000003,-45.302714446797395
matmul,linear,"[(906, 128), (128, 128)]",1.2437500000000001,matmul_linear_438,2.2694106999999994,-45.19502353628629
matmul,linear,"[(908, 128), (128, 128)]",1.2444700000000002,matmul_linear_439,2.2795537,-45.40729617380806
matmul,linear,"[(910, 128), (128, 128)]",1.24519,matmul_linear_440,2.2725801999999997,-45.20809430619874
matmul,linear,"[(912, 128), (128, 128)]",1.24591,matmul_linear_441,2.3284463999999994,-46.49178954688412
matmul,linear,"[(914, 128), (128, 128)]",1.2466300000000001,matmul_linear_442,2.3097234,-46.0268705767972
matmul,linear,"[(916, 128), (128, 128)]",1.24735,matmul_linear_443,2.3099822,-46.001748411741005
matmul,linear,"[(918, 128), (128, 128)]",1.24807,matmul_linear_444,2.4167052,-48.356547583875766
matmul,linear,"[(920, 128), (128, 128)]",1.24879,matmul_linear_445,2.3681607,-47.267514404744574
matmul,linear,"[(922, 128), (128, 128)]",1.2495100000000001,matmul_linear_446,2.3106696999999996,-45.92433526955409
matmul,linear,"[(924, 128), (128, 128)]",1.2502300000000002,matmul_linear_447,2.3178482000000002,-46.06074720510169
matmul,linear,"[(926, 128), (128, 128)]",1.25095,matmul_linear_448,2.3186874000000004,-46.049217328735224
matmul,linear,"[(928, 128), (128, 128)]",1.25167,matmul_linear_449,2.3501161999999995,-46.74008034155927
matmul,linear,"[(930, 128), (128, 128)]",1.2523900000000001,matmul_linear_450,2.3215983000000002,-46.05483644608113
matmul,linear,"[(932, 128), (128, 128)]",1.25311,matmul_linear_451,2.4075446,-47.950704630767795
matmul,linear,"[(934, 128), (128, 128)]",1.25383,matmul_linear_452,2.3399910999999998,-46.417317570139474
matmul,linear,"[(936, 128), (128, 128)]",1.25455,matmul_linear_453,2.4664198,-49.13477421807918
matmul,linear,"[(938, 128), (128, 128)]",1.25527,matmul_linear_454,2.3292948000000004,-46.109440505340935
matmul,linear,"[(940, 128), (128, 128)]",1.2559900000000002,matmul_linear_455,2.3377144,-46.27273545476726
matmul,linear,"[(942, 128), (128, 128)]",1.25671,matmul_linear_456,2.3404556,-46.3048989265167
matmul,linear,"[(944, 128), (128, 128)]",1.25743,matmul_linear_457,2.3105624000000002,-45.57905036453463
matmul,linear,"[(946, 128), (128, 128)]",1.25815,matmul_linear_458,2.3941518,-47.4490297565927
matmul,linear,"[(948, 128), (128, 128)]",1.25887,matmul_linear_459,2.3664465,-46.80336107323787
matmul,linear,"[(950, 128), (128, 128)]",1.2595900000000002,matmul_linear_460,2.3731341,-46.922931999502254
matmul,linear,"[(952, 128), (128, 128)]",1.26031,matmul_linear_461,2.38,-47.04579831932772
matmul,linear,"[(954, 128), (128, 128)]",1.26103,matmul_linear_462,2.4012503,-47.48444175103278
matmul,linear,"[(956, 128), (128, 128)]",1.2617500000000001,matmul_linear_463,2.3664195999999995,-46.681053520685836
matmul,linear,"[(958, 128), (128, 128)]",1.26247,matmul_linear_464,2.3174199,-45.52260468635831
matmul,linear,"[(960, 128), (128, 128)]",1.26319,matmul_linear_465,2.3406965,-46.03358444804783
matmul,linear,"[(962, 128), (128, 128)]",1.26391,matmul_linear_466,2.3982678,-47.29904642008703
matmul,linear,"[(964, 128), (128, 128)]",1.2646300000000001,matmul_linear_467,2.3975625,-47.25351268215113
matmul,linear,"[(966, 128), (128, 128)]",1.2653500000000002,matmul_linear_468,2.3802855999999997,-46.84041276391369
matmul,linear,"[(968, 128), (128, 128)]",1.26607,matmul_linear_469,2.4037232,-47.32879393101502
matmul,linear,"[(970, 128), (128, 128)]",1.26679,matmul_linear_470,2.4095806,-47.42695056558805
matmul,linear,"[(972, 128), (128, 128)]",1.2675100000000001,matmul_linear_471,2.3851697,-46.85870778921936
matmul,linear,"[(974, 128), (128, 128)]",1.26823,matmul_linear_472,2.4097321,-47.37049815620583
matmul,linear,"[(976, 128), (128, 128)]",1.26895,matmul_linear_473,2.3804198,-46.692175892672374
matmul,linear,"[(978, 128), (128, 128)]",1.26967,matmul_linear_474,2.5342768999999996,-49.900107600712445
matmul,linear,"[(980, 128), (128, 128)]",1.2703900000000001,matmul_linear_475,2.420009,-47.504740684848684
matmul,linear,"[(982, 128), (128, 128)]",1.2711100000000002,matmul_linear_476,2.3875892999999997,-46.761781852515405
matmul,linear,"[(984, 128), (128, 128)]",1.27183,matmul_linear_477,2.4114282000000005,-47.25822647342352
matmul,linear,"[(986, 128), (128, 128)]",1.27255,matmul_linear_478,2.5239465,-49.580943970088114
matmul,linear,"[(988, 128), (128, 128)]",1.2732700000000001,matmul_linear_479,2.4145626,-47.267053668436674
matmul,linear,"[(990, 128), (128, 128)]",1.27399,matmul_linear_480,2.3853929999999997,-46.59202907026221
matmul,linear,"[(992, 128), (128, 128)]",1.27471,matmul_linear_481,2.3730000999999996,-46.28276669689141
matmul,linear,"[(994, 128), (128, 128)]",1.27543,matmul_linear_482,2.4453124,-47.84183812260552
matmul,linear,"[(996, 128), (128, 128)]",1.2761500000000001,matmul_linear_483,2.4417497999999997,-47.736250454489635
matmul,linear,"[(998, 128), (128, 128)]",1.2768700000000002,matmul_linear_484,2.4975801,-48.87571373586776
matmul,linear,"[(1000, 128), (128, 128)]",1.27759,matmul_linear_485,2.4257322,-47.33177883362393
matmul,linear,"[(1002, 128), (128, 128)]",1.27831,matmul_linear_486,2.4208571,-47.195974516628844
matmul,linear,"[(1004, 128), (128, 128)]",1.2790300000000001,matmul_linear_487,2.378741,-46.230800242649366
matmul,linear,"[(1006, 128), (128, 128)]",1.27975,matmul_linear_488,2.4012857999999997,-46.70563578895939
matmul,linear,"[(1008, 128), (128, 128)]",1.2804700000000002,matmul_linear_489,2.4348661,-47.4110711878571
matmul,linear,"[(1010, 128), (128, 128)]",1.28119,matmul_linear_490,2.4294375,-47.26392426230352
matmul,linear,"[(1012, 128), (128, 128)]",1.28191,matmul_linear_491,2.5495894,-49.72092369069309
matmul,linear,"[(1014, 128), (128, 128)]",1.2826300000000002,matmul_linear_492,2.4677230000000003,-48.02374496651367
matmul,linear,"[(1016, 128), (128, 128)]",1.28335,matmul_linear_493,2.4487232,-47.59105479949714
matmul,linear,"[(1018, 128), (128, 128)]",1.28407,matmul_linear_494,2.3997052999999995,-46.4905128142193
matmul,linear,"[(1020, 128), (128, 128)]",1.28479,matmul_linear_495,2.4725802999999997,-48.03849242024616
matmul,linear,"[(1022, 128), (128, 128)]",1.28551,matmul_linear_496,2.4758749,-48.0785559884306
matmul,linear,"[(1024, 128), (128, 128)]",30.00613862,matmul_linear_497,2.4505624999999998,1124.459225994032
matmul,linear,"[(32, 128), (128, 1024)]",30.00613862,matmul_linear_498,1.7058394,1659.0248308252233
matmul,linear,"[(34, 128), (128, 1024)]",30.00613862,matmul_linear_499,1.7608305000000002,1604.0901222462921
matmul,linear,"[(36, 128), (128, 1024)]",30.00613862,matmul_linear_500,1.7579820000000002,1606.8512999564273
matmul,linear,"[(38, 128), (128, 1024)]",30.00613862,matmul_linear_501,1.7679912000000002,1597.1882337423397
matmul,linear,"[(40, 128), (128, 1024)]",30.00613862,matmul_linear_502,1.7640000999999998,1601.0281700097412
matmul,linear,"[(42, 128), (128, 1024)]",30.00613862,matmul_linear_503,1.8442946,1526.971017537003
matmul,linear,"[(44, 128), (128, 1024)]",30.00613862,matmul_linear_504,1.8309911999999997,1538.7920717478055
matmul,linear,"[(46, 128), (128, 1024)]",30.00613862,matmul_linear_505,1.8197323000000005,1548.931473052382
matmul,linear,"[(48, 128), (128, 1024)]",30.00613862,matmul_linear_506,1.8314466000000003,1538.3845764326406
matmul,linear,"[(50, 128), (128, 1024)]",30.00613862,matmul_linear_507,1.8630267,1510.6123771602415
matmul,linear,"[(52, 128), (128, 1024)]",30.00613862,matmul_linear_508,1.8344197999999998,1535.7291073722604
matmul,linear,"[(54, 128), (128, 1024)]",30.00613862,matmul_linear_509,1.8692944,1505.2120318768407
matmul,linear,"[(56, 128), (128, 1024)]",30.00613862,matmul_linear_510,1.9188572000000004,1463.7504771068943
matmul,linear,"[(58, 128), (128, 1024)]",30.00613862,matmul_linear_511,2.0221430000000002,1383.8781737987867
matmul,linear,"[(60, 128), (128, 1024)]",30.00613862,matmul_linear_512,1.9034288,1476.4255862893324
matmul,linear,"[(62, 128), (128, 1024)]",30.00613862,matmul_linear_513,1.9388573,1447.619756234768
matmul,linear,"[(64, 128), (128, 1024)]",30.00613862,matmul_linear_514,1.9069911999999998,1473.4807071999078
matmul,linear,"[(66, 128), (128, 1024)]",30.00613862,matmul_linear_515,1.9528482000000005,1436.5320571255868
matmul,linear,"[(68, 128), (128, 1024)]",30.00613862,matmul_linear_516,1.9648929,1427.1131887137465
matmul,linear,"[(70, 128), (128, 1024)]",30.00613862,matmul_linear_517,1.9922857999999999,1406.1161716858096
matmul,linear,"[(72, 128), (128, 1024)]",30.00613862,matmul_linear_518,1.9682769999999998,1424.4875909234322
matmul,linear,"[(74, 128), (128, 1024)]",30.00613862,matmul_linear_519,2.0983925999999995,1329.9582747289523
matmul,linear,"[(76, 128), (128, 1024)]",30.00613862,matmul_linear_520,2.0468481,1365.9680227370072
matmul,linear,"[(78, 128), (128, 1024)]",30.00613862,matmul_linear_521,2.0414464,1369.8469976973192
matmul,linear,"[(80, 128), (128, 1024)]",30.00613862,matmul_linear_522,2.0444018,1367.7221777049892
matmul,linear,"[(82, 128), (128, 1024)]",30.00613862,matmul_linear_523,2.1631609999999997,1287.143103079244
matmul,linear,"[(84, 128), (128, 1024)]",30.00613862,matmul_linear_524,2.0832945,1340.3215013527852
matmul,linear,"[(86, 128), (128, 1024)]",30.00613862,matmul_linear_525,2.1030091000000004,1326.8192477150953
matmul,linear,"[(88, 128), (128, 1024)]",30.00613862,matmul_linear_526,2.0908303999999998,1335.1302056828715
matmul,linear,"[(90, 128), (128, 1024)]",30.00613862,matmul_linear_527,2.2292857,1245.9978960973913
matmul,linear,"[(92, 128), (128, 1024)]",30.00613862,matmul_linear_528,2.1832948,1274.351215419924
matmul,linear,"[(94, 128), (128, 1024)]",30.00613862,matmul_linear_529,2.1402945000000004,1301.9630765766112
matmul,linear,"[(96, 128), (128, 1024)]",30.00613862,matmul_linear_530,2.1712857,1281.9525739979777
matmul,linear,"[(98, 128), (128, 1024)]",30.00613862,matmul_linear_531,2.2155715000000002,1254.3295091131113
matmul,linear,"[(100, 128), (128, 1024)]",30.00613862,matmul_linear_532,2.189152,1270.674061006271
matmul,linear,"[(102, 128), (128, 1024)]",30.00613862,matmul_linear_533,2.2801429000000004,1215.9762320159844
matmul,linear,"[(104, 128), (128, 1024)]",30.00613862,matmul_linear_534,2.2355714,1242.2133875929885
matmul,linear,"[(106, 128), (128, 1024)]",30.00613862,matmul_linear_535,2.3671429,1167.6099368567905
matmul,linear,"[(108, 128), (128, 1024)]",30.00613862,matmul_linear_536,2.3005805,1204.285532281961
matmul,linear,"[(110, 128), (128, 1024)]",30.00613862,matmul_linear_537,2.2559820999999998,1230.0698892956643
matmul,linear,"[(112, 128), (128, 1024)]",30.00613862,matmul_linear_538,2.2650177,1224.7639795485925
matmul,linear,"[(114, 128), (128, 1024)]",30.00613862,matmul_linear_539,2.3741785,1163.8535232291927
matmul,linear,"[(116, 128), (128, 1024)]",30.00613862,matmul_linear_540,2.4548572,1122.3170708259527
matmul,linear,"[(118, 128), (128, 1024)]",30.00613862,matmul_linear_541,2.3263124,1189.8585168526806
matmul,linear,"[(120, 128), (128, 1024)]",30.00613862,matmul_linear_542,2.3115805,1198.0788953705055
matmul,linear,"[(122, 128), (128, 1024)]",30.00613862,matmul_linear_543,2.4769822,1111.3990411396576
matmul,linear,"[(124, 128), (128, 1024)]",30.00613862,matmul_linear_544,2.4075266999999996,1146.3470756108336
matmul,linear,"[(126, 128), (128, 1024)]",30.00613862,matmul_linear_545,2.391902,1154.4886295508763
matmul,linear,"[(128, 128), (128, 1024)]",30.00613862,matmul_linear_546,2.3894287,1155.7871519664932
matmul,linear,"[(130, 128), (128, 1024)]",30.29053024,matmul_linear_547,2.4928394999999997,1115.101503325826
matmul,linear,"[(132, 128), (128, 1024)]",30.29053024,matmul_linear_548,2.4565801,1133.0365388859088
matmul,linear,"[(134, 128), (128, 1024)]",30.29053024,matmul_linear_549,2.4823304,1120.245711046362
matmul,linear,"[(136, 128), (128, 1024)]",30.29053024,matmul_linear_550,2.4644465,1129.100742905151
matmul,linear,"[(138, 128), (128, 1024)]",30.29053024,matmul_linear_551,2.5099998999999995,1106.794081545581
matmul,linear,"[(140, 128), (128, 1024)]",30.29053024,matmul_linear_552,2.6094375,1060.8068880745373
matmul,linear,"[(142, 128), (128, 1024)]",30.29053024,matmul_linear_553,2.5741339,1076.727063032735
matmul,linear,"[(144, 128), (128, 1024)]",30.29053024,matmul_linear_554,2.5429823,1091.1420004771564
matmul,linear,"[(146, 128), (128, 1024)]",30.29053024,matmul_linear_555,2.5805626,1073.7955994557155
matmul,linear,"[(148, 128), (128, 1024)]",30.29053024,matmul_linear_556,2.6301609,1051.6607307180334
matmul,linear,"[(150, 128), (128, 1024)]",30.29053024,matmul_linear_557,2.7680089000000003,994.3075450371563
matmul,linear,"[(152, 128), (128, 1024)]",30.29053024,matmul_linear_558,2.6050088,1062.780342239151
matmul,linear,"[(154, 128), (128, 1024)]",30.29053024,matmul_linear_559,2.6728573,1033.264025730068
matmul,linear,"[(156, 128), (128, 1024)]",30.29053024,matmul_linear_560,2.6739911000000003,1032.7835100124303
matmul,linear,"[(158, 128), (128, 1024)]",30.29053024,matmul_linear_561,2.6522945,1042.0500340365672
matmul,linear,"[(160, 128), (128, 1024)]",30.29053024,matmul_linear_562,2.6538394000000003,1041.3852036411847
matmul,linear,"[(162, 128), (128, 1024)]",30.29053024,matmul_linear_563,2.7208839,1013.260666506204
matmul,linear,"[(164, 128), (128, 1024)]",30.29053024,matmul_linear_564,2.7211249,1013.1620691134023
matmul,linear,"[(166, 128), (128, 1024)]",30.29053024,matmul_linear_565,2.7278569999999998,1010.4148875839167
matmul,linear,"[(168, 128), (128, 1024)]",30.29053024,matmul_linear_566,2.7597232,997.593057158776
matmul,linear,"[(170, 128), (128, 1024)]",30.29053024,matmul_linear_567,2.898,945.2218854382332
matmul,linear,"[(172, 128), (128, 1024)]",30.29053024,matmul_linear_568,2.8021517,980.9739615453367
matmul,linear,"[(174, 128), (128, 1024)]",30.29053024,matmul_linear_569,2.8061517,979.4330983602916
matmul,linear,"[(176, 128), (128, 1024)]",30.29053024,matmul_linear_570,2.7962768999999996,983.2450191180997
matmul,linear,"[(178, 128), (128, 1024)]",30.29053024,matmul_linear_571,2.8595892,959.2615974350442
matmul,linear,"[(180, 128), (128, 1024)]",30.29053024,matmul_linear_572,2.8201428,974.0778885381264
matmul,linear,"[(182, 128), (128, 1024)]",30.29053024,matmul_linear_573,2.8441248,965.0211355001018
matmul,linear,"[(184, 128), (128, 1024)]",30.29053024,matmul_linear_574,2.9297321,933.9010259675279
matmul,linear,"[(186, 128), (128, 1024)]",30.29053024,matmul_linear_575,2.9261336,935.1724965668006
matmul,linear,"[(188, 128), (128, 1024)]",30.29053024,matmul_linear_576,2.926268,935.1249523283581
matmul,linear,"[(190, 128), (128, 1024)]",30.29053024,matmul_linear_577,2.9468482000000003,927.8958461450438
matmul,linear,"[(192, 128), (128, 1024)]",30.29053024,matmul_linear_578,2.9619912,922.6407911002572
matmul,linear,"[(194, 128), (128, 1024)]",30.29053024,matmul_linear_579,3.0177142,903.757421428444
matmul,linear,"[(196, 128), (128, 1024)]",30.29053024,matmul_linear_580,3.0422859,895.6503509417047
matmul,linear,"[(198, 128), (128, 1024)]",30.29053024,matmul_linear_581,3.0435624999999997,895.2327326940058
matmul,linear,"[(200, 128), (128, 1024)]",30.29053024,matmul_linear_582,3.0072679,907.244158061209
matmul,linear,"[(202, 128), (128, 1024)]",30.29053024,matmul_linear_583,2.8887232000000003,948.5784944711904
matmul,linear,"[(204, 128), (128, 1024)]",30.29053024,matmul_linear_584,2.9467588000000005,927.927030878808
matmul,linear,"[(206, 128), (128, 1024)]",30.29053024,matmul_linear_585,2.9373037,931.2358997811496
matmul,linear,"[(208, 128), (128, 1024)]",30.29053024,matmul_linear_586,2.9133125,939.7281527470877
matmul,linear,"[(210, 128), (128, 1024)]",30.29053024,matmul_linear_587,3.1217231,870.3144471718199
matmul,linear,"[(212, 128), (128, 1024)]",30.29053024,matmul_linear_588,3.0875717,881.0470228108386
matmul,linear,"[(214, 128), (128, 1024)]",30.29053024,matmul_linear_589,3.1238303,869.6599152649235
matmul,linear,"[(216, 128), (128, 1024)]",30.29053024,matmul_linear_590,3.1102768,873.8853545124986
matmul,linear,"[(218, 128), (128, 1024)]",30.29053024,matmul_linear_591,3.0444196,894.9525433353535
matmul,linear,"[(220, 128), (128, 1024)]",30.29053024,matmul_linear_592,3.027554,900.495127089393
matmul,linear,"[(222, 128), (128, 1024)]",30.29053024,matmul_linear_593,3.0465449,894.2584545528938
matmul,linear,"[(224, 128), (128, 1024)]",30.29053024,matmul_linear_594,3.0267144,900.7726609421754
matmul,linear,"[(226, 128), (128, 1024)]",30.29053024,matmul_linear_595,3.2917409999999996,820.1978600381988
matmul,linear,"[(228, 128), (128, 1024)]",30.29053024,matmul_linear_596,3.2978570000000005,818.491318453165
matmul,linear,"[(230, 128), (128, 1024)]",30.29053024,matmul_linear_597,3.2682679,826.8068336748036
matmul,linear,"[(232, 128), (128, 1024)]",30.29053024,matmul_linear_598,3.2347411,836.4128164692994
matmul,linear,"[(234, 128), (128, 1024)]",30.29053024,matmul_linear_599,3.1623037,857.862783387946
matmul,linear,"[(236, 128), (128, 1024)]",30.29053024,matmul_linear_600,3.1262678,868.9038872485588
matmul,linear,"[(238, 128), (128, 1024)]",30.29053024,matmul_linear_601,3.1495801,861.7323350499959
matmul,linear,"[(240, 128), (128, 1024)]",30.29053024,matmul_linear_602,3.1214017000000003,870.4143571139848
matmul,linear,"[(242, 128), (128, 1024)]",30.29053024,matmul_linear_603,3.403116,790.0822140649922
matmul,linear,"[(244, 128), (128, 1024)]",30.29053024,matmul_linear_604,3.4555982,776.5640125637292
matmul,linear,"[(246, 128), (128, 1024)]",30.29053024,matmul_linear_605,3.3429909,806.0907177461954
matmul,linear,"[(248, 128), (128, 1024)]",30.29053024,matmul_linear_606,3.464125,774.4063866055641
matmul,linear,"[(250, 128), (128, 1024)]",30.29053024,matmul_linear_607,3.2991337,818.135880337314
matmul,linear,"[(252, 128), (128, 1024)]",30.29053024,matmul_linear_608,3.2571518,829.9698663108056
matmul,linear,"[(254, 128), (128, 1024)]",30.29053024,matmul_linear_609,3.2947144,819.3674037421877
matmul,linear,"[(256, 128), (128, 1024)]",30.29053024,matmul_linear_610,3.2628571,828.3437586034643
matmul,linear,"[(258, 128), (128, 1024)]",30.57492186,matmul_linear_611,3.5113213,770.7526098508844
matmul,linear,"[(260, 128), (128, 1024)]",30.57492186,matmul_linear_612,3.501848,773.108194873107
matmul,linear,"[(262, 128), (128, 1024)]",30.57492186,matmul_linear_613,3.5609642,758.6135704481387
matmul,linear,"[(264, 128), (128, 1024)]",30.57492186,matmul_linear_614,3.5591515,759.0508681633811
matmul,linear,"[(266, 128), (128, 1024)]",30.57492186,matmul_linear_615,3.400991,799.0003754787944
matmul,linear,"[(268, 128), (128, 1024)]",30.57492186,matmul_linear_616,3.3914643999999994,801.5256613043028
matmul,linear,"[(270, 128), (128, 1024)]",30.57492186,matmul_linear_617,3.4048752,797.9748174029991
matmul,linear,"[(272, 128), (128, 1024)]",30.57492186,matmul_linear_618,3.4183034,794.4472822394875
matmul,linear,"[(274, 128), (128, 1024)]",30.57492186,matmul_linear_619,3.6932766999999997,727.8535388372067
matmul,linear,"[(276, 128), (128, 1024)]",30.57492186,matmul_linear_620,3.6578482,735.871807364778
matmul,linear,"[(278, 128), (128, 1024)]",30.57492186,matmul_linear_621,3.6381697,740.3929552818826
matmul,linear,"[(280, 128), (128, 1024)]",30.57492186,matmul_linear_622,3.6194197000000004,744.7465172386611
matmul,linear,"[(282, 128), (128, 1024)]",30.57492186,matmul_linear_623,3.4949733000000003,774.8256205562428
matmul,linear,"[(284, 128), (128, 1024)]",30.57492186,matmul_linear_624,3.5104464,770.9696254014874
matmul,linear,"[(286, 128), (128, 1024)]",30.57492186,matmul_linear_625,3.5202947,768.5330196929251
matmul,linear,"[(288, 128), (128, 1024)]",30.57492186,matmul_linear_626,3.5127052999999995,770.4095347822092
matmul,linear,"[(290, 128), (128, 1024)]",30.57492186,matmul_linear_627,3.7725891999999996,710.449276056879
matmul,linear,"[(292, 128), (128, 1024)]",30.57492186,matmul_linear_628,3.8098575000000006,702.5214029658589
matmul,linear,"[(294, 128), (128, 1024)]",30.57492186,matmul_linear_629,3.7883035000000005,707.087443231515
matmul,linear,"[(296, 128), (128, 1024)]",30.57492186,matmul_linear_630,3.7767232000000006,709.5621585399745
matmul,linear,"[(298, 128), (128, 1024)]",30.57492186,matmul_linear_631,3.6685623000000005,733.4306292140656
matmul,linear,"[(300, 128), (128, 1024)]",30.57492186,matmul_linear_632,3.6137052999999995,746.082326082318
matmul,linear,"[(302, 128), (128, 1024)]",30.57492186,matmul_linear_633,3.6009909,749.0696785709733
matmul,linear,"[(304, 128), (128, 1024)]",30.57492186,matmul_linear_634,3.6385892999999996,740.2960416554845
matmul,linear,"[(306, 128), (128, 1024)]",30.57492186,matmul_linear_635,3.9868660000000005,666.8911335369685
matmul,linear,"[(308, 128), (128, 1024)]",30.57492186,matmul_linear_636,3.9131158,681.3446732141175
matmul,linear,"[(310, 128), (128, 1024)]",30.57492186,matmul_linear_637,3.9708662000000006,669.9811658222077
matmul,linear,"[(312, 128), (128, 1024)]",30.57492186,matmul_linear_638,3.924732,679.0320934015367
matmul,linear,"[(314, 128), (128, 1024)]",30.57492186,matmul_linear_639,3.7152767999999994,722.9513844029066
matmul,linear,"[(316, 128), (128, 1024)]",30.57492186,matmul_linear_640,3.7372588,718.1109068496942
matmul,linear,"[(318, 128), (128, 1024)]",30.57492186,matmul_linear_641,3.7268484,720.3961787122867
matmul,linear,"[(320, 128), (128, 1024)]",30.57492186,matmul_linear_642,3.7497321999999995,715.3894792806805
matmul,linear,"[(322, 128), (128, 1024)]",30.57492186,matmul_linear_643,4.0515983,654.6385301820271
matmul,linear,"[(324, 128), (128, 1024)]",30.57492186,matmul_linear_644,4.1063035,644.5850473546342
matmul,linear,"[(326, 128), (128, 1024)]",30.57492186,matmul_linear_645,4.0538395,654.22132178642
matmul,linear,"[(328, 128), (128, 1024)]",30.57492186,matmul_linear_646,4.042125100000001,656.4071151583111
matmul,linear,"[(330, 128), (128, 1024)]",30.57492186,matmul_linear_647,3.866687700000001,690.7264364794703
matmul,linear,"[(332, 128), (128, 1024)]",30.57492186,matmul_linear_648,3.8238482000000005,699.5851367739963
matmul,linear,"[(334, 128), (128, 1024)]",30.57492186,matmul_linear_649,3.8461518,694.9483912725442
matmul,linear,"[(336, 128), (128, 1024)]",30.57492186,matmul_linear_650,3.8517056,693.8021498839372
matmul,linear,"[(338, 128), (128, 1024)]",30.57492186,matmul_linear_651,4.1354374,639.3394918757566
matmul,linear,"[(340, 128), (128, 1024)]",30.57492186,matmul_linear_652,4.1202678,642.0615198847026
matmul,linear,"[(342, 128), (128, 1024)]",30.57492186,matmul_linear_653,4.202973300000001,627.4593407481317
matmul,linear,"[(344, 128), (128, 1024)]",30.57492186,matmul_linear_654,4.1531429,636.1875715858465
matmul,linear,"[(346, 128), (128, 1024)]",30.57492186,matmul_linear_655,3.9552765,673.0160422412946
matmul,linear,"[(348, 128), (128, 1024)]",30.57492186,matmul_linear_656,3.9698927000000004,670.1699811685086
matmul,linear,"[(350, 128), (128, 1024)]",30.57492186,matmul_linear_657,3.9691160000000005,670.3206925673121
matmul,linear,"[(352, 128), (128, 1024)]",30.57492186,matmul_linear_658,3.967991,670.539092956612
matmul,linear,"[(354, 128), (128, 1024)]",30.57492186,matmul_linear_659,4.2729557,615.5450233195725
matmul,linear,"[(356, 128), (128, 1024)]",30.57492186,matmul_linear_660,4.325580199999999,606.8397867180917
matmul,linear,"[(358, 128), (128, 1024)]",30.57492186,matmul_linear_661,4.252008999999999,619.0700174905558
matmul,linear,"[(360, 128), (128, 1024)]",30.57492186,matmul_linear_662,4.3364465999999995,605.06856604668
matmul,linear,"[(362, 128), (128, 1024)]",30.57492186,matmul_linear_663,4.073866000000001,650.5136855262298
matmul,linear,"[(364, 128), (128, 1024)]",30.57492186,matmul_linear_664,4.1197053000000015,642.1628401429584
matmul,linear,"[(366, 128), (128, 1024)]",30.57492186,matmul_linear_665,4.1015894,645.4408249640982
matmul,linear,"[(368, 128), (128, 1024)]",30.57492186,matmul_linear_666,4.093142899999999,646.9790966740986
matmul,linear,"[(370, 128), (128, 1024)]",30.57492186,matmul_linear_667,4.4591965,585.6598909691465
matmul,linear,"[(372, 128), (128, 1024)]",30.57492186,matmul_linear_668,4.423276899999999,591.2278510079259
matmul,linear,"[(374, 128), (128, 1024)]",30.57492186,matmul_linear_669,4.415580199999999,592.4327149578215
matmul,linear,"[(376, 128), (128, 1024)]",30.57492186,matmul_linear_670,4.4421161,588.2963248078996
matmul,linear,"[(378, 128), (128, 1024)]",30.57492186,matmul_linear_671,4.253455300000001,618.8255125191981
matmul,linear,"[(380, 128), (128, 1024)]",30.57492186,matmul_linear_672,4.217285499999999,624.9905622941583
matmul,linear,"[(382, 128), (128, 1024)]",30.57492186,matmul_linear_673,4.1964376,628.5923150626617
matmul,linear,"[(384, 128), (128, 1024)]",30.57492186,matmul_linear_674,4.217571399999999,624.9414167594176
matmul,linear,"[(386, 128), (128, 1024)]",30.85931348,matmul_linear_675,4.5196786,582.7767239909493
matmul,linear,"[(388, 128), (128, 1024)]",30.85931348,matmul_linear_676,4.525277,581.9320337738442
matmul,linear,"[(390, 128), (128, 1024)]",30.85931348,matmul_linear_677,4.582116,573.4729867161809
matmul,linear,"[(392, 128), (128, 1024)]",30.85931348,matmul_linear_678,4.554437500000001,577.5658570350344
matmul,linear,"[(394, 128), (128, 1024)]",30.85931348,matmul_linear_679,4.3084106,616.2574866935848
matmul,linear,"[(396, 128), (128, 1024)]",30.85931348,matmul_linear_680,4.3289912,612.8523033264655
matmul,linear,"[(398, 128), (128, 1024)]",30.85931348,matmul_linear_681,4.3051698,616.7966633975739
matmul,linear,"[(400, 128), (128, 1024)]",30.85931348,matmul_linear_682,4.3588572,607.9679848195073
matmul,linear,"[(402, 128), (128, 1024)]",30.85931348,matmul_linear_683,4.4240178,597.5404457007385
matmul,linear,"[(404, 128), (128, 1024)]",30.85931348,matmul_linear_684,4.4190179999999994,598.3296623820045
matmul,linear,"[(406, 128), (128, 1024)]",30.85931348,matmul_linear_685,4.4594554,591.9973564485026
matmul,linear,"[(408, 128), (128, 1024)]",30.85931348,matmul_linear_686,4.4664197,590.9183541349686
matmul,linear,"[(410, 128), (128, 1024)]",30.85931348,matmul_linear_687,4.4614553,591.6871604653306
matmul,linear,"[(412, 128), (128, 1024)]",30.85931348,matmul_linear_688,4.4514195999999995,593.246565208097
matmul,linear,"[(414, 128), (128, 1024)]",30.85931348,matmul_linear_689,4.4644374,591.2251357808266
matmul,linear,"[(416, 128), (128, 1024)]",30.85931348,matmul_linear_690,4.436723199999999,595.5429060798746
matmul,linear,"[(418, 128), (128, 1024)]",30.85931348,matmul_linear_691,4.5532679,577.7399036854389
matmul,linear,"[(420, 128), (128, 1024)]",30.85931348,matmul_linear_692,4.562009199999999,576.4412811793542
matmul,linear,"[(422, 128), (128, 1024)]",30.85931348,matmul_linear_693,4.5959821,571.4411154908546
matmul,linear,"[(424, 128), (128, 1024)]",30.85931348,matmul_linear_694,4.597133800000001,571.2729022592293
matmul,linear,"[(426, 128), (128, 1024)]",30.85931348,matmul_linear_695,4.5369823,580.1726663117024
matmul,linear,"[(428, 128), (128, 1024)]",30.85931348,matmul_linear_696,4.561580299999999,576.5048831870834
matmul,linear,"[(430, 128), (128, 1024)]",30.85931348,matmul_linear_697,4.5711518,575.0883547555783
matmul,linear,"[(432, 128), (128, 1024)]",30.85931348,matmul_linear_698,4.5555982,577.3932231336819
matmul,linear,"[(434, 128), (128, 1024)]",30.85931348,matmul_linear_699,4.6700091,560.7977162185831
matmul,linear,"[(436, 128), (128, 1024)]",30.85931348,matmul_linear_700,4.6831518999999995,558.9432531539284
matmul,linear,"[(438, 128), (128, 1024)]",30.85931348,matmul_linear_701,4.6674375999999995,561.1617792169307
matmul,linear,"[(440, 128), (128, 1024)]",30.85931348,matmul_linear_702,4.661571699999999,561.9937537376077
matmul,linear,"[(442, 128), (128, 1024)]",30.85931348,matmul_linear_703,4.699991,556.582395157778
matmul,linear,"[(444, 128), (128, 1024)]",30.85931348,matmul_linear_704,4.7158659,554.3721584619275
matmul,linear,"[(446, 128), (128, 1024)]",30.85931348,matmul_linear_705,4.6887232999999995,558.1602603847406
matmul,linear,"[(448, 128), (128, 1024)]",30.85931348,matmul_linear_706,4.6812945,559.2047024599714
matmul,linear,"[(450, 128), (128, 1024)]",30.85931348,matmul_linear_707,4.771285600000001,546.7714588286225
matmul,linear,"[(452, 128), (128, 1024)]",30.85931348,matmul_linear_708,4.769312599999999,547.0390194175992
matmul,linear,"[(454, 128), (128, 1024)]",30.85931348,matmul_linear_709,4.8154285,540.8425227370732
matmul,linear,"[(456, 128), (128, 1024)]",30.85931348,matmul_linear_710,4.8078571,541.8517197609722
matmul,linear,"[(458, 128), (128, 1024)]",30.85931348,matmul_linear_711,4.8135717,541.0897230428707
matmul,linear,"[(460, 128), (128, 1024)]",30.85931348,matmul_linear_712,4.8024283,542.5772869945815
matmul,linear,"[(462, 128), (128, 1024)]",30.85931348,matmul_linear_713,4.7863036,544.7420819690586
matmul,linear,"[(464, 128), (128, 1024)]",30.85931348,matmul_linear_714,4.8017143,542.6728362410066
matmul,linear,"[(466, 128), (128, 1024)]",30.85931348,matmul_linear_715,4.8978572,530.057435729241
matmul,linear,"[(468, 128), (128, 1024)]",30.85931348,matmul_linear_716,4.9021249,529.5089192851859
matmul,linear,"[(470, 128), (128, 1024)]",30.85931348,matmul_linear_717,4.8868303,531.4791303475384
matmul,linear,"[(472, 128), (128, 1024)]",30.85931348,matmul_linear_718,4.9125446,528.1737061481334
matmul,linear,"[(474, 128), (128, 1024)]",30.85931348,matmul_linear_719,4.927857299999999,526.2217349516189
matmul,linear,"[(476, 128), (128, 1024)]",30.85931348,matmul_linear_720,4.8818483,532.1235643475444
matmul,linear,"[(478, 128), (128, 1024)]",30.85931348,matmul_linear_721,4.9181429,527.4586588364482
matmul,linear,"[(480, 128), (128, 1024)]",30.85931348,matmul_linear_722,4.9004285,529.7268387856286
matmul,linear,"[(482, 128), (128, 1024)]",30.85931348,matmul_linear_723,5.0094644,516.0202172511697
matmul,linear,"[(484, 128), (128, 1024)]",30.85931348,matmul_linear_724,5.0406786000000015,512.2055367703863
matmul,linear,"[(486, 128), (128, 1024)]",30.85931348,matmul_linear_725,5.0382589,512.4995577341213
matmul,linear,"[(488, 128), (128, 1024)]",30.85931348,matmul_linear_726,5.0142949,515.4267767537965
matmul,linear,"[(490, 128), (128, 1024)]",30.85931348,matmul_linear_727,5.0230087,514.3591485318351
matmul,linear,"[(492, 128), (128, 1024)]",30.85931348,matmul_linear_728,5.0275536,513.8037688946768
matmul,linear,"[(494, 128), (128, 1024)]",30.85931348,matmul_linear_729,5.017151799999999,515.0763363388768
matmul,linear,"[(496, 128), (128, 1024)]",30.85931348,matmul_linear_730,5.0219732,514.4858256113354
matmul,linear,"[(498, 128), (128, 1024)]",30.85931348,matmul_linear_731,5.1907413,494.5068670634771
matmul,linear,"[(500, 128), (128, 1024)]",30.85931348,matmul_linear_732,5.13475,500.9895998831491
matmul,linear,"[(502, 128), (128, 1024)]",30.85931348,matmul_linear_733,5.1482589,499.4126185068121
matmul,linear,"[(504, 128), (128, 1024)]",30.85931348,matmul_linear_734,5.1479999,499.4427754359514
matmul,linear,"[(506, 128), (128, 1024)]",30.85931348,matmul_linear_735,5.170678700000001,496.81359586315034
matmul,linear,"[(508, 128), (128, 1024)]",30.85931348,matmul_linear_736,5.1455532999999996,499.72779759175756
matmul,linear,"[(510, 128), (128, 1024)]",30.85931348,matmul_linear_737,5.1804377,495.6893078745065
matmul,linear,"[(512, 128), (128, 1024)]",30.85931348,matmul_linear_738,5.1857410999999995,495.08010301555555
matmul,linear,"[(514, 128), (128, 1024)]",31.143705100000002,matmul_linear_739,5.2654643,491.47120416332524
matmul,linear,"[(516, 128), (128, 1024)]",31.143705100000002,matmul_linear_740,5.2617053,491.8937554332433
matmul,linear,"[(518, 128), (128, 1024)]",31.143705100000002,matmul_linear_741,5.2541789,492.74161943743485
matmul,linear,"[(520, 128), (128, 1024)]",31.143705100000002,matmul_linear_742,5.216598100000001,497.01177861487923
matmul,linear,"[(522, 128), (128, 1024)]",31.143705100000002,matmul_linear_743,5.297848200000001,487.8557467916879
matmul,linear,"[(524, 128), (128, 1024)]",31.143705100000002,matmul_linear_744,5.2887321,488.86902401428125
matmul,linear,"[(526, 128), (128, 1024)]",31.143705100000002,matmul_linear_745,5.2615713,491.90882959240713
matmul,linear,"[(528, 128), (128, 1024)]",31.143705100000002,matmul_linear_746,5.2578482,492.3279622260681
matmul,linear,"[(530, 128), (128, 1024)]",31.143705100000002,matmul_linear_747,5.4021518,476.5055528428505
matmul,linear,"[(532, 128), (128, 1024)]",31.143705100000002,matmul_linear_748,5.3954284999999995,477.22394245424636
matmul,linear,"[(534, 128), (128, 1024)]",31.143705100000002,matmul_linear_749,5.3437234,482.80907840402074
matmul,linear,"[(536, 128), (128, 1024)]",31.143705100000002,matmul_linear_750,5.3834285,478.51061084957297
matmul,linear,"[(538, 128), (128, 1024)]",31.143705100000002,matmul_linear_751,5.3889911,477.9134632454672
matmul,linear,"[(540, 128), (128, 1024)]",31.143705100000002,matmul_linear_752,5.4051162,476.18937220998146
matmul,linear,"[(542, 128), (128, 1024)]",31.143705100000002,matmul_linear_753,5.4397053,472.52559435526774
matmul,linear,"[(544, 128), (128, 1024)]",31.143705100000002,matmul_linear_754,5.4188217000000005,474.73205106564035
matmul,linear,"[(546, 128), (128, 1024)]",31.143705100000002,matmul_linear_755,5.4661517,469.7555942327762
matmul,linear,"[(548, 128), (128, 1024)]",31.143705100000002,matmul_linear_756,5.5202588,464.17110552860316
matmul,linear,"[(550, 128), (128, 1024)]",31.143705100000002,matmul_linear_757,5.512982200000001,464.915756484757
matmul,linear,"[(552, 128), (128, 1024)]",31.143705100000002,matmul_linear_758,5.538312400000001,462.3320399910991
matmul,linear,"[(554, 128), (128, 1024)]",31.143705100000002,matmul_linear_759,5.4652765,469.8468339159054
matmul,linear,"[(556, 128), (128, 1024)]",31.143705100000002,matmul_linear_760,5.469009,469.45792372987506
matmul,linear,"[(558, 128), (128, 1024)]",31.143705100000002,matmul_linear_761,5.4881339,467.4734922192769
matmul,linear,"[(560, 128), (128, 1024)]",31.143705100000002,matmul_linear_762,5.4962767999999995,466.6327631097474
matmul,linear,"[(562, 128), (128, 1024)]",31.143705100000002,matmul_linear_763,5.6118574,454.9625174011014
matmul,linear,"[(564, 128), (128, 1024)]",31.143705100000002,matmul_linear_764,5.610866199999999,455.0605555341884
matmul,linear,"[(566, 128), (128, 1024)]",31.143705100000002,matmul_linear_765,5.6162678999999995,454.52670090755475
matmul,linear,"[(568, 128), (128, 1024)]",31.143705100000002,matmul_linear_766,5.608821600000001,455.2628933678332
matmul,linear,"[(570, 128), (128, 1024)]",31.143705100000002,matmul_linear_767,5.6323214,452.9461635481242
matmul,linear,"[(572, 128), (128, 1024)]",31.143705100000002,matmul_linear_768,5.598597999999999,456.27685895647454
matmul,linear,"[(574, 128), (128, 1024)]",31.143705100000002,matmul_linear_769,5.6751606,448.7722250538601
matmul,linear,"[(576, 128), (128, 1024)]",31.143705100000002,matmul_linear_770,5.592187400000001,456.9145465332581
matmul,linear,"[(578, 128), (128, 1024)]",31.143705100000002,matmul_linear_771,5.676143000000001,448.67724615112763
matmul,linear,"[(580, 128), (128, 1024)]",31.143705100000002,matmul_linear_772,5.7148572,444.96033776661994
matmul,linear,"[(582, 128), (128, 1024)]",31.143705100000002,matmul_linear_773,5.72125,444.3514109678829
matmul,linear,"[(584, 128), (128, 1024)]",31.143705100000002,matmul_linear_774,5.7171427999999995,444.7424734606944
matmul,linear,"[(586, 128), (128, 1024)]",31.143705100000002,matmul_linear_775,5.765455299999999,440.1777219571888
matmul,linear,"[(588, 128), (128, 1024)]",31.143705100000002,matmul_linear_776,5.7558393,441.0801705322107
matmul,linear,"[(590, 128), (128, 1024)]",31.143705100000002,matmul_linear_777,5.6972857,446.64109788280416
matmul,linear,"[(592, 128), (128, 1024)]",31.143705100000002,matmul_linear_778,5.7233127,444.1552249975787
matmul,linear,"[(594, 128), (128, 1024)]",31.143705100000002,matmul_linear_779,5.867830499999999,430.7533184538989
matmul,linear,"[(596, 128), (128, 1024)]",31.143705100000002,matmul_linear_780,5.8312677,434.08121016292915
matmul,linear,"[(598, 128), (128, 1024)]",31.143705100000002,matmul_linear_781,5.8485804,432.50024741046565
matmul,linear,"[(600, 128), (128, 1024)]",31.143705100000002,matmul_linear_782,5.8218572,434.94450361991017
matmul,linear,"[(602, 128), (128, 1024)]",31.143705100000002,matmul_linear_783,5.8462858,432.70924763890264
matmul,linear,"[(604, 128), (128, 1024)]",31.143705100000002,matmul_linear_784,5.8421517,433.0862103426723
matmul,linear,"[(606, 128), (128, 1024)]",31.143705100000002,matmul_linear_785,5.8132946,435.7324416347316
matmul,linear,"[(608, 128), (128, 1024)]",31.143705100000002,matmul_linear_786,5.8512768,432.2548593154917
matmul,linear,"[(610, 128), (128, 1024)]",31.143705100000002,matmul_linear_787,5.9659819999999995,422.02143921989716
matmul,linear,"[(612, 128), (128, 1024)]",31.143705100000002,matmul_linear_788,5.942696400000001,424.0669050500375
matmul,linear,"[(614, 128), (128, 1024)]",31.143705100000002,matmul_linear_789,5.9435534,423.99133992806395
matmul,linear,"[(616, 128), (128, 1024)]",31.143705100000002,matmul_linear_790,5.989991099999999,419.92907134703427
matmul,linear,"[(618, 128), (128, 1024)]",31.143705100000002,matmul_linear_791,5.9812947,420.68501322966085
matmul,linear,"[(620, 128), (128, 1024)]",31.143705100000002,matmul_linear_792,6.0108661,418.12342151491276
matmul,linear,"[(622, 128), (128, 1024)]",31.143705100000002,matmul_linear_793,6.009964200000001,418.201174975385
matmul,linear,"[(624, 128), (128, 1024)]",31.143705100000002,matmul_linear_794,5.9918483,419.76791702153076
matmul,linear,"[(626, 128), (128, 1024)]",31.143705100000002,matmul_linear_795,6.064035500000001,413.58052076047375
matmul,linear,"[(628, 128), (128, 1024)]",31.143705100000002,matmul_linear_796,6.111402,409.6000083123316
matmul,linear,"[(630, 128), (128, 1024)]",31.143705100000002,matmul_linear_797,6.0815535,412.1011448801692
matmul,linear,"[(632, 128), (128, 1024)]",31.143705100000002,matmul_linear_798,6.1111071,409.6245997717828
matmul,linear,"[(634, 128), (128, 1024)]",31.143705100000002,matmul_linear_799,6.061741100000001,413.77491361351605
matmul,linear,"[(636, 128), (128, 1024)]",31.143705100000002,matmul_linear_800,6.0847142000000005,411.83513434369684
matmul,linear,"[(638, 128), (128, 1024)]",31.143705100000002,matmul_linear_801,6.0881159,411.54914938462326
matmul,linear,"[(640, 128), (128, 1024)]",31.143705100000002,matmul_linear_802,6.0801342,412.2206858526248
matmul,linear,"[(642, 128), (128, 1024)]",31.37874284,matmul_linear_803,6.180437499999999,407.71070559325295
matmul,linear,"[(644, 128), (128, 1024)]",31.38197916,matmul_linear_804,6.2114732,405.2260252849517
matmul,linear,"[(646, 128), (128, 1024)]",31.38521548,matmul_linear_805,6.217419600000001,404.7948747097589
matmul,linear,"[(648, 128), (128, 1024)]",31.388451800000002,matmul_linear_806,6.158830399999999,409.6495561884608
matmul,linear,"[(650, 128), (128, 1024)]",31.39168812,matmul_linear_807,6.194696299999999,406.75104314637684
matmul,linear,"[(652, 128), (128, 1024)]",31.39492444,matmul_linear_808,6.1968303,406.6287588995297
matmul,linear,"[(654, 128), (128, 1024)]",31.39816076,matmul_linear_809,6.2185623,404.91028706104623
matmul,linear,"[(656, 128), (128, 1024)]",31.401397080000002,matmul_linear_810,6.1871427,407.5266339016232
matmul,linear,"[(658, 128), (128, 1024)]",31.4046334,matmul_linear_811,6.3149819,397.3036169747375
matmul,linear,"[(660, 128), (128, 1024)]",31.40786972,matmul_linear_812,6.276973099999999,400.3664858783607
matmul,linear,"[(662, 128), (128, 1024)]",31.41110604,matmul_linear_813,6.276991000000001,400.4166174525341
matmul,linear,"[(664, 128), (128, 1024)]",31.41434236,matmul_linear_814,6.3401605000000005,395.4818156417333
matmul,linear,"[(666, 128), (128, 1024)]",31.417578680000002,matmul_linear_815,6.368125000000001,393.3568150750809
matmul,linear,"[(668, 128), (128, 1024)]",31.420815,matmul_linear_816,6.310285899999999,397.9301334033059
matmul,linear,"[(670, 128), (128, 1024)]",31.42405132,matmul_linear_817,6.316571499999999,397.48588011708574
matmul,linear,"[(672, 128), (128, 1024)]",31.42728764,matmul_linear_818,6.3620179,393.98301189941634
matmul,linear,"[(674, 128), (128, 1024)]",31.42809672,matmul_linear_819,6.4395893,388.0450484629509
matmul,linear,"[(676, 128), (128, 1024)]",31.42809672,matmul_linear_820,6.4245712,389.18590426704276
matmul,linear,"[(678, 128), (128, 1024)]",31.42809672,matmul_linear_821,6.4139999,389.99216105382226
matmul,linear,"[(680, 128), (128, 1024)]",31.42809672,matmul_linear_822,6.4732855,385.5045667304493
matmul,linear,"[(682, 128), (128, 1024)]",31.42809672,matmul_linear_823,6.426857099999999,389.01191096967136
matmul,linear,"[(684, 128), (128, 1024)]",31.42809672,matmul_linear_824,6.4253039,389.13012067802737
matmul,linear,"[(686, 128), (128, 1024)]",31.42809672,matmul_linear_825,6.4421875,387.8482149114722
matmul,linear,"[(688, 128), (128, 1024)]",31.42809672,matmul_linear_826,6.479705100000001,385.0235656557888
matmul,linear,"[(690, 128), (128, 1024)]",31.42809672,matmul_linear_827,6.5038748,383.22112104618003
matmul,linear,"[(692, 128), (128, 1024)]",31.42809672,matmul_linear_828,6.549705400000001,379.83985233900745
matmul,linear,"[(694, 128), (128, 1024)]",31.42809672,matmul_linear_829,6.5757052,377.942604847918
matmul,linear,"[(696, 128), (128, 1024)]",31.42809672,matmul_linear_830,6.542419499999999,380.37422118835394
matmul,linear,"[(698, 128), (128, 1024)]",31.42809672,matmul_linear_831,6.5446962,380.2071136625104
matmul,linear,"[(700, 128), (128, 1024)]",31.42809672,matmul_linear_832,6.5881517,377.03966379523405
matmul,linear,"[(702, 128), (128, 1024)]",31.42809672,matmul_linear_833,6.5864107,377.1657607078768
matmul,linear,"[(704, 128), (128, 1024)]",31.42809672,matmul_linear_834,6.6204555,374.71200010331614
matmul,linear,"[(706, 128), (128, 1024)]",31.42809672,matmul_linear_835,6.730000200000001,366.985078544277
matmul,linear,"[(708, 128), (128, 1024)]",31.42809672,matmul_linear_836,6.6612855,371.80227780358615
matmul,linear,"[(710, 128), (128, 1024)]",31.42809672,matmul_linear_837,6.6358838,373.60830399109756
matmul,linear,"[(712, 128), (128, 1024)]",31.42809672,matmul_linear_838,6.640874999999999,373.2523458128635
matmul,linear,"[(714, 128), (128, 1024)]",31.42809672,matmul_linear_839,6.661661,371.77568357201005
matmul,linear,"[(716, 128), (128, 1024)]",31.42809672,matmul_linear_840,6.683285700000001,370.2491877610439
matmul,linear,"[(718, 128), (128, 1024)]",31.42809672,matmul_linear_841,6.689419899999999,369.8179691186676
matmul,linear,"[(720, 128), (128, 1024)]",31.42809672,matmul_linear_842,6.7085891,368.47550582580766
matmul,linear,"[(722, 128), (128, 1024)]",31.42809672,matmul_linear_843,6.758008899999998,365.0496497570461
matmul,linear,"[(724, 128), (128, 1024)]",31.42809672,matmul_linear_844,6.768571400000001,364.32392986206804
matmul,linear,"[(726, 128), (128, 1024)]",31.42809672,matmul_linear_845,6.7375894,366.4590679865413
matmul,linear,"[(728, 128), (128, 1024)]",31.42809672,matmul_linear_846,6.7553034,365.23590220981043
matmul,linear,"[(730, 128), (128, 1024)]",31.42809672,matmul_linear_847,6.7907234,362.8092600561525
matmul,linear,"[(732, 128), (128, 1024)]",31.42809672,matmul_linear_848,6.7755628,363.8448147805522
matmul,linear,"[(734, 128), (128, 1024)]",31.42809672,matmul_linear_849,6.7657053000000005,364.52062758335035
matmul,linear,"[(736, 128), (128, 1024)]",31.42809672,matmul_linear_850,6.8712857,357.3830588939127
matmul,linear,"[(738, 128), (128, 1024)]",31.42809672,matmul_linear_851,6.9481337,352.3242942201875
matmul,linear,"[(740, 128), (128, 1024)]",31.42809672,matmul_linear_852,6.911294700000001,354.735300464036
matmul,linear,"[(742, 128), (128, 1024)]",31.42809672,matmul_linear_853,6.9364463999999995,353.08642073555126
matmul,linear,"[(744, 128), (128, 1024)]",31.42809672,matmul_linear_854,6.9381429,352.97563300404204
matmul,linear,"[(746, 128), (128, 1024)]",31.42809672,matmul_linear_855,6.908437599999999,354.923363858711
matmul,linear,"[(748, 128), (128, 1024)]",31.42809672,matmul_linear_856,6.9324198,353.349589706036
matmul,linear,"[(750, 128), (128, 1024)]",31.42809672,matmul_linear_857,6.8875715,356.301567540896
matmul,linear,"[(752, 128), (128, 1024)]",31.42809672,matmul_linear_858,6.8950182,355.80875653091096
matmul,linear,"[(754, 128), (128, 1024)]",31.42809672,matmul_linear_859,6.9864108,349.8461029517474
matmul,linear,"[(756, 128), (128, 1024)]",31.42809672,matmul_linear_860,7.021973300000001,347.5678755429047
matmul,linear,"[(758, 128), (128, 1024)]",31.42809672,matmul_linear_861,7.032303399999999,346.9104208444704
matmul,linear,"[(760, 128), (128, 1024)]",31.42809672,matmul_linear_862,7.021571300000001,347.59349976265275
matmul,linear,"[(762, 128), (128, 1024)]",31.42809672,matmul_linear_863,7.0435536999999995,346.19659419931736
matmul,linear,"[(764, 128), (128, 1024)]",31.42809672,matmul_linear_864,7.0344196,346.77597452389676
matmul,linear,"[(766, 128), (128, 1024)]",31.42809672,matmul_linear_865,7.0485535,345.8800904327391
matmul,linear,"[(768, 128), (128, 1024)]",31.42809672,matmul_linear_866,7.042428800000001,346.2678659953225
matmul,linear,"[(770, 128), (128, 1024)]",31.585867320000002,matmul_linear_867,7.1981248,338.806886482435
matmul,linear,"[(772, 128), (128, 1024)]",31.58910364,matmul_linear_868,7.1405985,342.3873382602313
matmul,linear,"[(774, 128), (128, 1024)]",31.59233996,matmul_linear_869,7.107312500000001,344.5047260831713
matmul,linear,"[(776, 128), (128, 1024)]",31.59557628,matmul_linear_870,7.151857100000001,341.7814259739613
matmul,linear,"[(778, 128), (128, 1024)]",31.598812600000002,matmul_linear_871,7.1639733,341.07943004198523
matmul,linear,"[(780, 128), (128, 1024)]",31.60204892,matmul_linear_872,7.131723099999999,343.11940434142775
matmul,linear,"[(782, 128), (128, 1024)]",31.60528524,matmul_linear_873,7.143428500000001,342.43860269617034
matmul,linear,"[(784, 128), (128, 1024)]",31.60852156,matmul_linear_874,7.1478661,342.20920086905375
matmul,linear,"[(786, 128), (128, 1024)]",31.61175788,matmul_linear_875,7.231982100000001,337.1105658571804
matmul,linear,"[(788, 128), (128, 1024)]",31.6149942,matmul_linear_876,7.203856999999999,338.86204570690404
matmul,linear,"[(790, 128), (128, 1024)]",31.61823052,matmul_linear_877,7.320848100000001,331.8930004844657
matmul,linear,"[(792, 128), (128, 1024)]",31.62146684,matmul_linear_878,7.2716163,334.86159796412795
matmul,linear,"[(794, 128), (128, 1024)]",31.62470316,matmul_linear_879,7.243571300000001,336.5899340288125
matmul,linear,"[(796, 128), (128, 1024)]",31.627939480000002,matmul_linear_880,7.306134,332.89569394703136
matmul,linear,"[(798, 128), (128, 1024)]",31.6311758,matmul_linear_881,7.2940001,333.66020518700026
matmul,linear,"[(800, 128), (128, 1024)]",31.63441212,matmul_linear_882,7.289160700000001,333.992518782032
matmul,linear,"[(802, 128), (128, 1024)]",31.63764844,matmul_linear_883,7.350294600000001,330.42694424792165
matmul,linear,"[(804, 128), (128, 1024)]",31.64088476,matmul_linear_884,7.3850268,328.4464446357866
matmul,linear,"[(806, 128), (128, 1024)]",31.64412108,matmul_linear_885,7.387562500000001,328.34319276486656
matmul,linear,"[(808, 128), (128, 1024)]",31.6473574,matmul_linear_886,7.384875000000001,328.5428988303796
matmul,linear,"[(810, 128), (128, 1024)]",31.65059372,matmul_linear_887,7.326857200000001,331.9804911715762
matmul,linear,"[(812, 128), (128, 1024)]",31.65383004,matmul_linear_888,7.4138572,326.9549464750953
matmul,linear,"[(814, 128), (128, 1024)]",31.65706636,matmul_linear_889,7.3892945,328.41798171665783
matmul,linear,"[(816, 128), (128, 1024)]",31.66030268,matmul_linear_890,7.378143199999999,329.10935477641584
matmul,linear,"[(818, 128), (128, 1024)]",31.663539,matmul_linear_891,7.458553599999999,324.52653286556796
matmul,linear,"[(820, 128), (128, 1024)]",31.66677532,matmul_linear_892,7.5132858,321.47704962853936
matmul,linear,"[(822, 128), (128, 1024)]",31.670011640000002,matmul_linear_893,7.4541071,324.86660327163804
matmul,linear,"[(824, 128), (128, 1024)]",31.67324796,matmul_linear_894,7.5291252,320.67633514714305
matmul,linear,"[(826, 128), (128, 1024)]",31.67648428,matmul_linear_895,7.5129999,321.6223173382446
matmul,linear,"[(828, 128), (128, 1024)]",31.6797206,matmul_linear_896,7.5095448000000005,321.8593995204609
matmul,linear,"[(830, 128), (128, 1024)]",31.682956920000002,matmul_linear_897,7.489562599999999,323.0281341129321
matmul,linear,"[(832, 128), (128, 1024)]",31.68619324,matmul_linear_898,7.482464299999999,323.47269521887335
matmul,linear,"[(834, 128), (128, 1024)]",31.68942956,matmul_linear_899,7.6084196,316.5047569143006
matmul,linear,"[(836, 128), (128, 1024)]",31.69266588,matmul_linear_900,7.6136072,316.2634746904201
matmul,linear,"[(838, 128), (128, 1024)]",31.6959022,matmul_linear_901,7.6042947,316.8158054158527
matmul,linear,"[(840, 128), (128, 1024)]",31.69913852,matmul_linear_902,7.600562399999999,317.06306522791004
matmul,linear,"[(842, 128), (128, 1024)]",31.70237484,matmul_linear_903,7.611437499999999,316.5096913690746
matmul,linear,"[(844, 128), (128, 1024)]",31.70561116,matmul_linear_904,7.6665534,313.55755977647004
matmul,linear,"[(846, 128), (128, 1024)]",31.70884748,matmul_linear_905,7.5941249,317.5444557147065
matmul,linear,"[(848, 128), (128, 1024)]",31.712083800000002,matmul_linear_906,7.618982299999999,316.2246682211088
matmul,linear,"[(850, 128), (128, 1024)]",31.71248834,matmul_linear_907,7.736866000000001,309.8880391621103
matmul,linear,"[(852, 128), (128, 1024)]",31.71248834,matmul_linear_908,7.679589200000001,312.9451135224785
matmul,linear,"[(854, 128), (128, 1024)]",31.71248834,matmul_linear_909,7.745553699999999,309.42829355117635
matmul,linear,"[(856, 128), (128, 1024)]",31.71248834,matmul_linear_910,7.7500091,309.19291746380014
matmul,linear,"[(858, 128), (128, 1024)]",31.71248834,matmul_linear_911,7.761018,308.61248279542707
matmul,linear,"[(860, 128), (128, 1024)]",31.71248834,matmul_linear_912,7.743562599999999,309.5335697292614
matmul,linear,"[(862, 128), (128, 1024)]",31.71248834,matmul_linear_913,7.7394555,309.7508970753821
matmul,linear,"[(864, 128), (128, 1024)]",31.71248834,matmul_linear_914,7.766696399999999,308.313737356851
matmul,linear,"[(866, 128), (128, 1024)]",31.71248834,matmul_linear_915,7.831303499999999,304.9452091851632
matmul,linear,"[(868, 128), (128, 1024)]",31.71248834,matmul_linear_916,7.8188753,305.5888746556682
matmul,linear,"[(870, 128), (128, 1024)]",31.71248834,matmul_linear_917,7.7978301000000005,306.68349955457484
matmul,linear,"[(872, 128), (128, 1024)]",31.71248834,matmul_linear_918,7.782455400000001,307.48692681232706
matmul,linear,"[(874, 128), (128, 1024)]",31.71248834,matmul_linear_919,7.872258800000002,302.8384882366925
matmul,linear,"[(876, 128), (128, 1024)]",31.71248834,matmul_linear_920,7.874018000000001,302.74848673193276
matmul,linear,"[(878, 128), (128, 1024)]",31.71248834,matmul_linear_921,7.8637412,303.27482216734194
matmul,linear,"[(880, 128), (128, 1024)]",31.71248834,matmul_linear_922,7.8277142,305.13089172315466
matmul,linear,"[(882, 128), (128, 1024)]",31.71248834,matmul_linear_923,7.9614465999999995,298.325705531957
matmul,linear,"[(884, 128), (128, 1024)]",31.71248834,matmul_linear_924,7.9355803,299.6240620235423
matmul,linear,"[(886, 128), (128, 1024)]",31.71248834,matmul_linear_925,7.9895537,296.9244031741097
matmul,linear,"[(888, 128), (128, 1024)]",31.71248834,matmul_linear_926,7.979598499999999,297.4195987429694
matmul,linear,"[(890, 128), (128, 1024)]",31.71248834,matmul_linear_927,8.0096697,295.92754168127556
matmul,linear,"[(892, 128), (128, 1024)]",31.71248834,matmul_linear_928,7.9479910999999985,299.0000484524952
matmul,linear,"[(894, 128), (128, 1024)]",31.71248834,matmul_linear_929,7.9934285,296.73199478796863
matmul,linear,"[(896, 128), (128, 1024)]",31.71248834,matmul_linear_930,7.921134,300.3528830594205
matmul,linear,"[(898, 128), (128, 1024)]",31.7929918,matmul_linear_931,8.0342589,295.7177904734935
matmul,linear,"[(900, 128), (128, 1024)]",31.796228120000002,matmul_linear_932,8.0200178,296.4608173313531
matmul,linear,"[(902, 128), (128, 1024)]",31.79946444,matmul_linear_933,8.0600001,294.5342933680609
matmul,linear,"[(904, 128), (128, 1024)]",31.80270076,matmul_linear_934,8.0606876,294.5407927730632
matmul,linear,"[(906, 128), (128, 1024)]",31.80593708,matmul_linear_935,8.0636965,294.4337076674451
matmul,linear,"[(908, 128), (128, 1024)]",31.8091734,matmul_linear_936,8.0765716,293.8449997768855
matmul,linear,"[(910, 128), (128, 1024)]",31.81240972,matmul_linear_937,8.124589400000001,291.55713789056216
matmul,linear,"[(912, 128), (128, 1024)]",31.81564604,matmul_linear_938,8.040991,295.66822099415356
matmul,linear,"[(914, 128), (128, 1024)]",31.81888236,matmul_linear_939,8.1571158,290.0751581827489
matmul,linear,"[(916, 128), (128, 1024)]",31.82211868,matmul_linear_940,8.1968659,288.2229997199295
matmul,linear,"[(918, 128), (128, 1024)]",31.825355000000002,matmul_linear_941,8.164107399999999,289.8203862433266
matmul,linear,"[(920, 128), (128, 1024)]",31.82859132,matmul_linear_942,8.1515625,290.4600046923519
matmul,linear,"[(922, 128), (128, 1024)]",31.83182764,matmul_linear_943,8.1911429,288.6127739268229
matmul,linear,"[(924, 128), (128, 1024)]",31.83506396,matmul_linear_944,8.2184196,287.3623580864622
matmul,linear,"[(926, 128), (128, 1024)]",31.838300280000002,matmul_linear_945,8.1605713,290.14793339284955
matmul,linear,"[(928, 128), (128, 1024)]",31.8415366,matmul_linear_946,8.2018482,288.2239200671868
matmul,linear,"[(930, 128), (128, 1024)]",31.84477292,matmul_linear_947,8.3450179,281.60221226128226
matmul,linear,"[(932, 128), (128, 1024)]",31.84800924,matmul_linear_948,8.258419799999999,285.64289550889634
matmul,linear,"[(934, 128), (128, 1024)]",31.851245560000002,matmul_linear_949,8.305973199999999,283.47397460902005
matmul,linear,"[(936, 128), (128, 1024)]",31.85448188,matmul_linear_950,8.3247411,282.64831899697157
matmul,linear,"[(938, 128), (128, 1024)]",31.8577182,matmul_linear_951,8.271134,285.16747763970454
matmul,linear,"[(940, 128), (128, 1024)]",31.86095452,matmul_linear_952,8.253848100000003,286.01333746377026
matmul,linear,"[(942, 128), (128, 1024)]",31.86419084,matmul_linear_953,8.321696300000001,282.90499546348497
matmul,linear,"[(944, 128), (128, 1024)]",31.867427160000002,matmul_linear_954,8.278321400000001,284.9503494754383
matmul,linear,"[(946, 128), (128, 1024)]",31.87066348,matmul_linear_955,8.3742948,280.5772813252288
matmul,linear,"[(948, 128), (128, 1024)]",31.8738998,matmul_linear_956,8.405696599999999,279.1940313429824
matmul,linear,"[(950, 128), (128, 1024)]",31.87713612,matmul_linear_957,8.4222769,278.48596642553986
matmul,linear,"[(952, 128), (128, 1024)]",31.880372440000002,matmul_linear_958,8.412133899999999,278.9808010545339
matmul,linear,"[(954, 128), (128, 1024)]",31.88360876,matmul_linear_959,8.4431519,277.62685236066875
matmul,linear,"[(956, 128), (128, 1024)]",31.88684508,matmul_linear_960,8.3817144,280.43344783974027
matmul,linear,"[(958, 128), (128, 1024)]",31.8900814,matmul_linear_961,8.469580499999998,276.5249223382434
matmul,linear,"[(960, 128), (128, 1024)]",31.89331772,matmul_linear_962,8.468294400000001,276.62032297790677
matmul,linear,"[(962, 128), (128, 1024)]",31.89655404,matmul_linear_963,8.5697051,272.20130293631695
matmul,linear,"[(964, 128), (128, 1024)]",31.89979036,matmul_linear_964,8.5179643,274.50016502182336
matmul,linear,"[(966, 128), (128, 1024)]",31.90302668,matmul_linear_965,8.5655535,272.4572694572511
matmul,linear,"[(968, 128), (128, 1024)]",31.906263,matmul_linear_966,8.550562499999998,273.1481174484136
matmul,linear,"[(970, 128), (128, 1024)]",31.909499320000002,matmul_linear_967,8.522732000000001,274.4045843515905
matmul,linear,"[(972, 128), (128, 1024)]",31.91273564,matmul_linear_968,8.527544500000001,274.23124136144935
matmul,linear,"[(974, 128), (128, 1024)]",31.91597196,matmul_linear_969,8.5208033,274.56529433087604
matmul,linear,"[(976, 128), (128, 1024)]",31.91920828,matmul_linear_970,8.551848,273.2434004907478
matmul,linear,"[(978, 128), (128, 1024)]",31.9224446,matmul_linear_971,8.672982100000002,268.0676868916862
matmul,linear,"[(980, 128), (128, 1024)]",31.92568092,matmul_linear_972,8.6682679,268.3051941668762
matmul,linear,"[(982, 128), (128, 1024)]",31.92891724,matmul_linear_973,8.665419699999998,268.46359836442787
matmul,linear,"[(984, 128), (128, 1024)]",31.93215356,matmul_linear_974,8.638991299999999,269.6282638923367
matmul,linear,"[(986, 128), (128, 1024)]",31.935389880000002,matmul_linear_975,8.7068482,266.78473250515617
matmul,linear,"[(988, 128), (128, 1024)]",31.9386262,matmul_linear_976,8.677401800000002,268.0666971074221
matmul,linear,"[(990, 128), (128, 1024)]",31.94186252,matmul_linear_977,8.6611425,268.7950235202804
matmul,linear,"[(992, 128), (128, 1024)]",31.94509884,matmul_linear_978,8.645142799999999,269.5149933208738
matmul,linear,"[(994, 128), (128, 1024)]",31.94833516,matmul_linear_979,8.7403035,265.5288990822802
matmul,linear,"[(996, 128), (128, 1024)]",31.951571480000002,matmul_linear_980,8.7843929,263.7311291028433
matmul,linear,"[(998, 128), (128, 1024)]",31.9548078,matmul_linear_981,8.759428600000001,264.80470655357584
matmul,linear,"[(1000, 128), (128, 1024)]",31.95804412,matmul_linear_982,8.7182678,266.5641484424234
matmul,linear,"[(1002, 128), (128, 1024)]",31.96128044,matmul_linear_983,8.713401800000002,266.8059980890585
matmul,linear,"[(1004, 128), (128, 1024)]",31.964516760000002,matmul_linear_984,8.7998751,263.23830050724246
matmul,linear,"[(1006, 128), (128, 1024)]",31.96775308,matmul_linear_985,8.7950269,263.4753303597059
matmul,linear,"[(1008, 128), (128, 1024)]",31.9709894,matmul_linear_986,8.7634284,264.8228517505774
matmul,linear,"[(1010, 128), (128, 1024)]",31.97422572,matmul_linear_987,9.740401699999998,228.263933098365
matmul,linear,"[(1012, 128), (128, 1024)]",31.97746204,matmul_linear_988,9.744678500000001,228.15307390592722
matmul,linear,"[(1014, 128), (128, 1024)]",31.98069836,matmul_linear_989,9.773982,227.20234557419894
matmul,linear,"[(1016, 128), (128, 1024)]",31.98393468,matmul_linear_990,9.698401900000002,229.7856183914176
matmul,linear,"[(1018, 128), (128, 1024)]",31.987171,matmul_linear_991,8.9149909,258.80206002229346
matmul,linear,"[(1020, 128), (128, 1024)]",31.99040732,matmul_linear_992,8.8609911,261.02516026677876
matmul,linear,"[(1022, 128), (128, 1024)]",31.993643640000002,matmul_linear_993,8.8819819,260.20838592341653
matmul,linear,"[(1024, 128), (128, 1024)]",31.99687996,matmul_linear_994,8.886178699999999,260.0746849711677
matmul,linear,"[(32, 1024), (1024, 128)]",30.391665240000002,matmul_linear_995,2.138866,1320.9242299424086
matmul,linear,"[(34, 1024), (1024, 128)]",30.39490156,matmul_linear_996,2.1767323,1296.3545981285802
matmul,linear,"[(36, 1024), (1024, 128)]",30.39813788,matmul_linear_997,2.18125,1293.6109056733526
matmul,linear,"[(38, 1024), (1024, 128)]",30.4013742,matmul_linear_998,2.1671519000000004,1302.8261793739514
matmul,linear,"[(40, 1024), (1024, 128)]",30.404610520000002,matmul_linear_999,2.1814197,1293.7992088363371
matmul,linear,"[(42, 1024), (1024, 128)]",30.40784684,matmul_linear_1000,2.2878482,1229.1024658017084
matmul,linear,"[(44, 1024), (1024, 128)]",30.41108316,matmul_linear_1001,2.246,1254.0108263579698
matmul,linear,"[(46, 1024), (1024, 128)]",30.41431948,matmul_linear_1002,2.2681158000000003,1240.9509108838267
matmul,linear,"[(48, 1024), (1024, 128)]",30.417555800000002,matmul_linear_1003,2.2928573,1226.6222804184106
matmul,linear,"[(50, 1024), (1024, 128)]",30.42079212,matmul_linear_1004,2.3438211,1197.9144235880462
matmul,linear,"[(52, 1024), (1024, 128)]",30.42402844,matmul_linear_1005,2.3544555,1192.1895716440597
matmul,linear,"[(54, 1024), (1024, 128)]",30.42726476,matmul_linear_1006,2.3295713,1206.1315084024259
matmul,linear,"[(56, 1024), (1024, 128)]",30.43050108,matmul_linear_1007,2.3082858,1218.3160022905308
matmul,linear,"[(58, 1024), (1024, 128)]",30.433737400000002,matmul_linear_1008,2.4015625999999997,1167.2473080651741
matmul,linear,"[(60, 1024), (1024, 128)]",30.43697372,matmul_linear_1009,2.4718660999999997,1131.335860789547
matmul,linear,"[(62, 1024), (1024, 128)]",30.44021004,matmul_linear_1010,2.4037232,1166.377511354053
matmul,linear,"[(64, 1024), (1024, 128)]",30.44344636,matmul_linear_1011,2.4156877000000003,1160.2393248100736
matmul,linear,"[(66, 1024), (1024, 128)]",30.446682680000002,matmul_linear_1012,2.4886071,1123.4427314781833
matmul,linear,"[(68, 1024), (1024, 128)]",30.449919,matmul_linear_1013,2.4942943,1120.7829284619702
matmul,linear,"[(70, 1024), (1024, 128)]",30.45315532,matmul_linear_1014,2.5037411999999994,1116.3060351445272
matmul,linear,"[(72, 1024), (1024, 128)]",30.45639164,matmul_linear_1015,2.4691517999999997,1133.4758697298403
matmul,linear,"[(74, 1024), (1024, 128)]",30.45962796,matmul_linear_1016,2.5513036,1093.8848814386497
matmul,linear,"[(76, 1024), (1024, 128)]",30.46286428,matmul_linear_1017,2.5451519,1096.8976892891935
matmul,linear,"[(78, 1024), (1024, 128)]",30.4661006,matmul_linear_1018,2.5307231000000003,1103.8496270097664
matmul,linear,"[(80, 1024), (1024, 128)]",30.46933692,matmul_linear_1019,2.5475625,1096.0192113049236
matmul,linear,"[(82, 1024), (1024, 128)]",30.47257324,matmul_linear_1020,2.5954463999999997,1074.0783103823683
matmul,linear,"[(84, 1024), (1024, 128)]",30.475809560000002,matmul_linear_1021,2.6755803,1039.035504185765
matmul,linear,"[(86, 1024), (1024, 128)]",30.47904588,matmul_linear_1022,2.5891428000000003,1077.1867461308043
matmul,linear,"[(88, 1024), (1024, 128)]",30.4822822,matmul_linear_1023,2.6638394999999995,1044.2987537349757
matmul,linear,"[(90, 1024), (1024, 128)]",30.48551852,matmul_linear_1024,2.1602677999999997,1311.1916365183986
matmul,linear,"[(92, 1024), (1024, 128)]",30.488754840000002,matmul_linear_1025,2.2208392000000003,1272.8483737138645
matmul,linear,"[(94, 1024), (1024, 128)]",30.49199116,matmul_linear_1026,2.2026963,1284.3030089985625
matmul,linear,"[(96, 1024), (1024, 128)]",30.49522748,matmul_linear_1027,2.1870000999999997,1294.38619504407
matmul,linear,"[(98, 1024), (1024, 128)]",30.4984638,matmul_linear_1028,2.7521427000000003,1008.1716002589544
matmul,linear,"[(100, 1024), (1024, 128)]",30.50170012,matmul_linear_1029,2.7443035999999994,1011.4550197725938
matmul,linear,"[(102, 1024), (1024, 128)]",30.50493644,matmul_linear_1030,2.7569998999999994,1006.4540278002914
matmul,linear,"[(104, 1024), (1024, 128)]",30.50817276,matmul_linear_1031,2.7776787,998.3333947155227
matmul,linear,"[(106, 1024), (1024, 128)]",30.51140908,matmul_linear_1032,2.257866,1251.3383469169562
matmul,linear,"[(108, 1024), (1024, 128)]",30.5146454,matmul_linear_1033,2.342009,1202.926051949416
matmul,linear,"[(110, 1024), (1024, 128)]",30.517881720000002,matmul_linear_1034,2.2829822999999996,1236.7550733967585
matmul,linear,"[(112, 1024), (1024, 128)]",30.52111804,matmul_linear_1035,2.3044106999999996,1224.4652109973283
matmul,linear,"[(114, 1024), (1024, 128)]",30.52435436,matmul_linear_1036,2.3954376,1174.2704865282233
matmul,linear,"[(116, 1024), (1024, 128)]",30.52759068,matmul_linear_1037,2.4648393,1138.522555202686
matmul,linear,"[(118, 1024), (1024, 128)]",30.530827000000002,matmul_linear_1038,2.3698752,1188.2883875066502
matmul,linear,"[(120, 1024), (1024, 128)]",30.53406332,matmul_linear_1039,2.3867146999999997,1179.334447472922
matmul,linear,"[(122, 1024), (1024, 128)]",30.53729964,matmul_linear_1040,2.9527232999999997,934.2079679460653
matmul,linear,"[(124, 1024), (1024, 128)]",30.54053596,matmul_linear_1041,2.9307054999999997,942.088192075253
matmul,linear,"[(126, 1024), (1024, 128)]",30.54377228,matmul_linear_1042,2.9758926,926.3734746341315
matmul,linear,"[(128, 1024), (1024, 128)]",30.5470086,matmul_linear_1043,2.9710175999999997,928.1665312248572
matmul,linear,"[(130, 1024), (1024, 128)]",30.55024492,matmul_linear_1044,2.9635802,930.8560207009076
matmul,linear,"[(132, 1024), (1024, 128)]",30.55348124,matmul_linear_1045,3.0431426999999998,904.0107958131573
matmul,linear,"[(134, 1024), (1024, 128)]",30.55671756,matmul_linear_1046,2.9670089,929.8829086761417
matmul,linear,"[(136, 1024), (1024, 128)]",30.559953880000002,matmul_linear_1047,3.0084641,915.7991873660716
matmul,linear,"[(138, 1024), (1024, 128)]",30.5631902,matmul_linear_1048,3.065536,896.9933545063573
matmul,linear,"[(140, 1024), (1024, 128)]",30.56642652,matmul_linear_1049,3.0098572,915.5440769748146
matmul,linear,"[(142, 1024), (1024, 128)]",30.56966284,matmul_linear_1050,3.0294375,909.087094221287
matmul,linear,"[(144, 1024), (1024, 128)]",30.572899160000002,matmul_linear_1051,3.0050177000000002,917.3949777400645
matmul,linear,"[(146, 1024), (1024, 128)]",30.57613548,matmul_linear_1052,3.0758305,894.0773875543533
matmul,linear,"[(148, 1024), (1024, 128)]",30.5793718,matmul_linear_1053,3.1103035,883.163598021865
matmul,linear,"[(150, 1024), (1024, 128)]",30.58260812,matmul_linear_1054,3.0727054999999996,895.2990327253947
matmul,linear,"[(152, 1024), (1024, 128)]",30.58584444,matmul_linear_1055,3.1044193,885.2356104086841
matmul,linear,"[(154, 1024), (1024, 128)]",30.58908076,matmul_linear_1056,3.1789819,862.2288431400003
matmul,linear,"[(156, 1024), (1024, 128)]",30.59231708,matmul_linear_1057,3.1278571,878.0599337482522
matmul,linear,"[(158, 1024), (1024, 128)]",30.5955534,matmul_linear_1058,3.1686872,865.559282721248
matmul,linear,"[(160, 1024), (1024, 128)]",30.59878972,matmul_linear_1059,3.1824285000000003,861.4918204760922
matmul,linear,"[(162, 1024), (1024, 128)]",30.602026040000002,matmul_linear_1060,3.2486965,841.9786071121141
matmul,linear,"[(164, 1024), (1024, 128)]",30.60526236,matmul_linear_1061,3.1650177,866.9855040621101
matmul,linear,"[(166, 1024), (1024, 128)]",30.60849868,matmul_linear_1062,3.1632769000000005,867.6199601748426
matmul,linear,"[(168, 1024), (1024, 128)]",30.611735,matmul_linear_1063,3.2245804,849.3246004968585
matmul,linear,"[(170, 1024), (1024, 128)]",30.614971320000002,matmul_linear_1064,3.2598841999999997,839.1429094321818
matmul,linear,"[(172, 1024), (1024, 128)]",30.61820764,matmul_linear_1065,3.2534195000000006,841.1085056814837
matmul,linear,"[(174, 1024), (1024, 128)]",30.62144396,matmul_linear_1066,3.2909999,830.4601911413001
matmul,linear,"[(176, 1024), (1024, 128)]",30.62468028,matmul_linear_1067,3.2388573000000003,845.5396593113255
matmul,linear,"[(178, 1024), (1024, 128)]",30.6279166,matmul_linear_1068,3.2678749000000002,837.2426282291283
matmul,linear,"[(180, 1024), (1024, 128)]",30.63115292,matmul_linear_1069,3.2517500999999998,841.9897586841007
matmul,linear,"[(182, 1024), (1024, 128)]",30.63438924,matmul_linear_1070,3.2630090000000003,838.8386375888022
matmul,linear,"[(184, 1024), (1024, 128)]",30.63762556,matmul_linear_1071,3.3019908,827.8531472589202
matmul,linear,"[(186, 1024), (1024, 128)]",30.64086188,matmul_linear_1072,3.3659912,810.3072485751003
matmul,linear,"[(188, 1024), (1024, 128)]",30.644098200000002,matmul_linear_1073,3.3637053000000003,811.0220862689724
matmul,linear,"[(190, 1024), (1024, 128)]",30.64733452,matmul_linear_1074,3.3511428000000003,814.5338276840962
matmul,linear,"[(192, 1024), (1024, 128)]",30.65057084,matmul_linear_1075,3.3810001,806.5533846035673
matmul,linear,"[(194, 1024), (1024, 128)]",30.65380716,matmul_linear_1076,3.4171429000000004,797.0595628295204
matmul,linear,"[(196, 1024), (1024, 128)]",30.657043480000002,matmul_linear_1077,3.3689822000000005,809.979384278136
matmul,linear,"[(198, 1024), (1024, 128)]",30.6602798,matmul_linear_1078,3.3818303999999997,806.6179013589801
matmul,linear,"[(200, 1024), (1024, 128)]",30.66351612,matmul_linear_1079,3.4325625000000004,793.312681706451
matmul,linear,"[(202, 1024), (1024, 128)]",30.66675244,matmul_linear_1080,3.4416965,791.035930681279
matmul,linear,"[(204, 1024), (1024, 128)]",30.66998876,matmul_linear_1081,3.4130357000000004,798.6131835655863
matmul,linear,"[(206, 1024), (1024, 128)]",30.67322508,matmul_linear_1082,3.4519819999999997,788.5685116550435
matmul,linear,"[(208, 1024), (1024, 128)]",30.6764614,matmul_linear_1083,3.4335627000000004,793.4294806965371
matmul,linear,"[(210, 1024), (1024, 128)]",30.67969772,matmul_linear_1084,3.4741607,783.0822857445828
matmul,linear,"[(212, 1024), (1024, 128)]",30.68293404,matmul_linear_1085,3.5388393999999996,767.0338088809568
matmul,linear,"[(214, 1024), (1024, 128)]",30.686170360000002,matmul_linear_1086,3.515009,773.0040338445791
matmul,linear,"[(216, 1024), (1024, 128)]",30.68940668,matmul_linear_1087,3.4522768,788.9613567486825
matmul,linear,"[(218, 1024), (1024, 128)]",30.692643,matmul_linear_1088,3.5190177999999994,772.1934569356257
matmul,linear,"[(220, 1024), (1024, 128)]",30.69587932,matmul_linear_1089,3.5455711,765.7527505230398
matmul,linear,"[(222, 1024), (1024, 128)]",30.699115640000002,matmul_linear_1090,3.5050983000000002,775.8417885170296
matmul,linear,"[(224, 1024), (1024, 128)]",30.70235196,matmul_linear_1091,3.5167141,773.0408866617846
matmul,linear,"[(226, 1024), (1024, 128)]",30.70558828,matmul_linear_1092,3.5281428999999997,770.3045525735367
matmul,linear,"[(228, 1024), (1024, 128)]",30.7088246,matmul_linear_1093,3.6351427999999997,744.7762932449311
matmul,linear,"[(230, 1024), (1024, 128)]",30.71206092,matmul_linear_1094,3.6310002,745.829226889054
matmul,linear,"[(232, 1024), (1024, 128)]",30.71529724,matmul_linear_1095,3.5964108,754.0541931416733
matmul,linear,"[(234, 1024), (1024, 128)]",30.71853356,matmul_linear_1096,3.6487051999999998,741.9023153747802
matmul,linear,"[(236, 1024), (1024, 128)]",30.72176988,matmul_linear_1097,3.6420268,743.5349756349952
matmul,linear,"[(238, 1024), (1024, 128)]",30.7250062,matmul_linear_1098,3.6205714,748.6231261728466
matmul,linear,"[(240, 1024), (1024, 128)]",30.728242520000002,matmul_linear_1099,3.6920179000000006,732.2885574308834
matmul,linear,"[(242, 1024), (1024, 128)]",30.73147884,matmul_linear_1100,3.6882858,733.2184788933656
matmul,linear,"[(244, 1024), (1024, 128)]",30.73471516,matmul_linear_1101,3.6824282999999993,734.6317336307677
matmul,linear,"[(246, 1024), (1024, 128)]",30.73795148,matmul_linear_1102,3.6604286000000004,739.7364035457487
matmul,linear,"[(248, 1024), (1024, 128)]",30.7411878,matmul_linear_1103,3.6724199,737.0825950485672
matmul,linear,"[(250, 1024), (1024, 128)]",30.74442412,matmul_linear_1104,3.7164285,727.2572476505334
matmul,linear,"[(252, 1024), (1024, 128)]",30.74766044,matmul_linear_1105,3.7728658999999993,714.9682828642282
matmul,linear,"[(254, 1024), (1024, 128)]",30.75089676,matmul_linear_1106,3.7760176999999997,714.3737451230697
matmul,linear,"[(256, 1024), (1024, 128)]",30.75413308,matmul_linear_1107,3.6924462,732.8931936774054
matmul,linear,"[(258, 1024), (1024, 128)]",30.7573694,matmul_linear_1108,3.746857,720.8845280190839
matmul,linear,"[(260, 1024), (1024, 128)]",30.76060572,matmul_linear_1109,3.7189912,727.1223045647432
matmul,linear,"[(262, 1024), (1024, 128)]",30.76384204,matmul_linear_1110,3.7227145,726.3819865853264
matmul,linear,"[(264, 1024), (1024, 128)]",30.76707836,matmul_linear_1111,3.7419824,722.2133369734715
matmul,linear,"[(266, 1024), (1024, 128)]",30.770314680000002,matmul_linear_1112,3.7784107000000007,714.3718913351584
matmul,linear,"[(268, 1024), (1024, 128)]",30.773551,matmul_linear_1113,3.7971339,710.4415543523498
matmul,linear,"[(270, 1024), (1024, 128)]",30.77678732,matmul_linear_1114,3.810893,707.6004054692693
matmul,linear,"[(272, 1024), (1024, 128)]",30.78002364,matmul_linear_1115,3.7942946999999996,711.2185814138265
matmul,linear,"[(274, 1024), (1024, 128)]",30.783259960000002,matmul_linear_1116,3.8878572,691.779594168222
matmul,linear,"[(276, 1024), (1024, 128)]",30.78649628,matmul_linear_1117,3.8864105,692.1576035264417
matmul,linear,"[(278, 1024), (1024, 128)]",30.7897326,matmul_linear_1118,3.8762946,694.3083737753059
matmul,linear,"[(280, 1024), (1024, 128)]",30.79296892,matmul_linear_1119,3.8609999000000004,697.5387132229658
matmul,linear,"[(282, 1024), (1024, 128)]",30.79620524,matmul_linear_1120,3.8018659000000006,710.028708271904
matmul,linear,"[(284, 1024), (1024, 128)]",30.79944156,matmul_linear_1121,3.8551607000000003,698.9145967378221
matmul,linear,"[(286, 1024), (1024, 128)]",30.80267788,matmul_linear_1122,3.8683037,696.2838564097231
matmul,linear,"[(288, 1024), (1024, 128)]",30.8059142,matmul_linear_1123,3.8719820999999994,695.6109662800353
matmul,linear,"[(290, 1024), (1024, 128)]",30.80915052,matmul_linear_1124,3.9195892999999997,686.0300700382053
matmul,linear,"[(292, 1024), (1024, 128)]",30.812386840000002,matmul_linear_1125,3.9134196,687.3519834162429
matmul,linear,"[(294, 1024), (1024, 128)]",30.81562316,matmul_linear_1126,3.9216786,685.7763550536753
matmul,linear,"[(296, 1024), (1024, 128)]",30.81885948,matmul_linear_1127,3.9331249,683.5718484302392
matmul,linear,"[(298, 1024), (1024, 128)]",30.8220958,matmul_linear_1128,3.9985714999999997,670.8276768340894
matmul,linear,"[(300, 1024), (1024, 128)]",30.82533212,matmul_linear_1129,3.9127233000000006,687.8229498109409
matmul,linear,"[(302, 1024), (1024, 128)]",30.82856844,matmul_linear_1130,3.9812945999999996,674.3352737574357
matmul,linear,"[(304, 1024), (1024, 128)]",30.83180476,matmul_linear_1131,3.9412946999999994,682.276056647071
matmul,linear,"[(306, 1024), (1024, 128)]",30.83504108,matmul_linear_1132,4.1352856,645.6568678110165
matmul,linear,"[(308, 1024), (1024, 128)]",30.8382774,matmul_linear_1133,4.0209997,666.9306068339174
matmul,linear,"[(310, 1024), (1024, 128)]",30.841513720000002,matmul_linear_1134,4.0224735,666.7300659656304
matmul,linear,"[(312, 1024), (1024, 128)]",30.84475004,matmul_linear_1135,3.9697143000000006,677.0017615625386
matmul,linear,"[(314, 1024), (1024, 128)]",30.84798636,matmul_linear_1136,4.004455399999999,670.3416139932538
matmul,linear,"[(316, 1024), (1024, 128)]",30.85122268,matmul_linear_1137,4.0204641,667.3547608595735
matmul,linear,"[(318, 1024), (1024, 128)]",30.854459000000002,matmul_linear_1138,4.058580399999999,660.2278619391157
matmul,linear,"[(320, 1024), (1024, 128)]",30.85769532,matmul_linear_1139,4.106124899999999,651.5040597035907
matmul,linear,"[(322, 1024), (1024, 128)]",30.86093164,matmul_linear_1140,4.1030086,652.1537156904814
matmul,linear,"[(324, 1024), (1024, 128)]",30.86416796,matmul_linear_1141,4.0989999,652.9682535488718
matmul,linear,"[(326, 1024), (1024, 128)]",30.867404280000002,matmul_linear_1142,4.126294799999999,648.0658987331688
matmul,linear,"[(328, 1024), (1024, 128)]",30.8706406,matmul_linear_1143,4.0642856,659.5588410420766
matmul,linear,"[(330, 1024), (1024, 128)]",30.87387692,matmul_linear_1144,4.1225623,648.9001905441187
matmul,linear,"[(332, 1024), (1024, 128)]",30.87711324,matmul_linear_1145,4.133125099999999,647.0645696158581
matmul,linear,"[(334, 1024), (1024, 128)]",30.88034956,matmul_linear_1146,4.0615805,660.3037674619524
matmul,linear,"[(336, 1024), (1024, 128)]",30.883585880000002,matmul_linear_1147,4.1296965,647.841539444848
matmul,linear,"[(338, 1024), (1024, 128)]",30.8868222,matmul_linear_1148,4.204428699999999,634.6259005414935
matmul,linear,"[(340, 1024), (1024, 128)]",30.89005852,matmul_linear_1149,4.1177589,650.166759884849
matmul,linear,"[(342, 1024), (1024, 128)]",30.89329484,matmul_linear_1150,4.168286,641.1510352216715
matmul,linear,"[(344, 1024), (1024, 128)]",30.896531160000002,matmul_linear_1151,4.193285899999999,636.8095545309707
matmul,linear,"[(346, 1024), (1024, 128)]",30.89976748,matmul_linear_1152,4.1912681,637.241492139336
matmul,linear,"[(348, 1024), (1024, 128)]",30.9030038,matmul_linear_1153,4.157000099999999,643.3967538273575
matmul,linear,"[(350, 1024), (1024, 128)]",30.90624012,matmul_linear_1154,4.1489822,644.9113693474029
matmul,linear,"[(352, 1024), (1024, 128)]",30.90947644,matmul_linear_1155,4.1661161,641.9254696238542
matmul,linear,"[(354, 1024), (1024, 128)]",30.91271276,matmul_linear_1156,4.282723299999999,621.8003731410809
matmul,linear,"[(356, 1024), (1024, 128)]",30.91594908,matmul_linear_1157,4.232597999999999,630.4248851414665
matmul,linear,"[(358, 1024), (1024, 128)]",30.9191854,matmul_linear_1158,4.2600358,625.79637476286
matmul,linear,"[(360, 1024), (1024, 128)]",30.92242172,matmul_linear_1159,4.2539823,626.9052746176212
matmul,linear,"[(362, 1024), (1024, 128)]",30.925658040000002,matmul_linear_1160,4.2188569000000005,633.0340604821178
matmul,linear,"[(364, 1024), (1024, 128)]",30.92889436,matmul_linear_1161,4.2184106,633.1883330655389
matmul,linear,"[(366, 1024), (1024, 128)]",30.93213068,matmul_linear_1162,4.2468661999999995,628.3519005143135
matmul,linear,"[(368, 1024), (1024, 128)]",30.935367,matmul_linear_1163,4.2769825,623.2988912159449
matmul,linear,"[(370, 1024), (1024, 128)]",30.938603320000002,matmul_linear_1164,4.2751789,623.6797346656067
matmul,linear,"[(372, 1024), (1024, 128)]",30.94183964,matmul_linear_1165,4.298865999999999,619.7674837968898
matmul,linear,"[(374, 1024), (1024, 128)]",30.94507596,matmul_linear_1166,4.339714300000001,613.0671242574654
matmul,linear,"[(376, 1024), (1024, 128)]",30.94831228,matmul_linear_1167,4.3307054,614.6252035522896
matmul,linear,"[(378, 1024), (1024, 128)]",30.951548600000002,matmul_linear_1168,4.3505981,611.4320350574327
matmul,linear,"[(380, 1024), (1024, 128)]",30.95478492,matmul_linear_1169,4.2725713,624.5001369549996
matmul,linear,"[(382, 1024), (1024, 128)]",30.95802124,matmul_linear_1170,4.3305893,614.8685570344895
matmul,linear,"[(384, 1024), (1024, 128)]",30.96125756,matmul_linear_1171,4.4246967,599.7373980458367
matmul,linear,"[(386, 1024), (1024, 128)]",30.96449388,matmul_linear_1172,4.403018100000001,603.2561115294983
matmul,linear,"[(388, 1024), (1024, 128)]",30.967730200000002,matmul_linear_1173,4.433134,598.551638637587
matmul,linear,"[(390, 1024), (1024, 128)]",30.97096652,matmul_linear_1174,4.4768752,591.7987465900322
matmul,linear,"[(392, 1024), (1024, 128)]",30.97420284,matmul_linear_1175,4.402303600000001,603.5907936926476
matmul,linear,"[(394, 1024), (1024, 128)]",30.97743916,matmul_linear_1176,4.465143,593.7614127923786
matmul,linear,"[(396, 1024), (1024, 128)]",30.980675480000002,matmul_linear_1177,4.4501251,596.1753834740512
matmul,linear,"[(398, 1024), (1024, 128)]",30.9839118,matmul_linear_1178,4.353714200000001,611.666186080841
matmul,linear,"[(400, 1024), (1024, 128)]",30.98714812,matmul_linear_1179,4.4254463,600.2039120890473
matmul,linear,"[(402, 1024), (1024, 128)]",30.99038444,matmul_linear_1180,4.504865999999999,587.9313267031695
matmul,linear,"[(404, 1024), (1024, 128)]",30.99362076,matmul_linear_1181,4.493143,589.7982272097727
matmul,linear,"[(406, 1024), (1024, 128)]",30.99685708,matmul_linear_1182,4.509723,587.3339466747736
matmul,linear,"[(408, 1024), (1024, 128)]",31.0000934,matmul_linear_1183,4.4858395,591.0655942995731
matmul,linear,"[(410, 1024), (1024, 128)]",31.00332972,matmul_linear_1184,4.5106874,587.3304880316025
matmul,linear,"[(412, 1024), (1024, 128)]",31.00656604,matmul_linear_1185,4.5418214,582.6901216327
matmul,linear,"[(414, 1024), (1024, 128)]",31.009802360000002,matmul_linear_1186,4.4428482,597.9712329581731
matmul,linear,"[(416, 1024), (1024, 128)]",31.01303868,matmul_linear_1187,4.5028839,588.7372485886212
matmul,linear,"[(418, 1024), (1024, 128)]",31.016275,matmul_linear_1188,4.5603926,580.1229131018238
matmul,linear,"[(420, 1024), (1024, 128)]",31.01951132,matmul_linear_1189,4.5114016,587.5803590618046
matmul,linear,"[(422, 1024), (1024, 128)]",31.022747640000002,matmul_linear_1190,4.550455599999999,581.7503645129514
matmul,linear,"[(424, 1024), (1024, 128)]",31.02598396,matmul_linear_1191,4.6496608,567.2741366423977
matmul,linear,"[(426, 1024), (1024, 128)]",31.02922028,matmul_linear_1192,4.5611339,580.2961930146363
matmul,linear,"[(428, 1024), (1024, 128)]",31.0324566,matmul_linear_1193,4.5649823000000005,579.7935799225332
matmul,linear,"[(430, 1024), (1024, 128)]",31.035692920000002,matmul_linear_1194,4.5123928,587.7879275048929
matmul,linear,"[(432, 1024), (1024, 128)]",31.03892924,matmul_linear_1195,4.584571400000001,577.030119762122
matmul,linear,"[(434, 1024), (1024, 128)]",31.04216556,matmul_linear_1196,4.6554285,566.7950234870968
matmul,linear,"[(436, 1024), (1024, 128)]",31.04540188,matmul_linear_1197,4.660883999999999,566.0839849264647
matmul,linear,"[(438, 1024), (1024, 128)]",31.0486382,matmul_linear_1198,4.6380088,569.438966998079
matmul,linear,"[(440, 1024), (1024, 128)]",31.051874520000002,matmul_linear_1199,4.596151600000001,575.6059682626656
matmul,linear,"[(442, 1024), (1024, 128)]",31.05511084,matmul_linear_1200,4.6213033999999995,571.9989611588801
matmul,linear,"[(444, 1024), (1024, 128)]",31.05834716,matmul_linear_1201,4.6657142,565.671874200953
matmul,linear,"[(446, 1024), (1024, 128)]",31.06158348,matmul_linear_1202,4.7082766000000005,559.7229967330295
matmul,linear,"[(448, 1024), (1024, 128)]",31.064819800000002,matmul_linear_1203,4.659999999999999,566.6270343347641
matmul,linear,"[(450, 1024), (1024, 128)]",31.06805612,matmul_linear_1204,4.7241518,557.6430528756506
matmul,linear,"[(452, 1024), (1024, 128)]",31.07129244,matmul_linear_1205,4.741446300000001,555.3125454568577
matmul,linear,"[(454, 1024), (1024, 128)]",31.07452876,matmul_linear_1206,4.7984108999999995,547.600412044746
matmul,linear,"[(456, 1024), (1024, 128)]",31.07776508,matmul_linear_1207,4.7921517,548.5137997613891
matmul,linear,"[(458, 1024), (1024, 128)]",31.0810014,matmul_linear_1208,4.7325984000000005,556.7428455370309
matmul,linear,"[(460, 1024), (1024, 128)]",31.08423772,matmul_linear_1209,4.7111607,559.7999877185256
matmul,linear,"[(462, 1024), (1024, 128)]",31.08747404,matmul_linear_1210,4.7213036,558.4510693190755
matmul,linear,"[(464, 1024), (1024, 128)]",31.09071036,matmul_linear_1211,4.732286,556.9913644272557
matmul,linear,"[(466, 1024), (1024, 128)]",31.093946680000002,matmul_linear_1212,4.7587323999999995,553.4081781946808
matmul,linear,"[(468, 1024), (1024, 128)]",31.097183,matmul_linear_1213,4.7919821,548.9419691279732
matmul,linear,"[(470, 1024), (1024, 128)]",31.10041932,matmul_linear_1214,4.8582501,540.1568194276371
matmul,linear,"[(472, 1024), (1024, 128)]",31.10365564,matmul_linear_1215,4.8554105000000005,540.5978575858827
matmul,linear,"[(474, 1024), (1024, 128)]",31.106891960000002,matmul_linear_1216,4.779446500000001,550.8471631600019
matmul,linear,"[(476, 1024), (1024, 128)]",31.11012828,matmul_linear_1217,4.800856900000001,548.0119888597386
matmul,linear,"[(478, 1024), (1024, 128)]",31.1133646,matmul_linear_1218,4.8032947,547.7504826010363
matmul,linear,"[(480, 1024), (1024, 128)]",31.11660092,matmul_linear_1219,4.795419600000001,548.881714542769
matmul,linear,"[(482, 1024), (1024, 128)]",31.11983724,matmul_linear_1220,4.9200086999999995,532.5158985999354
matmul,linear,"[(484, 1024), (1024, 128)]",31.12307356,matmul_linear_1221,4.879151800000001,537.8787714700738
matmul,linear,"[(486, 1024), (1024, 128)]",31.12630988,matmul_linear_1222,4.8698751,539.160332469307
matmul,linear,"[(488, 1024), (1024, 128)]",31.1295462,matmul_linear_1223,4.8661338999999995,539.7182412099265
matmul,linear,"[(490, 1024), (1024, 128)]",31.13278252,matmul_linear_1224,4.885437400000001,537.256809799671
matmul,linear,"[(492, 1024), (1024, 128)]",31.136018840000002,matmul_linear_1225,4.9241516,532.3123528528245
matmul,linear,"[(494, 1024), (1024, 128)]",31.13925516,matmul_linear_1226,4.8941607,536.2532223349349
matmul,linear,"[(496, 1024), (1024, 128)]",31.14249148,matmul_linear_1227,4.8546875,541.4932264950113
matmul,linear,"[(498, 1024), (1024, 128)]",31.1457278,matmul_linear_1228,5.049982100000001,516.749271249892
matmul,linear,"[(500, 1024), (1024, 128)]",31.148964120000002,matmul_linear_1229,4.946741,529.6865778903726
matmul,linear,"[(502, 1024), (1024, 128)]",31.15220044,matmul_linear_1230,4.9706876,526.718131310445
matmul,linear,"[(504, 1024), (1024, 128)]",31.15543676,matmul_linear_1231,4.9205714,533.1670496641914
matmul,linear,"[(506, 1024), (1024, 128)]",31.15867308,matmul_linear_1232,4.934839500000001,531.4019550179898
matmul,linear,"[(508, 1024), (1024, 128)]",31.1619094,matmul_linear_1233,4.9287233,532.2511430089817
matmul,linear,"[(510, 1024), (1024, 128)]",31.16514572,matmul_linear_1234,5.0266605,519.9970282456911
matmul,linear,"[(512, 1024), (1024, 128)]",31.16838204,matmul_linear_1235,4.9597142000000005,528.4310099965035
matmul,linear,"[(514, 1024), (1024, 128)]",31.17161836,matmul_linear_1236,5.0194552,521.0159692231141
matmul,linear,"[(516, 1024), (1024, 128)]",31.17485468,matmul_linear_1237,4.9862947,525.2108340086678
matmul,linear,"[(518, 1024), (1024, 128)]",31.178091000000002,matmul_linear_1238,4.978303500000001,526.2794343494726
matmul,linear,"[(520, 1024), (1024, 128)]",31.18132732,matmul_linear_1239,5.0669998,515.3804726812897
matmul,linear,"[(522, 1024), (1024, 128)]",31.18456364,matmul_linear_1240,5.033723300000001,519.5128691320795
matmul,linear,"[(524, 1024), (1024, 128)]",31.18779996,matmul_linear_1241,5.006571699999999,522.9372478576508
matmul,linear,"[(526, 1024), (1024, 128)]",31.19103628,matmul_linear_1242,5.0406964,518.7842671897478
matmul,linear,"[(528, 1024), (1024, 128)]",31.1942726,matmul_linear_1243,5.0978483,511.9105701909569
matmul,linear,"[(530, 1024), (1024, 128)]",31.19750892,matmul_linear_1244,5.1669911,503.7848394977882
matmul,linear,"[(532, 1024), (1024, 128)]",31.20074524,matmul_linear_1245,5.1507233999999995,505.75462545707654
matmul,linear,"[(534, 1024), (1024, 128)]",31.20398156,matmul_linear_1246,5.1112767,510.49290405271927
matmul,linear,"[(536, 1024), (1024, 128)]",31.20721788,matmul_linear_1247,5.1057231000000005,511.2203358619272
matmul,linear,"[(538, 1024), (1024, 128)]",31.2104542,matmul_linear_1248,5.0758659999999995,514.879395949381
matmul,linear,"[(540, 1024), (1024, 128)]",31.21369052,matmul_linear_1249,5.0941606,512.7347166871809
matmul,linear,"[(542, 1024), (1024, 128)]",31.21692684,matmul_linear_1250,5.1298751000000005,508.531908310984
matmul,linear,"[(544, 1024), (1024, 128)]",31.220163160000002,matmul_linear_1251,5.075607,515.1020589261541
matmul,linear,"[(546, 1024), (1024, 128)]",31.22339948,matmul_linear_1252,5.188865899999999,501.738416095895
matmul,linear,"[(548, 1024), (1024, 128)]",31.2266358,matmul_linear_1253,5.126982099999999,509.0646542339207
matmul,linear,"[(550, 1024), (1024, 128)]",31.22987212,matmul_linear_1254,5.177875299999999,503.14067664008826
matmul,linear,"[(552, 1024), (1024, 128)]",31.233108440000002,matmul_linear_1255,5.2035982,500.2213706661671
matmul,linear,"[(554, 1024), (1024, 128)]",31.23634476,matmul_linear_1256,5.166401800000001,504.605409513445
matmul,linear,"[(556, 1024), (1024, 128)]",31.23958108,matmul_linear_1257,5.1711696,504.1105493813237
matmul,linear,"[(558, 1024), (1024, 128)]",31.2428174,matmul_linear_1258,5.2011430999999995,500.6913634043255
matmul,linear,"[(560, 1024), (1024, 128)]",31.24605372,matmul_linear_1259,5.2053305000000005,500.2703136717255
matmul,linear,"[(562, 1024), (1024, 128)]",31.24929004,matmul_linear_1260,5.306731900000001,488.8612922013263
matmul,linear,"[(564, 1024), (1024, 128)]",31.25252636,matmul_linear_1261,5.2272592,497.87596452075695
matmul,linear,"[(566, 1024), (1024, 128)]",31.25576268,matmul_linear_1262,5.2450086,495.91442195156736
matmul,linear,"[(568, 1024), (1024, 128)]",31.258999,matmul_linear_1263,5.312990900000001,488.35032072048153
matmul,linear,"[(570, 1024), (1024, 128)]",31.262235320000002,matmul_linear_1264,5.2242945,498.40109166893257
matmul,linear,"[(572, 1024), (1024, 128)]",31.26547164,matmul_linear_1265,5.295580500000001,490.4068806054407
matmul,linear,"[(574, 1024), (1024, 128)]",31.26870796,matmul_linear_1266,5.3467321000000005,484.8190516222049
matmul,linear,"[(576, 1024), (1024, 128)]",31.27194428,matmul_linear_1267,5.3091247,489.02259877226095
matmul,linear,"[(578, 1024), (1024, 128)]",31.2751806,matmul_linear_1268,5.424732199999999,476.5294847181581
matmul,linear,"[(580, 1024), (1024, 128)]",31.27841692,matmul_linear_1269,5.295714299999999,490.63641178679154
matmul,linear,"[(582, 1024), (1024, 128)]",31.28165324,matmul_linear_1270,5.2911516,491.20689794637525
matmul,linear,"[(584, 1024), (1024, 128)]",31.28488956,matmul_linear_1271,5.343857099999999,485.436492304407
matmul,linear,"[(586, 1024), (1024, 128)]",31.28812588,matmul_linear_1272,5.444857,474.63631974173063
matmul,linear,"[(588, 1024), (1024, 128)]",31.291362200000002,matmul_linear_1273,5.256598400000001,495.27777887692537
matmul,linear,"[(590, 1024), (1024, 128)]",31.29459852,matmul_linear_1274,5.356562599999999,484.22911962234895
matmul,linear,"[(592, 1024), (1024, 128)]",31.29783484,matmul_linear_1275,5.348973000000001,485.1185795852773
matmul,linear,"[(594, 1024), (1024, 128)]",31.30107116,matmul_linear_1276,5.477875199999999,471.4089864624883
matmul,linear,"[(596, 1024), (1024, 128)]",31.304307480000002,matmul_linear_1277,5.3854377,481.2769402197337
matmul,linear,"[(598, 1024), (1024, 128)]",31.3075438,matmul_linear_1278,5.4608571999999995,473.30823080303225
matmul,linear,"[(600, 1024), (1024, 128)]",31.31078012,matmul_linear_1279,5.3675627,483.3332905454463
matmul,linear,"[(602, 1024), (1024, 128)]",31.31401644,matmul_linear_1280,5.391973,480.7524711269882
matmul,linear,"[(604, 1024), (1024, 128)]",31.317252760000002,matmul_linear_1281,5.4611161,473.458834907392
matmul,linear,"[(606, 1024), (1024, 128)]",31.32048908,matmul_linear_1282,5.373455300000001,482.8742835173487
matmul,linear,"[(608, 1024), (1024, 128)]",31.3237254,matmul_linear_1283,5.413553500000001,478.6167145110877
matmul,linear,"[(610, 1024), (1024, 128)]",31.32696172,matmul_linear_1284,5.4846965,471.17037779574497
matmul,linear,"[(612, 1024), (1024, 128)]",31.33019804,matmul_linear_1285,5.519294599999999,467.6485911804745
matmul,linear,"[(614, 1024), (1024, 128)]",31.333434360000002,matmul_linear_1286,5.550178400000001,464.548237944928
matmul,linear,"[(616, 1024), (1024, 128)]",31.33667068,matmul_linear_1287,5.4690357,472.98347275370685
matmul,linear,"[(618, 1024), (1024, 128)]",31.339907,matmul_linear_1288,5.4967231000000005,470.15618996707326
matmul,linear,"[(620, 1024), (1024, 128)]",31.34314332,matmul_linear_1289,5.533571500000001,466.41796929885146
matmul,linear,"[(622, 1024), (1024, 128)]",31.346379640000002,matmul_linear_1290,5.447142899999999,475.4646098966856
matmul,linear,"[(624, 1024), (1024, 128)]",31.34961596,matmul_linear_1291,5.5282678,467.0784609964083
matmul,linear,"[(626, 1024), (1024, 128)]",31.35285228,matmul_linear_1292,5.5845536000000005,461.4209214501943
matmul,linear,"[(628, 1024), (1024, 128)]",31.3560886,matmul_linear_1293,5.5586964000000005,464.0906850030521
matmul,linear,"[(630, 1024), (1024, 128)]",31.35932492,matmul_linear_1294,5.6205715000000005,457.938368366989
matmul,linear,"[(632, 1024), (1024, 128)]",31.36256124,matmul_linear_1295,5.6048841000000005,459.55771217463706
matmul,linear,"[(634, 1024), (1024, 128)]",31.36579756,matmul_linear_1296,5.5277142,467.4279896742852
matmul,linear,"[(636, 1024), (1024, 128)]",31.36903388,matmul_linear_1297,5.5757501000000005,462.59755759139915
matmul,linear,"[(638, 1024), (1024, 128)]",31.3722702,matmul_linear_1298,5.6235804,457.87003952144084
matmul,linear,"[(640, 1024), (1024, 128)]",31.375506520000002,matmul_linear_1299,5.581571299999999,462.1267710044303
matmul,linear,"[(642, 1024), (1024, 128)]",31.37874284,matmul_linear_1300,5.606580500000001,459.67702309812546
matmul,linear,"[(644, 1024), (1024, 128)]",31.38197916,matmul_linear_1301,5.6357051,456.84210942833045
matmul,linear,"[(646, 1024), (1024, 128)]",31.38521548,matmul_linear_1302,5.637419899999999,456.73013606809747
matmul,linear,"[(648, 1024), (1024, 128)]",31.388451800000002,matmul_linear_1303,5.7787234,443.17276718937615
matmul,linear,"[(650, 1024), (1024, 128)]",31.39168812,matmul_linear_1304,5.6828750999999995,452.3909564720154
matmul,linear,"[(652, 1024), (1024, 128)]",31.39492444,matmul_linear_1305,5.588035700000001,461.82397760987806
matmul,linear,"[(654, 1024), (1024, 128)]",31.39816076,matmul_linear_1306,5.631874999999999,457.5081258017979
matmul,linear,"[(656, 1024), (1024, 128)]",31.401397080000002,matmul_linear_1307,5.672321800000001,453.58983829161457
matmul,linear,"[(658, 1024), (1024, 128)]",31.4046334,matmul_linear_1308,5.7335447,447.73504076806097
matmul,linear,"[(660, 1024), (1024, 128)]",31.40786972,matmul_linear_1309,5.6927146,451.72043439521804
matmul,linear,"[(662, 1024), (1024, 128)]",31.41110604,matmul_linear_1310,5.754116099999999,445.8893337240798
matmul,linear,"[(664, 1024), (1024, 128)]",31.41434236,matmul_linear_1311,5.739821399999999,447.3052238175913
matmul,linear,"[(666, 1024), (1024, 128)]",31.417578680000002,matmul_linear_1312,5.7611429,445.3358686867497
matmul,linear,"[(668, 1024), (1024, 128)]",31.420815,matmul_linear_1313,5.697410799999999,451.4928816437109
matmul,linear,"[(670, 1024), (1024, 128)]",31.42405132,matmul_linear_1314,5.6642858,454.7751725380807
matmul,linear,"[(672, 1024), (1024, 128)]",31.42728764,matmul_linear_1315,5.7404107,447.47454986104043
matmul,linear,"[(674, 1024), (1024, 128)]",31.430523960000002,matmul_linear_1316,5.8468572000000005,437.5627090738593
matmul,linear,"[(676, 1024), (1024, 128)]",31.43376028,matmul_linear_1317,5.8740177,435.13220227443315
matmul,linear,"[(678, 1024), (1024, 128)]",31.4369966,matmul_linear_1318,5.8895982,433.77149904725246
matmul,linear,"[(680, 1024), (1024, 128)]",31.44023292,matmul_linear_1319,5.7977323,442.2850054667063
matmul,linear,"[(682, 1024), (1024, 128)]",31.44346924,matmul_linear_1320,5.875133999999999,435.1957800451872
matmul,linear,"[(684, 1024), (1024, 128)]",31.44670556,matmul_linear_1321,5.8005714,442.1311693534193
matmul,linear,"[(686, 1024), (1024, 128)]",31.44994188,matmul_linear_1322,5.7934106,442.8571190862944
matmul,linear,"[(688, 1024), (1024, 128)]",31.4531782,matmul_linear_1323,5.8160001,440.80429262716143
matmul,linear,"[(690, 1024), (1024, 128)]",31.45641452,matmul_linear_1324,5.9721696,426.71669806564097
matmul,linear,"[(692, 1024), (1024, 128)]",31.459650840000002,matmul_linear_1325,5.972428599999999,426.7480441708421
matmul,linear,"[(694, 1024), (1024, 128)]",31.46288716,matmul_linear_1326,5.915392899999999,431.8816128003942
matmul,linear,"[(696, 1024), (1024, 128)]",31.46612348,matmul_linear_1327,5.973000000000001,426.80601841620626
matmul,linear,"[(698, 1024), (1024, 128)]",31.4693598,matmul_linear_1328,5.9104377,432.43704438336266
matmul,linear,"[(700, 1024), (1024, 128)]",31.472596120000002,matmul_linear_1329,5.970857199999999,427.1034805521727
matmul,linear,"[(702, 1024), (1024, 128)]",31.47583244,matmul_linear_1330,5.8132502,441.44981476971356
matmul,linear,"[(704, 1024), (1024, 128)]",31.47906876,matmul_linear_1331,5.904714500000001,433.11754124606693
matmul,linear,"[(706, 1024), (1024, 128)]",31.48230508,matmul_linear_1332,5.983027,426.193598658338
matmul,linear,"[(708, 1024), (1024, 128)]",31.485541400000002,matmul_linear_1333,5.9968303,425.036391308255
matmul,linear,"[(710, 1024), (1024, 128)]",31.48877772,matmul_linear_1334,5.9428573,429.85922647006856
matmul,linear,"[(712, 1024), (1024, 128)]",31.49201404,matmul_linear_1335,5.9992768000000005,424.93017225009515
matmul,linear,"[(714, 1024), (1024, 128)]",31.49525036,matmul_linear_1336,6.0196071,423.2110640576525
matmul,linear,"[(716, 1024), (1024, 128)]",31.49848668,matmul_linear_1337,6.0346696,421.9587610894223
matmul,linear,"[(718, 1024), (1024, 128)]",31.501723000000002,matmul_linear_1338,5.986982,426.1703308945976
matmul,linear,"[(720, 1024), (1024, 128)]",31.50495932,matmul_linear_1339,5.892857300000001,434.629598446241
matmul,linear,"[(722, 1024), (1024, 128)]",31.50819564,matmul_linear_1340,6.168321499999999,410.80663742964765
matmul,linear,"[(724, 1024), (1024, 128)]",31.51143196,matmul_linear_1341,5.9524287000000005,429.3878103907401
matmul,linear,"[(726, 1024), (1024, 128)]",31.514668280000002,matmul_linear_1342,6.0212948,423.3869014352196
matmul,linear,"[(728, 1024), (1024, 128)]",31.5179046,matmul_linear_1343,6.0772856,418.61812451269367
matmul,linear,"[(730, 1024), (1024, 128)]",31.52114092,matmul_linear_1344,5.995990999999999,425.7036062929381
matmul,linear,"[(732, 1024), (1024, 128)]",31.52437724,matmul_linear_1345,6.042714200000001,421.69234215975325
matmul,linear,"[(734, 1024), (1024, 128)]",31.52761356,matmul_linear_1346,6.0308839999999995,422.76935785864896
matmul,linear,"[(736, 1024), (1024, 128)]",31.53084988,matmul_linear_1347,6.0650268,419.8798112483196
matmul,linear,"[(738, 1024), (1024, 128)]",31.5340862,matmul_linear_1348,6.1922946,409.2471892406411
matmul,linear,"[(740, 1024), (1024, 128)]",31.53732252,matmul_linear_1349,6.1802765,410.28983120739014
matmul,linear,"[(742, 1024), (1024, 128)]",31.54055884,matmul_linear_1350,6.138392700000001,413.8243898928134
matmul,linear,"[(744, 1024), (1024, 128)]",31.543795160000002,matmul_linear_1351,6.0740092,419.32412548864767
matmul,linear,"[(746, 1024), (1024, 128)]",31.54703148,matmul_linear_1352,6.0424462,422.09039908373535
matmul,linear,"[(748, 1024), (1024, 128)]",31.5502678,matmul_linear_1353,6.0375625,422.56631380627533
matmul,linear,"[(750, 1024), (1024, 128)]",31.55350412,matmul_linear_1354,6.143571199999999,413.60199292554796
matmul,linear,"[(752, 1024), (1024, 128)]",31.556740440000002,matmul_linear_1355,6.0682678,420.0288036068547
matmul,linear,"[(754, 1024), (1024, 128)]",31.55997676,matmul_linear_1356,7.1236962,343.02811172660614
matmul,linear,"[(756, 1024), (1024, 128)]",31.56321308,matmul_linear_1357,7.0921339,345.0453632862177
matmul,linear,"[(758, 1024), (1024, 128)]",31.5664494,matmul_linear_1358,7.1137411,343.73908125500935
matmul,linear,"[(760, 1024), (1024, 128)]",31.56968572,matmul_linear_1359,7.132169599999999,342.6378996932434
matmul,linear,"[(762, 1024), (1024, 128)]",31.57292204,matmul_linear_1360,7.104982,344.3772276974101
matmul,linear,"[(764, 1024), (1024, 128)]",31.57615836,matmul_linear_1361,7.152937400000001,341.44323645276137
matmul,linear,"[(766, 1024), (1024, 128)]",31.57939468,matmul_linear_1362,7.086428700000001,345.6320103806308
matmul,linear,"[(768, 1024), (1024, 128)]",31.582631,matmul_linear_1363,7.1045806,344.53899221018054
matmul,linear,"[(770, 1024), (1024, 128)]",31.585867320000002,matmul_linear_1364,7.256017900000001,335.3058076110865
matmul,linear,"[(772, 1024), (1024, 128)]",31.58910364,matmul_linear_1365,7.2164287,337.7387341192743
matmul,linear,"[(774, 1024), (1024, 128)]",31.59233996,matmul_linear_1366,7.280419599999999,333.93570282679866
matmul,linear,"[(776, 1024), (1024, 128)]",31.59557628,matmul_linear_1367,7.2712946,334.5247719711425
matmul,linear,"[(778, 1024), (1024, 128)]",31.598812600000002,matmul_linear_1368,7.2580091,335.36474210262435
matmul,linear,"[(780, 1024), (1024, 128)]",31.60204892,matmul_linear_1369,7.341741099999998,330.4435213603488
matmul,linear,"[(782, 1024), (1024, 128)]",31.60528524,matmul_linear_1370,7.282714199999999,333.97673411377315
matmul,linear,"[(784, 1024), (1024, 128)]",31.60852156,matmul_linear_1371,7.310723,332.3583530657638
matmul,linear,"[(786, 1024), (1024, 128)]",31.61175788,matmul_linear_1372,7.2411516,336.5570509530555
matmul,linear,"[(788, 1024), (1024, 128)]",31.6149942,matmul_linear_1373,7.215982300000002,338.1246084819248
matmul,linear,"[(790, 1024), (1024, 128)]",31.61823052,matmul_linear_1374,7.2117318,338.42770913915575
matmul,linear,"[(792, 1024), (1024, 128)]",31.62146684,matmul_linear_1375,7.208294499999999,338.68167206542415
matmul,linear,"[(794, 1024), (1024, 128)]",31.62470316,matmul_linear_1376,7.222544500000001,337.8609665887139
matmul,linear,"[(796, 1024), (1024, 128)]",31.627939480000002,matmul_linear_1377,7.2012501,339.20068100398294
matmul,linear,"[(798, 1024), (1024, 128)]",31.6311758,matmul_linear_1378,7.238134,337.0073253686655
matmul,linear,"[(800, 1024), (1024, 128)]",31.63441212,matmul_linear_1379,7.1761427,340.8275231204642
matmul,linear,"[(802, 1024), (1024, 128)]",31.63764844,matmul_linear_1380,7.4590000000000005,324.1540211824641
matmul,linear,"[(804, 1024), (1024, 128)]",31.64088476,matmul_linear_1381,7.3982768,327.6791152231558
matmul,linear,"[(806, 1024), (1024, 128)]",31.64412108,matmul_linear_1382,7.4580178,324.2966687475592
matmul,linear,"[(808, 1024), (1024, 128)]",31.6473574,matmul_linear_1383,7.4393036,325.4075260485404
matmul,linear,"[(810, 1024), (1024, 128)]",31.65059372,matmul_linear_1384,7.3670179000000005,329.6255845937336
matmul,linear,"[(812, 1024), (1024, 128)]",31.65383004,matmul_linear_1385,7.361160600000001,330.0114039082369
matmul,linear,"[(814, 1024), (1024, 128)]",31.65706636,matmul_linear_1386,7.4134285,327.02329104543196
matmul,linear,"[(816, 1024), (1024, 128)]",31.66030268,matmul_linear_1387,7.4973034,322.28920174152216
matmul,linear,"[(818, 1024), (1024, 128)]",31.663539,matmul_linear_1388,7.437741099999999,325.71445515897295
matmul,linear,"[(820, 1024), (1024, 128)]",31.66677532,matmul_linear_1389,7.4332948000000005,326.0126387022885
matmul,linear,"[(822, 1024), (1024, 128)]",31.670011640000002,matmul_linear_1390,7.3558576,330.54139112209026
matmul,linear,"[(824, 1024), (1024, 128)]",31.67324796,matmul_linear_1391,7.4054375,327.7025896174264
matmul,linear,"[(826, 1024), (1024, 128)]",31.67648428,matmul_linear_1392,7.405142700000001,327.7633202125868
matmul,linear,"[(828, 1024), (1024, 128)]",31.6797206,matmul_linear_1393,7.3867140000000004,328.8743357330472
matmul,linear,"[(830, 1024), (1024, 128)]",31.682956920000002,matmul_linear_1394,7.3619731,330.3595855301346
matmul,linear,"[(832, 1024), (1024, 128)]",31.68619324,matmul_linear_1395,7.3722767000000005,329.80200729579235
matmul,linear,"[(834, 1024), (1024, 128)]",31.68942956,matmul_linear_1396,7.549991,319.7280441791255
matmul,linear,"[(836, 1024), (1024, 128)]",31.69266588,matmul_linear_1397,7.5323037,320.7566123495525
matmul,linear,"[(838, 1024), (1024, 128)]",31.6959022,matmul_linear_1398,7.5791785,318.1970671359699
matmul,linear,"[(840, 1024), (1024, 128)]",31.69913852,matmul_linear_1399,7.510874799999999,322.04322883933577
matmul,linear,"[(842, 1024), (1024, 128)]",31.70237484,matmul_linear_1400,7.578732100000001,318.3071049575693
matmul,linear,"[(844, 1024), (1024, 128)]",31.70561116,matmul_linear_1401,7.594294499999999,317.4925157300656
matmul,linear,"[(846, 1024), (1024, 128)]",31.70884748,matmul_linear_1402,7.546848200000001,320.16013360385324
matmul,linear,"[(848, 1024), (1024, 128)]",31.712083800000002,matmul_linear_1403,7.552008999999998,319.91586344772645
matmul,linear,"[(850, 1024), (1024, 128)]",31.71532012,matmul_linear_1404,7.635571199999999,315.36277102622006
matmul,linear,"[(852, 1024), (1024, 128)]",31.71855644,matmul_linear_1405,7.5701429000000005,318.9954781434839
matmul,linear,"[(854, 1024), (1024, 128)]",31.72179276,matmul_linear_1406,7.531312700000001,321.19872090824214
matmul,linear,"[(856, 1024), (1024, 128)]",31.72502908,matmul_linear_1407,7.616562799999999,316.52684961778306
matmul,linear,"[(858, 1024), (1024, 128)]",31.7282654,matmul_linear_1408,7.5998215,317.4869817666112
matmul,linear,"[(860, 1024), (1024, 128)]",31.73150172,matmul_linear_1409,7.5684376,319.26092804147584
matmul,linear,"[(862, 1024), (1024, 128)]",31.73473804,matmul_linear_1410,7.582446399999999,318.529012483359
matmul,linear,"[(864, 1024), (1024, 128)]",31.73797436,matmul_linear_1411,7.600553500000001,317.5745142771509
matmul,linear,"[(866, 1024), (1024, 128)]",31.741210680000002,matmul_linear_1412,7.719857099999999,311.16318953624165
matmul,linear,"[(868, 1024), (1024, 128)]",31.744447,matmul_linear_1413,7.696848,312.43437573406675
matmul,linear,"[(870, 1024), (1024, 128)]",31.74768332,matmul_linear_1414,7.720848599999999,311.1942218372214
matmul,linear,"[(872, 1024), (1024, 128)]",31.75091964,matmul_linear_1415,7.7121516,311.6998898206306
matmul,linear,"[(874, 1024), (1024, 128)]",31.754155960000002,matmul_linear_1416,7.735160699999999,310.5170815649636
matmul,linear,"[(876, 1024), (1024, 128)]",31.75739228,matmul_linear_1417,7.7223928,311.2377225877451
matmul,linear,"[(878, 1024), (1024, 128)]",31.7606286,matmul_linear_1418,7.7550179,309.54939123996087
matmul,linear,"[(880, 1024), (1024, 128)]",31.76386492,matmul_linear_1419,7.709866,311.98984418146824
matmul,linear,"[(882, 1024), (1024, 128)]",31.767101240000002,matmul_linear_1420,7.6625625,314.5754274761218
matmul,linear,"[(884, 1024), (1024, 128)]",31.77033756,matmul_linear_1421,7.706892600000001,312.2327792656667
matmul,linear,"[(886, 1024), (1024, 128)]",31.77357388,matmul_linear_1422,7.7434373999999995,310.3290598048872
matmul,linear,"[(888, 1024), (1024, 128)]",31.7768102,matmul_linear_1423,7.749446199999999,310.05265898871596
matmul,linear,"[(890, 1024), (1024, 128)]",31.78004652,matmul_linear_1424,7.656160700000001,315.0911633816672
matmul,linear,"[(892, 1024), (1024, 128)]",31.783282840000002,matmul_linear_1425,7.7694374999999996,309.08087413020576
matmul,linear,"[(894, 1024), (1024, 128)]",31.78651916,matmul_linear_1426,7.6726966,314.2809342936876
matmul,linear,"[(896, 1024), (1024, 128)]",31.78975548,matmul_linear_1427,7.773285800000001,308.9616192936068
matmul,linear,"[(898, 1024), (1024, 128)]",31.7929918,matmul_linear_1428,7.840714,305.485926409253
matmul,linear,"[(900, 1024), (1024, 128)]",31.796228120000002,matmul_linear_1429,7.8184375,306.68264112874215
matmul,linear,"[(902, 1024), (1024, 128)]",31.79946444,matmul_linear_1430,7.846455399999999,305.27171593940375
matmul,linear,"[(904, 1024), (1024, 128)]",31.80270076,matmul_linear_1431,7.8431426,305.4841583525461
matmul,linear,"[(906, 1024), (1024, 128)]",31.80593708,matmul_linear_1432,7.868133899999999,304.2373640845131
matmul,linear,"[(908, 1024), (1024, 128)]",31.8091734,matmul_linear_1433,7.861169599999999,304.63665101437323
matmul,linear,"[(910, 1024), (1024, 128)]",31.81240972,matmul_linear_1434,7.8774372,303.84212418729277
matmul,linear,"[(912, 1024), (1024, 128)]",31.81564604,matmul_linear_1435,7.8505714,305.2653548250004
matmul,linear,"[(914, 1024), (1024, 128)]",31.81888236,matmul_linear_1436,7.856437400000002,305.00395713711146
matmul,linear,"[(916, 1024), (1024, 128)]",31.82211868,matmul_linear_1437,7.823848100000001,306.73231731071047
matmul,linear,"[(918, 1024), (1024, 128)]",31.825355000000002,matmul_linear_1438,7.8490181,305.46925226226705
matmul,linear,"[(920, 1024), (1024, 128)]",31.82859132,matmul_linear_1439,7.886259,303.59556185004834
matmul,linear,"[(922, 1024), (1024, 128)]",31.83182764,matmul_linear_1440,7.893285799999999,303.2772719315447
matmul,linear,"[(924, 1024), (1024, 128)]",31.83506396,matmul_linear_1441,7.8510086999999995,305.4901118629508
matmul,linear,"[(926, 1024), (1024, 128)]",31.838300280000002,matmul_linear_1442,7.837268,306.2423318942264
matmul,linear,"[(928, 1024), (1024, 128)]",31.8415366,matmul_linear_1443,7.9171605,302.18379556660506
matmul,linear,"[(930, 1024), (1024, 128)]",31.84477292,matmul_linear_1444,8.017678499999999,297.1819638315506
matmul,linear,"[(932, 1024), (1024, 128)]",31.84800924,matmul_linear_1445,8.0289732,296.6635389940024
matmul,linear,"[(934, 1024), (1024, 128)]",31.851245560000002,matmul_linear_1446,8.0681516,294.7774798877106
matmul,linear,"[(936, 1024), (1024, 128)]",31.85448188,matmul_linear_1447,7.9876966,298.7943392842438
matmul,linear,"[(938, 1024), (1024, 128)]",31.8577182,matmul_linear_1448,8.0671339,294.9075172782244
matmul,linear,"[(940, 1024), (1024, 128)]",31.86095452,matmul_linear_1449,8.0124287,297.64415650899963
matmul,linear,"[(942, 1024), (1024, 128)]",31.86419084,matmul_linear_1450,8.010598400000001,297.7754126333433
matmul,linear,"[(944, 1024), (1024, 128)]",31.867427160000002,matmul_linear_1451,8.019169699999999,297.3906071597413
matmul,linear,"[(946, 1024), (1024, 128)]",31.87066348,matmul_linear_1452,7.9990267,298.43176770493847
matmul,linear,"[(948, 1024), (1024, 128)]",31.8738998,matmul_linear_1453,8.0447057,296.20964381580796
matmul,linear,"[(950, 1024), (1024, 128)]",31.87713612,matmul_linear_1454,8.0584286,295.57508916812895
matmul,linear,"[(952, 1024), (1024, 128)]",31.880372440000002,matmul_linear_1455,8.042151899999999,296.4159448418278
matmul,linear,"[(954, 1024), (1024, 128)]",31.88360876,matmul_linear_1456,7.975018,299.7935648546499
matmul,linear,"[(956, 1024), (1024, 128)]",31.88684508,matmul_linear_1457,8.0452767,296.34242884399487
matmul,linear,"[(958, 1024), (1024, 128)]",31.8900814,matmul_linear_1458,8.0848392,294.44298904547173
matmul,linear,"[(960, 1024), (1024, 128)]",31.89331772,matmul_linear_1459,8.0028303,298.52547816739286
matmul,linear,"[(962, 1024), (1024, 128)]",31.89655404,matmul_linear_1460,8.2180538,288.1278319204968
matmul,linear,"[(964, 1024), (1024, 128)]",31.89979036,matmul_linear_1461,8.2054105,288.76531966316617
matmul,linear,"[(966, 1024), (1024, 128)]",31.90302668,matmul_linear_1462,8.2104286,288.5671288828941
matmul,linear,"[(968, 1024), (1024, 128)]",31.906263,matmul_linear_1463,8.200312300000002,289.08594981193573
matmul,linear,"[(970, 1024), (1024, 128)]",31.909499320000002,matmul_linear_1464,8.1795716,290.11210953884193
matmul,linear,"[(972, 1024), (1024, 128)]",31.91273564,matmul_linear_1465,8.1858392,289.8529504464246
matmul,linear,"[(974, 1024), (1024, 128)]",31.91597196,matmul_linear_1466,8.108419799999998,293.6151894848859
matmul,linear,"[(976, 1024), (1024, 128)]",31.91920828,matmul_linear_1467,8.1664377,290.8584067199827
matmul,linear,"[(978, 1024), (1024, 128)]",31.9224446,matmul_linear_1468,8.1520002,291.59033141338733
matmul,linear,"[(980, 1024), (1024, 128)]",31.92568092,matmul_linear_1469,8.190857199999998,289.7721586453736
matmul,linear,"[(982, 1024), (1024, 128)]",31.92891724,matmul_linear_1470,8.1682858,290.88883545186434
matmul,linear,"[(984, 1024), (1024, 128)]",31.93215356,matmul_linear_1471,8.2008572,289.3758028124182
matmul,linear,"[(986, 1024), (1024, 128)]",31.935389880000002,matmul_linear_1472,8.317741100000001,283.9430621373873
matmul,linear,"[(988, 1024), (1024, 128)]",31.9386262,matmul_linear_1473,8.096705299999998,294.4644768039169
matmul,linear,"[(990, 1024), (1024, 128)]",31.94186252,matmul_linear_1474,8.251285800000002,287.11375771276755
matmul,linear,"[(992, 1024), (1024, 128)]",31.94509884,matmul_linear_1475,8.1278661,293.0318049899961
matmul,linear,"[(994, 1024), (1024, 128)]",31.94833516,matmul_linear_1476,8.329455399999999,283.558511640509
matmul,linear,"[(996, 1024), (1024, 128)]",31.951571480000002,matmul_linear_1477,8.364830399999999,281.9751262380646
matmul,linear,"[(998, 1024), (1024, 128)]",31.9548078,matmul_linear_1478,8.310991000000001,284.488538129809
matmul,linear,"[(1000, 1024), (1024, 128)]",31.95804412,matmul_linear_1479,8.412419400000001,279.8912369965767
matmul,linear,"[(1002, 1024), (1024, 128)]",31.96128044,matmul_linear_1480,8.2958392,285.2688036672649
matmul,linear,"[(1004, 1024), (1024, 128)]",31.964516760000002,matmul_linear_1481,8.2725626,286.3919598505063
matmul,linear,"[(1006, 1024), (1024, 128)]",31.96775308,matmul_linear_1482,8.3825536,281.3605567639914
matmul,linear,"[(1008, 1024), (1024, 128)]",31.9709894,matmul_linear_1483,8.339571500000002,283.3648935080177
matmul,linear,"[(1010, 1024), (1024, 128)]",31.97422572,matmul_linear_1484,8.3788393,281.6068619432766
matmul,linear,"[(1012, 1024), (1024, 128)]",31.97746204,matmul_linear_1485,8.2825804,286.08091314151324
matmul,linear,"[(1014, 1024), (1024, 128)]",31.98069836,matmul_linear_1486,8.3162678,284.55589850052684
matmul,linear,"[(1016, 1024), (1024, 128)]",31.98393468,matmul_linear_1487,8.325160699999998,284.1839915474546
matmul,linear,"[(1018, 1024), (1024, 128)]",31.987171,matmul_linear_1488,8.321919900000001,284.372493179128
matmul,linear,"[(1020, 1024), (1024, 128)]",31.99040732,matmul_linear_1489,8.291428400000001,285.825044572537
matmul,linear,"[(1022, 1024), (1024, 128)]",31.993643640000002,matmul_linear_1490,8.3145713,284.7900569449684
matmul,linear,"[(1024, 1024), (1024, 128)]",31.99687996,matmul_linear_1491,8.268866200000001,286.95607337315477
matmul,linear,"[(32, 1024), (1024, 1024)]",31.99687996,matmul_linear_1492,4.925580399999999,549.6062872103357
matmul,linear,"[(34, 1024), (1024, 1024)]",31.99687996,matmul_linear_1493,5.0793125,529.9450951285237
matmul,linear,"[(36, 1024), (1024, 1024)]",31.99687996,matmul_linear_1494,5.1852947,517.0696519910431
matmul,linear,"[(38, 1024), (1024, 1024)]",31.99687996,matmul_linear_1495,5.1111249999999995,526.024211108122
matmul,linear,"[(40, 1024), (1024, 1024)]",31.99687996,matmul_linear_1496,5.089134100000001,528.7293541744164
matmul,linear,"[(42, 1024), (1024, 1024)]",31.99687996,matmul_linear_1497,5.2375713,510.9106325674269
matmul,linear,"[(44, 1024), (1024, 1024)]",31.99687996,matmul_linear_1498,5.273,506.8059920348948
matmul,linear,"[(46, 1024), (1024, 1024)]",31.99687996,matmul_linear_1499,5.2564463,508.71695692962754
matmul,linear,"[(48, 1024), (1024, 1024)]",31.99687996,matmul_linear_1500,5.237428499999999,510.9272892221823
matmul,linear,"[(50, 1024), (1024, 1024)]",31.99687996,matmul_linear_1501,5.3995625,492.5828242565949
matmul,linear,"[(52, 1024), (1024, 1024)]",31.99687996,matmul_linear_1502,5.476714299999999,484.2349665747583
matmul,linear,"[(54, 1024), (1024, 1024)]",31.99687996,matmul_linear_1503,5.456116,486.44061013365547
matmul,linear,"[(56, 1024), (1024, 1024)]",31.99687996,matmul_linear_1504,5.4199909,490.3493299223067
matmul,linear,"[(58, 1024), (1024, 1024)]",31.99687996,matmul_linear_1505,5.588259000000001,472.5733177363468
matmul,linear,"[(60, 1024), (1024, 1024)]",31.99687996,matmul_linear_1506,5.568981899999999,474.5552873856532
matmul,linear,"[(62, 1024), (1024, 1024)]",31.99687996,matmul_linear_1507,5.5979645,471.58061577560926
matmul,linear,"[(64, 1024), (1024, 1024)]",31.99687996,matmul_linear_1508,5.582428500000001,473.1713350202336
matmul,linear,"[(66, 1024), (1024, 1024)]",31.99687996,matmul_linear_1509,5.778411,453.7314663148745
matmul,linear,"[(68, 1024), (1024, 1024)]",31.99687996,matmul_linear_1510,5.7775362,453.81530902394
matmul,linear,"[(70, 1024), (1024, 1024)]",31.99687996,matmul_linear_1511,5.7175714,459.6236185174706
matmul,linear,"[(72, 1024), (1024, 1024)]",31.99687996,matmul_linear_1512,5.7695804,454.5789770084494
matmul,linear,"[(74, 1024), (1024, 1024)]",31.99687996,matmul_linear_1513,5.969249899999999,436.02848759942185
matmul,linear,"[(76, 1024), (1024, 1024)]",31.99687996,matmul_linear_1514,5.8945447,442.8219071780048
matmul,linear,"[(78, 1024), (1024, 1024)]",31.99687996,matmul_linear_1515,5.9613036,436.7430029901514
matmul,linear,"[(80, 1024), (1024, 1024)]",31.99687996,matmul_linear_1516,5.9105713,441.3500376858663
matmul,linear,"[(82, 1024), (1024, 1024)]",31.99687996,matmul_linear_1517,6.0756518,426.6411080371657
matmul,linear,"[(84, 1024), (1024, 1024)]",31.99687996,matmul_linear_1518,6.0965715,424.8339982562331
matmul,linear,"[(86, 1024), (1024, 1024)]",31.99687996,matmul_linear_1519,6.1463215,420.58584895046573
matmul,linear,"[(88, 1024), (1024, 1024)]",31.99687996,matmul_linear_1520,6.094544600000001,425.00854551134137
matmul,linear,"[(90, 1024), (1024, 1024)]",31.99687996,matmul_linear_1521,6.253687599999999,411.64819873637447
matmul,linear,"[(92, 1024), (1024, 1024)]",31.99687996,matmul_linear_1522,6.2885358,408.81287755410415
matmul,linear,"[(94, 1024), (1024, 1024)]",31.99687996,matmul_linear_1523,6.248973099999999,412.03420862861464
matmul,linear,"[(96, 1024), (1024, 1024)]",31.99687996,matmul_linear_1524,6.3112501000000005,406.98165106782886
matmul,linear,"[(98, 1024), (1024, 1024)]",31.99687996,matmul_linear_1525,6.4118659,399.0260317203453
matmul,linear,"[(100, 1024), (1024, 1024)]",31.99687996,matmul_linear_1526,6.4577051999999995,395.4837511009329
matmul,linear,"[(102, 1024), (1024, 1024)]",31.99687996,matmul_linear_1527,6.466437399999999,394.8146557484652
matmul,linear,"[(104, 1024), (1024, 1024)]",31.99687996,matmul_linear_1528,6.3613036,402.992499210382
matmul,linear,"[(106, 1024), (1024, 1024)]",31.99687996,matmul_linear_1529,7.928714500000001,303.556969544054
matmul,linear,"[(108, 1024), (1024, 1024)]",31.99687996,matmul_linear_1530,7.963303499999999,301.804100019546
matmul,linear,"[(110, 1024), (1024, 1024)]",31.99687996,matmul_linear_1531,7.904455399999999,304.79550254657653
matmul,linear,"[(112, 1024), (1024, 1024)]",31.99687996,matmul_linear_1532,7.953830199999999,302.2826632632918
matmul,linear,"[(114, 1024), (1024, 1024)]",31.99687996,matmul_linear_1533,8.115303299999999,294.2783008492117
matmul,linear,"[(116, 1024), (1024, 1024)]",31.99687996,matmul_linear_1534,8.1186787,294.114376764288
matmul,linear,"[(118, 1024), (1024, 1024)]",31.99687996,matmul_linear_1535,8.1328663,293.4268532116408
matmul,linear,"[(120, 1024), (1024, 1024)]",31.99687996,matmul_linear_1536,8.2130089,289.5877911443637
matmul,linear,"[(122, 1024), (1024, 1024)]",31.99687996,matmul_linear_1537,8.3367233,283.8064286000713
matmul,linear,"[(124, 1024), (1024, 1024)]",31.99687996,matmul_linear_1538,8.296276599999999,285.67759372921586
matmul,linear,"[(126, 1024), (1024, 1024)]",31.99687996,matmul_linear_1539,8.3693927,282.3082642543467
matmul,linear,"[(128, 1024), (1024, 1024)]",31.99687996,matmul_linear_1540,8.3173126,284.7021447769079
matmul,linear,"[(130, 1024), (1024, 1024)]",34.27201292,matmul_linear_1541,8.621410800000001,297.5220960356047
matmul,linear,"[(132, 1024), (1024, 1024)]",34.27201292,matmul_linear_1542,8.5945534,298.76432578800427
matmul,linear,"[(134, 1024), (1024, 1024)]",34.27201292,matmul_linear_1543,8.598562300000001,298.57841025353736
matmul,linear,"[(136, 1024), (1024, 1024)]",34.27201292,matmul_linear_1544,8.5052767,302.95000537725014
matmul,linear,"[(138, 1024), (1024, 1024)]",34.27201292,matmul_linear_1545,8.750125,291.67455230639564
matmul,linear,"[(140, 1024), (1024, 1024)]",34.27201292,matmul_linear_1546,8.7977411,289.55468830516054
matmul,linear,"[(142, 1024), (1024, 1024)]",34.27201292,matmul_linear_1547,8.830134,288.1256266326197
matmul,linear,"[(144, 1024), (1024, 1024)]",34.27201292,matmul_linear_1548,8.904973,284.86374882888475
matmul,linear,"[(146, 1024), (1024, 1024)]",34.27201292,matmul_linear_1549,9.0194464,279.97911845232545
matmul,linear,"[(148, 1024), (1024, 1024)]",34.27201292,matmul_linear_1550,9.0504017,278.6794670119449
matmul,linear,"[(150, 1024), (1024, 1024)]",34.27201292,matmul_linear_1551,9.0408661,279.0788685610552
matmul,linear,"[(152, 1024), (1024, 1024)]",34.27201292,matmul_linear_1552,9.0238571,279.7933914534174
matmul,linear,"[(154, 1024), (1024, 1024)]",34.27201292,matmul_linear_1553,9.202259000000002,272.4304317016071
matmul,linear,"[(156, 1024), (1024, 1024)]",34.27201292,matmul_linear_1554,9.178732300000002,273.3850361884941
matmul,linear,"[(158, 1024), (1024, 1024)]",34.27201292,matmul_linear_1555,9.288732300000001,268.9632967461017
matmul,linear,"[(160, 1024), (1024, 1024)]",34.27201292,matmul_linear_1556,9.1994286,272.54501785034785
matmul,linear,"[(162, 1024), (1024, 1024)]",34.27201292,matmul_linear_1557,9.4796875,261.531041186748
matmul,linear,"[(164, 1024), (1024, 1024)]",34.27201292,matmul_linear_1558,9.509125,260.4118456745495
matmul,linear,"[(166, 1024), (1024, 1024)]",34.27201292,matmul_linear_1559,9.4707588,261.8718800018432
matmul,linear,"[(168, 1024), (1024, 1024)]",34.27201292,matmul_linear_1560,9.434428700000002,263.26537631261124
matmul,linear,"[(170, 1024), (1024, 1024)]",34.27201292,matmul_linear_1561,9.6704375,254.3998182088453
matmul,linear,"[(172, 1024), (1024, 1024)]",34.27201292,matmul_linear_1562,9.658303700000001,254.8450533813717
matmul,linear,"[(174, 1024), (1024, 1024)]",34.27201292,matmul_linear_1563,9.600598399999999,256.9778829619621
matmul,linear,"[(176, 1024), (1024, 1024)]",34.27201292,matmul_linear_1564,9.6082946,256.691945311502
matmul,linear,"[(178, 1024), (1024, 1024)]",34.27201292,matmul_linear_1565,9.8931518,246.42158144182122
matmul,linear,"[(180, 1024), (1024, 1024)]",34.27201292,matmul_linear_1566,9.9662857,243.87949484530634
matmul,linear,"[(182, 1024), (1024, 1024)]",34.27201292,matmul_linear_1567,9.889268,246.55763116137615
matmul,linear,"[(184, 1024), (1024, 1024)]",34.27201292,matmul_linear_1568,9.872866300000002,247.13336409711127
matmul,linear,"[(186, 1024), (1024, 1024)]",34.27201292,matmul_linear_1569,10.093419599999999,239.54808457581618
matmul,linear,"[(188, 1024), (1024, 1024)]",34.27201292,matmul_linear_1570,10.098160700000001,239.38866629444706
matmul,linear,"[(190, 1024), (1024, 1024)]",34.27201292,matmul_linear_1571,10.089446399999998,239.68179780408968
matmul,linear,"[(192, 1024), (1024, 1024)]",34.27201292,matmul_linear_1572,10.1524287,237.57452460611717
matmul,linear,"[(194, 1024), (1024, 1024)]",34.27201292,matmul_linear_1573,10.289142799999999,233.089097762352
matmul,linear,"[(196, 1024), (1024, 1024)]",34.27201292,matmul_linear_1574,10.299553399999999,232.75241740093318
matmul,linear,"[(198, 1024), (1024, 1024)]",34.27201292,matmul_linear_1575,10.280428400000002,233.37144704981355
matmul,linear,"[(200, 1024), (1024, 1024)]",34.27201292,matmul_linear_1576,10.321115899999999,232.0572431513922
matmul,linear,"[(202, 1024), (1024, 1024)]",34.27201292,matmul_linear_1577,10.5369907,225.25427701098758
matmul,linear,"[(204, 1024), (1024, 1024)]",34.27201292,matmul_linear_1578,10.5539998,224.7300887763898
matmul,linear,"[(206, 1024), (1024, 1024)]",34.27201292,matmul_linear_1579,10.5595625,224.55902334968897
matmul,linear,"[(208, 1024), (1024, 1024)]",34.27201292,matmul_linear_1580,10.5143036,225.95609013991194
matmul,linear,"[(210, 1024), (1024, 1024)]",34.27201292,matmul_linear_1581,10.7811518,217.88823268400694
matmul,linear,"[(212, 1024), (1024, 1024)]",34.27201292,matmul_linear_1582,10.7308659,219.37788841439166
matmul,linear,"[(214, 1024), (1024, 1024)]",34.27201292,matmul_linear_1583,10.7877144,217.6948485028488
matmul,linear,"[(216, 1024), (1024, 1024)]",34.27201292,matmul_linear_1584,10.6884556,220.64513529906046
matmul,linear,"[(218, 1024), (1024, 1024)]",34.27201292,matmul_linear_1585,10.9685624,212.45674382998453
matmul,linear,"[(220, 1024), (1024, 1024)]",34.27201292,matmul_linear_1586,10.964026899999999,212.58599812446653
matmul,linear,"[(222, 1024), (1024, 1024)]",34.27201292,matmul_linear_1587,10.947428599999999,213.05993555418127
matmul,linear,"[(224, 1024), (1024, 1024)]",34.27201292,matmul_linear_1588,10.9091696,214.15785230802538
matmul,linear,"[(226, 1024), (1024, 1024)]",34.27201292,matmul_linear_1589,11.130276499999999,207.91699487429628
matmul,linear,"[(228, 1024), (1024, 1024)]",34.27201292,matmul_linear_1590,11.1509821,207.34524199442487
matmul,linear,"[(230, 1024), (1024, 1024)]",34.27201292,matmul_linear_1591,11.146419600000002,207.47104585942554
matmul,linear,"[(232, 1024), (1024, 1024)]",34.27201292,matmul_linear_1592,11.0971519,208.83611604883953
matmul,linear,"[(234, 1024), (1024, 1024)]",34.27201292,matmul_linear_1593,11.4050626,200.49824470055958
matmul,linear,"[(236, 1024), (1024, 1024)]",34.27201292,matmul_linear_1594,11.4127233,200.29653763707742
matmul,linear,"[(238, 1024), (1024, 1024)]",34.27201292,matmul_linear_1595,11.4474198,199.38635534271228
matmul,linear,"[(240, 1024), (1024, 1024)]",34.27201292,matmul_linear_1596,11.4246965,199.981823762233
matmul,linear,"[(242, 1024), (1024, 1024)]",34.27201292,matmul_linear_1597,11.587883799999998,195.75730574723232
matmul,linear,"[(244, 1024), (1024, 1024)]",34.27201292,matmul_linear_1598,11.6773035,193.49252522211142
matmul,linear,"[(246, 1024), (1024, 1024)]",34.27201292,matmul_linear_1599,11.6284555,194.725408030327
matmul,linear,"[(248, 1024), (1024, 1024)]",34.27201292,matmul_linear_1600,11.6124554,195.13149234571011
matmul,linear,"[(250, 1024), (1024, 1024)]",34.27201292,matmul_linear_1601,11.7668571,191.258852119484
matmul,linear,"[(252, 1024), (1024, 1024)]",34.27201292,matmul_linear_1602,11.8111158,190.16744480652713
matmul,linear,"[(254, 1024), (1024, 1024)]",34.27201292,matmul_linear_1603,11.757866100000001,191.48157181344325
matmul,linear,"[(256, 1024), (1024, 1024)]",34.27201292,matmul_linear_1604,11.786294600000002,190.7785193151374
matmul,linear,"[(258, 1024), (1024, 1024)]",36.54714588,matmul_linear_1605,12.0170268,204.12802174993905
matmul,linear,"[(260, 1024), (1024, 1024)]",36.54714588,matmul_linear_1606,12.0281161,203.8476314674083
matmul,linear,"[(262, 1024), (1024, 1024)]",36.54714588,matmul_linear_1607,11.9947051,204.6939926851558
matmul,linear,"[(264, 1024), (1024, 1024)]",36.54714588,matmul_linear_1608,11.9882767,204.8573768738588
matmul,linear,"[(266, 1024), (1024, 1024)]",36.54714588,matmul_linear_1609,12.3259999,196.50451222216873
matmul,linear,"[(268, 1024), (1024, 1024)]",36.54714588,matmul_linear_1610,12.2972857,197.19685117179966
matmul,linear,"[(270, 1024), (1024, 1024)]",36.54714588,matmul_linear_1611,12.2791518,197.6357526584206
matmul,linear,"[(272, 1024), (1024, 1024)]",36.54714588,matmul_linear_1612,12.3021519,197.07929293248284
matmul,linear,"[(274, 1024), (1024, 1024)]",36.54714588,matmul_linear_1613,12.479723299999998,192.85221315764275
matmul,linear,"[(276, 1024), (1024, 1024)]",36.54714588,matmul_linear_1614,12.413276699999999,194.41981165214827
matmul,linear,"[(278, 1024), (1024, 1024)]",36.54714588,matmul_linear_1615,12.378553499999999,195.24569150991678
matmul,linear,"[(280, 1024), (1024, 1024)]",36.54714588,matmul_linear_1616,12.466990999999998,193.15129753442514
matmul,linear,"[(282, 1024), (1024, 1024)]",36.54714588,matmul_linear_1617,12.7541517,186.55097367236115
matmul,linear,"[(284, 1024), (1024, 1024)]",36.54714588,matmul_linear_1618,12.7247053,187.21408487157655
matmul,linear,"[(286, 1024), (1024, 1024)]",36.54714588,matmul_linear_1619,12.6001518,190.05321888264874
matmul,linear,"[(288, 1024), (1024, 1024)]",36.54714588,matmul_linear_1620,12.778875199999998,185.99657879122262
matmul,linear,"[(290, 1024), (1024, 1024)]",36.54714588,matmul_linear_1621,12.871151700000002,183.94619791482992
matmul,linear,"[(292, 1024), (1024, 1024)]",36.54714588,matmul_linear_1622,12.8912678,183.50311580680994
matmul,linear,"[(294, 1024), (1024, 1024)]",36.54714588,matmul_linear_1623,12.8554195,184.29368547638606
matmul,linear,"[(296, 1024), (1024, 1024)]",36.54714588,matmul_linear_1624,12.825303700000001,184.96125109302483
matmul,linear,"[(298, 1024), (1024, 1024)]",36.54714588,matmul_linear_1625,13.144589400000001,178.03946375076575
matmul,linear,"[(300, 1024), (1024, 1024)]",36.54714588,matmul_linear_1626,13.067268100000001,179.68467165680943
matmul,linear,"[(302, 1024), (1024, 1024)]",36.54714588,matmul_linear_1627,13.1686874,177.53066626822658
matmul,linear,"[(304, 1024), (1024, 1024)]",36.54714588,matmul_linear_1628,13.0415714,180.23575349209835
matmul,linear,"[(306, 1024), (1024, 1024)]",36.54714588,matmul_linear_1629,13.265330400000002,175.5087493335258
matmul,linear,"[(308, 1024), (1024, 1024)]",36.54714588,matmul_linear_1630,13.3401696,173.9631277251528
matmul,linear,"[(310, 1024), (1024, 1024)]",36.54714588,matmul_linear_1631,13.246294599999999,175.9046735983058
matmul,linear,"[(312, 1024), (1024, 1024)]",36.54714588,matmul_linear_1632,13.3412857,173.9402086262196
matmul,linear,"[(314, 1024), (1024, 1024)]",36.54714588,matmul_linear_1633,13.635410900000002,168.03112974028525
matmul,linear,"[(316, 1024), (1024, 1024)]",36.54714588,matmul_linear_1634,13.5266875,170.18548243980652
matmul,linear,"[(318, 1024), (1024, 1024)]",36.54714588,matmul_linear_1635,13.5485267,169.74996388352693
matmul,linear,"[(320, 1024), (1024, 1024)]",36.54714588,matmul_linear_1636,13.5374108,169.9714621942329
matmul,linear,"[(322, 1024), (1024, 1024)]",36.54714588,matmul_linear_1637,13.712446500000002,166.5253489229657
matmul,linear,"[(324, 1024), (1024, 1024)]",36.54714588,matmul_linear_1638,13.676714199999997,167.22168311450133
matmul,linear,"[(326, 1024), (1024, 1024)]",36.54714588,matmul_linear_1639,13.799696399999998,164.84021691955488
matmul,linear,"[(328, 1024), (1024, 1024)]",36.54714588,matmul_linear_1640,13.749258800000002,165.81175328520254
matmul,linear,"[(330, 1024), (1024, 1024)]",36.54714588,matmul_linear_1641,13.915553599999999,162.63522767789854
matmul,linear,"[(332, 1024), (1024, 1024)]",36.54714588,matmul_linear_1642,14.018303500000002,160.71019135803414
matmul,linear,"[(334, 1024), (1024, 1024)]",36.54714588,matmul_linear_1643,13.8879997,163.15629802324955
matmul,linear,"[(336, 1024), (1024, 1024)]",36.54714588,matmul_linear_1644,13.9352588,162.263847442862
matmul,linear,"[(338, 1024), (1024, 1024)]",36.54714588,matmul_linear_1645,19.996901700000002,82.76404229161159
matmul,linear,"[(340, 1024), (1024, 1024)]",36.54714588,matmul_linear_1646,19.9352859,83.32892772809444
matmul,linear,"[(342, 1024), (1024, 1024)]",36.54714588,matmul_linear_1647,19.9909732,82.8182425856086
matmul,linear,"[(344, 1024), (1024, 1024)]",36.54714588,matmul_linear_1648,20.0185626,82.56628415468754
matmul,linear,"[(346, 1024), (1024, 1024)]",36.54714588,matmul_linear_1649,19.9945627,82.7854223588496
matmul,linear,"[(348, 1024), (1024, 1024)]",36.54714588,matmul_linear_1650,20.053553599999997,82.24772830287799
matmul,linear,"[(350, 1024), (1024, 1024)]",36.54714588,matmul_linear_1651,20.119125000000004,81.65375422638904
matmul,linear,"[(352, 1024), (1024, 1024)]",36.54714588,matmul_linear_1652,20.0601426,82.1878668001094
matmul,linear,"[(354, 1024), (1024, 1024)]",36.54714588,matmul_linear_1653,14.5505892,151.17296198562192
matmul,linear,"[(356, 1024), (1024, 1024)]",36.54714588,matmul_linear_1654,14.664687599999999,149.21871421250052
matmul,linear,"[(358, 1024), (1024, 1024)]",36.54714588,matmul_linear_1655,14.619866000000002,149.98276919911578
matmul,linear,"[(360, 1024), (1024, 1024)]",36.54714588,matmul_linear_1656,14.606839500000001,150.2057058955156
matmul,linear,"[(362, 1024), (1024, 1024)]",36.54714588,matmul_linear_1657,20.467143,78.56496082526027
matmul,linear,"[(364, 1024), (1024, 1024)]",36.54714588,matmul_linear_1658,20.476,78.48772162531746
matmul,linear,"[(366, 1024), (1024, 1024)]",36.54714588,matmul_linear_1659,20.4597411,78.62956183741741
matmul,linear,"[(368, 1024), (1024, 1024)]",36.54714588,matmul_linear_1660,20.3875804,79.26181117598438
matmul,linear,"[(370, 1024), (1024, 1024)]",36.54714588,matmul_linear_1661,20.512589199999997,78.16934529162222
matmul,linear,"[(372, 1024), (1024, 1024)]",36.54714588,matmul_linear_1662,20.428857100000002,78.89961098215328
matmul,linear,"[(374, 1024), (1024, 1024)]",36.54714588,matmul_linear_1663,20.401321399999997,79.14107210722149
matmul,linear,"[(376, 1024), (1024, 1024)]",36.54714588,matmul_linear_1664,20.4667055,78.56877786217231
matmul,linear,"[(378, 1024), (1024, 1024)]",36.54714588,matmul_linear_1665,20.454526599999998,78.6751001120701
matmul,linear,"[(380, 1024), (1024, 1024)]",36.54714588,matmul_linear_1666,20.5029824,78.2528276471622
matmul,linear,"[(382, 1024), (1024, 1024)]",36.54714588,matmul_linear_1667,20.443134,78.77467261135206
matmul,linear,"[(384, 1024), (1024, 1024)]",36.54714588,matmul_linear_1668,20.5552678,77.79941490229577
matmul,linear,"[(386, 1024), (1024, 1024)]",38.82227884,matmul_linear_1669,20.7761518,86.85981510781993
matmul,linear,"[(388, 1024), (1024, 1024)]",38.82227884,matmul_linear_1670,20.7761608,86.85973416224235
matmul,linear,"[(390, 1024), (1024, 1024)]",38.82227884,matmul_linear_1671,20.7933927,86.70487976692715
matmul,linear,"[(392, 1024), (1024, 1024)]",38.82227884,matmul_linear_1672,20.765848,86.95253302441589
matmul,linear,"[(394, 1024), (1024, 1024)]",38.82227884,matmul_linear_1673,20.788249999999998,86.75106774259501
matmul,linear,"[(396, 1024), (1024, 1024)]",38.82227884,matmul_linear_1674,20.9078482,85.68280422085714
matmul,linear,"[(398, 1024), (1024, 1024)]",38.82227884,matmul_linear_1675,20.8711518,86.00927831879409
matmul,linear,"[(400, 1024), (1024, 1024)]",38.82227884,matmul_linear_1676,20.7966963,86.6752212946438
matmul,linear,"[(402, 1024), (1024, 1024)]",38.82227884,matmul_linear_1677,20.8309731,86.36805229228585
matmul,linear,"[(404, 1024), (1024, 1024)]",38.82227884,matmul_linear_1678,20.8487054,86.2095420083014
matmul,linear,"[(406, 1024), (1024, 1024)]",38.82227884,matmul_linear_1679,20.869723299999997,86.02201036369279
matmul,linear,"[(408, 1024), (1024, 1024)]",38.82227884,matmul_linear_1680,20.8553839,86.14991230154246
matmul,linear,"[(410, 1024), (1024, 1024)]",38.82227884,matmul_linear_1681,20.826714399999997,86.4061613098224
matmul,linear,"[(412, 1024), (1024, 1024)]",38.82227884,matmul_linear_1682,20.891705100000003,85.82628202999092
matmul,linear,"[(414, 1024), (1024, 1024)]",38.82227884,matmul_linear_1683,20.831008899999997,86.36773200168912
matmul,linear,"[(416, 1024), (1024, 1024)]",38.82227884,matmul_linear_1684,20.843009000000002,86.26043312652217
matmul,linear,"[(418, 1024), (1024, 1024)]",38.82227884,matmul_linear_1685,21.2031248,83.09696899015564
matmul,linear,"[(420, 1024), (1024, 1024)]",38.82227884,matmul_linear_1686,21.290160500000002,82.34845547547657
matmul,linear,"[(422, 1024), (1024, 1024)]",38.82227884,matmul_linear_1687,21.175419600000005,83.33652684738297
matmul,linear,"[(424, 1024), (1024, 1024)]",38.82227884,matmul_linear_1688,21.2344376,82.82696990289021
matmul,linear,"[(426, 1024), (1024, 1024)]",38.82227884,matmul_linear_1689,21.275428399999996,82.47472206012083
matmul,linear,"[(428, 1024), (1024, 1024)]",38.82227884,matmul_linear_1690,21.233142699999995,82.83811957803124
matmul,linear,"[(430, 1024), (1024, 1024)]",38.82227884,matmul_linear_1691,21.255017700000003,82.64994829903151
matmul,linear,"[(432, 1024), (1024, 1024)]",38.82227884,matmul_linear_1692,21.2695269,82.52535198608486
matmul,linear,"[(434, 1024), (1024, 1024)]",38.82227884,matmul_linear_1693,21.247143,82.71764274377972
matmul,linear,"[(436, 1024), (1024, 1024)]",38.82227884,matmul_linear_1694,21.3904194,81.49377117869884
matmul,linear,"[(438, 1024), (1024, 1024)]",38.82227884,matmul_linear_1695,21.304000000000002,82.22999831017648
matmul,linear,"[(440, 1024), (1024, 1024)]",38.82227884,matmul_linear_1696,21.273589100000002,82.49049870009945
matmul,linear,"[(442, 1024), (1024, 1024)]",38.82227884,matmul_linear_1697,21.320133900000002,82.09209671051832
matmul,linear,"[(444, 1024), (1024, 1024)]",38.82227884,matmul_linear_1698,21.2457143,82.72992986637313
matmul,linear,"[(446, 1024), (1024, 1024)]",38.82227884,matmul_linear_1699,21.3584465,81.76546145338803
matmul,linear,"[(448, 1024), (1024, 1024)]",38.82227884,matmul_linear_1700,21.300991099999997,82.25573945242391
matmul,linear,"[(450, 1024), (1024, 1024)]",38.82227884,matmul_linear_1701,21.6456786,79.35348462579502
matmul,linear,"[(452, 1024), (1024, 1024)]",38.82227884,matmul_linear_1702,21.6480001,79.3342510193355
matmul,linear,"[(454, 1024), (1024, 1024)]",38.82227884,matmul_linear_1703,21.788589299999998,78.17711053005164
matmul,linear,"[(456, 1024), (1024, 1024)]",38.82227884,matmul_linear_1704,21.6729911,79.12746173738797
matmul,linear,"[(458, 1024), (1024, 1024)]",38.82227884,matmul_linear_1705,21.663027,79.20985299053545
matmul,linear,"[(460, 1024), (1024, 1024)]",38.82227884,matmul_linear_1706,21.727857399999998,78.67513637124665
matmul,linear,"[(462, 1024), (1024, 1024)]",38.82227884,matmul_linear_1707,21.7025717,78.88331105018307
matmul,linear,"[(464, 1024), (1024, 1024)]",38.82227884,matmul_linear_1708,21.688303600000005,79.00099314360388
matmul,linear,"[(466, 1024), (1024, 1024)]",38.82227884,matmul_linear_1709,21.6591427,79.2419920664727
matmul,linear,"[(468, 1024), (1024, 1024)]",38.82227884,matmul_linear_1710,21.6995267,78.90841296552335
matmul,linear,"[(470, 1024), (1024, 1024)]",38.82227884,matmul_linear_1711,21.663857200000002,79.20298532987006
matmul,linear,"[(472, 1024), (1024, 1024)]",38.82227884,matmul_linear_1712,21.720143099999998,78.73859606385378
matmul,linear,"[(474, 1024), (1024, 1024)]",38.82227884,matmul_linear_1713,21.6785894,79.08120368754253
matmul,linear,"[(476, 1024), (1024, 1024)]",38.82227884,matmul_linear_1714,21.695008899999998,78.94566911194033
matmul,linear,"[(478, 1024), (1024, 1024)]",38.82227884,matmul_linear_1715,21.7587323,78.42160243866783
matmul,linear,"[(480, 1024), (1024, 1024)]",38.82227884,matmul_linear_1716,21.7332857,78.63050886962758
matmul,linear,"[(482, 1024), (1024, 1024)]",38.82227884,matmul_linear_1717,22.0630449,75.96065736148687
matmul,linear,"[(484, 1024), (1024, 1024)]",38.82227884,matmul_linear_1718,22.115383700000002,75.54422462948268
matmul,linear,"[(486, 1024), (1024, 1024)]",38.82227884,matmul_linear_1719,22.096285799999997,75.69594813984534
matmul,linear,"[(488, 1024), (1024, 1024)]",38.82227884,matmul_linear_1720,22.0450535,76.10426230083769
matmul,linear,"[(490, 1024), (1024, 1024)]",38.82227884,matmul_linear_1721,22.1398928,75.34989528043245
matmul,linear,"[(492, 1024), (1024, 1024)]",38.82227884,matmul_linear_1722,22.099839199999998,75.66769825184974
matmul,linear,"[(494, 1024), (1024, 1024)]",38.82227884,matmul_linear_1723,22.1240357,75.47557491963369
matmul,linear,"[(496, 1024), (1024, 1024)]",38.82227884,matmul_linear_1724,22.0834376,75.79816848804374
matmul,linear,"[(498, 1024), (1024, 1024)]",38.82227884,matmul_linear_1725,22.149178499999998,75.2763825529692
matmul,linear,"[(500, 1024), (1024, 1024)]",38.82227884,matmul_linear_1726,22.0360984,76.17582811302024
matmul,linear,"[(502, 1024), (1024, 1024)]",38.82227884,matmul_linear_1727,22.170696200000002,75.1062686069371
matmul,linear,"[(504, 1024), (1024, 1024)]",38.82227884,matmul_linear_1728,22.0901518,75.74473544360161
matmul,linear,"[(506, 1024), (1024, 1024)]",38.82227884,matmul_linear_1729,22.0668394,75.93040007351485
matmul,linear,"[(508, 1024), (1024, 1024)]",38.82227884,matmul_linear_1730,22.146000100000002,75.30153826740026
matmul,linear,"[(510, 1024), (1024, 1024)]",38.82227884,matmul_linear_1731,22.1967053,74.90108696446946
matmul,linear,"[(512, 1024), (1024, 1024)]",38.82227884,matmul_linear_1732,22.128116,75.44321821161823
matmul,linear,"[(514, 1024), (1024, 1024)]",41.0974118,matmul_linear_1733,22.491678600000004,82.72274173435858
matmul,linear,"[(516, 1024), (1024, 1024)]",41.0974118,matmul_linear_1734,22.427714299999998,83.2438707318472
matmul,linear,"[(518, 1024), (1024, 1024)]",41.0974118,matmul_linear_1735,22.5074556,82.59465898935285
matmul,linear,"[(520, 1024), (1024, 1024)]",41.0974118,matmul_linear_1736,22.4424107,83.12387358636121
matmul,linear,"[(522, 1024), (1024, 1024)]",41.0974118,matmul_linear_1737,22.509392599999998,82.57894617733935
matmul,linear,"[(524, 1024), (1024, 1024)]",41.0974118,matmul_linear_1738,22.431143,83.2158610909841
matmul,linear,"[(526, 1024), (1024, 1024)]",41.0974118,matmul_linear_1739,22.5051608,82.61327775094149
matmul,linear,"[(528, 1024), (1024, 1024)]",41.0974118,matmul_linear_1740,22.5379019,82.34799309335888
matmul,linear,"[(530, 1024), (1024, 1024)]",41.0974118,matmul_linear_1741,22.5351338,82.37039178351806
matmul,linear,"[(532, 1024), (1024, 1024)]",41.0974118,matmul_linear_1742,22.5255537,82.447953765505
matmul,linear,"[(534, 1024), (1024, 1024)]",41.0974118,matmul_linear_1743,22.5621517,82.15200547561251
matmul,linear,"[(536, 1024), (1024, 1024)]",41.0974118,matmul_linear_1744,22.5474196,82.2710204940702
matmul,linear,"[(538, 1024), (1024, 1024)]",41.0974118,matmul_linear_1745,22.609866,81.76760446081371
matmul,linear,"[(540, 1024), (1024, 1024)]",41.0974118,matmul_linear_1746,22.535133999999996,82.37039016497533
matmul,linear,"[(542, 1024), (1024, 1024)]",41.0974118,matmul_linear_1747,22.510410800000002,82.57068769264752
matmul,linear,"[(544, 1024), (1024, 1024)]",41.0974118,matmul_linear_1748,22.5124375,82.55425162202006
matmul,linear,"[(546, 1024), (1024, 1024)]",41.0974118,matmul_linear_1749,22.9871163,78.78454723788039
matmul,linear,"[(548, 1024), (1024, 1024)]",41.0974118,matmul_linear_1750,22.9328662,79.20748083377386
matmul,linear,"[(550, 1024), (1024, 1024)]",41.0974118,matmul_linear_1751,22.978884200000003,78.8485961385366
matmul,linear,"[(552, 1024), (1024, 1024)]",41.0974118,matmul_linear_1752,22.8788393,79.63066771486089
matmul,linear,"[(554, 1024), (1024, 1024)]",41.0974118,matmul_linear_1753,23.058169600000003,78.23362614177319
matmul,linear,"[(556, 1024), (1024, 1024)]",41.0974118,matmul_linear_1754,22.9416787,79.13864254406109
matmul,linear,"[(558, 1024), (1024, 1024)]",41.0974118,matmul_linear_1755,22.900571499999998,79.46020168099301
matmul,linear,"[(560, 1024), (1024, 1024)]",41.0974118,matmul_linear_1756,22.8808571,79.61482657920189
matmul,linear,"[(562, 1024), (1024, 1024)]",41.0974118,matmul_linear_1757,22.8984286,79.47699607649061
matmul,linear,"[(564, 1024), (1024, 1024)]",41.0974118,matmul_linear_1758,23.0510001,78.28906174010213
matmul,linear,"[(566, 1024), (1024, 1024)]",41.0974118,matmul_linear_1759,22.884133900000002,79.58910736840252
matmul,linear,"[(568, 1024), (1024, 1024)]",41.0974118,matmul_linear_1760,22.931410899999996,79.21885390837426
matmul,linear,"[(570, 1024), (1024, 1024)]",41.0974118,matmul_linear_1761,22.9504198,79.07041421525547
matmul,linear,"[(572, 1024), (1024, 1024)]",41.0974118,matmul_linear_1762,22.9930001,78.73879711764975
matmul,linear,"[(574, 1024), (1024, 1024)]",41.0974118,matmul_linear_1763,23.030116,78.45073728677704
matmul,linear,"[(576, 1024), (1024, 1024)]",41.0974118,matmul_linear_1764,22.977285699999996,78.86103840367886
matmul,linear,"[(578, 1024), (1024, 1024)]",41.0974118,matmul_linear_1765,23.2875981,76.4776754713918
matmul,linear,"[(580, 1024), (1024, 1024)]",41.0974118,matmul_linear_1766,23.303017999999998,76.36089797467437
matmul,linear,"[(582, 1024), (1024, 1024)]",41.0974118,matmul_linear_1767,23.278169600000002,76.54915530815619
matmul,linear,"[(584, 1024), (1024, 1024)]",41.0974118,matmul_linear_1768,23.3577051,75.94798643125262
matmul,linear,"[(586, 1024), (1024, 1024)]",41.0974118,matmul_linear_1769,23.316419500000002,76.25953161462033
matmul,linear,"[(588, 1024), (1024, 1024)]",41.0974118,matmul_linear_1770,23.262714100000004,76.66645269048806
matmul,linear,"[(590, 1024), (1024, 1024)]",41.0974118,matmul_linear_1771,23.2989819,76.39144910447783
matmul,linear,"[(592, 1024), (1024, 1024)]",41.0974118,matmul_linear_1772,23.2794015,76.53981267516696
matmul,linear,"[(594, 1024), (1024, 1024)]",41.0974118,matmul_linear_1773,23.308285700000003,76.32104020417081
matmul,linear,"[(596, 1024), (1024, 1024)]",41.0974118,matmul_linear_1774,23.2951607,76.4203833116292
matmul,linear,"[(598, 1024), (1024, 1024)]",41.0974118,matmul_linear_1775,23.3238483,76.20339178762366
matmul,linear,"[(600, 1024), (1024, 1024)]",41.0974118,matmul_linear_1776,23.293268,76.4347183915971
matmul,linear,"[(602, 1024), (1024, 1024)]",41.0974118,matmul_linear_1777,23.3916873,75.69237854851113
matmul,linear,"[(604, 1024), (1024, 1024)]",41.0974118,matmul_linear_1778,23.338151599999996,76.09540165982986
matmul,linear,"[(606, 1024), (1024, 1024)]",41.0974118,matmul_linear_1779,23.329741000000002,76.1588857758858
matmul,linear,"[(608, 1024), (1024, 1024)]",41.0974118,matmul_linear_1780,23.307009,76.33069863232987
matmul,linear,"[(610, 1024), (1024, 1024)]",41.0974118,matmul_linear_1781,23.6878304,73.4958884204102
matmul,linear,"[(612, 1024), (1024, 1024)]",41.0974118,matmul_linear_1782,23.6520088,73.75865258429974
matmul,linear,"[(614, 1024), (1024, 1024)]",41.0974118,matmul_linear_1783,23.674740800000002,73.59181309389456
matmul,linear,"[(616, 1024), (1024, 1024)]",41.0974118,matmul_linear_1784,23.7156966,73.2920288750869
matmul,linear,"[(618, 1024), (1024, 1024)]",41.0974118,matmul_linear_1785,23.683562700000003,73.5271518081188
matmul,linear,"[(620, 1024), (1024, 1024)]",41.0974118,matmul_linear_1786,23.796580400000003,72.7030149256235
matmul,linear,"[(622, 1024), (1024, 1024)]",41.0974118,matmul_linear_1787,23.7242591,73.22948475132782
matmul,linear,"[(624, 1024), (1024, 1024)]",41.0974118,matmul_linear_1788,23.701562400000004,73.39536991873581
matmul,linear,"[(626, 1024), (1024, 1024)]",41.0974118,matmul_linear_1789,23.673151599999997,73.60346646874008
matmul,linear,"[(628, 1024), (1024, 1024)]",41.0974118,matmul_linear_1790,23.761151899999998,72.96051964551435
matmul,linear,"[(630, 1024), (1024, 1024)]",41.0974118,matmul_linear_1791,23.665017799999998,73.66313495863928
matmul,linear,"[(632, 1024), (1024, 1024)]",41.0974118,matmul_linear_1792,23.6430092,73.82479299631622
matmul,linear,"[(634, 1024), (1024, 1024)]",41.0974118,matmul_linear_1793,23.787990999999998,72.76537476409844
matmul,linear,"[(636, 1024), (1024, 1024)]",41.0974118,matmul_linear_1794,23.7266697,73.21188485209117
matmul,linear,"[(638, 1024), (1024, 1024)]",41.0974118,matmul_linear_1795,23.696294799999997,73.43391507772772
matmul,linear,"[(640, 1024), (1024, 1024)]",41.0974118,matmul_linear_1796,23.7315622,73.17617548161243
matmul,linear,"[(642, 1024), (1024, 1024)]",42.97771372,matmul_linear_1797,24.097848199999998,78.34668624064119
matmul,linear,"[(644, 1024), (1024, 1024)]",43.003604280000005,matmul_linear_1798,24.096981900000003,78.46054106883817
matmul,linear,"[(646, 1024), (1024, 1024)]",43.02949484,matmul_linear_1799,24.089285800000003,78.62503354084492
matmul,linear,"[(648, 1024), (1024, 1024)]",43.0553854,matmul_linear_1800,24.0484374,79.03610402561955
matmul,linear,"[(650, 1024), (1024, 1024)]",43.08127596,matmul_linear_1801,24.1056963,78.71823914084571
matmul,linear,"[(652, 1024), (1024, 1024)]",43.10716652,matmul_linear_1802,24.178741100000003,78.28540510738168
matmul,linear,"[(654, 1024), (1024, 1024)]",43.13305708,matmul_linear_1803,24.0537056,79.319801270038
matmul,linear,"[(656, 1024), (1024, 1024)]",43.15894764,matmul_linear_1804,24.087527,79.17550290654577
matmul,linear,"[(658, 1024), (1024, 1024)]",43.1848382,matmul_linear_1805,24.1077144,79.13285964595633
matmul,linear,"[(660, 1024), (1024, 1024)]",43.21072876,matmul_linear_1806,24.133705300000003,79.04722139786797
matmul,linear,"[(662, 1024), (1024, 1024)]",43.23661932,matmul_linear_1807,24.1295802,79.18512863311233
matmul,linear,"[(664, 1024), (1024, 1024)]",43.26250988,matmul_linear_1808,24.0930091,79.56457701250777
matmul,linear,"[(666, 1024), (1024, 1024)]",43.288400440000004,matmul_linear_1809,24.073009,79.82131124530383
matmul,linear,"[(668, 1024), (1024, 1024)]",43.314291,matmul_linear_1810,24.146589,79.38057835001042
matmul,linear,"[(670, 1024), (1024, 1024)]",43.340181560000005,matmul_linear_1811,24.1311338,79.60275683358071
matmul,linear,"[(672, 1024), (1024, 1024)]",43.36607212,matmul_linear_1812,24.1143034,79.8354752391479
matmul,linear,"[(674, 1024), (1024, 1024)]",43.37254476,matmul_linear_1813,24.5065894,76.98319440566462
matmul,linear,"[(676, 1024), (1024, 1024)]",43.37254476,matmul_linear_1814,24.451151599999996,77.38446625965872
matmul,linear,"[(678, 1024), (1024, 1024)]",43.37254476,matmul_linear_1815,24.475276700000002,77.2096196975783
matmul,linear,"[(680, 1024), (1024, 1024)]",43.37254476,matmul_linear_1816,24.457696499999997,77.33699802841204
matmul,linear,"[(682, 1024), (1024, 1024)]",43.37254476,matmul_linear_1817,24.5161697,76.91403384273359
matmul,linear,"[(684, 1024), (1024, 1024)]",43.37254476,matmul_linear_1818,24.4780179,77.18977466717186
matmul,linear,"[(686, 1024), (1024, 1024)]",43.37254476,matmul_linear_1819,24.5298662,76.81525209460783
matmul,linear,"[(688, 1024), (1024, 1024)]",43.37254476,matmul_linear_1820,24.519848200000002,76.88749296580063
matmul,linear,"[(690, 1024), (1024, 1024)]",43.37254476,matmul_linear_1821,24.543696600000004,76.71561650578744
matmul,linear,"[(692, 1024), (1024, 1024)]",43.37254476,matmul_linear_1822,24.5134109,76.93394418644529
matmul,linear,"[(694, 1024), (1024, 1024)]",43.37254476,matmul_linear_1823,24.504848000000003,76.9957714489802
matmul,linear,"[(696, 1024), (1024, 1024)]",43.37254476,matmul_linear_1824,24.4401251,77.46449571160336
matmul,linear,"[(698, 1024), (1024, 1024)]",43.37254476,matmul_linear_1825,24.556999899999997,76.61988409260042
matmul,linear,"[(700, 1024), (1024, 1024)]",43.37254476,matmul_linear_1826,24.484143,77.14544781085455
matmul,linear,"[(702, 1024), (1024, 1024)]",43.37254476,matmul_linear_1827,24.5195626,76.88955332343488
matmul,linear,"[(704, 1024), (1024, 1024)]",43.37254476,matmul_linear_1828,24.5491517,76.67634829108982
matmul,linear,"[(706, 1024), (1024, 1024)]",43.37254476,matmul_linear_1829,24.939464299999997,73.91129271369313
matmul,linear,"[(708, 1024), (1024, 1024)]",43.37254476,matmul_linear_1830,24.840410600000002,74.60478193544834
matmul,linear,"[(710, 1024), (1024, 1024)]",43.37254476,matmul_linear_1831,24.846839499999998,74.55960449215281
matmul,linear,"[(712, 1024), (1024, 1024)]",43.37254476,matmul_linear_1832,24.883741099999998,74.3007395298772
matmul,linear,"[(714, 1024), (1024, 1024)]",43.37254476,matmul_linear_1833,24.9158751,74.07594389490255
matmul,linear,"[(716, 1024), (1024, 1024)]",43.37254476,matmul_linear_1834,24.907535799999998,74.1342263171614
matmul,linear,"[(718, 1024), (1024, 1024)]",43.37254476,matmul_linear_1835,24.943428700000002,73.88365200971747
matmul,linear,"[(720, 1024), (1024, 1024)]",43.37254476,matmul_linear_1836,24.9072856,74.1359755396228
matmul,linear,"[(722, 1024), (1024, 1024)]",43.37254476,matmul_linear_1837,24.931303399999997,73.96822004901678
matmul,linear,"[(724, 1024), (1024, 1024)]",43.37254476,matmul_linear_1838,24.959455400000003,73.77199968874318
matmul,linear,"[(726, 1024), (1024, 1024)]",43.37254476,matmul_linear_1839,24.879883799999998,74.32776257580431
matmul,linear,"[(728, 1024), (1024, 1024)]",43.37254476,matmul_linear_1840,24.9322947,73.96130312866869
matmul,linear,"[(730, 1024), (1024, 1024)]",43.37254476,matmul_linear_1841,24.9711516,73.69060688414547
matmul,linear,"[(732, 1024), (1024, 1024)]",43.37254476,matmul_linear_1842,25.0299821,73.28236427304515
matmul,linear,"[(734, 1024), (1024, 1024)]",43.37254476,matmul_linear_1843,24.9926964,73.54087796625257
matmul,linear,"[(736, 1024), (1024, 1024)]",43.37254476,matmul_linear_1844,24.951865899999998,73.82485515842725
matmul,linear,"[(738, 1024), (1024, 1024)]",43.37254476,matmul_linear_1845,25.337866199999997,71.17678504435389
matmul,linear,"[(740, 1024), (1024, 1024)]",43.37254476,matmul_linear_1846,25.374857300000002,70.92724600267995
matmul,linear,"[(742, 1024), (1024, 1024)]",43.37254476,matmul_linear_1847,25.2814196,71.55897669607128
matmul,linear,"[(744, 1024), (1024, 1024)]",43.37254476,matmul_linear_1848,25.2634283,71.68115207863532
matmul,linear,"[(746, 1024), (1024, 1024)]",43.37254476,matmul_linear_1849,25.299410599999998,71.4369771128186
matmul,linear,"[(748, 1024), (1024, 1024)]",43.37254476,matmul_linear_1850,25.2994197,71.43691544830175
matmul,linear,"[(750, 1024), (1024, 1024)]",43.37254476,matmul_linear_1851,25.3097141,71.36718569254796
matmul,linear,"[(752, 1024), (1024, 1024)]",43.37254476,matmul_linear_1852,25.396133600000002,70.78404706454998
matmul,linear,"[(754, 1024), (1024, 1024)]",43.37254476,matmul_linear_1853,25.2864197,71.52505287255039
matmul,linear,"[(756, 1024), (1024, 1024)]",43.37254476,matmul_linear_1854,25.3138213,71.33938114669395
matmul,linear,"[(758, 1024), (1024, 1024)]",43.37254476,matmul_linear_1855,25.2872678,71.51930015942646
matmul,linear,"[(760, 1024), (1024, 1024)]",43.37254476,matmul_linear_1856,25.3064552,71.38925391652641
matmul,linear,"[(762, 1024), (1024, 1024)]",43.37254476,matmul_linear_1857,25.378419599999997,70.90325340826188
matmul,linear,"[(764, 1024), (1024, 1024)]",43.37254476,matmul_linear_1858,25.2771606,71.58788301562636
matmul,linear,"[(766, 1024), (1024, 1024)]",43.37254476,matmul_linear_1859,25.3115625,71.35467144709061
matmul,linear,"[(768, 1024), (1024, 1024)]",43.37254476,matmul_linear_1860,25.3763125,70.91744421101369
matmul,linear,"[(770, 1024), (1024, 1024)]",44.634709560000005,matmul_linear_1861,25.6721516,73.86431124066752
matmul,linear,"[(772, 1024), (1024, 1024)]",44.66060012,matmul_linear_1862,25.738553500000002,73.51635599879377
matmul,linear,"[(774, 1024), (1024, 1024)]",44.68649068,matmul_linear_1863,25.743571600000003,73.58310406315181
matmul,linear,"[(776, 1024), (1024, 1024)]",44.71238124,matmul_linear_1864,25.8121518,73.22221559227
matmul,linear,"[(778, 1024), (1024, 1024)]",44.7382718,matmul_linear_1865,25.7604285,73.67052648211966
matmul,linear,"[(780, 1024), (1024, 1024)]",44.76416236,matmul_linear_1866,25.6448752,74.55402691918735
matmul,linear,"[(782, 1024), (1024, 1024)]",44.79005292,matmul_linear_1867,25.7112771,74.20392128246324
matmul,linear,"[(784, 1024), (1024, 1024)]",44.81594348,matmul_linear_1868,25.714259,74.28440570657705
matmul,linear,"[(786, 1024), (1024, 1024)]",44.84183404,matmul_linear_1869,25.724160599999998,74.31796798842876
matmul,linear,"[(788, 1024), (1024, 1024)]",44.8677246,matmul_linear_1870,25.666571500000003,74.80996478240188
matmul,linear,"[(790, 1024), (1024, 1024)]",44.89361516,matmul_linear_1871,25.767000000000003,74.22911149920441
matmul,linear,"[(792, 1024), (1024, 1024)]",44.919505720000004,matmul_linear_1872,25.7791607,74.247355229063
matmul,linear,"[(794, 1024), (1024, 1024)]",44.94539628,matmul_linear_1873,25.809268000000003,74.1444053353237
matmul,linear,"[(796, 1024), (1024, 1024)]",44.971286840000005,matmul_linear_1874,25.7974465,74.32456673570388
matmul,linear,"[(798, 1024), (1024, 1024)]",44.9971774,matmul_linear_1875,25.7778393,74.55759917007472
matmul,linear,"[(800, 1024), (1024, 1024)]",45.02306796,matmul_linear_1876,25.794722999999998,74.5437156274173
matmul,linear,"[(802, 1024), (1024, 1024)]",45.04895852,matmul_linear_1877,33.0252768,36.40751232098681
matmul,linear,"[(804, 1024), (1024, 1024)]",45.07484908,matmul_linear_1878,33.0410982,36.42055360012216
matmul,linear,"[(806, 1024), (1024, 1024)]",45.10073964,matmul_linear_1879,33.062714299999996,36.40967051516398
matmul,linear,"[(808, 1024), (1024, 1024)]",45.1266302,matmul_linear_1880,33.0219822,36.656333731534765
matmul,linear,"[(810, 1024), (1024, 1024)]",45.15252076,matmul_linear_1881,33.094883800000005,36.43353768173676
matmul,linear,"[(812, 1024), (1024, 1024)]",45.17841132,matmul_linear_1882,32.992018,36.93739897935313
matmul,linear,"[(814, 1024), (1024, 1024)]",45.20430188,matmul_linear_1883,33.086875,36.62306240767677
matmul,linear,"[(816, 1024), (1024, 1024)]",45.230192439999996,matmul_linear_1884,33.03771450000001,36.90472577938158
matmul,linear,"[(818, 1024), (1024, 1024)]",45.256083000000004,matmul_linear_1885,26.220250000000004,72.59973875153744
matmul,linear,"[(820, 1024), (1024, 1024)]",45.28197356,matmul_linear_1886,26.1168573,73.38216861184137
matmul,linear,"[(822, 1024), (1024, 1024)]",45.307864120000005,matmul_linear_1887,26.1101427,73.5259153524274
matmul,linear,"[(824, 1024), (1024, 1024)]",45.33375468,matmul_linear_1888,26.1324734,73.47670840832082
matmul,linear,"[(826, 1024), (1024, 1024)]",45.35964524,matmul_linear_1889,26.181857,73.24838814909117
matmul,linear,"[(828, 1024), (1024, 1024)]",45.3855358,matmul_linear_1890,26.174598500000002,73.39534663731325
matmul,linear,"[(830, 1024), (1024, 1024)]",45.41142636,matmul_linear_1891,26.144714,73.69257265541324
matmul,linear,"[(832, 1024), (1024, 1024)]",45.43731692,matmul_linear_1892,26.0765623,74.24580892704557
matmul,linear,"[(834, 1024), (1024, 1024)]",45.46320748,matmul_linear_1893,26.4795803,71.69157125953392
matmul,linear,"[(836, 1024), (1024, 1024)]",45.48909804,matmul_linear_1894,26.492875200000004,71.70313790630016
matmul,linear,"[(838, 1024), (1024, 1024)]",45.5149886,matmul_linear_1895,26.420267799999998,72.27300247123159
matmul,linear,"[(840, 1024), (1024, 1024)]",45.54087916,matmul_linear_1896,26.461285699999998,72.1038035578143
matmul,linear,"[(842, 1024), (1024, 1024)]",45.566769719999996,matmul_linear_1897,26.4926873,71.99753729777348
matmul,linear,"[(844, 1024), (1024, 1024)]",45.592660280000004,matmul_linear_1898,26.460562399999997,72.30419970211975
matmul,linear,"[(846, 1024), (1024, 1024)]",45.61855084,matmul_linear_1899,26.6007054,71.4937636202685
matmul,linear,"[(848, 1024), (1024, 1024)]",45.6444414,matmul_linear_1900,26.4914108,72.2990207829928
matmul,linear,"[(850, 1024), (1024, 1024)]",45.647677720000004,matmul_linear_1901,26.456857099999997,72.53628255035632
matmul,linear,"[(852, 1024), (1024, 1024)]",45.647677720000004,matmul_linear_1902,26.4851697,72.35184156664099
matmul,linear,"[(854, 1024), (1024, 1024)]",45.647677720000004,matmul_linear_1903,26.457723100000003,72.53063518530814
matmul,linear,"[(856, 1024), (1024, 1024)]",45.647677720000004,matmul_linear_1904,26.607723200000002,71.55799982164577
matmul,linear,"[(858, 1024), (1024, 1024)]",45.647677720000004,matmul_linear_1905,26.547116200000005,71.94966630688117
matmul,linear,"[(860, 1024), (1024, 1024)]",45.647677720000004,matmul_linear_1906,26.579294799999996,71.74149300605225
matmul,linear,"[(862, 1024), (1024, 1024)]",45.647677720000004,matmul_linear_1907,26.533723200000004,72.03645856982483
matmul,linear,"[(864, 1024), (1024, 1024)]",45.647677720000004,matmul_linear_1908,26.5723037,71.78667772038149
matmul,linear,"[(866, 1024), (1024, 1024)]",45.647677720000004,matmul_linear_1909,27.004240999999997,69.0389214049749
matmul,linear,"[(868, 1024), (1024, 1024)]",45.647677720000004,matmul_linear_1910,26.931383800000003,69.49622068807322
matmul,linear,"[(870, 1024), (1024, 1024)]",45.647677720000004,matmul_linear_1911,27.0405802,68.8117539726459
matmul,linear,"[(872, 1024), (1024, 1024)]",45.647677720000004,matmul_linear_1912,26.961714399999998,69.30554579274086
matmul,linear,"[(874, 1024), (1024, 1024)]",45.647677720000004,matmul_linear_1913,26.938723099999997,69.45004241867726
matmul,linear,"[(876, 1024), (1024, 1024)]",45.647677720000004,matmul_linear_1914,27.0385892,68.82418451033682
matmul,linear,"[(878, 1024), (1024, 1024)]",45.647677720000004,matmul_linear_1915,26.953553399999997,69.356808145378
matmul,linear,"[(880, 1024), (1024, 1024)]",45.647677720000004,matmul_linear_1916,26.9614553,69.30717282163921
matmul,linear,"[(882, 1024), (1024, 1024)]",45.647677720000004,matmul_linear_1917,26.987732299999998,69.14232441826914
matmul,linear,"[(884, 1024), (1024, 1024)]",45.647677720000004,matmul_linear_1918,26.996384,69.08811831984612
matmul,linear,"[(886, 1024), (1024, 1024)]",45.647677720000004,matmul_linear_1919,26.906410800000003,69.65353743874303
matmul,linear,"[(888, 1024), (1024, 1024)]",45.647677720000004,matmul_linear_1920,26.9656963,69.28054522367368
matmul,linear,"[(890, 1024), (1024, 1024)]",45.647677720000004,matmul_linear_1921,26.9901251,69.12732916528796
matmul,linear,"[(892, 1024), (1024, 1024)]",45.647677720000004,matmul_linear_1922,26.8880178,69.76959052742075
matmul,linear,"[(894, 1024), (1024, 1024)]",45.647677720000004,matmul_linear_1923,27.044,68.79040718828577
matmul,linear,"[(896, 1024), (1024, 1024)]",45.647677720000004,matmul_linear_1924,26.9652857,69.28312285599112
matmul,linear,"[(898, 1024), (1024, 1024)]",46.2917054,matmul_linear_1925,34.180571300000004,35.43280185021364
matmul,linear,"[(900, 1024), (1024, 1024)]",46.317595960000006,matmul_linear_1926,34.183517699999996,35.496868305042845
matmul,linear,"[(902, 1024), (1024, 1024)]",46.34348652,matmul_linear_1927,34.147732000000005,35.714683833175194
matmul,linear,"[(904, 1024), (1024, 1024)]",46.36937708,matmul_linear_1928,34.143598499999996,35.80694220030735
matmul,linear,"[(906, 1024), (1024, 1024)]",46.39526764,matmul_linear_1929,34.2135625,35.60490124347617
matmul,linear,"[(908, 1024), (1024, 1024)]",46.4211582,matmul_linear_1930,34.194830100000004,35.75490231782141
matmul,linear,"[(910, 1024), (1024, 1024)]",46.44704876,matmul_linear_1931,34.1851338,35.86914426527708
matmul,linear,"[(912, 1024), (1024, 1024)]",46.47293932,matmul_linear_1932,34.108303600000006,36.251101388695254
matmul,linear,"[(914, 1024), (1024, 1024)]",46.49882988,matmul_linear_1933,27.403017800000004,69.68506979548799
matmul,linear,"[(916, 1024), (1024, 1024)]",46.524720439999996,matmul_linear_1934,27.3075804,70.37291388877499
matmul,linear,"[(918, 1024), (1024, 1024)]",46.550611,matmul_linear_1935,27.3618569,70.12957552599438
matmul,linear,"[(920, 1024), (1024, 1024)]",46.57650156,matmul_linear_1936,27.374678699999997,70.14446843535008
matmul,linear,"[(922, 1024), (1024, 1024)]",46.602392120000005,matmul_linear_1937,27.382580100000002,70.18992348350696
matmul,linear,"[(924, 1024), (1024, 1024)]",46.62828268,matmul_linear_1938,27.411866100000005,70.10254796188426
matmul,linear,"[(926, 1024), (1024, 1024)]",46.654173240000006,matmul_linear_1939,27.315714200000002,70.79609523810292
matmul,linear,"[(928, 1024), (1024, 1024)]",46.6800638,matmul_linear_1940,27.3615537,70.60458010467437
matmul,linear,"[(930, 1024), (1024, 1024)]",46.70595436,matmul_linear_1941,34.7080268,34.56816381160568
matmul,linear,"[(932, 1024), (1024, 1024)]",46.73184492,matmul_linear_1942,34.713017799999996,34.62340033138809
matmul,linear,"[(934, 1024), (1024, 1024)]",46.75773548,matmul_linear_1943,34.7287231,34.63707071913622
matmul,linear,"[(936, 1024), (1024, 1024)]",46.78362604,matmul_linear_1944,34.6672589,34.95046197609815
matmul,linear,"[(938, 1024), (1024, 1024)]",46.8095166,matmul_linear_1945,34.6613038,35.04834344979257
matmul,linear,"[(940, 1024), (1024, 1024)]",46.83540716,matmul_linear_1946,34.67255350000001,35.079197902167756
matmul,linear,"[(942, 1024), (1024, 1024)]",46.861297719999996,matmul_linear_1947,34.7526074,34.84253765661334
matmul,linear,"[(944, 1024), (1024, 1024)]",46.887188280000004,matmul_linear_1948,34.7418483,34.958819332591474
matmul,linear,"[(946, 1024), (1024, 1024)]",46.91307884,matmul_linear_1949,34.6908572,35.231823674855725
matmul,linear,"[(948, 1024), (1024, 1024)]",46.938969400000005,matmul_linear_1950,34.7674196,35.00849341145815
matmul,linear,"[(950, 1024), (1024, 1024)]",46.96485996,matmul_linear_1951,34.71774119999999,35.276254550800125
matmul,linear,"[(952, 1024), (1024, 1024)]",46.99075052,matmul_linear_1952,34.7025715,35.40999553880324
matmul,linear,"[(954, 1024), (1024, 1024)]",47.01664108,matmul_linear_1953,34.755303600000005,35.2790400599464
matmul,linear,"[(956, 1024), (1024, 1024)]",47.04253164,matmul_linear_1954,34.692035499999996,35.600379055302206
matmul,linear,"[(958, 1024), (1024, 1024)]",47.0684222,matmul_linear_1955,34.8323216,35.12858183991962
matmul,linear,"[(960, 1024), (1024, 1024)]",47.09431276,matmul_linear_1956,34.7587055,35.48925969064068
matmul,linear,"[(962, 1024), (1024, 1024)]",47.12020332,matmul_linear_1957,28.1156072,67.5944715858742
matmul,linear,"[(964, 1024), (1024, 1024)]",47.14609388,matmul_linear_1958,28.193134099999998,67.22544472272774
matmul,linear,"[(966, 1024), (1024, 1024)]",47.17198444,matmul_linear_1959,28.182865900000003,67.37823827916662
matmul,linear,"[(968, 1024), (1024, 1024)]",47.197874999999996,matmul_linear_1960,28.1955803,67.39458630684751
matmul,linear,"[(970, 1024), (1024, 1024)]",47.223765560000004,matmul_linear_1961,28.254267600000002,67.13852303147296
matmul,linear,"[(972, 1024), (1024, 1024)]",47.24965612,matmul_linear_1962,28.2432677,67.29528828563983
matmul,linear,"[(974, 1024), (1024, 1024)]",47.275546680000005,matmul_linear_1963,28.166562700000004,67.84279709075044
matmul,linear,"[(976, 1024), (1024, 1024)]",47.30143724,matmul_linear_1964,28.1554464,68.0010203638611
matmul,linear,"[(978, 1024), (1024, 1024)]",47.3273278,matmul_linear_1965,28.1724106,67.9917578654061
matmul,linear,"[(980, 1024), (1024, 1024)]",47.35321836,matmul_linear_1966,28.136856799999997,68.29604918769748
matmul,linear,"[(982, 1024), (1024, 1024)]",47.37910892,matmul_linear_1967,28.249116300000004,67.7189063786749
matmul,linear,"[(984, 1024), (1024, 1024)]",47.40499948,matmul_linear_1968,28.2495803,67.80780095341805
matmul,linear,"[(986, 1024), (1024, 1024)]",47.43089004,matmul_linear_1969,28.2228839,68.05826863072629
matmul,linear,"[(988, 1024), (1024, 1024)]",47.4567806,matmul_linear_1970,28.2249999,68.13739864707671
matmul,linear,"[(990, 1024), (1024, 1024)]",47.482671159999995,matmul_linear_1971,28.241258900000002,68.13227529315272
matmul,linear,"[(992, 1024), (1024, 1024)]",47.50856172,matmul_linear_1972,28.2044463,68.4435184958763
matmul,linear,"[(994, 1024), (1024, 1024)]",47.53445228,matmul_linear_1973,35.2581603,34.818299864613174
matmul,linear,"[(996, 1024), (1024, 1024)]",47.560342840000004,matmul_linear_1974,35.240455,34.95950276464934
matmul,linear,"[(998, 1024), (1024, 1024)]",47.5862334,matmul_linear_1975,35.294437099999996,34.82644096341178
matmul,linear,"[(1000, 1024), (1024, 1024)]",47.612123960000005,matmul_linear_1976,35.3054463,34.85773145431107
matmul,linear,"[(1002, 1024), (1024, 1024)]",47.63801452,matmul_linear_1977,35.2412858,35.17672082214435
matmul,linear,"[(1004, 1024), (1024, 1024)]",47.66390508,matmul_linear_1978,35.2811607,35.09732711259694
matmul,linear,"[(1006, 1024), (1024, 1024)]",47.68979564,matmul_linear_1979,35.343607199999994,34.9318856169271
matmul,linear,"[(1008, 1024), (1024, 1024)]",47.7156862,matmul_linear_1980,35.2737053,35.27267916478283
matmul,linear,"[(1010, 1024), (1024, 1024)]",47.74157676,matmul_linear_1981,28.662125000000003,66.56677325913552
matmul,linear,"[(1012, 1024), (1024, 1024)]",47.76746732,matmul_linear_1982,28.665437400000002,66.63784561682634
matmul,linear,"[(1014, 1024), (1024, 1024)]",47.79335788,matmul_linear_1983,28.634607000000006,66.90767880977026
matmul,linear,"[(1016, 1024), (1024, 1024)]",47.819248439999996,matmul_linear_1984,28.6608301,66.84530166486698
matmul,linear,"[(1018, 1024), (1024, 1024)]",47.845139,matmul_linear_1985,43.8721429,9.05585147517379
matmul,linear,"[(1020, 1024), (1024, 1024)]",47.87102956,matmul_linear_1986,43.7603038,9.393732225414746
matmul,linear,"[(1022, 1024), (1024, 1024)]",47.896920120000004,matmul_linear_1987,43.7888753,9.381480551522646
matmul,linear,"[(1024, 1024), (1024, 1024)]",47.92281068,matmul_linear_1988,43.7818306,9.458215938554197
