Operation_Type,Operation,Input_Shapes,Predicted_Latency_us,Kernel_Name,Actual_Duration_us,Error_Percentage,Model_Output
matmul,linear,"[(32, 128), (128, 128)]",0.92911,matmul_linear_1,1.1308662,-17.84085508966489,414
matmul,linear,"[(34, 128), (128, 128)]",0.92983,matmul_linear_2,1.1525268999999998,-19.32249043384582,416
matmul,linear,"[(36, 128), (128, 128)]",0.93055,matmul_linear_3,1.1378482,-18.21844073752545,418
matmul,linear,"[(38, 128), (128, 128)]",0.93127,matmul_linear_4,1.1594197999999998,-19.6779285639248,420
matmul,linear,"[(40, 128), (128, 128)]",0.93199,matmul_linear_5,1.1844465999999998,-21.314308302290684,422
matmul,linear,"[(42, 128), (128, 128)]",0.93271,matmul_linear_6,1.1782946,-20.84237677063105,424
matmul,linear,"[(44, 128), (128, 128)]",0.93343,matmul_linear_7,1.1205712999999995,-16.700525883538138,426
matmul,linear,"[(46, 128), (128, 128)]",0.93415,matmul_linear_8,1.1314288,-17.436254053282017,428
matmul,linear,"[(48, 128), (128, 128)]",0.93487,matmul_linear_9,1.1366964000000002,-17.75552381445037,430
matmul,linear,"[(50, 128), (128, 128)]",0.93559,matmul_linear_10,1.1788569999999998,-20.63583623798305,432
matmul,linear,"[(52, 128), (128, 128)]",0.93631,matmul_linear_11,1.1606877,-19.331444625457813,434
matmul,linear,"[(54, 128), (128, 128)]",0.93703,matmul_linear_12,1.1778661,-20.44681479499241,436
matmul,linear,"[(56, 128), (128, 128)]",0.93775,matmul_linear_13,1.206875,-22.29932677369237,438
matmul,linear,"[(58, 128), (128, 128)]",0.93847,matmul_linear_14,1.1675536000000002,-19.620820834264062,440
matmul,linear,"[(60, 128), (128, 128)]",0.93919,matmul_linear_15,1.1604196,-19.064621107744124,442
matmul,linear,"[(62, 128), (128, 128)]",0.93991,matmul_linear_16,1.1800088,-20.34720419034163,444
matmul,linear,"[(64, 128), (128, 128)]",0.94063,matmul_linear_17,1.1828035,-20.47453359750796,446
matmul,linear,"[(66, 128), (128, 128)]",0.94135,matmul_linear_18,1.1694107,-19.50219029122959,448
matmul,linear,"[(68, 128), (128, 128)]",0.94207,matmul_linear_19,1.2151427,-22.472479981157758,450
matmul,linear,"[(70, 128), (128, 128)]",0.94279,matmul_linear_20,1.1854377,-20.46903856693608,452
matmul,linear,"[(72, 128), (128, 128)]",0.94351,matmul_linear_21,1.1902945,-20.733062279965164,454
matmul,linear,"[(74, 128), (128, 128)]",0.94423,matmul_linear_22,1.1948215999999998,-20.97313942098133,456
matmul,linear,"[(76, 128), (128, 128)]",0.94495,matmul_linear_23,1.163875,-18.81000966598646,458
matmul,linear,"[(78, 128), (128, 128)]",0.94567,matmul_linear_24,1.1792767,-19.809320408009416,460
matmul,linear,"[(80, 128), (128, 128)]",0.94639,matmul_linear_25,1.1935713,-20.70938703033493,462
matmul,linear,"[(82, 128), (128, 128)]",0.94711,matmul_linear_26,1.1984553999999998,-20.97244503216388,464
matmul,linear,"[(84, 128), (128, 128)]",0.94783,matmul_linear_27,1.2471606999999998,-24.000972769587733,466
matmul,linear,"[(86, 128), (128, 128)]",0.94855,matmul_linear_28,1.1937053,-20.537338654691403,468
matmul,linear,"[(88, 128), (128, 128)]",0.94927,matmul_linear_29,1.1945624,-20.534080094936847,470
matmul,linear,"[(90, 128), (128, 128)]",0.94999,matmul_linear_30,1.1883035999999998,-20.05494218817478,472
matmul,linear,"[(92, 128), (128, 128)]",0.95071,matmul_linear_31,1.2091429,-21.373230575145417,474
matmul,linear,"[(94, 128), (128, 128)]",0.95143,matmul_linear_32,1.1913123999999995,-20.135977767040767,476
matmul,linear,"[(96, 128), (128, 128)]",0.95215,matmul_linear_33,1.2385624,-23.12458379166039,478
matmul,linear,"[(98, 128), (128, 128)]",0.95287,matmul_linear_34,1.271134,-25.037800892746155,480
matmul,linear,"[(100, 128), (128, 128)]",0.95359,matmul_linear_35,1.2558573,-24.06860238022265,482
matmul,linear,"[(102, 128), (128, 128)]",0.95431,matmul_linear_36,1.2160357000000002,-21.522863185677863,484
matmul,linear,"[(104, 128), (128, 128)]",0.95503,matmul_linear_37,1.230116,-22.362606453375125,486
matmul,linear,"[(106, 128), (128, 128)]",0.95575,matmul_linear_38,1.2208481000000002,-21.714257490346263,488
matmul,linear,"[(108, 128), (128, 128)]",0.95647,matmul_linear_39,1.2428571,-23.04264102445888,490
matmul,linear,"[(110, 128), (128, 128)]",0.95719,matmul_linear_40,1.217,-21.34839769926048,492
matmul,linear,"[(112, 128), (128, 128)]",0.95791,matmul_linear_41,1.2345802999999995,-22.410069235674644,494
matmul,linear,"[(114, 128), (128, 128)]",0.95863,matmul_linear_42,1.271866,-24.62806616420282,496
matmul,linear,"[(116, 128), (128, 128)]",0.95935,matmul_linear_43,1.2508928,-23.30677736733316,498
matmul,linear,"[(118, 128), (128, 128)]",0.96007,matmul_linear_44,1.2680178000000002,-24.28576318092696,500
matmul,linear,"[(120, 128), (128, 128)]",0.96079,matmul_linear_45,1.2561605000000002,-23.513754810790516,502
matmul,linear,"[(122, 128), (128, 128)]",0.96151,matmul_linear_46,1.3431159,-28.411985890420908,504
matmul,linear,"[(124, 128), (128, 128)]",0.96223,matmul_linear_47,1.3471427,-28.57252613253221,506
matmul,linear,"[(126, 128), (128, 128)]",0.96295,matmul_linear_48,1.3995893,-31.197673488929933,508
matmul,linear,"[(128, 128), (128, 128)]",0.96367,matmul_linear_49,1.3191338,-26.94675854716177,510
matmul,linear,"[(130, 128), (128, 128)]",0.96439,matmul_linear_50,1.4336875,-32.733597802868466,512
matmul,linear,"[(132, 128), (128, 128)]",0.96511,matmul_linear_51,1.3681428,-29.458386946157955,514
matmul,linear,"[(134, 128), (128, 128)]",0.96583,matmul_linear_52,1.3122322,-26.39793475575435,516
matmul,linear,"[(136, 128), (128, 128)]",0.96655,matmul_linear_53,1.3323127,-27.453217251475586,518
matmul,linear,"[(138, 128), (128, 128)]",0.96727,matmul_linear_54,1.3744286,-29.623845138263267,520
matmul,linear,"[(140, 128), (128, 128)]",0.96799,matmul_linear_55,1.3592858,-28.78686733871566,522
matmul,linear,"[(142, 128), (128, 128)]",0.96871,matmul_linear_56,1.3065624,-25.85811439239335,524
matmul,linear,"[(144, 128), (128, 128)]",0.96943,matmul_linear_57,1.3459641999999998,-27.975053125484305,526
matmul,linear,"[(146, 128), (128, 128)]",0.97015,matmul_linear_58,1.395973,-30.50367019992506,528
matmul,linear,"[(148, 128), (128, 128)]",0.97087,matmul_linear_59,1.3711516,-29.193095788970368,530
matmul,linear,"[(150, 128), (128, 128)]",0.97159,matmul_linear_60,1.3404196,-27.515980816753192,532
matmul,linear,"[(152, 128), (128, 128)]",0.97231,matmul_linear_61,1.3594195999999998,-28.476093768252262,534
matmul,linear,"[(154, 128), (128, 128)]",0.97303,matmul_linear_62,1.3325803,-26.98151098286535,536
matmul,linear,"[(156, 128), (128, 128)]",0.97375,matmul_linear_63,1.3563127,-28.206084039469648,538
matmul,linear,"[(158, 128), (128, 128)]",0.97447,matmul_linear_64,1.3524284999999998,-27.94665300235833,540
matmul,linear,"[(160, 128), (128, 128)]",0.97519,matmul_linear_65,1.3503036,-27.77994519158506,542
matmul,linear,"[(162, 128), (128, 128)]",0.97591,matmul_linear_66,1.449982,-32.69502655895038,544
matmul,linear,"[(164, 128), (128, 128)]",0.97663,matmul_linear_67,1.3750446,-28.974667439877944,546
matmul,linear,"[(166, 128), (128, 128)]",0.97735,matmul_linear_68,1.4448393,-32.355799015156904,548
matmul,linear,"[(168, 128), (128, 128)]",0.97807,matmul_linear_69,1.4212947,-31.184574177332824,550
matmul,linear,"[(170, 128), (128, 128)]",0.97879,matmul_linear_70,1.3940091,-29.785967681272663,552
matmul,linear,"[(172, 128), (128, 128)]",0.97951,matmul_linear_71,1.4497055,-32.43386329154438,554
matmul,linear,"[(174, 128), (128, 128)]",0.98023,matmul_linear_72,1.3979912,-29.88296349791042,556
matmul,linear,"[(176, 128), (128, 128)]",0.98095,matmul_linear_73,1.3657411,-28.174527368327716,558
matmul,linear,"[(178, 128), (128, 128)]",0.98167,matmul_linear_74,1.4036252,-30.061814222201196,560
matmul,linear,"[(180, 128), (128, 128)]",0.98239,matmul_linear_75,1.3562858000000002,-27.56762623334993,562
matmul,linear,"[(182, 128), (128, 128)]",0.98311,matmul_linear_76,1.4447054,-31.95083232886095,564
matmul,linear,"[(184, 128), (128, 128)]",0.98383,matmul_linear_77,1.3774463,-28.575800014853574,566
matmul,linear,"[(186, 128), (128, 128)]",0.98455,matmul_linear_78,1.3517143,-27.162862743998488,568
matmul,linear,"[(188, 128), (128, 128)]",0.98527,matmul_linear_79,1.3762856,-28.410934474646822,570
matmul,linear,"[(190, 128), (128, 128)]",0.98599,matmul_linear_80,1.3682857,-27.939757025890128,572
matmul,linear,"[(192, 128), (128, 128)]",0.98671,matmul_linear_81,1.4261607,-30.81354716898313,574
matmul,linear,"[(194, 128), (128, 128)]",0.98743,matmul_linear_82,1.4177502,-30.35232864012292,576
matmul,linear,"[(196, 128), (128, 128)]",0.98815,matmul_linear_83,1.3972858,-29.280752727895752,578
matmul,linear,"[(198, 128), (128, 128)]",0.98887,matmul_linear_84,1.4158215,-30.155743502976897,580
matmul,linear,"[(200, 128), (128, 128)]",0.98959,matmul_linear_85,1.4155802,-30.09297530440168,582
matmul,linear,"[(202, 128), (128, 128)]",0.99031,matmul_linear_86,1.4842855999999998,-33.28036059906529,584
matmul,linear,"[(204, 128), (128, 128)]",0.99103,matmul_linear_87,1.4155897,-29.991720058432172,586
matmul,linear,"[(206, 128), (128, 128)]",0.99175,matmul_linear_88,1.4035714999999995,-29.340970516998944,588
matmul,linear,"[(208, 128), (128, 128)]",0.99247,matmul_linear_89,1.3517322,-26.577912400104104,590
matmul,linear,"[(210, 128), (128, 128)]",0.99319,matmul_linear_90,1.457732,-31.86744888635222,592
matmul,linear,"[(212, 128), (128, 128)]",0.99391,matmul_linear_91,1.3725624,-27.5872630635955,594
matmul,linear,"[(214, 128), (128, 128)]",0.99463,matmul_linear_92,1.4144194,-29.679273347070893,596
matmul,linear,"[(216, 128), (128, 128)]",0.99535,matmul_linear_93,1.4005625,-28.93212548529608,598
matmul,linear,"[(218, 128), (128, 128)]",0.99607,matmul_linear_94,1.3885716,-28.26657264198692,600
matmul,linear,"[(220, 128), (128, 128)]",0.99679,matmul_linear_95,1.436134,-30.592131374927405,602
matmul,linear,"[(222, 128), (128, 128)]",0.99751,matmul_linear_96,1.4148660999999998,-29.49792210019024,604
matmul,linear,"[(224, 128), (128, 128)]",0.99823,matmul_linear_97,1.4277141,-30.081940074697023,606
matmul,linear,"[(226, 128), (128, 128)]",0.99895,matmul_linear_98,1.4686785000000002,-31.983071856774654,608
matmul,linear,"[(228, 128), (128, 128)]",0.99967,matmul_linear_99,1.4807231,-32.4877149549433,610
matmul,linear,"[(230, 128), (128, 128)]",1.00039,matmul_linear_100,1.5110177,-33.793627963458,612
matmul,linear,"[(232, 128), (128, 128)]",1.0011100000000002,matmul_linear_101,1.4225624,-29.626285637804,614
matmul,linear,"[(234, 128), (128, 128)]",1.00183,matmul_linear_102,1.416259,-29.262232402406617,616
matmul,linear,"[(236, 128), (128, 128)]",1.00255,matmul_linear_103,1.4429911,-30.52278700818044,618
matmul,linear,"[(238, 128), (128, 128)]",1.00327,matmul_linear_104,1.5131785,-33.69784199286468,620
matmul,linear,"[(240, 128), (128, 128)]",1.00399,matmul_linear_105,1.4798838,-32.157511285683384,622
matmul,linear,"[(242, 128), (128, 128)]",1.00471,matmul_linear_106,1.429991,-29.740117245493156,624
matmul,linear,"[(244, 128), (128, 128)]",1.00543,matmul_linear_107,1.4279822,-29.590859045721995,626
matmul,linear,"[(246, 128), (128, 128)]",1.00615,matmul_linear_108,1.4121875,-28.75237884487717,628
matmul,linear,"[(248, 128), (128, 128)]",1.0068700000000002,matmul_linear_109,1.4725714,-31.625047179376157,630
matmul,linear,"[(250, 128), (128, 128)]",1.00759,matmul_linear_110,1.4485715,-30.442508360823066,632
matmul,linear,"[(252, 128), (128, 128)]",1.00831,matmul_linear_111,1.4048749,-28.2277731632902,634
matmul,linear,"[(254, 128), (128, 128)]",1.00903,matmul_linear_112,1.4774552,-31.7048665841103,636
matmul,linear,"[(256, 128), (128, 128)]",1.00975,matmul_linear_113,1.5339731,-34.17420422822277,638
matmul,linear,"[(258, 128), (128, 128)]",1.01047,matmul_linear_114,1.4841159,-31.914347120733627,640
matmul,linear,"[(260, 128), (128, 128)]",1.01119,matmul_linear_115,1.4234464,-28.96184921328966,642
matmul,linear,"[(262, 128), (128, 128)]",1.01191,matmul_linear_116,1.5161074,-33.25604769160812,644
matmul,linear,"[(264, 128), (128, 128)]",1.01263,matmul_linear_117,1.4714286,-31.180486773194428,646
matmul,linear,"[(266, 128), (128, 128)]",1.01335,matmul_linear_118,1.4707230999999998,-31.09851881703632,648
matmul,linear,"[(268, 128), (128, 128)]",1.01407,matmul_linear_119,1.457839,-30.44019264129989,650
matmul,linear,"[(270, 128), (128, 128)]",1.01479,matmul_linear_120,1.4685713,-30.899507569023037,652
matmul,linear,"[(272, 128), (128, 128)]",1.01551,matmul_linear_121,1.4684286000000002,-30.84376046612004,654
matmul,linear,"[(274, 128), (128, 128)]",1.01623,matmul_linear_122,1.569866,-35.26644949314146,656
matmul,linear,"[(276, 128), (128, 128)]",1.01695,matmul_linear_123,1.4478926,-29.76343687370181,658
matmul,linear,"[(278, 128), (128, 128)]",1.01767,matmul_linear_124,1.4562857,-30.118794684312284,660
matmul,linear,"[(280, 128), (128, 128)]",1.01839,matmul_linear_125,1.5090001000000002,-32.51226424703352,662
matmul,linear,"[(282, 128), (128, 128)]",1.01911,matmul_linear_126,1.5158839999999998,-32.77124107121652,664
matmul,linear,"[(284, 128), (128, 128)]",1.01983,matmul_linear_127,1.4852856,-31.33778446380952,666
matmul,linear,"[(286, 128), (128, 128)]",1.02055,matmul_linear_128,1.4584016,-30.022704308607445,668
matmul,linear,"[(288, 128), (128, 128)]",1.02127,matmul_linear_129,1.448268,-29.483355290595377,670
matmul,linear,"[(290, 128), (128, 128)]",1.0219900000000002,matmul_linear_130,1.5167411000000002,-32.619350790982054,672
matmul,linear,"[(292, 128), (128, 128)]",1.02271,matmul_linear_131,1.4729822,-30.568746859262795,674
matmul,linear,"[(294, 128), (128, 128)]",1.02343,matmul_linear_132,1.5425445,-33.6531296179786,676
matmul,linear,"[(296, 128), (128, 128)]",1.02415,matmul_linear_133,1.4787592,-30.7426117788481,678
matmul,linear,"[(298, 128), (128, 128)]",1.02487,matmul_linear_134,1.4655626,-30.069858496661965,680
matmul,linear,"[(300, 128), (128, 128)]",1.02559,matmul_linear_135,1.4840177,-30.89098600373837,682
matmul,linear,"[(302, 128), (128, 128)]",1.02631,matmul_linear_136,1.5499732,-33.785306739497166,684
matmul,linear,"[(304, 128), (128, 128)]",1.02703,matmul_linear_137,1.5316965,-32.94820481733816,686
matmul,linear,"[(306, 128), (128, 128)]",1.0277500000000002,matmul_linear_138,1.5501427,-33.69965229652727,688
matmul,linear,"[(308, 128), (128, 128)]",1.02847,matmul_linear_139,1.5315804,-32.849101490199274,690
matmul,linear,"[(310, 128), (128, 128)]",1.02919,matmul_linear_140,1.6078392999999995,-35.98924967190439,692
matmul,linear,"[(312, 128), (128, 128)]",1.02991,matmul_linear_141,1.6280091,-36.73806860170498,694
matmul,linear,"[(314, 128), (128, 128)]",1.03063,matmul_linear_142,1.5438662,-33.243567350590354,696
matmul,linear,"[(316, 128), (128, 128)]",1.03135,matmul_linear_143,1.5555267,-33.69769866373878,698
matmul,linear,"[(318, 128), (128, 128)]",1.03207,matmul_linear_144,1.5076964,-31.54656335320559,700
matmul,linear,"[(320, 128), (128, 128)]",1.03279,matmul_linear_145,1.574268,-34.39554129284213,702
matmul,linear,"[(322, 128), (128, 128)]",1.0335100000000002,matmul_linear_146,1.5411695,-32.939887533460784,704
matmul,linear,"[(324, 128), (128, 128)]",1.03423,matmul_linear_147,1.5669911,-33.99898697573968,706
matmul,linear,"[(326, 128), (128, 128)]",1.03495,matmul_linear_148,1.5314465000000002,-32.42010086542364,708
matmul,linear,"[(328, 128), (128, 128)]",1.03567,matmul_linear_149,1.5733126,-34.1726494785588,710
matmul,linear,"[(330, 128), (128, 128)]",1.03639,matmul_linear_150,1.552134,-33.228058917593465,712
matmul,linear,"[(332, 128), (128, 128)]",1.03711,matmul_linear_151,1.5672859,-33.82764433725844,714
matmul,linear,"[(334, 128), (128, 128)]",1.03783,matmul_linear_152,1.5705713,-33.9202238064582,716
matmul,linear,"[(336, 128), (128, 128)]",1.03855,matmul_linear_153,1.5940002999999998,-34.84631088212466,718
matmul,linear,"[(338, 128), (128, 128)]",1.03927,matmul_linear_154,1.5864284999999998,-34.48995652813851,720
matmul,linear,"[(340, 128), (128, 128)]",1.03999,matmul_linear_155,1.5698928,-33.75407543750759,722
matmul,linear,"[(342, 128), (128, 128)]",1.04071,matmul_linear_156,1.594,-34.7107904642409,724
matmul,linear,"[(344, 128), (128, 128)]",1.04143,matmul_linear_157,1.5341515,-32.11687372466148,726
matmul,linear,"[(346, 128), (128, 128)]",1.04215,matmul_linear_158,1.5778661,-33.95193673278106,728
matmul,linear,"[(348, 128), (128, 128)]",1.0428700000000002,matmul_linear_159,1.5707502,-33.606884150006785,730
matmul,linear,"[(350, 128), (128, 128)]",1.04359,matmul_linear_160,1.5595625,-33.08443874484029,732
matmul,linear,"[(352, 128), (128, 128)]",1.04431,matmul_linear_161,1.5892855999999995,-34.29060201640283,734
matmul,linear,"[(354, 128), (128, 128)]",1.04503,matmul_linear_162,1.6077054,-34.998663312320765,736
matmul,linear,"[(356, 128), (128, 128)]",1.04575,matmul_linear_163,1.6214286999999998,-35.50441040053133,738
matmul,linear,"[(358, 128), (128, 128)]",1.04647,matmul_linear_164,1.5868392,-34.05317942737992,740
matmul,linear,"[(360, 128), (128, 128)]",1.04719,matmul_linear_165,1.5592589,-32.840530844492854,742
matmul,linear,"[(362, 128), (128, 128)]",1.04791,matmul_linear_166,1.6071162,-34.79562958795388,744
matmul,linear,"[(364, 128), (128, 128)]",1.0486300000000002,matmul_linear_167,1.6024196,-34.55958726415977,746
matmul,linear,"[(366, 128), (128, 128)]",1.04935,matmul_linear_168,1.5892679,-33.97274304728612,748
matmul,linear,"[(368, 128), (128, 128)]",1.05007,matmul_linear_169,1.6297232,-35.56758595570095,750
matmul,linear,"[(370, 128), (128, 128)]",1.05079,matmul_linear_170,1.5899908,-33.91219622151272,752
matmul,linear,"[(372, 128), (128, 128)]",1.05151,matmul_linear_171,1.6534374999999997,-36.4046116046116,754
matmul,linear,"[(374, 128), (128, 128)]",1.05223,matmul_linear_172,1.6145807,-34.829519515500216,756
matmul,linear,"[(376, 128), (128, 128)]",1.05295,matmul_linear_173,1.6080089000000002,-34.518397255139575,758
matmul,linear,"[(378, 128), (128, 128)]",1.05367,matmul_linear_174,1.6101610000000002,-34.56120226486668,760
matmul,linear,"[(380, 128), (128, 128)]",1.0543900000000002,matmul_linear_175,1.6551338999999998,-36.29578851596234,762
matmul,linear,"[(382, 128), (128, 128)]",1.05511,matmul_linear_176,1.5907231,-33.67104557669402,764
matmul,linear,"[(384, 128), (128, 128)]",1.05583,matmul_linear_177,1.595134,-33.80932260236444,766
matmul,linear,"[(386, 128), (128, 128)]",1.05655,matmul_linear_178,1.6998571999999998,-37.84477896143275,768
matmul,linear,"[(388, 128), (128, 128)]",1.05727,matmul_linear_179,1.6450090000000004,-35.728619113937995,770
matmul,linear,"[(390, 128), (128, 128)]",1.05799,matmul_linear_180,1.6220354999999995,-34.77393065688142,772
matmul,linear,"[(392, 128), (128, 128)]",1.05871,matmul_linear_181,1.6112767,-34.2937187635122,774
matmul,linear,"[(394, 128), (128, 128)]",1.05943,matmul_linear_182,1.7310269000000005,-38.79760043012619,776
matmul,linear,"[(396, 128), (128, 128)]",1.06015,matmul_linear_183,1.6557233,-35.97058155792093,778
matmul,linear,"[(398, 128), (128, 128)]",1.06087,matmul_linear_184,1.6398479,-35.30680497868125,780
matmul,linear,"[(400, 128), (128, 128)]",1.06159,matmul_linear_185,1.6427143999999998,-35.37586326631092,782
matmul,linear,"[(402, 128), (128, 128)]",1.06231,matmul_linear_186,1.6444108,-35.39874586082747,784
matmul,linear,"[(404, 128), (128, 128)]",1.06303,matmul_linear_187,1.6282857,-34.71477394906802,786
matmul,linear,"[(406, 128), (128, 128)]",1.0637500000000002,matmul_linear_188,1.6595627999999998,-35.90179293004155,788
matmul,linear,"[(408, 128), (128, 128)]",1.06447,matmul_linear_189,1.6676073000000002,-36.16782560258642,790
matmul,linear,"[(410, 128), (128, 128)]",1.06519,matmul_linear_190,1.6747143000000002,-36.3957183622305,792
matmul,linear,"[(412, 128), (128, 128)]",1.06591,matmul_linear_191,1.6675712,-36.08009061322239,794
matmul,linear,"[(414, 128), (128, 128)]",1.06663,matmul_linear_192,1.7474020000000003,-38.95909470173436,796
matmul,linear,"[(416, 128), (128, 128)]",1.06735,matmul_linear_193,1.7341517,-38.45117471556842,798
matmul,linear,"[(418, 128), (128, 128)]",1.06807,matmul_linear_194,1.7261247999999998,-38.123245781533285,800
matmul,linear,"[(420, 128), (128, 128)]",1.06879,matmul_linear_195,1.7041515,-37.28315821686041,802
matmul,linear,"[(422, 128), (128, 128)]",1.0695100000000002,matmul_linear_196,1.7542858,-39.03444923284449,804
matmul,linear,"[(424, 128), (128, 128)]",1.07023,matmul_linear_197,1.699134,-37.013207904732646,806
matmul,linear,"[(426, 128), (128, 128)]",1.07095,matmul_linear_198,1.6868482,-36.5117738513756,808
matmul,linear,"[(428, 128), (128, 128)]",1.07167,matmul_linear_199,1.6907231,-36.6146946238565,810
matmul,linear,"[(430, 128), (128, 128)]",1.07239,matmul_linear_200,1.6305804,-34.232620482866096,812
matmul,linear,"[(432, 128), (128, 128)]",1.07311,matmul_linear_201,1.6323037,-34.257944768488855,814
matmul,linear,"[(434, 128), (128, 128)]",1.07383,matmul_linear_202,1.7264104999999996,-37.79984540177436,816
matmul,linear,"[(436, 128), (128, 128)]",1.07455,matmul_linear_203,1.7202769,-37.53621873315859,818
matmul,linear,"[(438, 128), (128, 128)]",1.0752700000000002,matmul_linear_204,1.727,-37.7376954255935,820
matmul,linear,"[(440, 128), (128, 128)]",1.07599,matmul_linear_205,1.7523124,-38.59599464113819,822
matmul,linear,"[(442, 128), (128, 128)]",1.07671,matmul_linear_206,1.7318570999999998,-37.82916615926336,824
matmul,linear,"[(444, 128), (128, 128)]",1.07743,matmul_linear_207,1.6771427999999995,-35.75800462548566,826
matmul,linear,"[(446, 128), (128, 128)]",1.07815,matmul_linear_208,1.7172858999999998,-37.21779233149238,828
matmul,linear,"[(448, 128), (128, 128)]",1.07887,matmul_linear_209,1.6723125,-35.4863400231715,830
matmul,linear,"[(450, 128), (128, 128)]",1.07959,matmul_linear_210,1.7417143,-38.01566651890037,832
matmul,linear,"[(452, 128), (128, 128)]",1.08031,matmul_linear_211,1.7191429,-37.15996500349098,834
matmul,linear,"[(454, 128), (128, 128)]",1.0810300000000002,matmul_linear_212,1.8134017,-40.38662255582973,836
matmul,linear,"[(456, 128), (128, 128)]",1.08175,matmul_linear_213,1.7240177000000003,-37.25412447911644,838
matmul,linear,"[(458, 128), (128, 128)]",1.08247,matmul_linear_214,1.6932855,-36.07280048166714,840
matmul,linear,"[(460, 128), (128, 128)]",1.08319,matmul_linear_215,1.721143,-37.06565927409866,842
matmul,linear,"[(462, 128), (128, 128)]",1.08391,matmul_linear_216,1.7068485000000002,-36.49641429804697,844
matmul,linear,"[(464, 128), (128, 128)]",1.08463,matmul_linear_217,1.7005893,-36.220344324170455,846
matmul,linear,"[(466, 128), (128, 128)]",1.08535,matmul_linear_218,1.797875,-39.63150942084405,848
matmul,linear,"[(468, 128), (128, 128)]",1.08607,matmul_linear_219,1.7010090000000002,-36.15142541867797,850
matmul,linear,"[(470, 128), (128, 128)]",1.08679,matmul_linear_220,1.6972946,-35.96927722506157,852
matmul,linear,"[(472, 128), (128, 128)]",1.08751,matmul_linear_221,1.7341159000000002,-37.28735201609074,854
matmul,linear,"[(474, 128), (128, 128)]",1.08823,matmul_linear_222,1.7453213,-37.64872977829354,856
matmul,linear,"[(476, 128), (128, 128)]",1.08895,matmul_linear_223,1.7785894000000002,-38.774514230209626,858
matmul,linear,"[(478, 128), (128, 128)]",1.08967,matmul_linear_224,1.7164552,-36.51625745897707,860
matmul,linear,"[(480, 128), (128, 128)]",1.0903900000000002,matmul_linear_225,1.715866,-36.45249687329896,862
matmul,linear,"[(482, 128), (128, 128)]",1.09111,matmul_linear_226,1.7657233,-38.20605980563319,864
matmul,linear,"[(484, 128), (128, 128)]",1.09183,matmul_linear_227,1.7614375,-38.01483163609268,866
matmul,linear,"[(486, 128), (128, 128)]",1.09255,matmul_linear_228,1.7979999999999996,-39.23526140155727,868
matmul,linear,"[(488, 128), (128, 128)]",1.09327,matmul_linear_229,1.7734466000000002,-38.35337359467154,870
matmul,linear,"[(490, 128), (128, 128)]",1.09399,matmul_linear_230,1.7235356,-36.52640537276978,872
matmul,linear,"[(492, 128), (128, 128)]",1.09471,matmul_linear_231,1.7608751000000002,-37.83147935932538,874
matmul,linear,"[(494, 128), (128, 128)]",1.09543,matmul_linear_232,1.7939909000000005,-38.93893218744866,876
matmul,linear,"[(496, 128), (128, 128)]",1.0961500000000002,matmul_linear_233,1.8288484,-40.063375400607285,878
matmul,linear,"[(498, 128), (128, 128)]",1.09687,matmul_linear_234,1.7614019000000003,-37.72744312357107,880
matmul,linear,"[(500, 128), (128, 128)]",1.09759,matmul_linear_235,1.7724105,-38.0736008955036,882
matmul,linear,"[(502, 128), (128, 128)]",1.09831,matmul_linear_236,1.7714196999999998,-37.99831852383711,884
matmul,linear,"[(504, 128), (128, 128)]",1.09903,matmul_linear_237,1.7901429999999998,-38.60658059160637,886
matmul,linear,"[(506, 128), (128, 128)]",1.09975,matmul_linear_238,1.8096072,-39.22714277440982,888
matmul,linear,"[(508, 128), (128, 128)]",1.10047,matmul_linear_239,1.7675536,-37.74050190047985,890
matmul,linear,"[(510, 128), (128, 128)]",1.10119,matmul_linear_240,1.785884,-38.33922024050834,892
matmul,linear,"[(512, 128), (128, 128)]",1.1019100000000002,matmul_linear_241,1.7877231999999998,-38.36238182734328,894
matmul,linear,"[(514, 128), (128, 128)]",1.10263,matmul_linear_242,1.8749913,-41.192793801229904,896
matmul,linear,"[(516, 128), (128, 128)]",1.10335,matmul_linear_243,1.8264198,-39.589463495741775,898
matmul,linear,"[(518, 128), (128, 128)]",1.10407,matmul_linear_244,1.8047051,-38.82269186250984,900
matmul,linear,"[(520, 128), (128, 128)]",1.10479,matmul_linear_245,1.7995536,-38.60755245078557,902
matmul,linear,"[(522, 128), (128, 128)]",1.10551,matmul_linear_246,1.8114197,-38.96996924566957,904
matmul,linear,"[(524, 128), (128, 128)]",1.10623,matmul_linear_247,1.7992949,-38.51869418403842,906
matmul,linear,"[(526, 128), (128, 128)]",1.10695,matmul_linear_248,1.8871429,-41.34254485974538,908
matmul,linear,"[(528, 128), (128, 128)]",1.1076700000000002,matmul_linear_249,1.7638842,-37.20279369813505,910
matmul,linear,"[(530, 128), (128, 128)]",1.10839,matmul_linear_250,1.8424641,-39.84197575410017,912
matmul,linear,"[(532, 128), (128, 128)]",1.10911,matmul_linear_251,1.8501339,-40.05244701478093,914
matmul,linear,"[(534, 128), (128, 128)]",1.10983,matmul_linear_252,1.8228303,-39.11501251652444,916
matmul,linear,"[(536, 128), (128, 128)]",1.11055,matmul_linear_253,1.8210001,-39.014281218326126,918
matmul,linear,"[(538, 128), (128, 128)]",1.11127,matmul_linear_254,1.8748662,-40.72803701938837,920
matmul,linear,"[(540, 128), (128, 128)]",1.11199,matmul_linear_255,1.8128571,-38.66091265549832,922
matmul,linear,"[(542, 128), (128, 128)]",1.11271,matmul_linear_256,1.8118125,-38.58580841008658,924
matmul,linear,"[(544, 128), (128, 128)]",1.11343,matmul_linear_257,1.8071339,-38.38696734093692,926
matmul,linear,"[(546, 128), (128, 128)]",1.11415,matmul_linear_258,1.7980358,-38.03516036777465,928
matmul,linear,"[(548, 128), (128, 128)]",1.11487,matmul_linear_259,1.8298749,-39.0739771336281,930
matmul,linear,"[(550, 128), (128, 128)]",1.11559,matmul_linear_260,1.8251787,-38.87776577712636,932
matmul,linear,"[(552, 128), (128, 128)]",1.11631,matmul_linear_261,1.8405447,-39.348932954467216,934
matmul,linear,"[(554, 128), (128, 128)]",1.1170300000000002,matmul_linear_262,1.8219731,-38.6911914341655,936
matmul,linear,"[(556, 128), (128, 128)]",1.11775,matmul_linear_263,1.8091251000000004,-38.21599180731063,938
matmul,linear,"[(558, 128), (128, 128)]",1.11847,matmul_linear_264,1.7921337999999998,-37.59003931514487,940
matmul,linear,"[(560, 128), (128, 128)]",1.11919,matmul_linear_265,1.8286966,-38.79848630986682,942
matmul,linear,"[(562, 128), (128, 128)]",1.11991,matmul_linear_266,1.8519641,-39.52852541796032,944
matmul,linear,"[(564, 128), (128, 128)]",1.12063,matmul_linear_267,1.8595984,-39.73806387443655,946
matmul,linear,"[(566, 128), (128, 128)]",1.12135,matmul_linear_268,1.9172767,-41.51339762278444,948
matmul,linear,"[(568, 128), (128, 128)]",1.12207,matmul_linear_269,1.8778482,-40.24703381242424,950
matmul,linear,"[(570, 128), (128, 128)]",1.1227900000000002,matmul_linear_270,1.885848,-40.46232782281498,952
matmul,linear,"[(572, 128), (128, 128)]",1.12351,matmul_linear_271,1.8490178,-39.237469752860136,954
matmul,linear,"[(574, 128), (128, 128)]",1.12423,matmul_linear_272,1.8901339,-40.52114508924473,956
matmul,linear,"[(576, 128), (128, 128)]",1.12495,matmul_linear_273,1.9782858,-43.13511222695932,958
matmul,linear,"[(578, 128), (128, 128)]",1.12567,matmul_linear_274,1.8841161000000004,-40.254743325,960
matmul,linear,"[(580, 128), (128, 128)]",1.12639,matmul_linear_275,1.8879734,-40.338672144427456,962
matmul,linear,"[(582, 128), (128, 128)]",1.12711,matmul_linear_276,1.8849734,-40.205522263603285,964
matmul,linear,"[(584, 128), (128, 128)]",1.12783,matmul_linear_277,1.9981606,-43.5565889948986,966
matmul,linear,"[(586, 128), (128, 128)]",1.1285500000000002,matmul_linear_278,1.8749735,-39.809815978732495,968
matmul,linear,"[(588, 128), (128, 128)]",1.12927,matmul_linear_279,1.8539554000000005,-39.08861022223081,970
matmul,linear,"[(590, 128), (128, 128)]",1.12999,matmul_linear_280,1.8599732,-39.2469740961859,972
matmul,linear,"[(592, 128), (128, 128)]",1.13071,matmul_linear_281,1.8978661000000003,-40.42203504240895,974
matmul,linear,"[(594, 128), (128, 128)]",1.13143,matmul_linear_282,1.9076964,-40.69129658157347,976
matmul,linear,"[(596, 128), (128, 128)]",1.13215,matmul_linear_283,1.9495536,-41.92773155865015,978
matmul,linear,"[(598, 128), (128, 128)]",1.13287,matmul_linear_284,2.0087054,-43.60198364578498,980
matmul,linear,"[(600, 128), (128, 128)]",1.13359,matmul_linear_285,1.8955803,-40.19826013173907,982
matmul,linear,"[(602, 128), (128, 128)]",1.1343100000000002,matmul_linear_286,1.9054287,-40.46956467066964,984
matmul,linear,"[(604, 128), (128, 128)]",1.13503,matmul_linear_287,1.9222946,-40.95441978560415,986
matmul,linear,"[(606, 128), (128, 128)]",1.13575,matmul_linear_288,1.9252949,-41.00903710906833,988
matmul,linear,"[(608, 128), (128, 128)]",1.13647,matmul_linear_289,1.917277,-40.72478833261964,990
matmul,linear,"[(610, 128), (128, 128)]",1.13719,matmul_linear_290,1.9278482,-41.01247183258516,992
matmul,linear,"[(612, 128), (128, 128)]",1.1379100000000002,matmul_linear_291,1.9788660000000005,-42.49686436575291,994
matmul,linear,"[(614, 128), (128, 128)]",1.13863,matmul_linear_292,1.9264643,-40.89534905993326,996
matmul,linear,"[(616, 128), (128, 128)]",1.13935,matmul_linear_293,1.9645625,-42.00489930964273,998
matmul,linear,"[(618, 128), (128, 128)]",1.14007,matmul_linear_294,1.9621428,-41.89668560310696,1000
matmul,linear,"[(620, 128), (128, 128)]",1.14079,matmul_linear_295,1.9230089,-40.67682162053436,1002
matmul,linear,"[(622, 128), (128, 128)]",1.14151,matmul_linear_296,1.9482857,-41.40951709495173,1004
matmul,linear,"[(624, 128), (128, 128)]",1.14223,matmul_linear_297,2.000009,-42.88875700059349,1006
matmul,linear,"[(626, 128), (128, 128)]",1.14295,matmul_linear_298,1.9825624,-42.34985995901061,1008
matmul,linear,"[(628, 128), (128, 128)]",1.1436700000000002,matmul_linear_299,1.9544017,-41.48234725747525,1010
matmul,linear,"[(630, 128), (128, 128)]",1.14439,matmul_linear_300,1.9524196,-41.38606270906109,1012
matmul,linear,"[(632, 128), (128, 128)]",1.14511,matmul_linear_301,1.9860358,-42.34192555844159,1014
matmul,linear,"[(634, 128), (128, 128)]",1.14583,matmul_linear_302,1.9238838,-40.44182917908034,1016
matmul,linear,"[(636, 128), (128, 128)]",1.14655,matmul_linear_303,2.0327053,-43.5948732952091,1018
matmul,linear,"[(638, 128), (128, 128)]",1.14727,matmul_linear_304,1.9454464,-41.0279306589994,1020
matmul,linear,"[(640, 128), (128, 128)]",1.14799,matmul_linear_305,1.9589998,-41.39917727403545,1022
matmul,linear,"[(642, 128), (128, 128)]",1.14871,matmul_linear_306,2.034107,-43.52755287701186,1024
matmul,linear,"[(644, 128), (128, 128)]",1.1494300000000002,matmul_linear_307,1.9858751,-42.119723440814575,1026
matmul,linear,"[(646, 128), (128, 128)]",1.15015,matmul_linear_308,1.9657411,-41.490260339980686,1028
matmul,linear,"[(648, 128), (128, 128)]",1.15087,matmul_linear_309,1.9829822,-41.96266612983212,1030
matmul,linear,"[(650, 128), (128, 128)]",1.15159,matmul_linear_310,2.0395715,-43.53764994264726,1032
matmul,linear,"[(652, 128), (128, 128)]",1.15231,matmul_linear_311,1.9824555000000004,-41.87460954356858,1034
matmul,linear,"[(654, 128), (128, 128)]",1.15303,matmul_linear_312,2.0434285999999995,-43.573756381798695,1036
matmul,linear,"[(656, 128), (128, 128)]",1.15375,matmul_linear_313,1.9397141,-40.51958481922672,1038
matmul,linear,"[(658, 128), (128, 128)]",1.15447,matmul_linear_314,1.9489913,-40.765769452126335,1040
matmul,linear,"[(660, 128), (128, 128)]",1.1551900000000002,matmul_linear_315,1.9924107,-42.0204880449598,1042
matmul,linear,"[(662, 128), (128, 128)]",1.15591,matmul_linear_316,1.9666965,-41.22580682886252,1044
matmul,linear,"[(664, 128), (128, 128)]",1.15663,matmul_linear_317,2.0528571,-43.657549276079656,1046
matmul,linear,"[(666, 128), (128, 128)]",1.15735,matmul_linear_318,1.9998393,-42.12784997274531,1048
matmul,linear,"[(668, 128), (128, 128)]",1.15807,matmul_linear_319,2.0067233,-42.29049914355407,1050
matmul,linear,"[(670, 128), (128, 128)]",1.15879,matmul_linear_320,1.9851786,-41.627922041875735,1052
matmul,linear,"[(672, 128), (128, 128)]",1.15951,matmul_linear_321,2.0052679,-42.17680340866176,1054
matmul,linear,"[(674, 128), (128, 128)]",1.16023,matmul_linear_322,1.9909109,-41.72366026023565,1056
matmul,linear,"[(676, 128), (128, 128)]",1.16095,matmul_linear_323,2.0258661,-42.69364594234533,1058
matmul,linear,"[(678, 128), (128, 128)]",1.16167,matmul_linear_324,2.0630356,-43.69122859537663,1060
matmul,linear,"[(680, 128), (128, 128)]",1.16239,matmul_linear_325,1.9908752,-41.61412026228465,1062
matmul,linear,"[(682, 128), (128, 128)]",1.16311,matmul_linear_326,2.0201428,-42.42436722790091,1064
matmul,linear,"[(684, 128), (128, 128)]",1.16383,matmul_linear_327,1.9984197,-41.762483626437415,1066
matmul,linear,"[(686, 128), (128, 128)]",1.1645500000000002,matmul_linear_328,2.0169911000000003,-42.263007506577495,1068
matmul,linear,"[(688, 128), (128, 128)]",1.16527,matmul_linear_329,1.9873929,-41.36690334357136,1070
matmul,linear,"[(690, 128), (128, 128)]",1.16599,matmul_linear_330,1.9942589,-41.53266659609741,1072
matmul,linear,"[(692, 128), (128, 128)]",1.16671,matmul_linear_331,2.0178573,-42.18074786557008,1074
matmul,linear,"[(694, 128), (128, 128)]",1.16743,matmul_linear_332,2.0678571,-43.54397119607539,1076
matmul,linear,"[(696, 128), (128, 128)]",1.16815,matmul_linear_333,2.0617054999999995,-43.34059835412961,1078
matmul,linear,"[(698, 128), (128, 128)]",1.16887,matmul_linear_334,2.1017140000000003,-44.38491631116318,1080
matmul,linear,"[(700, 128), (128, 128)]",1.16959,matmul_linear_335,2.0961252000000004,-44.202283336892286,1082
matmul,linear,"[(702, 128), (128, 128)]",1.1703100000000002,matmul_linear_336,2.0821075,-43.79204724059637,1084
matmul,linear,"[(704, 128), (128, 128)]",1.17103,matmul_linear_337,2.0378749000000007,-42.5367082150136,1086
matmul,linear,"[(706, 128), (128, 128)]",1.17175,matmul_linear_338,2.0437232,-42.66591483621656,1088
matmul,linear,"[(708, 128), (128, 128)]",1.17247,matmul_linear_339,2.0112857,-41.70544741604834,1090
matmul,linear,"[(710, 128), (128, 128)]",1.17319,matmul_linear_340,2.0320182000000004,-42.264788770100594,1092
matmul,linear,"[(712, 128), (128, 128)]",1.17391,matmul_linear_341,2.0862592,-43.73134459994232,1094
matmul,linear,"[(714, 128), (128, 128)]",1.17463,matmul_linear_342,2.0497413,-42.693743839771386,1096
matmul,linear,"[(716, 128), (128, 128)]",1.17535,matmul_linear_343,2.0755355,-43.371240819537896,1098
matmul,linear,"[(718, 128), (128, 128)]",1.1760700000000002,matmul_linear_344,2.0853035,-43.60197448476925,1100
matmul,linear,"[(720, 128), (128, 128)]",1.17679,matmul_linear_345,2.1191515,-44.46881216373629,1102
matmul,linear,"[(722, 128), (128, 128)]",1.17751,matmul_linear_346,2.0575624,-42.771601969398354,1104
matmul,linear,"[(724, 128), (128, 128)]",1.17823,matmul_linear_347,2.0908748000000004,-43.648945407922085,1106
matmul,linear,"[(726, 128), (128, 128)]",1.17895,matmul_linear_348,2.0503215,-42.499261701152726,1108
matmul,linear,"[(728, 128), (128, 128)]",1.17967,matmul_linear_349,2.0858481,-43.44410793863656,1110
matmul,linear,"[(730, 128), (128, 128)]",1.18039,matmul_linear_350,2.0785714,-43.21147688263199,1112
matmul,linear,"[(732, 128), (128, 128)]",1.18111,matmul_linear_351,2.0255801,-41.69028418081319,1114
matmul,linear,"[(734, 128), (128, 128)]",1.1818300000000002,matmul_linear_352,2.1741252,-45.64112499132983,1116
matmul,linear,"[(736, 128), (128, 128)]",1.18255,matmul_linear_353,2.0577049999999995,-42.53063485776628,1118
matmul,linear,"[(738, 128), (128, 128)]",1.18327,matmul_linear_354,2.1024197,-43.71865902892748,1120
matmul,linear,"[(740, 128), (128, 128)]",1.18399,matmul_linear_355,2.1018126,-43.66814624672057,1122
matmul,linear,"[(742, 128), (128, 128)]",1.18471,matmul_linear_356,2.0834373,-43.136757703243575,1124
matmul,linear,"[(744, 128), (128, 128)]",1.18543,matmul_linear_357,2.1578659,-45.06470490126379,1126
matmul,linear,"[(746, 128), (128, 128)]",1.18615,matmul_linear_358,2.0924105,-43.31179278635812,1128
matmul,linear,"[(748, 128), (128, 128)]",1.18687,matmul_linear_359,2.0741429,-42.7778095713656,1130
matmul,linear,"[(750, 128), (128, 128)]",1.18759,matmul_linear_360,2.1021250999999994,-43.505265219467645,1132
matmul,linear,"[(752, 128), (128, 128)]",1.18831,matmul_linear_361,2.0778661000000005,-42.81104061517729,1134
matmul,linear,"[(754, 128), (128, 128)]",1.18903,matmul_linear_362,2.089259,-43.0884347034044,1136
matmul,linear,"[(756, 128), (128, 128)]",1.18975,matmul_linear_363,2.0928481000000003,-43.15163150158868,1138
matmul,linear,"[(758, 128), (128, 128)]",1.19047,matmul_linear_364,2.0765444000000004,-42.67062144204574,1140
matmul,linear,"[(760, 128), (128, 128)]",1.1911900000000002,matmul_linear_365,2.1217232000000004,-43.85742683117195,1142
matmul,linear,"[(762, 128), (128, 128)]",1.19191,matmul_linear_366,2.1398483,-44.299322526741726,1144
matmul,linear,"[(764, 128), (128, 128)]",1.19263,matmul_linear_367,2.1029819000000005,-43.28862269332895,1146
matmul,linear,"[(766, 128), (128, 128)]",1.19335,matmul_linear_368,2.1253751,-43.852264007421546,1148
matmul,linear,"[(768, 128), (128, 128)]",1.19407,matmul_linear_369,2.1217055,-43.72121861398767,1150
matmul,linear,"[(770, 128), (128, 128)]",1.19479,matmul_linear_370,2.1964198999999995,-45.602842152358924,1152
matmul,linear,"[(772, 128), (128, 128)]",1.19551,matmul_linear_371,2.1255714,-43.75582960892303,1154
matmul,linear,"[(774, 128), (128, 128)]",1.19623,matmul_linear_372,2.1602857,-44.62630567799435,1156
matmul,linear,"[(776, 128), (128, 128)]",1.1969500000000002,matmul_linear_373,2.1174285,-43.471526901616734,1158
matmul,linear,"[(778, 128), (128, 128)]",1.19767,matmul_linear_374,2.1294553,-43.75697860387114,1160
matmul,linear,"[(780, 128), (128, 128)]",1.19839,matmul_linear_375,2.1207142,-43.4912068773812,1162
matmul,linear,"[(782, 128), (128, 128)]",1.19911,matmul_linear_376,2.1885983,-45.2110512925099,1164
matmul,linear,"[(784, 128), (128, 128)]",1.19983,matmul_linear_377,2.1781782,-44.91589347464776,1166
matmul,linear,"[(786, 128), (128, 128)]",1.20055,matmul_linear_378,2.1748306,-44.79799943958854,1168
matmul,linear,"[(788, 128), (128, 128)]",1.20127,matmul_linear_379,2.1599821,-44.385187266135205,1170
matmul,linear,"[(790, 128), (128, 128)]",1.20199,matmul_linear_380,2.2394464,-46.32646711258639,1172
matmul,linear,"[(792, 128), (128, 128)]",1.2027100000000002,matmul_linear_381,2.1454286,-43.94080511465168,1174
matmul,linear,"[(794, 128), (128, 128)]",1.20343,matmul_linear_382,2.1291606,-43.47866478461043,1176
matmul,linear,"[(796, 128), (128, 128)]",1.20415,matmul_linear_383,2.1685801000000007,-44.47288343188247,1178
matmul,linear,"[(798, 128), (128, 128)]",1.20487,matmul_linear_384,2.1661517,-44.377395175047056,1180
matmul,linear,"[(800, 128), (128, 128)]",1.20559,matmul_linear_385,2.1761249,-44.59922773734172,1182
matmul,linear,"[(802, 128), (128, 128)]",1.20631,matmul_linear_386,2.218268,-45.61928495565009,1184
matmul,linear,"[(804, 128), (128, 128)]",1.20703,matmul_linear_387,2.2259910999999994,-45.775614287047226,1186
matmul,linear,"[(806, 128), (128, 128)]",1.20775,matmul_linear_388,2.1692769000000003,-44.3247655474504,1188
matmul,linear,"[(808, 128), (128, 128)]",1.2084700000000002,matmul_linear_389,2.2105624,-45.33201143745139,1190
matmul,linear,"[(810, 128), (128, 128)]",1.20919,matmul_linear_390,2.2610089,-46.51989207118999,1192
matmul,linear,"[(812, 128), (128, 128)]",1.20991,matmul_linear_391,2.1683034,-44.200152063590366,1194
matmul,linear,"[(814, 128), (128, 128)]",1.21063,matmul_linear_392,2.1827233,-44.53580075862112,1196
matmul,linear,"[(816, 128), (128, 128)]",1.21135,matmul_linear_393,2.1720001000000004,-44.228823930532975,1198
matmul,linear,"[(818, 128), (128, 128)]",1.2120700000000002,matmul_linear_394,2.1968483,-44.82686856438835,1200
matmul,linear,"[(820, 128), (128, 128)]",1.21279,matmul_linear_395,2.1981427,-44.82660293164769,1202
matmul,linear,"[(822, 128), (128, 128)]",1.21351,matmul_linear_396,2.2385895000000007,-45.7913118952805,1204
matmul,linear,"[(824, 128), (128, 128)]",1.21423,matmul_linear_397,2.1744463,-44.15911765675702,1206
matmul,linear,"[(826, 128), (128, 128)]",1.21495,matmul_linear_398,2.1660177,-43.90858394185791,1208
matmul,linear,"[(828, 128), (128, 128)]",1.21567,matmul_linear_399,2.1794464,-44.22115634502413,1210
matmul,linear,"[(830, 128), (128, 128)]",1.21639,matmul_linear_400,2.203026499999999,-44.78550303412144,1212
matmul,linear,"[(832, 128), (128, 128)]",1.21711,matmul_linear_401,2.2404554,-45.67577645151962,1214
matmul,linear,"[(834, 128), (128, 128)]",1.2178300000000002,matmul_linear_402,2.1811160000000003,-44.16482204522822,1216
matmul,linear,"[(836, 128), (128, 128)]",1.21855,matmul_linear_403,2.2104375,-44.872904119659566,1218
matmul,linear,"[(838, 128), (128, 128)]",1.21927,matmul_linear_404,2.2301518000000007,-45.32793686958889,1220
matmul,linear,"[(840, 128), (128, 128)]",1.21999,matmul_linear_405,2.2335892,-45.3798397664172,1222
matmul,linear,"[(842, 128), (128, 128)]",1.22071,matmul_linear_406,2.2217411,-45.05615438270463,1224
matmul,linear,"[(844, 128), (128, 128)]",1.22143,matmul_linear_407,2.2026875,-44.5481939675964,1226
matmul,linear,"[(846, 128), (128, 128)]",1.22215,matmul_linear_408,2.2231697,-45.026688695874185,1228
matmul,linear,"[(848, 128), (128, 128)]",1.22287,matmul_linear_409,2.2378569,-45.35530846498718,1230
matmul,linear,"[(850, 128), (128, 128)]",1.2235900000000002,matmul_linear_410,2.2450091,-45.49732560104098,1232
matmul,linear,"[(852, 128), (128, 128)]",1.22431,matmul_linear_411,2.2401606000000003,-45.34722198042409,1234
matmul,linear,"[(854, 128), (128, 128)]",1.22503,matmul_linear_412,2.2879908,-46.458263730780736,1236
matmul,linear,"[(856, 128), (128, 128)]",1.22575,matmul_linear_413,2.2491252,-45.50103302386189,1238
matmul,linear,"[(858, 128), (128, 128)]",1.22647,matmul_linear_414,2.2062677,-44.40973776663639,1240
matmul,linear,"[(860, 128), (128, 128)]",1.22719,matmul_linear_415,2.2882945,-46.37097628823563,1242
matmul,linear,"[(862, 128), (128, 128)]",1.22791,matmul_linear_416,2.2099911000000003,-44.43823778294854,1244
matmul,linear,"[(864, 128), (128, 128)]",1.22863,matmul_linear_417,2.2335447,-44.99192248088878,1246
matmul,linear,"[(866, 128), (128, 128)]",1.2293500000000002,matmul_linear_418,2.2388215,-45.08941422976328,1248
matmul,linear,"[(868, 128), (128, 128)]",1.23007,matmul_linear_419,2.2713037,-45.84299757007396,1250
matmul,linear,"[(870, 128), (128, 128)]",1.23079,matmul_linear_420,2.2532679,-45.37755586009102,1252
matmul,linear,"[(872, 128), (128, 128)]",1.23151,matmul_linear_421,2.3514469,-47.6275649686157,1254
matmul,linear,"[(874, 128), (128, 128)]",1.23223,matmul_linear_422,2.2497056,-45.2270554867268,1256
matmul,linear,"[(876, 128), (128, 128)]",1.23295,matmul_linear_423,2.2694197,-45.671133462003525,1258
matmul,linear,"[(878, 128), (128, 128)]",1.23367,matmul_linear_424,2.2426964000000003,-44.99166271457876,1260
matmul,linear,"[(880, 128), (128, 128)]",1.23439,matmul_linear_425,2.2714554,-45.656428032881465,1262
matmul,linear,"[(882, 128), (128, 128)]",1.2351100000000002,matmul_linear_426,2.2394107,-44.84665095152041,1264
matmul,linear,"[(884, 128), (128, 128)]",1.23583,matmul_linear_427,2.3369822000000005,-47.11855314944206,1266
matmul,linear,"[(886, 128), (128, 128)]",1.23655,matmul_linear_428,2.2591431,-45.26464481156594,1268
matmul,linear,"[(888, 128), (128, 128)]",1.23727,matmul_linear_429,2.2513925,-45.0442337353438,1270
matmul,linear,"[(890, 128), (128, 128)]",1.23799,matmul_linear_430,2.237875,-44.68010947885829,1272
matmul,linear,"[(892, 128), (128, 128)]",1.2387100000000002,matmul_linear_431,2.2451425000000005,-44.827110083212986,1274
matmul,linear,"[(894, 128), (128, 128)]",1.23943,matmul_linear_432,2.2812856,-45.66966976866026,1276
matmul,linear,"[(896, 128), (128, 128)]",1.24015,matmul_linear_433,2.2627411000000004,-45.19258080387545,1278
matmul,linear,"[(898, 128), (128, 128)]",1.24087,matmul_linear_434,2.2962856,-45.9618611900889,1280
matmul,linear,"[(900, 128), (128, 128)]",1.24159,matmul_linear_435,2.3045358,-46.12407409769898,1282
matmul,linear,"[(902, 128), (128, 128)]",1.24231,matmul_linear_436,2.3705982,-47.59508380627303,1284
matmul,linear,"[(904, 128), (128, 128)]",1.24303,matmul_linear_437,2.2725625000000003,-45.3027144467974,1286
matmul,linear,"[(906, 128), (128, 128)]",1.24375,matmul_linear_438,2.2694106999999994,-45.19502353628629,1288
matmul,linear,"[(908, 128), (128, 128)]",1.2444700000000002,matmul_linear_439,2.2795537,-45.40729617380806,1290
matmul,linear,"[(910, 128), (128, 128)]",1.24519,matmul_linear_440,2.2725802,-45.20809430619874,1292
matmul,linear,"[(912, 128), (128, 128)]",1.24591,matmul_linear_441,2.3284464,-46.49178954688412,1294
matmul,linear,"[(914, 128), (128, 128)]",1.24663,matmul_linear_442,2.3097234,-46.0268705767972,1296
matmul,linear,"[(916, 128), (128, 128)]",1.24735,matmul_linear_443,2.3099822,-46.001748411741005,1298
matmul,linear,"[(918, 128), (128, 128)]",1.24807,matmul_linear_444,2.4167052,-48.356547583875766,1300
matmul,linear,"[(920, 128), (128, 128)]",1.24879,matmul_linear_445,2.3681607,-47.267514404744574,1302
matmul,linear,"[(922, 128), (128, 128)]",1.24951,matmul_linear_446,2.3106697,-45.92433526955409,1304
matmul,linear,"[(924, 128), (128, 128)]",1.2502300000000002,matmul_linear_447,2.3178482,-46.06074720510169,1306
matmul,linear,"[(926, 128), (128, 128)]",1.25095,matmul_linear_448,2.3186874000000004,-46.04921732873522,1308
matmul,linear,"[(928, 128), (128, 128)]",1.25167,matmul_linear_449,2.3501161999999995,-46.74008034155927,1310
matmul,linear,"[(930, 128), (128, 128)]",1.25239,matmul_linear_450,2.3215983,-46.05483644608113,1312
matmul,linear,"[(932, 128), (128, 128)]",1.25311,matmul_linear_451,2.4075446,-47.9507046307678,1314
matmul,linear,"[(934, 128), (128, 128)]",1.25383,matmul_linear_452,2.3399911,-46.417317570139474,1316
matmul,linear,"[(936, 128), (128, 128)]",1.25455,matmul_linear_453,2.4664198,-49.13477421807918,1318
matmul,linear,"[(938, 128), (128, 128)]",1.25527,matmul_linear_454,2.3292948000000004,-46.109440505340935,1320
matmul,linear,"[(940, 128), (128, 128)]",1.2559900000000002,matmul_linear_455,2.3377144,-46.27273545476726,1322
matmul,linear,"[(942, 128), (128, 128)]",1.25671,matmul_linear_456,2.3404556,-46.3048989265167,1324
matmul,linear,"[(944, 128), (128, 128)]",1.25743,matmul_linear_457,2.3105624,-45.57905036453463,1326
matmul,linear,"[(946, 128), (128, 128)]",1.25815,matmul_linear_458,2.3941518,-47.4490297565927,1328
matmul,linear,"[(948, 128), (128, 128)]",1.25887,matmul_linear_459,2.3664465,-46.80336107323787,1330
matmul,linear,"[(950, 128), (128, 128)]",1.2595900000000002,matmul_linear_460,2.3731341,-46.922931999502254,1332
matmul,linear,"[(952, 128), (128, 128)]",1.26031,matmul_linear_461,2.38,-47.04579831932772,1334
matmul,linear,"[(954, 128), (128, 128)]",1.26103,matmul_linear_462,2.4012503,-47.48444175103278,1336
matmul,linear,"[(956, 128), (128, 128)]",1.26175,matmul_linear_463,2.3664195999999995,-46.68105352068584,1338
matmul,linear,"[(958, 128), (128, 128)]",1.26247,matmul_linear_464,2.3174199,-45.52260468635831,1340
matmul,linear,"[(960, 128), (128, 128)]",1.26319,matmul_linear_465,2.3406965,-46.03358444804783,1342
matmul,linear,"[(962, 128), (128, 128)]",1.26391,matmul_linear_466,2.3982678,-47.29904642008703,1344
matmul,linear,"[(964, 128), (128, 128)]",1.26463,matmul_linear_467,2.3975625,-47.25351268215113,1346
matmul,linear,"[(966, 128), (128, 128)]",1.2653500000000002,matmul_linear_468,2.3802856,-46.84041276391369,1348
matmul,linear,"[(968, 128), (128, 128)]",1.26607,matmul_linear_469,2.4037232,-47.32879393101502,1350
matmul,linear,"[(970, 128), (128, 128)]",1.26679,matmul_linear_470,2.4095806,-47.42695056558805,1352
matmul,linear,"[(972, 128), (128, 128)]",1.26751,matmul_linear_471,2.3851697,-46.85870778921936,1354
matmul,linear,"[(974, 128), (128, 128)]",1.26823,matmul_linear_472,2.4097321,-47.37049815620583,1356
matmul,linear,"[(976, 128), (128, 128)]",1.26895,matmul_linear_473,2.3804198,-46.69217589267237,1358
matmul,linear,"[(978, 128), (128, 128)]",1.26967,matmul_linear_474,2.5342769,-49.900107600712445,1360
matmul,linear,"[(980, 128), (128, 128)]",1.27039,matmul_linear_475,2.420009,-47.50474068484869,1362
matmul,linear,"[(982, 128), (128, 128)]",1.2711100000000002,matmul_linear_476,2.3875893,-46.761781852515405,1364
matmul,linear,"[(984, 128), (128, 128)]",1.27183,matmul_linear_477,2.4114282000000005,-47.25822647342352,1366
matmul,linear,"[(986, 128), (128, 128)]",1.27255,matmul_linear_478,2.5239465,-49.580943970088114,1368
matmul,linear,"[(988, 128), (128, 128)]",1.27327,matmul_linear_479,2.4145626,-47.267053668436674,1370
matmul,linear,"[(990, 128), (128, 128)]",1.27399,matmul_linear_480,2.385393,-46.59202907026221,1372
matmul,linear,"[(992, 128), (128, 128)]",1.27471,matmul_linear_481,2.3730001,-46.28276669689141,1374
matmul,linear,"[(994, 128), (128, 128)]",1.27543,matmul_linear_482,2.4453124,-47.84183812260552,1376
matmul,linear,"[(996, 128), (128, 128)]",1.27615,matmul_linear_483,2.4417498,-47.73625045448964,1378
matmul,linear,"[(998, 128), (128, 128)]",1.2768700000000002,matmul_linear_484,2.4975801,-48.87571373586776,1380
matmul,linear,"[(1000, 128), (128, 128)]",1.27759,matmul_linear_485,2.4257322,-47.33177883362393,1382
matmul,linear,"[(1002, 128), (128, 128)]",1.27831,matmul_linear_486,2.4208571,-47.19597451662885,1384
matmul,linear,"[(1004, 128), (128, 128)]",1.27903,matmul_linear_487,2.378741,-46.230800242649366,1386
matmul,linear,"[(1006, 128), (128, 128)]",1.27975,matmul_linear_488,2.4012858,-46.70563578895939,1388
matmul,linear,"[(1008, 128), (128, 128)]",1.2804700000000002,matmul_linear_489,2.4348661,-47.4110711878571,1390
matmul,linear,"[(1010, 128), (128, 128)]",1.28119,matmul_linear_490,2.4294375,-47.26392426230352,1392
matmul,linear,"[(1012, 128), (128, 128)]",1.28191,matmul_linear_491,2.5495894,-49.72092369069309,1394
matmul,linear,"[(1014, 128), (128, 128)]",1.2826300000000002,matmul_linear_492,2.4677230000000003,-48.02374496651367,1396
matmul,linear,"[(1016, 128), (128, 128)]",1.28335,matmul_linear_493,2.4487232,-47.59105479949714,1398
matmul,linear,"[(1018, 128), (128, 128)]",1.28407,matmul_linear_494,2.3997052999999995,-46.4905128142193,1400
matmul,linear,"[(1020, 128), (128, 128)]",1.28479,matmul_linear_495,2.4725803,-48.03849242024616,1402
matmul,linear,"[(1022, 128), (128, 128)]",1.28551,matmul_linear_496,2.4758749,-48.0785559884306,1404
matmul,linear,"[(1024, 128), (128, 128)]",30.00613862,matmul_linear_497,2.4505625,1124.459225994032,1406
matmul,linear,"[(32, 128), (128, 1024)]",30.00613862,matmul_linear_498,1.7058394,1659.0248308252233,1406
matmul,linear,"[(34, 128), (128, 1024)]",30.00613862,matmul_linear_499,1.7608305000000002,1604.090122246292,1406
matmul,linear,"[(36, 128), (128, 1024)]",30.00613862,matmul_linear_500,1.7579820000000002,1606.8512999564273,1406
matmul,linear,"[(38, 128), (128, 1024)]",30.00613862,matmul_linear_501,1.7679912000000002,1597.1882337423397,1406
matmul,linear,"[(40, 128), (128, 1024)]",30.00613862,matmul_linear_502,1.7640000999999998,1601.0281700097412,1406
matmul,linear,"[(42, 128), (128, 1024)]",30.00613862,matmul_linear_503,1.8442946,1526.971017537003,1406
matmul,linear,"[(44, 128), (128, 1024)]",30.00613862,matmul_linear_504,1.8309912,1538.7920717478055,1406
matmul,linear,"[(46, 128), (128, 1024)]",30.00613862,matmul_linear_505,1.8197323000000003,1548.931473052382,1406
matmul,linear,"[(48, 128), (128, 1024)]",30.00613862,matmul_linear_506,1.8314466000000005,1538.3845764326406,1406
matmul,linear,"[(50, 128), (128, 1024)]",30.00613862,matmul_linear_507,1.8630267,1510.6123771602415,1406
matmul,linear,"[(52, 128), (128, 1024)]",30.00613862,matmul_linear_508,1.8344198,1535.7291073722604,1406
matmul,linear,"[(54, 128), (128, 1024)]",30.00613862,matmul_linear_509,1.8692944,1505.212031876841,1406
matmul,linear,"[(56, 128), (128, 1024)]",30.00613862,matmul_linear_510,1.9188572000000004,1463.7504771068943,1406
matmul,linear,"[(58, 128), (128, 1024)]",30.00613862,matmul_linear_511,2.022143,1383.8781737987867,1406
matmul,linear,"[(60, 128), (128, 1024)]",30.00613862,matmul_linear_512,1.9034288,1476.4255862893324,1406
matmul,linear,"[(62, 128), (128, 1024)]",30.00613862,matmul_linear_513,1.9388573,1447.619756234768,1406
matmul,linear,"[(64, 128), (128, 1024)]",30.00613862,matmul_linear_514,1.9069912,1473.4807071999078,1406
matmul,linear,"[(66, 128), (128, 1024)]",30.00613862,matmul_linear_515,1.9528482000000005,1436.5320571255868,1406
matmul,linear,"[(68, 128), (128, 1024)]",30.00613862,matmul_linear_516,1.9648929,1427.1131887137465,1406
matmul,linear,"[(70, 128), (128, 1024)]",30.00613862,matmul_linear_517,1.9922858,1406.1161716858096,1406
matmul,linear,"[(72, 128), (128, 1024)]",30.00613862,matmul_linear_518,1.968277,1424.4875909234322,1406
matmul,linear,"[(74, 128), (128, 1024)]",30.00613862,matmul_linear_519,2.0983925999999995,1329.9582747289523,1406
matmul,linear,"[(76, 128), (128, 1024)]",30.00613862,matmul_linear_520,2.0468481,1365.9680227370072,1406
matmul,linear,"[(78, 128), (128, 1024)]",30.00613862,matmul_linear_521,2.0414464,1369.8469976973192,1406
matmul,linear,"[(80, 128), (128, 1024)]",30.00613862,matmul_linear_522,2.0444018,1367.7221777049892,1406
matmul,linear,"[(82, 128), (128, 1024)]",30.00613862,matmul_linear_523,2.163161,1287.143103079244,1406
matmul,linear,"[(84, 128), (128, 1024)]",30.00613862,matmul_linear_524,2.0832945,1340.3215013527852,1406
matmul,linear,"[(86, 128), (128, 1024)]",30.00613862,matmul_linear_525,2.1030091000000004,1326.8192477150951,1406
matmul,linear,"[(88, 128), (128, 1024)]",30.00613862,matmul_linear_526,2.0908304,1335.1302056828715,1406
matmul,linear,"[(90, 128), (128, 1024)]",30.00613862,matmul_linear_527,2.2292857,1245.9978960973913,1406
matmul,linear,"[(92, 128), (128, 1024)]",30.00613862,matmul_linear_528,2.1832948,1274.351215419924,1406
matmul,linear,"[(94, 128), (128, 1024)]",30.00613862,matmul_linear_529,2.1402945000000004,1301.9630765766112,1406
matmul,linear,"[(96, 128), (128, 1024)]",30.00613862,matmul_linear_530,2.1712857,1281.9525739979777,1406
matmul,linear,"[(98, 128), (128, 1024)]",30.00613862,matmul_linear_531,2.2155715,1254.3295091131113,1406
matmul,linear,"[(100, 128), (128, 1024)]",30.00613862,matmul_linear_532,2.189152,1270.674061006271,1406
matmul,linear,"[(102, 128), (128, 1024)]",30.00613862,matmul_linear_533,2.2801429000000004,1215.9762320159844,1406
matmul,linear,"[(104, 128), (128, 1024)]",30.00613862,matmul_linear_534,2.2355714,1242.2133875929885,1406
matmul,linear,"[(106, 128), (128, 1024)]",30.00613862,matmul_linear_535,2.3671429,1167.6099368567905,1406
matmul,linear,"[(108, 128), (128, 1024)]",30.00613862,matmul_linear_536,2.3005805,1204.285532281961,1406
matmul,linear,"[(110, 128), (128, 1024)]",30.00613862,matmul_linear_537,2.2559821,1230.0698892956643,1406
matmul,linear,"[(112, 128), (128, 1024)]",30.00613862,matmul_linear_538,2.2650177,1224.7639795485925,1406
matmul,linear,"[(114, 128), (128, 1024)]",30.00613862,matmul_linear_539,2.3741785,1163.853523229193,1406
matmul,linear,"[(116, 128), (128, 1024)]",30.00613862,matmul_linear_540,2.4548572,1122.317070825953,1406
matmul,linear,"[(118, 128), (128, 1024)]",30.00613862,matmul_linear_541,2.3263124,1189.8585168526806,1406
matmul,linear,"[(120, 128), (128, 1024)]",30.00613862,matmul_linear_542,2.3115805,1198.0788953705055,1406
matmul,linear,"[(122, 128), (128, 1024)]",30.00613862,matmul_linear_543,2.4769822,1111.3990411396576,1406
matmul,linear,"[(124, 128), (128, 1024)]",30.00613862,matmul_linear_544,2.4075267,1146.3470756108336,1406
matmul,linear,"[(126, 128), (128, 1024)]",30.00613862,matmul_linear_545,2.391902,1154.4886295508763,1406
matmul,linear,"[(128, 128), (128, 1024)]",30.00613862,matmul_linear_546,2.3894287,1155.7871519664932,1406
matmul,linear,"[(130, 128), (128, 1024)]",30.29053024,matmul_linear_547,2.4928395,1115.101503325826,2812
matmul,linear,"[(132, 128), (128, 1024)]",30.29053024,matmul_linear_548,2.4565801,1133.0365388859088,2812
matmul,linear,"[(134, 128), (128, 1024)]",30.29053024,matmul_linear_549,2.4823304,1120.245711046362,2812
matmul,linear,"[(136, 128), (128, 1024)]",30.29053024,matmul_linear_550,2.4644465,1129.100742905151,2812
matmul,linear,"[(138, 128), (128, 1024)]",30.29053024,matmul_linear_551,2.5099998999999995,1106.794081545581,2812
matmul,linear,"[(140, 128), (128, 1024)]",30.29053024,matmul_linear_552,2.6094375,1060.8068880745373,2812
matmul,linear,"[(142, 128), (128, 1024)]",30.29053024,matmul_linear_553,2.5741339,1076.727063032735,2812
matmul,linear,"[(144, 128), (128, 1024)]",30.29053024,matmul_linear_554,2.5429823,1091.1420004771564,2812
matmul,linear,"[(146, 128), (128, 1024)]",30.29053024,matmul_linear_555,2.5805626,1073.7955994557155,2812
matmul,linear,"[(148, 128), (128, 1024)]",30.29053024,matmul_linear_556,2.6301609,1051.6607307180334,2812
matmul,linear,"[(150, 128), (128, 1024)]",30.29053024,matmul_linear_557,2.7680089000000003,994.3075450371564,2812
matmul,linear,"[(152, 128), (128, 1024)]",30.29053024,matmul_linear_558,2.6050088,1062.780342239151,2812
matmul,linear,"[(154, 128), (128, 1024)]",30.29053024,matmul_linear_559,2.6728573,1033.264025730068,2812
matmul,linear,"[(156, 128), (128, 1024)]",30.29053024,matmul_linear_560,2.6739911000000003,1032.7835100124305,2812
matmul,linear,"[(158, 128), (128, 1024)]",30.29053024,matmul_linear_561,2.6522945,1042.0500340365672,2812
matmul,linear,"[(160, 128), (128, 1024)]",30.29053024,matmul_linear_562,2.6538394000000003,1041.3852036411847,2812
matmul,linear,"[(162, 128), (128, 1024)]",30.29053024,matmul_linear_563,2.7208839,1013.260666506204,2812
matmul,linear,"[(164, 128), (128, 1024)]",30.29053024,matmul_linear_564,2.7211249,1013.1620691134024,2812
matmul,linear,"[(166, 128), (128, 1024)]",30.29053024,matmul_linear_565,2.727857,1010.4148875839168,2812
matmul,linear,"[(168, 128), (128, 1024)]",30.29053024,matmul_linear_566,2.7597232,997.593057158776,2812
matmul,linear,"[(170, 128), (128, 1024)]",30.29053024,matmul_linear_567,2.898,945.2218854382332,2812
matmul,linear,"[(172, 128), (128, 1024)]",30.29053024,matmul_linear_568,2.8021517,980.9739615453368,2812
matmul,linear,"[(174, 128), (128, 1024)]",30.29053024,matmul_linear_569,2.8061517,979.4330983602916,2812
matmul,linear,"[(176, 128), (128, 1024)]",30.29053024,matmul_linear_570,2.7962769,983.2450191180995,2812
matmul,linear,"[(178, 128), (128, 1024)]",30.29053024,matmul_linear_571,2.8595892,959.2615974350442,2812
matmul,linear,"[(180, 128), (128, 1024)]",30.29053024,matmul_linear_572,2.8201428,974.0778885381264,2812
matmul,linear,"[(182, 128), (128, 1024)]",30.29053024,matmul_linear_573,2.8441248,965.0211355001018,2812
matmul,linear,"[(184, 128), (128, 1024)]",30.29053024,matmul_linear_574,2.9297321,933.901025967528,2812
matmul,linear,"[(186, 128), (128, 1024)]",30.29053024,matmul_linear_575,2.9261336,935.1724965668006,2812
matmul,linear,"[(188, 128), (128, 1024)]",30.29053024,matmul_linear_576,2.926268,935.124952328358,2812
matmul,linear,"[(190, 128), (128, 1024)]",30.29053024,matmul_linear_577,2.9468482000000003,927.8958461450438,2812
matmul,linear,"[(192, 128), (128, 1024)]",30.29053024,matmul_linear_578,2.9619912,922.6407911002572,2812
matmul,linear,"[(194, 128), (128, 1024)]",30.29053024,matmul_linear_579,3.0177142,903.757421428444,2812
matmul,linear,"[(196, 128), (128, 1024)]",30.29053024,matmul_linear_580,3.0422859,895.6503509417047,2812
matmul,linear,"[(198, 128), (128, 1024)]",30.29053024,matmul_linear_581,3.0435625,895.2327326940058,2812
matmul,linear,"[(200, 128), (128, 1024)]",30.29053024,matmul_linear_582,3.0072679,907.244158061209,2812
matmul,linear,"[(202, 128), (128, 1024)]",30.29053024,matmul_linear_583,2.8887232000000003,948.5784944711904,2812
matmul,linear,"[(204, 128), (128, 1024)]",30.29053024,matmul_linear_584,2.9467588000000005,927.927030878808,2812
matmul,linear,"[(206, 128), (128, 1024)]",30.29053024,matmul_linear_585,2.9373037,931.2358997811496,2812
matmul,linear,"[(208, 128), (128, 1024)]",30.29053024,matmul_linear_586,2.9133125,939.7281527470876,2812
matmul,linear,"[(210, 128), (128, 1024)]",30.29053024,matmul_linear_587,3.1217231,870.3144471718199,2812
matmul,linear,"[(212, 128), (128, 1024)]",30.29053024,matmul_linear_588,3.0875717,881.0470228108386,2812
matmul,linear,"[(214, 128), (128, 1024)]",30.29053024,matmul_linear_589,3.1238303,869.6599152649235,2812
matmul,linear,"[(216, 128), (128, 1024)]",30.29053024,matmul_linear_590,3.1102768,873.8853545124986,2812
matmul,linear,"[(218, 128), (128, 1024)]",30.29053024,matmul_linear_591,3.0444196,894.9525433353535,2812
matmul,linear,"[(220, 128), (128, 1024)]",30.29053024,matmul_linear_592,3.027554,900.495127089393,2812
matmul,linear,"[(222, 128), (128, 1024)]",30.29053024,matmul_linear_593,3.0465449,894.2584545528938,2812
matmul,linear,"[(224, 128), (128, 1024)]",30.29053024,matmul_linear_594,3.0267144,900.7726609421754,2812
matmul,linear,"[(226, 128), (128, 1024)]",30.29053024,matmul_linear_595,3.291741,820.1978600381988,2812
matmul,linear,"[(228, 128), (128, 1024)]",30.29053024,matmul_linear_596,3.2978570000000005,818.491318453165,2812
matmul,linear,"[(230, 128), (128, 1024)]",30.29053024,matmul_linear_597,3.2682679,826.8068336748036,2812
matmul,linear,"[(232, 128), (128, 1024)]",30.29053024,matmul_linear_598,3.2347411,836.4128164692994,2812
matmul,linear,"[(234, 128), (128, 1024)]",30.29053024,matmul_linear_599,3.1623037,857.862783387946,2812
matmul,linear,"[(236, 128), (128, 1024)]",30.29053024,matmul_linear_600,3.1262678,868.9038872485588,2812
matmul,linear,"[(238, 128), (128, 1024)]",30.29053024,matmul_linear_601,3.1495801,861.7323350499959,2812
matmul,linear,"[(240, 128), (128, 1024)]",30.29053024,matmul_linear_602,3.1214017000000003,870.4143571139848,2812
matmul,linear,"[(242, 128), (128, 1024)]",30.29053024,matmul_linear_603,3.403116,790.0822140649922,2812
matmul,linear,"[(244, 128), (128, 1024)]",30.29053024,matmul_linear_604,3.4555982,776.5640125637292,2812
matmul,linear,"[(246, 128), (128, 1024)]",30.29053024,matmul_linear_605,3.3429909,806.0907177461954,2812
matmul,linear,"[(248, 128), (128, 1024)]",30.29053024,matmul_linear_606,3.464125,774.4063866055641,2812
matmul,linear,"[(250, 128), (128, 1024)]",30.29053024,matmul_linear_607,3.2991337,818.135880337314,2812
matmul,linear,"[(252, 128), (128, 1024)]",30.29053024,matmul_linear_608,3.2571518,829.9698663108056,2812
matmul,linear,"[(254, 128), (128, 1024)]",30.29053024,matmul_linear_609,3.2947144,819.3674037421877,2812
matmul,linear,"[(256, 128), (128, 1024)]",30.29053024,matmul_linear_610,3.2628571,828.3437586034643,2812
matmul,linear,"[(258, 128), (128, 1024)]",30.57492186,matmul_linear_611,3.5113213,770.7526098508844,4218
matmul,linear,"[(260, 128), (128, 1024)]",30.57492186,matmul_linear_612,3.501848,773.108194873107,4218
matmul,linear,"[(262, 128), (128, 1024)]",30.57492186,matmul_linear_613,3.5609642,758.6135704481387,4218
matmul,linear,"[(264, 128), (128, 1024)]",30.57492186,matmul_linear_614,3.5591515,759.0508681633811,4218
matmul,linear,"[(266, 128), (128, 1024)]",30.57492186,matmul_linear_615,3.400991,799.0003754787944,4218
matmul,linear,"[(268, 128), (128, 1024)]",30.57492186,matmul_linear_616,3.3914643999999994,801.5256613043028,4218
matmul,linear,"[(270, 128), (128, 1024)]",30.57492186,matmul_linear_617,3.4048752,797.9748174029991,4218
matmul,linear,"[(272, 128), (128, 1024)]",30.57492186,matmul_linear_618,3.4183034,794.4472822394875,4218
matmul,linear,"[(274, 128), (128, 1024)]",30.57492186,matmul_linear_619,3.6932767,727.8535388372067,4218
matmul,linear,"[(276, 128), (128, 1024)]",30.57492186,matmul_linear_620,3.6578482,735.871807364778,4218
matmul,linear,"[(278, 128), (128, 1024)]",30.57492186,matmul_linear_621,3.6381697,740.3929552818826,4218
matmul,linear,"[(280, 128), (128, 1024)]",30.57492186,matmul_linear_622,3.6194197,744.7465172386611,4218
matmul,linear,"[(282, 128), (128, 1024)]",30.57492186,matmul_linear_623,3.4949733000000003,774.8256205562428,4218
matmul,linear,"[(284, 128), (128, 1024)]",30.57492186,matmul_linear_624,3.5104464,770.9696254014874,4218
matmul,linear,"[(286, 128), (128, 1024)]",30.57492186,matmul_linear_625,3.5202947,768.5330196929251,4218
matmul,linear,"[(288, 128), (128, 1024)]",30.57492186,matmul_linear_626,3.5127052999999995,770.4095347822092,4218
matmul,linear,"[(290, 128), (128, 1024)]",30.57492186,matmul_linear_627,3.7725892,710.449276056879,4218
matmul,linear,"[(292, 128), (128, 1024)]",30.57492186,matmul_linear_628,3.809857500000001,702.5214029658589,4218
matmul,linear,"[(294, 128), (128, 1024)]",30.57492186,matmul_linear_629,3.788303500000001,707.087443231515,4218
matmul,linear,"[(296, 128), (128, 1024)]",30.57492186,matmul_linear_630,3.7767232000000006,709.5621585399745,4218
matmul,linear,"[(298, 128), (128, 1024)]",30.57492186,matmul_linear_631,3.668562300000001,733.4306292140656,4218
matmul,linear,"[(300, 128), (128, 1024)]",30.57492186,matmul_linear_632,3.6137053,746.082326082318,4218
matmul,linear,"[(302, 128), (128, 1024)]",30.57492186,matmul_linear_633,3.6009909,749.0696785709733,4218
matmul,linear,"[(304, 128), (128, 1024)]",30.57492186,matmul_linear_634,3.6385893,740.2960416554845,4218
matmul,linear,"[(306, 128), (128, 1024)]",30.57492186,matmul_linear_635,3.986866000000001,666.8911335369685,4218
matmul,linear,"[(308, 128), (128, 1024)]",30.57492186,matmul_linear_636,3.9131158,681.3446732141175,4218
matmul,linear,"[(310, 128), (128, 1024)]",30.57492186,matmul_linear_637,3.970866200000001,669.9811658222077,4218
matmul,linear,"[(312, 128), (128, 1024)]",30.57492186,matmul_linear_638,3.924732,679.0320934015367,4218
matmul,linear,"[(314, 128), (128, 1024)]",30.57492186,matmul_linear_639,3.7152768,722.9513844029066,4218
matmul,linear,"[(316, 128), (128, 1024)]",30.57492186,matmul_linear_640,3.7372588,718.1109068496942,4218
matmul,linear,"[(318, 128), (128, 1024)]",30.57492186,matmul_linear_641,3.7268484,720.3961787122867,4218
matmul,linear,"[(320, 128), (128, 1024)]",30.57492186,matmul_linear_642,3.7497322,715.3894792806805,4218
matmul,linear,"[(322, 128), (128, 1024)]",30.57492186,matmul_linear_643,4.0515983,654.6385301820271,4218
matmul,linear,"[(324, 128), (128, 1024)]",30.57492186,matmul_linear_644,4.1063035,644.5850473546342,4218
matmul,linear,"[(326, 128), (128, 1024)]",30.57492186,matmul_linear_645,4.0538395,654.22132178642,4218
matmul,linear,"[(328, 128), (128, 1024)]",30.57492186,matmul_linear_646,4.042125100000001,656.4071151583111,4218
matmul,linear,"[(330, 128), (128, 1024)]",30.57492186,matmul_linear_647,3.866687700000001,690.7264364794703,4218
matmul,linear,"[(332, 128), (128, 1024)]",30.57492186,matmul_linear_648,3.823848200000001,699.5851367739963,4218
matmul,linear,"[(334, 128), (128, 1024)]",30.57492186,matmul_linear_649,3.8461518,694.9483912725442,4218
matmul,linear,"[(336, 128), (128, 1024)]",30.57492186,matmul_linear_650,3.8517056,693.8021498839372,4218
matmul,linear,"[(338, 128), (128, 1024)]",30.57492186,matmul_linear_651,4.1354374,639.3394918757566,4218
matmul,linear,"[(340, 128), (128, 1024)]",30.57492186,matmul_linear_652,4.1202678,642.0615198847026,4218
matmul,linear,"[(342, 128), (128, 1024)]",30.57492186,matmul_linear_653,4.202973300000001,627.4593407481317,4218
matmul,linear,"[(344, 128), (128, 1024)]",30.57492186,matmul_linear_654,4.1531429,636.1875715858465,4218
matmul,linear,"[(346, 128), (128, 1024)]",30.57492186,matmul_linear_655,3.9552765,673.0160422412946,4218
matmul,linear,"[(348, 128), (128, 1024)]",30.57492186,matmul_linear_656,3.9698927,670.1699811685086,4218
matmul,linear,"[(350, 128), (128, 1024)]",30.57492186,matmul_linear_657,3.969116000000001,670.3206925673121,4218
matmul,linear,"[(352, 128), (128, 1024)]",30.57492186,matmul_linear_658,3.967991,670.539092956612,4218
matmul,linear,"[(354, 128), (128, 1024)]",30.57492186,matmul_linear_659,4.2729557,615.5450233195725,4218
matmul,linear,"[(356, 128), (128, 1024)]",30.57492186,matmul_linear_660,4.325580199999999,606.8397867180917,4218
matmul,linear,"[(358, 128), (128, 1024)]",30.57492186,matmul_linear_661,4.252008999999999,619.0700174905558,4218
matmul,linear,"[(360, 128), (128, 1024)]",30.57492186,matmul_linear_662,4.3364466,605.06856604668,4218
matmul,linear,"[(362, 128), (128, 1024)]",30.57492186,matmul_linear_663,4.073866000000001,650.5136855262298,4218
matmul,linear,"[(364, 128), (128, 1024)]",30.57492186,matmul_linear_664,4.1197053000000015,642.1628401429584,4218
matmul,linear,"[(366, 128), (128, 1024)]",30.57492186,matmul_linear_665,4.1015894,645.4408249640982,4218
matmul,linear,"[(368, 128), (128, 1024)]",30.57492186,matmul_linear_666,4.093142899999999,646.9790966740986,4218
matmul,linear,"[(370, 128), (128, 1024)]",30.57492186,matmul_linear_667,4.4591965,585.6598909691465,4218
matmul,linear,"[(372, 128), (128, 1024)]",30.57492186,matmul_linear_668,4.423276899999999,591.2278510079259,4218
matmul,linear,"[(374, 128), (128, 1024)]",30.57492186,matmul_linear_669,4.415580199999999,592.4327149578215,4218
matmul,linear,"[(376, 128), (128, 1024)]",30.57492186,matmul_linear_670,4.4421161,588.2963248078996,4218
matmul,linear,"[(378, 128), (128, 1024)]",30.57492186,matmul_linear_671,4.253455300000001,618.8255125191981,4218
matmul,linear,"[(380, 128), (128, 1024)]",30.57492186,matmul_linear_672,4.217285499999999,624.9905622941583,4218
matmul,linear,"[(382, 128), (128, 1024)]",30.57492186,matmul_linear_673,4.1964376,628.5923150626617,4218
matmul,linear,"[(384, 128), (128, 1024)]",30.57492186,matmul_linear_674,4.217571399999999,624.9414167594176,4218
matmul,linear,"[(386, 128), (128, 1024)]",30.85931348,matmul_linear_675,4.5196786,582.7767239909493,5624
matmul,linear,"[(388, 128), (128, 1024)]",30.85931348,matmul_linear_676,4.525277,581.9320337738442,5624
matmul,linear,"[(390, 128), (128, 1024)]",30.85931348,matmul_linear_677,4.582116,573.4729867161809,5624
matmul,linear,"[(392, 128), (128, 1024)]",30.85931348,matmul_linear_678,4.554437500000001,577.5658570350344,5624
matmul,linear,"[(394, 128), (128, 1024)]",30.85931348,matmul_linear_679,4.3084106,616.2574866935848,5624
matmul,linear,"[(396, 128), (128, 1024)]",30.85931348,matmul_linear_680,4.3289912,612.8523033264655,5624
matmul,linear,"[(398, 128), (128, 1024)]",30.85931348,matmul_linear_681,4.3051698,616.7966633975739,5624
matmul,linear,"[(400, 128), (128, 1024)]",30.85931348,matmul_linear_682,4.3588572,607.9679848195073,5624
matmul,linear,"[(402, 128), (128, 1024)]",30.85931348,matmul_linear_683,4.4240178,597.5404457007385,5624
matmul,linear,"[(404, 128), (128, 1024)]",30.85931348,matmul_linear_684,4.419018,598.3296623820045,5624
matmul,linear,"[(406, 128), (128, 1024)]",30.85931348,matmul_linear_685,4.4594554,591.9973564485026,5624
matmul,linear,"[(408, 128), (128, 1024)]",30.85931348,matmul_linear_686,4.4664197,590.9183541349686,5624
matmul,linear,"[(410, 128), (128, 1024)]",30.85931348,matmul_linear_687,4.4614553,591.6871604653306,5624
matmul,linear,"[(412, 128), (128, 1024)]",30.85931348,matmul_linear_688,4.4514196,593.246565208097,5624
matmul,linear,"[(414, 128), (128, 1024)]",30.85931348,matmul_linear_689,4.4644374,591.2251357808266,5624
matmul,linear,"[(416, 128), (128, 1024)]",30.85931348,matmul_linear_690,4.436723199999999,595.5429060798746,5624
matmul,linear,"[(418, 128), (128, 1024)]",30.85931348,matmul_linear_691,4.5532679,577.7399036854389,5624
matmul,linear,"[(420, 128), (128, 1024)]",30.85931348,matmul_linear_692,4.562009199999999,576.4412811793542,5624
matmul,linear,"[(422, 128), (128, 1024)]",30.85931348,matmul_linear_693,4.5959821,571.4411154908546,5624
matmul,linear,"[(424, 128), (128, 1024)]",30.85931348,matmul_linear_694,4.597133800000001,571.2729022592293,5624
matmul,linear,"[(426, 128), (128, 1024)]",30.85931348,matmul_linear_695,4.5369823,580.1726663117024,5624
matmul,linear,"[(428, 128), (128, 1024)]",30.85931348,matmul_linear_696,4.561580299999999,576.5048831870834,5624
matmul,linear,"[(430, 128), (128, 1024)]",30.85931348,matmul_linear_697,4.5711518,575.0883547555783,5624
matmul,linear,"[(432, 128), (128, 1024)]",30.85931348,matmul_linear_698,4.5555982,577.3932231336819,5624
matmul,linear,"[(434, 128), (128, 1024)]",30.85931348,matmul_linear_699,4.6700091,560.7977162185831,5624
matmul,linear,"[(436, 128), (128, 1024)]",30.85931348,matmul_linear_700,4.6831519,558.9432531539284,5624
matmul,linear,"[(438, 128), (128, 1024)]",30.85931348,matmul_linear_701,4.6674376,561.1617792169307,5624
matmul,linear,"[(440, 128), (128, 1024)]",30.85931348,matmul_linear_702,4.661571699999999,561.9937537376077,5624
matmul,linear,"[(442, 128), (128, 1024)]",30.85931348,matmul_linear_703,4.699991,556.582395157778,5624
matmul,linear,"[(444, 128), (128, 1024)]",30.85931348,matmul_linear_704,4.7158659,554.3721584619275,5624
matmul,linear,"[(446, 128), (128, 1024)]",30.85931348,matmul_linear_705,4.6887233,558.1602603847406,5624
matmul,linear,"[(448, 128), (128, 1024)]",30.85931348,matmul_linear_706,4.6812945,559.2047024599714,5624
matmul,linear,"[(450, 128), (128, 1024)]",30.85931348,matmul_linear_707,4.771285600000001,546.7714588286225,5624
matmul,linear,"[(452, 128), (128, 1024)]",30.85931348,matmul_linear_708,4.769312599999999,547.0390194175992,5624
matmul,linear,"[(454, 128), (128, 1024)]",30.85931348,matmul_linear_709,4.8154285,540.8425227370732,5624
matmul,linear,"[(456, 128), (128, 1024)]",30.85931348,matmul_linear_710,4.8078571,541.8517197609722,5624
matmul,linear,"[(458, 128), (128, 1024)]",30.85931348,matmul_linear_711,4.8135717,541.0897230428707,5624
matmul,linear,"[(460, 128), (128, 1024)]",30.85931348,matmul_linear_712,4.8024283,542.5772869945815,5624
matmul,linear,"[(462, 128), (128, 1024)]",30.85931348,matmul_linear_713,4.7863036,544.7420819690586,5624
matmul,linear,"[(464, 128), (128, 1024)]",30.85931348,matmul_linear_714,4.8017143,542.6728362410066,5624
matmul,linear,"[(466, 128), (128, 1024)]",30.85931348,matmul_linear_715,4.8978572,530.057435729241,5624
matmul,linear,"[(468, 128), (128, 1024)]",30.85931348,matmul_linear_716,4.9021249,529.5089192851859,5624
matmul,linear,"[(470, 128), (128, 1024)]",30.85931348,matmul_linear_717,4.8868303,531.4791303475384,5624
matmul,linear,"[(472, 128), (128, 1024)]",30.85931348,matmul_linear_718,4.9125446,528.1737061481334,5624
matmul,linear,"[(474, 128), (128, 1024)]",30.85931348,matmul_linear_719,4.927857299999999,526.2217349516189,5624
matmul,linear,"[(476, 128), (128, 1024)]",30.85931348,matmul_linear_720,4.8818483,532.1235643475444,5624
matmul,linear,"[(478, 128), (128, 1024)]",30.85931348,matmul_linear_721,4.9181429,527.4586588364482,5624
matmul,linear,"[(480, 128), (128, 1024)]",30.85931348,matmul_linear_722,4.9004285,529.7268387856286,5624
matmul,linear,"[(482, 128), (128, 1024)]",30.85931348,matmul_linear_723,5.0094644,516.0202172511697,5624
matmul,linear,"[(484, 128), (128, 1024)]",30.85931348,matmul_linear_724,5.0406786000000015,512.2055367703863,5624
matmul,linear,"[(486, 128), (128, 1024)]",30.85931348,matmul_linear_725,5.0382589,512.4995577341213,5624
matmul,linear,"[(488, 128), (128, 1024)]",30.85931348,matmul_linear_726,5.0142949,515.4267767537965,5624
matmul,linear,"[(490, 128), (128, 1024)]",30.85931348,matmul_linear_727,5.0230087,514.3591485318351,5624
matmul,linear,"[(492, 128), (128, 1024)]",30.85931348,matmul_linear_728,5.0275536,513.8037688946768,5624
matmul,linear,"[(494, 128), (128, 1024)]",30.85931348,matmul_linear_729,5.017151799999999,515.0763363388768,5624
matmul,linear,"[(496, 128), (128, 1024)]",30.85931348,matmul_linear_730,5.0219732,514.4858256113354,5624
matmul,linear,"[(498, 128), (128, 1024)]",30.85931348,matmul_linear_731,5.1907413,494.5068670634771,5624
matmul,linear,"[(500, 128), (128, 1024)]",30.85931348,matmul_linear_732,5.13475,500.9895998831491,5624
matmul,linear,"[(502, 128), (128, 1024)]",30.85931348,matmul_linear_733,5.1482589,499.4126185068121,5624
matmul,linear,"[(504, 128), (128, 1024)]",30.85931348,matmul_linear_734,5.1479999,499.4427754359514,5624
matmul,linear,"[(506, 128), (128, 1024)]",30.85931348,matmul_linear_735,5.170678700000001,496.8135958631504,5624
matmul,linear,"[(508, 128), (128, 1024)]",30.85931348,matmul_linear_736,5.1455533,499.7277975917576,5624
matmul,linear,"[(510, 128), (128, 1024)]",30.85931348,matmul_linear_737,5.1804377,495.6893078745065,5624
matmul,linear,"[(512, 128), (128, 1024)]",30.85931348,matmul_linear_738,5.1857411,495.0801030155556,5624
matmul,linear,"[(514, 128), (128, 1024)]",31.1437051,matmul_linear_739,5.2654643,491.4712041633253,7030
matmul,linear,"[(516, 128), (128, 1024)]",31.1437051,matmul_linear_740,5.2617053,491.8937554332433,7030
matmul,linear,"[(518, 128), (128, 1024)]",31.1437051,matmul_linear_741,5.2541789,492.7416194374349,7030
matmul,linear,"[(520, 128), (128, 1024)]",31.1437051,matmul_linear_742,5.216598100000001,497.0117786148792,7030
matmul,linear,"[(522, 128), (128, 1024)]",31.1437051,matmul_linear_743,5.297848200000001,487.8557467916879,7030
matmul,linear,"[(524, 128), (128, 1024)]",31.1437051,matmul_linear_744,5.2887321,488.8690240142813,7030
matmul,linear,"[(526, 128), (128, 1024)]",31.1437051,matmul_linear_745,5.2615713,491.90882959240713,7030
matmul,linear,"[(528, 128), (128, 1024)]",31.1437051,matmul_linear_746,5.2578482,492.3279622260681,7030
matmul,linear,"[(530, 128), (128, 1024)]",31.1437051,matmul_linear_747,5.4021518,476.5055528428505,7030
matmul,linear,"[(532, 128), (128, 1024)]",31.1437051,matmul_linear_748,5.3954285,477.2239424542464,7030
matmul,linear,"[(534, 128), (128, 1024)]",31.1437051,matmul_linear_749,5.3437234,482.8090784040208,7030
matmul,linear,"[(536, 128), (128, 1024)]",31.1437051,matmul_linear_750,5.3834285,478.51061084957297,7030
matmul,linear,"[(538, 128), (128, 1024)]",31.1437051,matmul_linear_751,5.3889911,477.9134632454672,7030
matmul,linear,"[(540, 128), (128, 1024)]",31.1437051,matmul_linear_752,5.4051162,476.1893722099815,7030
matmul,linear,"[(542, 128), (128, 1024)]",31.1437051,matmul_linear_753,5.4397053,472.5255943552677,7030
matmul,linear,"[(544, 128), (128, 1024)]",31.1437051,matmul_linear_754,5.4188217000000005,474.7320510656404,7030
matmul,linear,"[(546, 128), (128, 1024)]",31.1437051,matmul_linear_755,5.4661517,469.7555942327762,7030
matmul,linear,"[(548, 128), (128, 1024)]",31.1437051,matmul_linear_756,5.5202588,464.1711055286032,7030
matmul,linear,"[(550, 128), (128, 1024)]",31.1437051,matmul_linear_757,5.512982200000001,464.915756484757,7030
matmul,linear,"[(552, 128), (128, 1024)]",31.1437051,matmul_linear_758,5.538312400000001,462.3320399910991,7030
matmul,linear,"[(554, 128), (128, 1024)]",31.1437051,matmul_linear_759,5.4652765,469.8468339159054,7030
matmul,linear,"[(556, 128), (128, 1024)]",31.1437051,matmul_linear_760,5.469009,469.4579237298751,7030
matmul,linear,"[(558, 128), (128, 1024)]",31.1437051,matmul_linear_761,5.4881339,467.4734922192769,7030
matmul,linear,"[(560, 128), (128, 1024)]",31.1437051,matmul_linear_762,5.4962768,466.6327631097474,7030
matmul,linear,"[(562, 128), (128, 1024)]",31.1437051,matmul_linear_763,5.6118574,454.9625174011014,7030
matmul,linear,"[(564, 128), (128, 1024)]",31.1437051,matmul_linear_764,5.610866199999999,455.0605555341884,7030
matmul,linear,"[(566, 128), (128, 1024)]",31.1437051,matmul_linear_765,5.6162679,454.5267009075548,7030
matmul,linear,"[(568, 128), (128, 1024)]",31.1437051,matmul_linear_766,5.608821600000001,455.2628933678332,7030
matmul,linear,"[(570, 128), (128, 1024)]",31.1437051,matmul_linear_767,5.6323214,452.9461635481242,7030
matmul,linear,"[(572, 128), (128, 1024)]",31.1437051,matmul_linear_768,5.598597999999999,456.27685895647454,7030
matmul,linear,"[(574, 128), (128, 1024)]",31.1437051,matmul_linear_769,5.6751606,448.7722250538601,7030
matmul,linear,"[(576, 128), (128, 1024)]",31.1437051,matmul_linear_770,5.592187400000001,456.9145465332581,7030
matmul,linear,"[(578, 128), (128, 1024)]",31.1437051,matmul_linear_771,5.676143000000001,448.6772461511276,7030
matmul,linear,"[(580, 128), (128, 1024)]",31.1437051,matmul_linear_772,5.7148572,444.96033776662,7030
matmul,linear,"[(582, 128), (128, 1024)]",31.1437051,matmul_linear_773,5.72125,444.3514109678829,7030
matmul,linear,"[(584, 128), (128, 1024)]",31.1437051,matmul_linear_774,5.7171428,444.7424734606944,7030
matmul,linear,"[(586, 128), (128, 1024)]",31.1437051,matmul_linear_775,5.765455299999999,440.1777219571888,7030
matmul,linear,"[(588, 128), (128, 1024)]",31.1437051,matmul_linear_776,5.7558393,441.0801705322107,7030
matmul,linear,"[(590, 128), (128, 1024)]",31.1437051,matmul_linear_777,5.6972857,446.64109788280416,7030
matmul,linear,"[(592, 128), (128, 1024)]",31.1437051,matmul_linear_778,5.7233127,444.1552249975787,7030
matmul,linear,"[(594, 128), (128, 1024)]",31.1437051,matmul_linear_779,5.867830499999999,430.7533184538989,7030
matmul,linear,"[(596, 128), (128, 1024)]",31.1437051,matmul_linear_780,5.8312677,434.0812101629292,7030
matmul,linear,"[(598, 128), (128, 1024)]",31.1437051,matmul_linear_781,5.8485804,432.5002474104657,7030
matmul,linear,"[(600, 128), (128, 1024)]",31.1437051,matmul_linear_782,5.8218572,434.94450361991017,7030
matmul,linear,"[(602, 128), (128, 1024)]",31.1437051,matmul_linear_783,5.8462858,432.7092476389026,7030
matmul,linear,"[(604, 128), (128, 1024)]",31.1437051,matmul_linear_784,5.8421517,433.0862103426723,7030
matmul,linear,"[(606, 128), (128, 1024)]",31.1437051,matmul_linear_785,5.8132946,435.7324416347316,7030
matmul,linear,"[(608, 128), (128, 1024)]",31.1437051,matmul_linear_786,5.8512768,432.2548593154917,7030
matmul,linear,"[(610, 128), (128, 1024)]",31.1437051,matmul_linear_787,5.965982,422.0214392198972,7030
matmul,linear,"[(612, 128), (128, 1024)]",31.1437051,matmul_linear_788,5.942696400000001,424.0669050500375,7030
matmul,linear,"[(614, 128), (128, 1024)]",31.1437051,matmul_linear_789,5.9435534,423.991339928064,7030
matmul,linear,"[(616, 128), (128, 1024)]",31.1437051,matmul_linear_790,5.989991099999999,419.9290713470343,7030
matmul,linear,"[(618, 128), (128, 1024)]",31.1437051,matmul_linear_791,5.9812947,420.68501322966085,7030
matmul,linear,"[(620, 128), (128, 1024)]",31.1437051,matmul_linear_792,6.0108661,418.1234215149128,7030
matmul,linear,"[(622, 128), (128, 1024)]",31.1437051,matmul_linear_793,6.009964200000001,418.201174975385,7030
matmul,linear,"[(624, 128), (128, 1024)]",31.1437051,matmul_linear_794,5.9918483,419.7679170215308,7030
matmul,linear,"[(626, 128), (128, 1024)]",31.1437051,matmul_linear_795,6.064035500000001,413.58052076047375,7030
matmul,linear,"[(628, 128), (128, 1024)]",31.1437051,matmul_linear_796,6.111402,409.6000083123316,7030
matmul,linear,"[(630, 128), (128, 1024)]",31.1437051,matmul_linear_797,6.0815535,412.1011448801692,7030
matmul,linear,"[(632, 128), (128, 1024)]",31.1437051,matmul_linear_798,6.1111071,409.6245997717828,7030
matmul,linear,"[(634, 128), (128, 1024)]",31.1437051,matmul_linear_799,6.061741100000001,413.7749136135161,7030
matmul,linear,"[(636, 128), (128, 1024)]",31.1437051,matmul_linear_800,6.0847142000000005,411.8351343436968,7030
matmul,linear,"[(638, 128), (128, 1024)]",31.1437051,matmul_linear_801,6.0881159,411.54914938462326,7030
matmul,linear,"[(640, 128), (128, 1024)]",31.1437051,matmul_linear_802,6.0801342,412.2206858526248,7030
matmul,linear,"[(642, 128), (128, 1024)]",31.37874284,matmul_linear_803,6.180437499999999,407.71070559325295,8192
matmul,linear,"[(644, 128), (128, 1024)]",31.38197916,matmul_linear_804,6.2114732,405.2260252849517,8208
matmul,linear,"[(646, 128), (128, 1024)]",31.38521548,matmul_linear_805,6.217419600000001,404.7948747097589,8224
matmul,linear,"[(648, 128), (128, 1024)]",31.3884518,matmul_linear_806,6.158830399999999,409.6495561884608,8240
matmul,linear,"[(650, 128), (128, 1024)]",31.39168812,matmul_linear_807,6.194696299999999,406.7510431463768,8256
matmul,linear,"[(652, 128), (128, 1024)]",31.39492444,matmul_linear_808,6.1968303,406.6287588995297,8272
matmul,linear,"[(654, 128), (128, 1024)]",31.39816076,matmul_linear_809,6.2185623,404.91028706104623,8288
matmul,linear,"[(656, 128), (128, 1024)]",31.40139708,matmul_linear_810,6.1871427,407.5266339016232,8304
matmul,linear,"[(658, 128), (128, 1024)]",31.4046334,matmul_linear_811,6.3149819,397.3036169747375,8320
matmul,linear,"[(660, 128), (128, 1024)]",31.40786972,matmul_linear_812,6.276973099999999,400.3664858783607,8336
matmul,linear,"[(662, 128), (128, 1024)]",31.41110604,matmul_linear_813,6.276991000000001,400.4166174525341,8352
matmul,linear,"[(664, 128), (128, 1024)]",31.41434236,matmul_linear_814,6.3401605000000005,395.4818156417333,8368
matmul,linear,"[(666, 128), (128, 1024)]",31.41757868,matmul_linear_815,6.368125000000001,393.3568150750809,8384
matmul,linear,"[(668, 128), (128, 1024)]",31.420815,matmul_linear_816,6.310285899999999,397.9301334033059,8400
matmul,linear,"[(670, 128), (128, 1024)]",31.42405132,matmul_linear_817,6.316571499999999,397.48588011708574,8416
matmul,linear,"[(672, 128), (128, 1024)]",31.42728764,matmul_linear_818,6.3620179,393.98301189941634,8432
matmul,linear,"[(674, 128), (128, 1024)]",31.42809672,matmul_linear_819,6.4395893,388.0450484629509,8436
matmul,linear,"[(676, 128), (128, 1024)]",31.42809672,matmul_linear_820,6.4245712,389.1859042670428,8436
matmul,linear,"[(678, 128), (128, 1024)]",31.42809672,matmul_linear_821,6.4139999,389.9921610538223,8436
matmul,linear,"[(680, 128), (128, 1024)]",31.42809672,matmul_linear_822,6.4732855,385.5045667304493,8436
matmul,linear,"[(682, 128), (128, 1024)]",31.42809672,matmul_linear_823,6.426857099999999,389.01191096967136,8436
matmul,linear,"[(684, 128), (128, 1024)]",31.42809672,matmul_linear_824,6.4253039,389.13012067802737,8436
matmul,linear,"[(686, 128), (128, 1024)]",31.42809672,matmul_linear_825,6.4421875,387.8482149114722,8436
matmul,linear,"[(688, 128), (128, 1024)]",31.42809672,matmul_linear_826,6.479705100000001,385.0235656557888,8436
matmul,linear,"[(690, 128), (128, 1024)]",31.42809672,matmul_linear_827,6.5038748,383.22112104618,8436
matmul,linear,"[(692, 128), (128, 1024)]",31.42809672,matmul_linear_828,6.549705400000001,379.83985233900745,8436
matmul,linear,"[(694, 128), (128, 1024)]",31.42809672,matmul_linear_829,6.5757052,377.942604847918,8436
matmul,linear,"[(696, 128), (128, 1024)]",31.42809672,matmul_linear_830,6.542419499999999,380.37422118835394,8436
matmul,linear,"[(698, 128), (128, 1024)]",31.42809672,matmul_linear_831,6.5446962,380.2071136625104,8436
matmul,linear,"[(700, 128), (128, 1024)]",31.42809672,matmul_linear_832,6.5881517,377.0396637952341,8436
matmul,linear,"[(702, 128), (128, 1024)]",31.42809672,matmul_linear_833,6.5864107,377.1657607078768,8436
matmul,linear,"[(704, 128), (128, 1024)]",31.42809672,matmul_linear_834,6.6204555,374.71200010331614,8436
matmul,linear,"[(706, 128), (128, 1024)]",31.42809672,matmul_linear_835,6.730000200000001,366.985078544277,8436
matmul,linear,"[(708, 128), (128, 1024)]",31.42809672,matmul_linear_836,6.6612855,371.80227780358615,8436
matmul,linear,"[(710, 128), (128, 1024)]",31.42809672,matmul_linear_837,6.6358838,373.6083039910976,8436
matmul,linear,"[(712, 128), (128, 1024)]",31.42809672,matmul_linear_838,6.640874999999999,373.2523458128635,8436
matmul,linear,"[(714, 128), (128, 1024)]",31.42809672,matmul_linear_839,6.661661,371.77568357201005,8436
matmul,linear,"[(716, 128), (128, 1024)]",31.42809672,matmul_linear_840,6.683285700000001,370.2491877610439,8436
matmul,linear,"[(718, 128), (128, 1024)]",31.42809672,matmul_linear_841,6.689419899999999,369.8179691186676,8436
matmul,linear,"[(720, 128), (128, 1024)]",31.42809672,matmul_linear_842,6.7085891,368.47550582580766,8436
matmul,linear,"[(722, 128), (128, 1024)]",31.42809672,matmul_linear_843,6.758008899999998,365.0496497570461,8436
matmul,linear,"[(724, 128), (128, 1024)]",31.42809672,matmul_linear_844,6.768571400000001,364.323929862068,8436
matmul,linear,"[(726, 128), (128, 1024)]",31.42809672,matmul_linear_845,6.7375894,366.4590679865413,8436
matmul,linear,"[(728, 128), (128, 1024)]",31.42809672,matmul_linear_846,6.7553034,365.2359022098104,8436
matmul,linear,"[(730, 128), (128, 1024)]",31.42809672,matmul_linear_847,6.7907234,362.8092600561525,8436
matmul,linear,"[(732, 128), (128, 1024)]",31.42809672,matmul_linear_848,6.7755628,363.8448147805522,8436
matmul,linear,"[(734, 128), (128, 1024)]",31.42809672,matmul_linear_849,6.7657053000000005,364.5206275833504,8436
matmul,linear,"[(736, 128), (128, 1024)]",31.42809672,matmul_linear_850,6.8712857,357.3830588939127,8436
matmul,linear,"[(738, 128), (128, 1024)]",31.42809672,matmul_linear_851,6.9481337,352.3242942201875,8436
matmul,linear,"[(740, 128), (128, 1024)]",31.42809672,matmul_linear_852,6.911294700000001,354.735300464036,8436
matmul,linear,"[(742, 128), (128, 1024)]",31.42809672,matmul_linear_853,6.9364464,353.08642073555126,8436
matmul,linear,"[(744, 128), (128, 1024)]",31.42809672,matmul_linear_854,6.9381429,352.97563300404204,8436
matmul,linear,"[(746, 128), (128, 1024)]",31.42809672,matmul_linear_855,6.908437599999999,354.923363858711,8436
matmul,linear,"[(748, 128), (128, 1024)]",31.42809672,matmul_linear_856,6.9324198,353.349589706036,8436
matmul,linear,"[(750, 128), (128, 1024)]",31.42809672,matmul_linear_857,6.8875715,356.301567540896,8436
matmul,linear,"[(752, 128), (128, 1024)]",31.42809672,matmul_linear_858,6.8950182,355.80875653091096,8436
matmul,linear,"[(754, 128), (128, 1024)]",31.42809672,matmul_linear_859,6.9864108,349.8461029517474,8436
matmul,linear,"[(756, 128), (128, 1024)]",31.42809672,matmul_linear_860,7.021973300000001,347.5678755429047,8436
matmul,linear,"[(758, 128), (128, 1024)]",31.42809672,matmul_linear_861,7.032303399999999,346.9104208444704,8436
matmul,linear,"[(760, 128), (128, 1024)]",31.42809672,matmul_linear_862,7.021571300000001,347.59349976265275,8436
matmul,linear,"[(762, 128), (128, 1024)]",31.42809672,matmul_linear_863,7.0435537,346.19659419931736,8436
matmul,linear,"[(764, 128), (128, 1024)]",31.42809672,matmul_linear_864,7.0344196,346.7759745238968,8436
matmul,linear,"[(766, 128), (128, 1024)]",31.42809672,matmul_linear_865,7.0485535,345.8800904327391,8436
matmul,linear,"[(768, 128), (128, 1024)]",31.42809672,matmul_linear_866,7.042428800000001,346.2678659953225,8436
matmul,linear,"[(770, 128), (128, 1024)]",31.58586732,matmul_linear_867,7.1981248,338.806886482435,9216
matmul,linear,"[(772, 128), (128, 1024)]",31.58910364,matmul_linear_868,7.1405985,342.3873382602313,9232
matmul,linear,"[(774, 128), (128, 1024)]",31.59233996,matmul_linear_869,7.107312500000001,344.5047260831713,9248
matmul,linear,"[(776, 128), (128, 1024)]",31.59557628,matmul_linear_870,7.151857100000001,341.7814259739613,9264
matmul,linear,"[(778, 128), (128, 1024)]",31.5988126,matmul_linear_871,7.1639733,341.07943004198523,9280
matmul,linear,"[(780, 128), (128, 1024)]",31.60204892,matmul_linear_872,7.131723099999999,343.1194043414277,9296
matmul,linear,"[(782, 128), (128, 1024)]",31.60528524,matmul_linear_873,7.143428500000001,342.43860269617034,9312
matmul,linear,"[(784, 128), (128, 1024)]",31.60852156,matmul_linear_874,7.1478661,342.20920086905375,9328
matmul,linear,"[(786, 128), (128, 1024)]",31.61175788,matmul_linear_875,7.231982100000001,337.1105658571804,9344
matmul,linear,"[(788, 128), (128, 1024)]",31.6149942,matmul_linear_876,7.203856999999999,338.86204570690404,9360
matmul,linear,"[(790, 128), (128, 1024)]",31.61823052,matmul_linear_877,7.320848100000001,331.8930004844657,9376
matmul,linear,"[(792, 128), (128, 1024)]",31.62146684,matmul_linear_878,7.2716163,334.86159796412795,9392
matmul,linear,"[(794, 128), (128, 1024)]",31.62470316,matmul_linear_879,7.243571300000001,336.5899340288125,9408
matmul,linear,"[(796, 128), (128, 1024)]",31.62793948,matmul_linear_880,7.306134,332.89569394703136,9424
matmul,linear,"[(798, 128), (128, 1024)]",31.6311758,matmul_linear_881,7.2940001,333.66020518700026,9440
matmul,linear,"[(800, 128), (128, 1024)]",31.63441212,matmul_linear_882,7.289160700000001,333.992518782032,9456
matmul,linear,"[(802, 128), (128, 1024)]",31.63764844,matmul_linear_883,7.350294600000001,330.42694424792165,9472
matmul,linear,"[(804, 128), (128, 1024)]",31.64088476,matmul_linear_884,7.3850268,328.4464446357866,9488
matmul,linear,"[(806, 128), (128, 1024)]",31.64412108,matmul_linear_885,7.387562500000001,328.34319276486656,9504
matmul,linear,"[(808, 128), (128, 1024)]",31.6473574,matmul_linear_886,7.384875000000001,328.5428988303796,9520
matmul,linear,"[(810, 128), (128, 1024)]",31.65059372,matmul_linear_887,7.326857200000001,331.9804911715762,9536
matmul,linear,"[(812, 128), (128, 1024)]",31.65383004,matmul_linear_888,7.4138572,326.9549464750953,9552
matmul,linear,"[(814, 128), (128, 1024)]",31.65706636,matmul_linear_889,7.3892945,328.41798171665783,9568
matmul,linear,"[(816, 128), (128, 1024)]",31.66030268,matmul_linear_890,7.378143199999999,329.10935477641584,9584
matmul,linear,"[(818, 128), (128, 1024)]",31.663539,matmul_linear_891,7.458553599999999,324.526532865568,9600
matmul,linear,"[(820, 128), (128, 1024)]",31.66677532,matmul_linear_892,7.5132858,321.47704962853936,9616
matmul,linear,"[(822, 128), (128, 1024)]",31.67001164,matmul_linear_893,7.4541071,324.86660327163804,9632
matmul,linear,"[(824, 128), (128, 1024)]",31.67324796,matmul_linear_894,7.5291252,320.67633514714305,9648
matmul,linear,"[(826, 128), (128, 1024)]",31.67648428,matmul_linear_895,7.5129999,321.6223173382446,9664
matmul,linear,"[(828, 128), (128, 1024)]",31.6797206,matmul_linear_896,7.5095448,321.8593995204609,9680
matmul,linear,"[(830, 128), (128, 1024)]",31.68295692,matmul_linear_897,7.489562599999999,323.0281341129321,9696
matmul,linear,"[(832, 128), (128, 1024)]",31.68619324,matmul_linear_898,7.482464299999999,323.4726952188733,9712
matmul,linear,"[(834, 128), (128, 1024)]",31.68942956,matmul_linear_899,7.6084196,316.5047569143006,9728
matmul,linear,"[(836, 128), (128, 1024)]",31.69266588,matmul_linear_900,7.6136072,316.2634746904201,9744
matmul,linear,"[(838, 128), (128, 1024)]",31.6959022,matmul_linear_901,7.6042947,316.8158054158527,9760
matmul,linear,"[(840, 128), (128, 1024)]",31.69913852,matmul_linear_902,7.600562399999999,317.06306522791004,9776
matmul,linear,"[(842, 128), (128, 1024)]",31.70237484,matmul_linear_903,7.611437499999999,316.5096913690746,9792
matmul,linear,"[(844, 128), (128, 1024)]",31.70561116,matmul_linear_904,7.6665534,313.55755977647004,9808
matmul,linear,"[(846, 128), (128, 1024)]",31.70884748,matmul_linear_905,7.5941249,317.5444557147065,9824
matmul,linear,"[(848, 128), (128, 1024)]",31.7120838,matmul_linear_906,7.618982299999999,316.2246682211088,9840
matmul,linear,"[(850, 128), (128, 1024)]",31.71248834,matmul_linear_907,7.736866000000001,309.8880391621103,9842
matmul,linear,"[(852, 128), (128, 1024)]",31.71248834,matmul_linear_908,7.679589200000001,312.9451135224785,9842
matmul,linear,"[(854, 128), (128, 1024)]",31.71248834,matmul_linear_909,7.745553699999999,309.42829355117635,9842
matmul,linear,"[(856, 128), (128, 1024)]",31.71248834,matmul_linear_910,7.7500091,309.19291746380014,9842
matmul,linear,"[(858, 128), (128, 1024)]",31.71248834,matmul_linear_911,7.761018,308.61248279542707,9842
matmul,linear,"[(860, 128), (128, 1024)]",31.71248834,matmul_linear_912,7.743562599999999,309.5335697292614,9842
matmul,linear,"[(862, 128), (128, 1024)]",31.71248834,matmul_linear_913,7.7394555,309.7508970753821,9842
matmul,linear,"[(864, 128), (128, 1024)]",31.71248834,matmul_linear_914,7.766696399999999,308.313737356851,9842
matmul,linear,"[(866, 128), (128, 1024)]",31.71248834,matmul_linear_915,7.831303499999999,304.9452091851632,9842
matmul,linear,"[(868, 128), (128, 1024)]",31.71248834,matmul_linear_916,7.8188753,305.5888746556682,9842
matmul,linear,"[(870, 128), (128, 1024)]",31.71248834,matmul_linear_917,7.7978301,306.68349955457484,9842
matmul,linear,"[(872, 128), (128, 1024)]",31.71248834,matmul_linear_918,7.782455400000001,307.48692681232706,9842
matmul,linear,"[(874, 128), (128, 1024)]",31.71248834,matmul_linear_919,7.872258800000002,302.8384882366925,9842
matmul,linear,"[(876, 128), (128, 1024)]",31.71248834,matmul_linear_920,7.874018000000001,302.7484867319328,9842
matmul,linear,"[(878, 128), (128, 1024)]",31.71248834,matmul_linear_921,7.8637412,303.27482216734194,9842
matmul,linear,"[(880, 128), (128, 1024)]",31.71248834,matmul_linear_922,7.8277142,305.13089172315466,9842
matmul,linear,"[(882, 128), (128, 1024)]",31.71248834,matmul_linear_923,7.961446599999999,298.325705531957,9842
matmul,linear,"[(884, 128), (128, 1024)]",31.71248834,matmul_linear_924,7.9355803,299.6240620235423,9842
matmul,linear,"[(886, 128), (128, 1024)]",31.71248834,matmul_linear_925,7.9895537,296.9244031741097,9842
matmul,linear,"[(888, 128), (128, 1024)]",31.71248834,matmul_linear_926,7.979598499999999,297.4195987429694,9842
matmul,linear,"[(890, 128), (128, 1024)]",31.71248834,matmul_linear_927,8.0096697,295.9275416812756,9842
matmul,linear,"[(892, 128), (128, 1024)]",31.71248834,matmul_linear_928,7.9479910999999985,299.0000484524952,9842
matmul,linear,"[(894, 128), (128, 1024)]",31.71248834,matmul_linear_929,7.9934285,296.73199478796863,9842
matmul,linear,"[(896, 128), (128, 1024)]",31.71248834,matmul_linear_930,7.921134,300.3528830594205,9842
matmul,linear,"[(898, 128), (128, 1024)]",31.7929918,matmul_linear_931,8.0342589,295.7177904734935,10240
matmul,linear,"[(900, 128), (128, 1024)]",31.79622812,matmul_linear_932,8.0200178,296.4608173313531,10256
matmul,linear,"[(902, 128), (128, 1024)]",31.79946444,matmul_linear_933,8.0600001,294.5342933680609,10272
matmul,linear,"[(904, 128), (128, 1024)]",31.80270076,matmul_linear_934,8.0606876,294.5407927730632,10288
matmul,linear,"[(906, 128), (128, 1024)]",31.80593708,matmul_linear_935,8.0636965,294.4337076674451,10304
matmul,linear,"[(908, 128), (128, 1024)]",31.8091734,matmul_linear_936,8.0765716,293.8449997768855,10320
matmul,linear,"[(910, 128), (128, 1024)]",31.81240972,matmul_linear_937,8.124589400000001,291.55713789056216,10336
matmul,linear,"[(912, 128), (128, 1024)]",31.81564604,matmul_linear_938,8.040991,295.6682209941536,10352
matmul,linear,"[(914, 128), (128, 1024)]",31.81888236,matmul_linear_939,8.1571158,290.0751581827489,10368
matmul,linear,"[(916, 128), (128, 1024)]",31.82211868,matmul_linear_940,8.1968659,288.2229997199295,10384
matmul,linear,"[(918, 128), (128, 1024)]",31.825355,matmul_linear_941,8.164107399999999,289.8203862433266,10400
matmul,linear,"[(920, 128), (128, 1024)]",31.82859132,matmul_linear_942,8.1515625,290.4600046923519,10416
matmul,linear,"[(922, 128), (128, 1024)]",31.83182764,matmul_linear_943,8.1911429,288.6127739268229,10432
matmul,linear,"[(924, 128), (128, 1024)]",31.83506396,matmul_linear_944,8.2184196,287.3623580864622,10448
matmul,linear,"[(926, 128), (128, 1024)]",31.83830028,matmul_linear_945,8.1605713,290.14793339284955,10464
matmul,linear,"[(928, 128), (128, 1024)]",31.8415366,matmul_linear_946,8.2018482,288.2239200671868,10480
matmul,linear,"[(930, 128), (128, 1024)]",31.84477292,matmul_linear_947,8.3450179,281.60221226128226,10496
matmul,linear,"[(932, 128), (128, 1024)]",31.84800924,matmul_linear_948,8.258419799999999,285.64289550889634,10512
matmul,linear,"[(934, 128), (128, 1024)]",31.85124556,matmul_linear_949,8.305973199999999,283.47397460902005,10528
matmul,linear,"[(936, 128), (128, 1024)]",31.85448188,matmul_linear_950,8.3247411,282.6483189969716,10544
matmul,linear,"[(938, 128), (128, 1024)]",31.8577182,matmul_linear_951,8.271134,285.16747763970454,10560
matmul,linear,"[(940, 128), (128, 1024)]",31.86095452,matmul_linear_952,8.253848100000003,286.01333746377026,10576
matmul,linear,"[(942, 128), (128, 1024)]",31.86419084,matmul_linear_953,8.321696300000001,282.90499546348497,10592
matmul,linear,"[(944, 128), (128, 1024)]",31.86742716,matmul_linear_954,8.278321400000001,284.9503494754383,10608
matmul,linear,"[(946, 128), (128, 1024)]",31.87066348,matmul_linear_955,8.3742948,280.5772813252288,10624
matmul,linear,"[(948, 128), (128, 1024)]",31.8738998,matmul_linear_956,8.405696599999999,279.1940313429824,10640
matmul,linear,"[(950, 128), (128, 1024)]",31.87713612,matmul_linear_957,8.4222769,278.48596642553986,10656
matmul,linear,"[(952, 128), (128, 1024)]",31.88037244,matmul_linear_958,8.412133899999999,278.9808010545339,10672
matmul,linear,"[(954, 128), (128, 1024)]",31.88360876,matmul_linear_959,8.4431519,277.62685236066875,10688
matmul,linear,"[(956, 128), (128, 1024)]",31.88684508,matmul_linear_960,8.3817144,280.43344783974027,10704
matmul,linear,"[(958, 128), (128, 1024)]",31.8900814,matmul_linear_961,8.469580499999998,276.5249223382434,10720
matmul,linear,"[(960, 128), (128, 1024)]",31.89331772,matmul_linear_962,8.468294400000001,276.6203229779068,10736
matmul,linear,"[(962, 128), (128, 1024)]",31.89655404,matmul_linear_963,8.5697051,272.2013029363169,10752
matmul,linear,"[(964, 128), (128, 1024)]",31.89979036,matmul_linear_964,8.5179643,274.50016502182336,10768
matmul,linear,"[(966, 128), (128, 1024)]",31.90302668,matmul_linear_965,8.5655535,272.4572694572511,10784
matmul,linear,"[(968, 128), (128, 1024)]",31.906263,matmul_linear_966,8.550562499999998,273.1481174484136,10800
matmul,linear,"[(970, 128), (128, 1024)]",31.90949932,matmul_linear_967,8.522732000000001,274.4045843515905,10816
matmul,linear,"[(972, 128), (128, 1024)]",31.91273564,matmul_linear_968,8.527544500000001,274.2312413614493,10832
matmul,linear,"[(974, 128), (128, 1024)]",31.91597196,matmul_linear_969,8.5208033,274.56529433087604,10848
matmul,linear,"[(976, 128), (128, 1024)]",31.91920828,matmul_linear_970,8.551848,273.2434004907478,10864
matmul,linear,"[(978, 128), (128, 1024)]",31.9224446,matmul_linear_971,8.672982100000002,268.0676868916862,10880
matmul,linear,"[(980, 128), (128, 1024)]",31.92568092,matmul_linear_972,8.6682679,268.3051941668762,10896
matmul,linear,"[(982, 128), (128, 1024)]",31.92891724,matmul_linear_973,8.665419699999998,268.46359836442787,10912
matmul,linear,"[(984, 128), (128, 1024)]",31.93215356,matmul_linear_974,8.638991299999999,269.6282638923367,10928
matmul,linear,"[(986, 128), (128, 1024)]",31.93538988,matmul_linear_975,8.7068482,266.78473250515617,10944
matmul,linear,"[(988, 128), (128, 1024)]",31.9386262,matmul_linear_976,8.677401800000002,268.0666971074221,10960
matmul,linear,"[(990, 128), (128, 1024)]",31.94186252,matmul_linear_977,8.6611425,268.7950235202804,10976
matmul,linear,"[(992, 128), (128, 1024)]",31.94509884,matmul_linear_978,8.645142799999999,269.5149933208738,10992
matmul,linear,"[(994, 128), (128, 1024)]",31.94833516,matmul_linear_979,8.7403035,265.5288990822802,11008
matmul,linear,"[(996, 128), (128, 1024)]",31.95157148,matmul_linear_980,8.7843929,263.7311291028433,11024
matmul,linear,"[(998, 128), (128, 1024)]",31.9548078,matmul_linear_981,8.759428600000001,264.80470655357584,11040
matmul,linear,"[(1000, 128), (128, 1024)]",31.95804412,matmul_linear_982,8.7182678,266.5641484424234,11056
matmul,linear,"[(1002, 128), (128, 1024)]",31.96128044,matmul_linear_983,8.713401800000002,266.8059980890585,11072
matmul,linear,"[(1004, 128), (128, 1024)]",31.96451676,matmul_linear_984,8.7998751,263.23830050724246,11088
matmul,linear,"[(1006, 128), (128, 1024)]",31.96775308,matmul_linear_985,8.7950269,263.4753303597059,11104
matmul,linear,"[(1008, 128), (128, 1024)]",31.9709894,matmul_linear_986,8.7634284,264.8228517505774,11120
matmul,linear,"[(1010, 128), (128, 1024)]",31.97422572,matmul_linear_987,9.740401699999998,228.263933098365,11136
matmul,linear,"[(1012, 128), (128, 1024)]",31.97746204,matmul_linear_988,9.7446785,228.1530739059272,11152
matmul,linear,"[(1014, 128), (128, 1024)]",31.98069836,matmul_linear_989,9.773982,227.20234557419892,11168
matmul,linear,"[(1016, 128), (128, 1024)]",31.98393468,matmul_linear_990,9.698401900000002,229.7856183914176,11184
matmul,linear,"[(1018, 128), (128, 1024)]",31.987171,matmul_linear_991,8.9149909,258.80206002229346,11200
matmul,linear,"[(1020, 128), (128, 1024)]",31.99040732,matmul_linear_992,8.8609911,261.0251602667788,11216
matmul,linear,"[(1022, 128), (128, 1024)]",31.99364364,matmul_linear_993,8.8819819,260.20838592341653,11232
matmul,linear,"[(1024, 128), (128, 1024)]",31.99687996,matmul_linear_994,8.886178699999999,260.0746849711677,11248
matmul,linear,"[(32, 1024), (1024, 128)]",30.39166524,matmul_linear_995,2.138866,1320.9242299424086,3312
matmul,linear,"[(34, 1024), (1024, 128)]",30.39490156,matmul_linear_996,2.1767323,1296.3545981285802,3328
matmul,linear,"[(36, 1024), (1024, 128)]",30.39813788,matmul_linear_997,2.18125,1293.6109056733526,3344
matmul,linear,"[(38, 1024), (1024, 128)]",30.4013742,matmul_linear_998,2.1671519000000004,1302.8261793739514,3360
matmul,linear,"[(40, 1024), (1024, 128)]",30.40461052,matmul_linear_999,2.1814197,1293.7992088363371,3376
matmul,linear,"[(42, 1024), (1024, 128)]",30.40784684,matmul_linear_1000,2.2878482,1229.1024658017084,3392
matmul,linear,"[(44, 1024), (1024, 128)]",30.41108316,matmul_linear_1001,2.246,1254.0108263579698,3408
matmul,linear,"[(46, 1024), (1024, 128)]",30.41431948,matmul_linear_1002,2.2681158000000003,1240.9509108838267,3424
matmul,linear,"[(48, 1024), (1024, 128)]",30.4175558,matmul_linear_1003,2.2928573,1226.6222804184106,3440
matmul,linear,"[(50, 1024), (1024, 128)]",30.42079212,matmul_linear_1004,2.3438211,1197.9144235880462,3456
matmul,linear,"[(52, 1024), (1024, 128)]",30.42402844,matmul_linear_1005,2.3544555,1192.1895716440597,3472
matmul,linear,"[(54, 1024), (1024, 128)]",30.42726476,matmul_linear_1006,2.3295713,1206.131508402426,3488
matmul,linear,"[(56, 1024), (1024, 128)]",30.43050108,matmul_linear_1007,2.3082858,1218.3160022905308,3504
matmul,linear,"[(58, 1024), (1024, 128)]",30.4337374,matmul_linear_1008,2.4015626,1167.247308065174,3520
matmul,linear,"[(60, 1024), (1024, 128)]",30.43697372,matmul_linear_1009,2.4718661,1131.335860789547,3536
matmul,linear,"[(62, 1024), (1024, 128)]",30.44021004,matmul_linear_1010,2.4037232,1166.377511354053,3552
matmul,linear,"[(64, 1024), (1024, 128)]",30.44344636,matmul_linear_1011,2.4156877000000003,1160.2393248100736,3568
matmul,linear,"[(66, 1024), (1024, 128)]",30.44668268,matmul_linear_1012,2.4886071,1123.4427314781833,3584
matmul,linear,"[(68, 1024), (1024, 128)]",30.449919,matmul_linear_1013,2.4942943,1120.7829284619702,3600
matmul,linear,"[(70, 1024), (1024, 128)]",30.45315532,matmul_linear_1014,2.5037411999999994,1116.3060351445272,3616
matmul,linear,"[(72, 1024), (1024, 128)]",30.45639164,matmul_linear_1015,2.4691518,1133.4758697298405,3632
matmul,linear,"[(74, 1024), (1024, 128)]",30.45962796,matmul_linear_1016,2.5513036,1093.8848814386497,3648
matmul,linear,"[(76, 1024), (1024, 128)]",30.46286428,matmul_linear_1017,2.5451519,1096.8976892891935,3664
matmul,linear,"[(78, 1024), (1024, 128)]",30.4661006,matmul_linear_1018,2.5307231000000003,1103.8496270097664,3680
matmul,linear,"[(80, 1024), (1024, 128)]",30.46933692,matmul_linear_1019,2.5475625,1096.0192113049236,3696
matmul,linear,"[(82, 1024), (1024, 128)]",30.47257324,matmul_linear_1020,2.5954464,1074.0783103823685,3712
matmul,linear,"[(84, 1024), (1024, 128)]",30.47580956,matmul_linear_1021,2.6755803,1039.035504185765,3728
matmul,linear,"[(86, 1024), (1024, 128)]",30.47904588,matmul_linear_1022,2.5891428000000003,1077.1867461308043,3744
matmul,linear,"[(88, 1024), (1024, 128)]",30.4822822,matmul_linear_1023,2.6638394999999995,1044.2987537349757,3760
matmul,linear,"[(90, 1024), (1024, 128)]",30.48551852,matmul_linear_1024,2.1602678,1311.1916365183986,3776
matmul,linear,"[(92, 1024), (1024, 128)]",30.48875484,matmul_linear_1025,2.2208392000000003,1272.8483737138645,3792
matmul,linear,"[(94, 1024), (1024, 128)]",30.49199116,matmul_linear_1026,2.2026963,1284.3030089985623,3808
matmul,linear,"[(96, 1024), (1024, 128)]",30.49522748,matmul_linear_1027,2.1870001,1294.38619504407,3824
matmul,linear,"[(98, 1024), (1024, 128)]",30.4984638,matmul_linear_1028,2.7521427000000003,1008.1716002589544,3840
matmul,linear,"[(100, 1024), (1024, 128)]",30.50170012,matmul_linear_1029,2.7443035999999994,1011.4550197725938,3856
matmul,linear,"[(102, 1024), (1024, 128)]",30.50493644,matmul_linear_1030,2.7569998999999994,1006.4540278002914,3872
matmul,linear,"[(104, 1024), (1024, 128)]",30.50817276,matmul_linear_1031,2.7776787,998.3333947155228,3888
matmul,linear,"[(106, 1024), (1024, 128)]",30.51140908,matmul_linear_1032,2.257866,1251.3383469169562,3904
matmul,linear,"[(108, 1024), (1024, 128)]",30.5146454,matmul_linear_1033,2.342009,1202.926051949416,3920
matmul,linear,"[(110, 1024), (1024, 128)]",30.51788172,matmul_linear_1034,2.2829823,1236.7550733967585,3936
matmul,linear,"[(112, 1024), (1024, 128)]",30.52111804,matmul_linear_1035,2.3044107,1224.4652109973283,3952
matmul,linear,"[(114, 1024), (1024, 128)]",30.52435436,matmul_linear_1036,2.3954376,1174.2704865282233,3968
matmul,linear,"[(116, 1024), (1024, 128)]",30.52759068,matmul_linear_1037,2.4648393,1138.522555202686,3984
matmul,linear,"[(118, 1024), (1024, 128)]",30.530827,matmul_linear_1038,2.3698752,1188.2883875066502,4000
matmul,linear,"[(120, 1024), (1024, 128)]",30.53406332,matmul_linear_1039,2.3867147,1179.334447472922,4016
matmul,linear,"[(122, 1024), (1024, 128)]",30.53729964,matmul_linear_1040,2.9527233,934.2079679460652,4032
matmul,linear,"[(124, 1024), (1024, 128)]",30.54053596,matmul_linear_1041,2.9307055,942.088192075253,4048
matmul,linear,"[(126, 1024), (1024, 128)]",30.54377228,matmul_linear_1042,2.9758926,926.3734746341316,4064
matmul,linear,"[(128, 1024), (1024, 128)]",30.5470086,matmul_linear_1043,2.9710176,928.1665312248572,4080
matmul,linear,"[(130, 1024), (1024, 128)]",30.55024492,matmul_linear_1044,2.9635802,930.8560207009076,4096
matmul,linear,"[(132, 1024), (1024, 128)]",30.55348124,matmul_linear_1045,3.0431427,904.0107958131572,4112
matmul,linear,"[(134, 1024), (1024, 128)]",30.55671756,matmul_linear_1046,2.9670089,929.8829086761416,4128
matmul,linear,"[(136, 1024), (1024, 128)]",30.55995388,matmul_linear_1047,3.0084641,915.7991873660716,4144
matmul,linear,"[(138, 1024), (1024, 128)]",30.5631902,matmul_linear_1048,3.065536,896.9933545063573,4160
matmul,linear,"[(140, 1024), (1024, 128)]",30.56642652,matmul_linear_1049,3.0098572,915.5440769748146,4176
matmul,linear,"[(142, 1024), (1024, 128)]",30.56966284,matmul_linear_1050,3.0294375,909.087094221287,4192
matmul,linear,"[(144, 1024), (1024, 128)]",30.57289916,matmul_linear_1051,3.0050177,917.3949777400644,4208
matmul,linear,"[(146, 1024), (1024, 128)]",30.57613548,matmul_linear_1052,3.0758305,894.0773875543533,4224
matmul,linear,"[(148, 1024), (1024, 128)]",30.5793718,matmul_linear_1053,3.1103035,883.163598021865,4240
matmul,linear,"[(150, 1024), (1024, 128)]",30.58260812,matmul_linear_1054,3.0727055,895.2990327253947,4256
matmul,linear,"[(152, 1024), (1024, 128)]",30.58584444,matmul_linear_1055,3.1044193,885.2356104086841,4272
matmul,linear,"[(154, 1024), (1024, 128)]",30.58908076,matmul_linear_1056,3.1789819,862.2288431400003,4288
matmul,linear,"[(156, 1024), (1024, 128)]",30.59231708,matmul_linear_1057,3.1278571,878.0599337482522,4304
matmul,linear,"[(158, 1024), (1024, 128)]",30.5955534,matmul_linear_1058,3.1686872,865.559282721248,4320
matmul,linear,"[(160, 1024), (1024, 128)]",30.59878972,matmul_linear_1059,3.1824285000000003,861.4918204760922,4336
matmul,linear,"[(162, 1024), (1024, 128)]",30.60202604,matmul_linear_1060,3.2486965,841.9786071121141,4352
matmul,linear,"[(164, 1024), (1024, 128)]",30.60526236,matmul_linear_1061,3.1650177,866.9855040621101,4368
matmul,linear,"[(166, 1024), (1024, 128)]",30.60849868,matmul_linear_1062,3.1632769000000005,867.6199601748426,4384
matmul,linear,"[(168, 1024), (1024, 128)]",30.611735,matmul_linear_1063,3.2245804,849.3246004968585,4400
matmul,linear,"[(170, 1024), (1024, 128)]",30.61497132,matmul_linear_1064,3.2598842,839.1429094321818,4416
matmul,linear,"[(172, 1024), (1024, 128)]",30.61820764,matmul_linear_1065,3.253419500000001,841.1085056814837,4432
matmul,linear,"[(174, 1024), (1024, 128)]",30.62144396,matmul_linear_1066,3.2909999,830.4601911413001,4448
matmul,linear,"[(176, 1024), (1024, 128)]",30.62468028,matmul_linear_1067,3.2388573000000003,845.5396593113255,4464
matmul,linear,"[(178, 1024), (1024, 128)]",30.6279166,matmul_linear_1068,3.2678749,837.2426282291283,4480
matmul,linear,"[(180, 1024), (1024, 128)]",30.63115292,matmul_linear_1069,3.2517501,841.9897586841007,4496
matmul,linear,"[(182, 1024), (1024, 128)]",30.63438924,matmul_linear_1070,3.2630090000000003,838.8386375888022,4512
matmul,linear,"[(184, 1024), (1024, 128)]",30.63762556,matmul_linear_1071,3.3019908,827.8531472589202,4528
matmul,linear,"[(186, 1024), (1024, 128)]",30.64086188,matmul_linear_1072,3.3659912,810.3072485751003,4544
matmul,linear,"[(188, 1024), (1024, 128)]",30.6440982,matmul_linear_1073,3.3637053000000003,811.0220862689724,4560
matmul,linear,"[(190, 1024), (1024, 128)]",30.64733452,matmul_linear_1074,3.3511428000000003,814.5338276840962,4576
matmul,linear,"[(192, 1024), (1024, 128)]",30.65057084,matmul_linear_1075,3.3810001,806.5533846035673,4592
matmul,linear,"[(194, 1024), (1024, 128)]",30.65380716,matmul_linear_1076,3.4171429000000004,797.0595628295204,4608
matmul,linear,"[(196, 1024), (1024, 128)]",30.65704348,matmul_linear_1077,3.3689822000000005,809.979384278136,4624
matmul,linear,"[(198, 1024), (1024, 128)]",30.6602798,matmul_linear_1078,3.3818304,806.6179013589801,4640
matmul,linear,"[(200, 1024), (1024, 128)]",30.66351612,matmul_linear_1079,3.4325625000000004,793.312681706451,4656
matmul,linear,"[(202, 1024), (1024, 128)]",30.66675244,matmul_linear_1080,3.4416965,791.035930681279,4672
matmul,linear,"[(204, 1024), (1024, 128)]",30.66998876,matmul_linear_1081,3.4130357000000004,798.6131835655863,4688
matmul,linear,"[(206, 1024), (1024, 128)]",30.67322508,matmul_linear_1082,3.451982,788.5685116550435,4704
matmul,linear,"[(208, 1024), (1024, 128)]",30.6764614,matmul_linear_1083,3.4335627000000004,793.4294806965371,4720
matmul,linear,"[(210, 1024), (1024, 128)]",30.67969772,matmul_linear_1084,3.4741607,783.0822857445828,4736
matmul,linear,"[(212, 1024), (1024, 128)]",30.68293404,matmul_linear_1085,3.5388394,767.0338088809568,4752
matmul,linear,"[(214, 1024), (1024, 128)]",30.68617036,matmul_linear_1086,3.515009,773.0040338445791,4768
matmul,linear,"[(216, 1024), (1024, 128)]",30.68940668,matmul_linear_1087,3.4522768,788.9613567486825,4784
matmul,linear,"[(218, 1024), (1024, 128)]",30.692643,matmul_linear_1088,3.5190177999999994,772.1934569356257,4800
matmul,linear,"[(220, 1024), (1024, 128)]",30.69587932,matmul_linear_1089,3.5455711,765.7527505230398,4816
matmul,linear,"[(222, 1024), (1024, 128)]",30.69911564,matmul_linear_1090,3.5050983,775.8417885170296,4832
matmul,linear,"[(224, 1024), (1024, 128)]",30.70235196,matmul_linear_1091,3.5167141,773.0408866617846,4848
matmul,linear,"[(226, 1024), (1024, 128)]",30.70558828,matmul_linear_1092,3.5281429,770.3045525735367,4864
matmul,linear,"[(228, 1024), (1024, 128)]",30.7088246,matmul_linear_1093,3.6351428,744.7762932449311,4880
matmul,linear,"[(230, 1024), (1024, 128)]",30.71206092,matmul_linear_1094,3.6310002,745.829226889054,4896
matmul,linear,"[(232, 1024), (1024, 128)]",30.71529724,matmul_linear_1095,3.5964108,754.0541931416733,4912
matmul,linear,"[(234, 1024), (1024, 128)]",30.71853356,matmul_linear_1096,3.6487052,741.9023153747802,4928
matmul,linear,"[(236, 1024), (1024, 128)]",30.72176988,matmul_linear_1097,3.6420268,743.5349756349952,4944
matmul,linear,"[(238, 1024), (1024, 128)]",30.7250062,matmul_linear_1098,3.6205714,748.6231261728466,4960
matmul,linear,"[(240, 1024), (1024, 128)]",30.72824252,matmul_linear_1099,3.6920179000000006,732.2885574308834,4976
matmul,linear,"[(242, 1024), (1024, 128)]",30.73147884,matmul_linear_1100,3.6882858,733.2184788933656,4992
matmul,linear,"[(244, 1024), (1024, 128)]",30.73471516,matmul_linear_1101,3.6824282999999993,734.6317336307677,5008
matmul,linear,"[(246, 1024), (1024, 128)]",30.73795148,matmul_linear_1102,3.6604286,739.7364035457487,5024
matmul,linear,"[(248, 1024), (1024, 128)]",30.7411878,matmul_linear_1103,3.6724199,737.0825950485672,5040
matmul,linear,"[(250, 1024), (1024, 128)]",30.74442412,matmul_linear_1104,3.7164285,727.2572476505334,5056
matmul,linear,"[(252, 1024), (1024, 128)]",30.74766044,matmul_linear_1105,3.7728658999999993,714.9682828642282,5072
matmul,linear,"[(254, 1024), (1024, 128)]",30.75089676,matmul_linear_1106,3.7760177,714.3737451230697,5088
matmul,linear,"[(256, 1024), (1024, 128)]",30.75413308,matmul_linear_1107,3.6924462,732.8931936774054,5104
matmul,linear,"[(258, 1024), (1024, 128)]",30.7573694,matmul_linear_1108,3.746857,720.8845280190839,5120
matmul,linear,"[(260, 1024), (1024, 128)]",30.76060572,matmul_linear_1109,3.7189912,727.1223045647432,5136
matmul,linear,"[(262, 1024), (1024, 128)]",30.76384204,matmul_linear_1110,3.7227145,726.3819865853264,5152
matmul,linear,"[(264, 1024), (1024, 128)]",30.76707836,matmul_linear_1111,3.7419824,722.2133369734715,5168
matmul,linear,"[(266, 1024), (1024, 128)]",30.77031468,matmul_linear_1112,3.7784107000000007,714.3718913351584,5184
matmul,linear,"[(268, 1024), (1024, 128)]",30.773551,matmul_linear_1113,3.7971339,710.4415543523498,5200
matmul,linear,"[(270, 1024), (1024, 128)]",30.77678732,matmul_linear_1114,3.810893,707.6004054692693,5216
matmul,linear,"[(272, 1024), (1024, 128)]",30.78002364,matmul_linear_1115,3.7942947,711.2185814138265,5232
matmul,linear,"[(274, 1024), (1024, 128)]",30.78325996,matmul_linear_1116,3.8878572,691.779594168222,5248
matmul,linear,"[(276, 1024), (1024, 128)]",30.78649628,matmul_linear_1117,3.8864105,692.1576035264417,5264
matmul,linear,"[(278, 1024), (1024, 128)]",30.7897326,matmul_linear_1118,3.8762946,694.3083737753059,5280
matmul,linear,"[(280, 1024), (1024, 128)]",30.79296892,matmul_linear_1119,3.8609999,697.5387132229658,5296
matmul,linear,"[(282, 1024), (1024, 128)]",30.79620524,matmul_linear_1120,3.801865900000001,710.028708271904,5312
matmul,linear,"[(284, 1024), (1024, 128)]",30.79944156,matmul_linear_1121,3.8551607,698.9145967378221,5328
matmul,linear,"[(286, 1024), (1024, 128)]",30.80267788,matmul_linear_1122,3.8683037,696.2838564097231,5344
matmul,linear,"[(288, 1024), (1024, 128)]",30.8059142,matmul_linear_1123,3.8719821,695.6109662800353,5360
matmul,linear,"[(290, 1024), (1024, 128)]",30.80915052,matmul_linear_1124,3.9195893,686.0300700382053,5376
matmul,linear,"[(292, 1024), (1024, 128)]",30.81238684,matmul_linear_1125,3.9134196,687.3519834162429,5392
matmul,linear,"[(294, 1024), (1024, 128)]",30.81562316,matmul_linear_1126,3.9216786,685.7763550536753,5408
matmul,linear,"[(296, 1024), (1024, 128)]",30.81885948,matmul_linear_1127,3.9331249,683.5718484302392,5424
matmul,linear,"[(298, 1024), (1024, 128)]",30.8220958,matmul_linear_1128,3.9985715,670.8276768340894,5440
matmul,linear,"[(300, 1024), (1024, 128)]",30.82533212,matmul_linear_1129,3.912723300000001,687.8229498109409,5456
matmul,linear,"[(302, 1024), (1024, 128)]",30.82856844,matmul_linear_1130,3.9812946,674.3352737574357,5472
matmul,linear,"[(304, 1024), (1024, 128)]",30.83180476,matmul_linear_1131,3.9412947,682.276056647071,5488
matmul,linear,"[(306, 1024), (1024, 128)]",30.83504108,matmul_linear_1132,4.1352856,645.6568678110165,5504
matmul,linear,"[(308, 1024), (1024, 128)]",30.8382774,matmul_linear_1133,4.0209997,666.9306068339174,5520
matmul,linear,"[(310, 1024), (1024, 128)]",30.84151372,matmul_linear_1134,4.0224735,666.7300659656304,5536
matmul,linear,"[(312, 1024), (1024, 128)]",30.84475004,matmul_linear_1135,3.9697143000000006,677.0017615625386,5552
matmul,linear,"[(314, 1024), (1024, 128)]",30.84798636,matmul_linear_1136,4.004455399999999,670.3416139932538,5568
matmul,linear,"[(316, 1024), (1024, 128)]",30.85122268,matmul_linear_1137,4.0204641,667.3547608595735,5584
matmul,linear,"[(318, 1024), (1024, 128)]",30.854459,matmul_linear_1138,4.058580399999999,660.2278619391157,5600
matmul,linear,"[(320, 1024), (1024, 128)]",30.85769532,matmul_linear_1139,4.106124899999999,651.5040597035907,5616
matmul,linear,"[(322, 1024), (1024, 128)]",30.86093164,matmul_linear_1140,4.1030086,652.1537156904814,5632
matmul,linear,"[(324, 1024), (1024, 128)]",30.86416796,matmul_linear_1141,4.0989999,652.9682535488718,5648
matmul,linear,"[(326, 1024), (1024, 128)]",30.86740428,matmul_linear_1142,4.126294799999999,648.0658987331688,5664
matmul,linear,"[(328, 1024), (1024, 128)]",30.8706406,matmul_linear_1143,4.0642856,659.5588410420766,5680
matmul,linear,"[(330, 1024), (1024, 128)]",30.87387692,matmul_linear_1144,4.1225623,648.9001905441187,5696
matmul,linear,"[(332, 1024), (1024, 128)]",30.87711324,matmul_linear_1145,4.133125099999999,647.0645696158581,5712
matmul,linear,"[(334, 1024), (1024, 128)]",30.88034956,matmul_linear_1146,4.0615805,660.3037674619524,5728
matmul,linear,"[(336, 1024), (1024, 128)]",30.88358588,matmul_linear_1147,4.1296965,647.841539444848,5744
matmul,linear,"[(338, 1024), (1024, 128)]",30.8868222,matmul_linear_1148,4.204428699999999,634.6259005414935,5760
matmul,linear,"[(340, 1024), (1024, 128)]",30.89005852,matmul_linear_1149,4.1177589,650.166759884849,5776
matmul,linear,"[(342, 1024), (1024, 128)]",30.89329484,matmul_linear_1150,4.168286,641.1510352216715,5792
matmul,linear,"[(344, 1024), (1024, 128)]",30.89653116,matmul_linear_1151,4.193285899999999,636.8095545309707,5808
matmul,linear,"[(346, 1024), (1024, 128)]",30.89976748,matmul_linear_1152,4.1912681,637.241492139336,5824
matmul,linear,"[(348, 1024), (1024, 128)]",30.9030038,matmul_linear_1153,4.157000099999999,643.3967538273575,5840
matmul,linear,"[(350, 1024), (1024, 128)]",30.90624012,matmul_linear_1154,4.1489822,644.9113693474029,5856
matmul,linear,"[(352, 1024), (1024, 128)]",30.90947644,matmul_linear_1155,4.1661161,641.9254696238542,5872
matmul,linear,"[(354, 1024), (1024, 128)]",30.91271276,matmul_linear_1156,4.282723299999999,621.8003731410809,5888
matmul,linear,"[(356, 1024), (1024, 128)]",30.91594908,matmul_linear_1157,4.232597999999999,630.4248851414665,5904
matmul,linear,"[(358, 1024), (1024, 128)]",30.9191854,matmul_linear_1158,4.2600358,625.79637476286,5920
matmul,linear,"[(360, 1024), (1024, 128)]",30.92242172,matmul_linear_1159,4.2539823,626.9052746176212,5936
matmul,linear,"[(362, 1024), (1024, 128)]",30.92565804,matmul_linear_1160,4.2188569000000005,633.0340604821178,5952
matmul,linear,"[(364, 1024), (1024, 128)]",30.92889436,matmul_linear_1161,4.2184106,633.1883330655389,5968
matmul,linear,"[(366, 1024), (1024, 128)]",30.93213068,matmul_linear_1162,4.2468662,628.3519005143135,5984
matmul,linear,"[(368, 1024), (1024, 128)]",30.935367,matmul_linear_1163,4.2769825,623.2988912159449,6000
matmul,linear,"[(370, 1024), (1024, 128)]",30.93860332,matmul_linear_1164,4.2751789,623.6797346656067,6016
matmul,linear,"[(372, 1024), (1024, 128)]",30.94183964,matmul_linear_1165,4.298865999999999,619.7674837968898,6032
matmul,linear,"[(374, 1024), (1024, 128)]",30.94507596,matmul_linear_1166,4.339714300000001,613.0671242574654,6048
matmul,linear,"[(376, 1024), (1024, 128)]",30.94831228,matmul_linear_1167,4.3307054,614.6252035522896,6064
matmul,linear,"[(378, 1024), (1024, 128)]",30.9515486,matmul_linear_1168,4.3505981,611.4320350574327,6080
matmul,linear,"[(380, 1024), (1024, 128)]",30.95478492,matmul_linear_1169,4.2725713,624.5001369549996,6096
matmul,linear,"[(382, 1024), (1024, 128)]",30.95802124,matmul_linear_1170,4.3305893,614.8685570344895,6112
matmul,linear,"[(384, 1024), (1024, 128)]",30.96125756,matmul_linear_1171,4.4246967,599.7373980458367,6128
matmul,linear,"[(386, 1024), (1024, 128)]",30.96449388,matmul_linear_1172,4.403018100000001,603.2561115294983,6144
matmul,linear,"[(388, 1024), (1024, 128)]",30.9677302,matmul_linear_1173,4.433134,598.551638637587,6160
matmul,linear,"[(390, 1024), (1024, 128)]",30.97096652,matmul_linear_1174,4.4768752,591.7987465900322,6176
matmul,linear,"[(392, 1024), (1024, 128)]",30.97420284,matmul_linear_1175,4.402303600000001,603.5907936926476,6192
matmul,linear,"[(394, 1024), (1024, 128)]",30.97743916,matmul_linear_1176,4.465143,593.7614127923786,6208
matmul,linear,"[(396, 1024), (1024, 128)]",30.98067548,matmul_linear_1177,4.4501251,596.1753834740512,6224
matmul,linear,"[(398, 1024), (1024, 128)]",30.9839118,matmul_linear_1178,4.353714200000001,611.666186080841,6240
matmul,linear,"[(400, 1024), (1024, 128)]",30.98714812,matmul_linear_1179,4.4254463,600.2039120890473,6256
matmul,linear,"[(402, 1024), (1024, 128)]",30.99038444,matmul_linear_1180,4.504865999999999,587.9313267031695,6272
matmul,linear,"[(404, 1024), (1024, 128)]",30.99362076,matmul_linear_1181,4.493143,589.7982272097727,6288
matmul,linear,"[(406, 1024), (1024, 128)]",30.99685708,matmul_linear_1182,4.509723,587.3339466747736,6304
matmul,linear,"[(408, 1024), (1024, 128)]",31.0000934,matmul_linear_1183,4.4858395,591.0655942995731,6320
matmul,linear,"[(410, 1024), (1024, 128)]",31.00332972,matmul_linear_1184,4.5106874,587.3304880316025,6336
matmul,linear,"[(412, 1024), (1024, 128)]",31.00656604,matmul_linear_1185,4.5418214,582.6901216327,6352
matmul,linear,"[(414, 1024), (1024, 128)]",31.00980236,matmul_linear_1186,4.4428482,597.9712329581731,6368
matmul,linear,"[(416, 1024), (1024, 128)]",31.01303868,matmul_linear_1187,4.5028839,588.7372485886212,6384
matmul,linear,"[(418, 1024), (1024, 128)]",31.016275,matmul_linear_1188,4.5603926,580.1229131018238,6400
matmul,linear,"[(420, 1024), (1024, 128)]",31.01951132,matmul_linear_1189,4.5114016,587.5803590618046,6416
matmul,linear,"[(422, 1024), (1024, 128)]",31.02274764,matmul_linear_1190,4.550455599999999,581.7503645129514,6432
matmul,linear,"[(424, 1024), (1024, 128)]",31.02598396,matmul_linear_1191,4.6496608,567.2741366423977,6448
matmul,linear,"[(426, 1024), (1024, 128)]",31.02922028,matmul_linear_1192,4.5611339,580.2961930146363,6464
matmul,linear,"[(428, 1024), (1024, 128)]",31.0324566,matmul_linear_1193,4.5649823000000005,579.7935799225332,6480
matmul,linear,"[(430, 1024), (1024, 128)]",31.03569292,matmul_linear_1194,4.5123928,587.7879275048929,6496
matmul,linear,"[(432, 1024), (1024, 128)]",31.03892924,matmul_linear_1195,4.584571400000001,577.030119762122,6512
matmul,linear,"[(434, 1024), (1024, 128)]",31.04216556,matmul_linear_1196,4.6554285,566.7950234870968,6528
matmul,linear,"[(436, 1024), (1024, 128)]",31.04540188,matmul_linear_1197,4.660883999999999,566.0839849264647,6544
matmul,linear,"[(438, 1024), (1024, 128)]",31.0486382,matmul_linear_1198,4.6380088,569.438966998079,6560
matmul,linear,"[(440, 1024), (1024, 128)]",31.05187452,matmul_linear_1199,4.596151600000001,575.6059682626656,6576
matmul,linear,"[(442, 1024), (1024, 128)]",31.05511084,matmul_linear_1200,4.6213034,571.9989611588801,6592
matmul,linear,"[(444, 1024), (1024, 128)]",31.05834716,matmul_linear_1201,4.6657142,565.671874200953,6608
matmul,linear,"[(446, 1024), (1024, 128)]",31.06158348,matmul_linear_1202,4.7082766000000005,559.7229967330295,6624
matmul,linear,"[(448, 1024), (1024, 128)]",31.0648198,matmul_linear_1203,4.659999999999999,566.6270343347641,6640
matmul,linear,"[(450, 1024), (1024, 128)]",31.06805612,matmul_linear_1204,4.7241518,557.6430528756506,6656
matmul,linear,"[(452, 1024), (1024, 128)]",31.07129244,matmul_linear_1205,4.741446300000001,555.3125454568577,6672
matmul,linear,"[(454, 1024), (1024, 128)]",31.07452876,matmul_linear_1206,4.7984109,547.600412044746,6688
matmul,linear,"[(456, 1024), (1024, 128)]",31.07776508,matmul_linear_1207,4.7921517,548.5137997613891,6704
matmul,linear,"[(458, 1024), (1024, 128)]",31.0810014,matmul_linear_1208,4.7325984000000005,556.7428455370309,6720
matmul,linear,"[(460, 1024), (1024, 128)]",31.08423772,matmul_linear_1209,4.7111607,559.7999877185256,6736
matmul,linear,"[(462, 1024), (1024, 128)]",31.08747404,matmul_linear_1210,4.7213036,558.4510693190755,6752
matmul,linear,"[(464, 1024), (1024, 128)]",31.09071036,matmul_linear_1211,4.732286,556.9913644272557,6768
matmul,linear,"[(466, 1024), (1024, 128)]",31.09394668,matmul_linear_1212,4.7587324,553.4081781946808,6784
matmul,linear,"[(468, 1024), (1024, 128)]",31.097183,matmul_linear_1213,4.7919821,548.9419691279732,6800
matmul,linear,"[(470, 1024), (1024, 128)]",31.10041932,matmul_linear_1214,4.8582501,540.1568194276371,6816
matmul,linear,"[(472, 1024), (1024, 128)]",31.10365564,matmul_linear_1215,4.8554105000000005,540.5978575858827,6832
matmul,linear,"[(474, 1024), (1024, 128)]",31.10689196,matmul_linear_1216,4.779446500000001,550.8471631600019,6848
matmul,linear,"[(476, 1024), (1024, 128)]",31.11012828,matmul_linear_1217,4.800856900000001,548.0119888597386,6864
matmul,linear,"[(478, 1024), (1024, 128)]",31.1133646,matmul_linear_1218,4.8032947,547.7504826010363,6880
matmul,linear,"[(480, 1024), (1024, 128)]",31.11660092,matmul_linear_1219,4.795419600000001,548.881714542769,6896
matmul,linear,"[(482, 1024), (1024, 128)]",31.11983724,matmul_linear_1220,4.9200087,532.5158985999354,6912
matmul,linear,"[(484, 1024), (1024, 128)]",31.12307356,matmul_linear_1221,4.879151800000001,537.8787714700738,6928
matmul,linear,"[(486, 1024), (1024, 128)]",31.12630988,matmul_linear_1222,4.8698751,539.160332469307,6944
matmul,linear,"[(488, 1024), (1024, 128)]",31.1295462,matmul_linear_1223,4.8661339,539.7182412099265,6960
matmul,linear,"[(490, 1024), (1024, 128)]",31.13278252,matmul_linear_1224,4.885437400000001,537.256809799671,6976
matmul,linear,"[(492, 1024), (1024, 128)]",31.13601884,matmul_linear_1225,4.9241516,532.3123528528245,6992
matmul,linear,"[(494, 1024), (1024, 128)]",31.13925516,matmul_linear_1226,4.8941607,536.2532223349349,7008
matmul,linear,"[(496, 1024), (1024, 128)]",31.14249148,matmul_linear_1227,4.8546875,541.4932264950113,7024
matmul,linear,"[(498, 1024), (1024, 128)]",31.1457278,matmul_linear_1228,5.049982100000001,516.749271249892,7040
matmul,linear,"[(500, 1024), (1024, 128)]",31.14896412,matmul_linear_1229,4.946741,529.6865778903726,7056
matmul,linear,"[(502, 1024), (1024, 128)]",31.15220044,matmul_linear_1230,4.9706876,526.718131310445,7072
matmul,linear,"[(504, 1024), (1024, 128)]",31.15543676,matmul_linear_1231,4.9205714,533.1670496641914,7088
matmul,linear,"[(506, 1024), (1024, 128)]",31.15867308,matmul_linear_1232,4.934839500000001,531.4019550179898,7104
matmul,linear,"[(508, 1024), (1024, 128)]",31.1619094,matmul_linear_1233,4.9287233,532.2511430089817,7120
matmul,linear,"[(510, 1024), (1024, 128)]",31.16514572,matmul_linear_1234,5.0266605,519.9970282456911,7136
matmul,linear,"[(512, 1024), (1024, 128)]",31.16838204,matmul_linear_1235,4.9597142000000005,528.4310099965035,7152
matmul,linear,"[(514, 1024), (1024, 128)]",31.17161836,matmul_linear_1236,5.0194552,521.0159692231141,7168
matmul,linear,"[(516, 1024), (1024, 128)]",31.17485468,matmul_linear_1237,4.9862947,525.2108340086678,7184
matmul,linear,"[(518, 1024), (1024, 128)]",31.178091,matmul_linear_1238,4.978303500000001,526.2794343494726,7200
matmul,linear,"[(520, 1024), (1024, 128)]",31.18132732,matmul_linear_1239,5.0669998,515.3804726812897,7216
matmul,linear,"[(522, 1024), (1024, 128)]",31.18456364,matmul_linear_1240,5.033723300000001,519.5128691320795,7232
matmul,linear,"[(524, 1024), (1024, 128)]",31.18779996,matmul_linear_1241,5.006571699999999,522.9372478576508,7248
matmul,linear,"[(526, 1024), (1024, 128)]",31.19103628,matmul_linear_1242,5.0406964,518.7842671897478,7264
matmul,linear,"[(528, 1024), (1024, 128)]",31.1942726,matmul_linear_1243,5.0978483,511.9105701909569,7280
matmul,linear,"[(530, 1024), (1024, 128)]",31.19750892,matmul_linear_1244,5.1669911,503.7848394977882,7296
matmul,linear,"[(532, 1024), (1024, 128)]",31.20074524,matmul_linear_1245,5.1507234,505.7546254570765,7312
matmul,linear,"[(534, 1024), (1024, 128)]",31.20398156,matmul_linear_1246,5.1112767,510.49290405271927,7328
matmul,linear,"[(536, 1024), (1024, 128)]",31.20721788,matmul_linear_1247,5.1057231000000005,511.2203358619272,7344
matmul,linear,"[(538, 1024), (1024, 128)]",31.2104542,matmul_linear_1248,5.075866,514.879395949381,7360
matmul,linear,"[(540, 1024), (1024, 128)]",31.21369052,matmul_linear_1249,5.0941606,512.7347166871809,7376
matmul,linear,"[(542, 1024), (1024, 128)]",31.21692684,matmul_linear_1250,5.1298751000000005,508.531908310984,7392
matmul,linear,"[(544, 1024), (1024, 128)]",31.22016316,matmul_linear_1251,5.075607,515.1020589261541,7408
matmul,linear,"[(546, 1024), (1024, 128)]",31.22339948,matmul_linear_1252,5.188865899999999,501.738416095895,7424
matmul,linear,"[(548, 1024), (1024, 128)]",31.2266358,matmul_linear_1253,5.126982099999999,509.0646542339207,7440
matmul,linear,"[(550, 1024), (1024, 128)]",31.22987212,matmul_linear_1254,5.177875299999999,503.14067664008826,7456
matmul,linear,"[(552, 1024), (1024, 128)]",31.23310844,matmul_linear_1255,5.2035982,500.2213706661671,7472
matmul,linear,"[(554, 1024), (1024, 128)]",31.23634476,matmul_linear_1256,5.166401800000001,504.605409513445,7488
matmul,linear,"[(556, 1024), (1024, 128)]",31.23958108,matmul_linear_1257,5.1711696,504.1105493813237,7504
matmul,linear,"[(558, 1024), (1024, 128)]",31.2428174,matmul_linear_1258,5.2011431,500.6913634043255,7520
matmul,linear,"[(560, 1024), (1024, 128)]",31.24605372,matmul_linear_1259,5.2053305000000005,500.2703136717255,7536
matmul,linear,"[(562, 1024), (1024, 128)]",31.24929004,matmul_linear_1260,5.306731900000001,488.8612922013263,7552
matmul,linear,"[(564, 1024), (1024, 128)]",31.25252636,matmul_linear_1261,5.2272592,497.87596452075695,7568
matmul,linear,"[(566, 1024), (1024, 128)]",31.25576268,matmul_linear_1262,5.2450086,495.91442195156736,7584
matmul,linear,"[(568, 1024), (1024, 128)]",31.258999,matmul_linear_1263,5.312990900000001,488.35032072048153,7600
matmul,linear,"[(570, 1024), (1024, 128)]",31.26223532,matmul_linear_1264,5.2242945,498.40109166893257,7616
matmul,linear,"[(572, 1024), (1024, 128)]",31.26547164,matmul_linear_1265,5.295580500000001,490.4068806054407,7632
matmul,linear,"[(574, 1024), (1024, 128)]",31.26870796,matmul_linear_1266,5.3467321000000005,484.8190516222049,7648
matmul,linear,"[(576, 1024), (1024, 128)]",31.27194428,matmul_linear_1267,5.3091247,489.02259877226095,7664
matmul,linear,"[(578, 1024), (1024, 128)]",31.2751806,matmul_linear_1268,5.424732199999999,476.5294847181581,7680
matmul,linear,"[(580, 1024), (1024, 128)]",31.27841692,matmul_linear_1269,5.295714299999999,490.63641178679154,7696
matmul,linear,"[(582, 1024), (1024, 128)]",31.28165324,matmul_linear_1270,5.2911516,491.2068979463753,7712
matmul,linear,"[(584, 1024), (1024, 128)]",31.28488956,matmul_linear_1271,5.343857099999999,485.436492304407,7728
matmul,linear,"[(586, 1024), (1024, 128)]",31.28812588,matmul_linear_1272,5.444857,474.6363197417306,7744
matmul,linear,"[(588, 1024), (1024, 128)]",31.2913622,matmul_linear_1273,5.256598400000001,495.27777887692537,7760
matmul,linear,"[(590, 1024), (1024, 128)]",31.29459852,matmul_linear_1274,5.356562599999999,484.22911962234895,7776
matmul,linear,"[(592, 1024), (1024, 128)]",31.29783484,matmul_linear_1275,5.348973000000001,485.1185795852773,7792
matmul,linear,"[(594, 1024), (1024, 128)]",31.30107116,matmul_linear_1276,5.477875199999999,471.4089864624883,7808
matmul,linear,"[(596, 1024), (1024, 128)]",31.30430748,matmul_linear_1277,5.3854377,481.2769402197337,7824
matmul,linear,"[(598, 1024), (1024, 128)]",31.3075438,matmul_linear_1278,5.4608572,473.30823080303225,7840
matmul,linear,"[(600, 1024), (1024, 128)]",31.31078012,matmul_linear_1279,5.3675627,483.3332905454463,7856
matmul,linear,"[(602, 1024), (1024, 128)]",31.31401644,matmul_linear_1280,5.391973,480.7524711269882,7872
matmul,linear,"[(604, 1024), (1024, 128)]",31.31725276,matmul_linear_1281,5.4611161,473.458834907392,7888
matmul,linear,"[(606, 1024), (1024, 128)]",31.32048908,matmul_linear_1282,5.373455300000001,482.8742835173487,7904
matmul,linear,"[(608, 1024), (1024, 128)]",31.3237254,matmul_linear_1283,5.413553500000001,478.6167145110877,7920
matmul,linear,"[(610, 1024), (1024, 128)]",31.32696172,matmul_linear_1284,5.4846965,471.17037779574497,7936
matmul,linear,"[(612, 1024), (1024, 128)]",31.33019804,matmul_linear_1285,5.519294599999999,467.6485911804745,7952
matmul,linear,"[(614, 1024), (1024, 128)]",31.33343436,matmul_linear_1286,5.550178400000001,464.548237944928,7968
matmul,linear,"[(616, 1024), (1024, 128)]",31.33667068,matmul_linear_1287,5.4690357,472.9834727537069,7984
matmul,linear,"[(618, 1024), (1024, 128)]",31.339907,matmul_linear_1288,5.4967231000000005,470.15618996707326,8000
matmul,linear,"[(620, 1024), (1024, 128)]",31.34314332,matmul_linear_1289,5.533571500000001,466.41796929885146,8016
matmul,linear,"[(622, 1024), (1024, 128)]",31.34637964,matmul_linear_1290,5.447142899999999,475.4646098966856,8032
matmul,linear,"[(624, 1024), (1024, 128)]",31.34961596,matmul_linear_1291,5.5282678,467.0784609964083,8048
matmul,linear,"[(626, 1024), (1024, 128)]",31.35285228,matmul_linear_1292,5.5845536000000005,461.4209214501943,8064
matmul,linear,"[(628, 1024), (1024, 128)]",31.3560886,matmul_linear_1293,5.5586964000000005,464.0906850030521,8080
matmul,linear,"[(630, 1024), (1024, 128)]",31.35932492,matmul_linear_1294,5.6205715000000005,457.938368366989,8096
matmul,linear,"[(632, 1024), (1024, 128)]",31.36256124,matmul_linear_1295,5.6048841000000005,459.55771217463706,8112
matmul,linear,"[(634, 1024), (1024, 128)]",31.36579756,matmul_linear_1296,5.5277142,467.4279896742852,8128
matmul,linear,"[(636, 1024), (1024, 128)]",31.36903388,matmul_linear_1297,5.5757501000000005,462.5975575913992,8144
matmul,linear,"[(638, 1024), (1024, 128)]",31.3722702,matmul_linear_1298,5.6235804,457.8700395214408,8160
matmul,linear,"[(640, 1024), (1024, 128)]",31.37550652,matmul_linear_1299,5.581571299999999,462.1267710044303,8176
matmul,linear,"[(642, 1024), (1024, 128)]",31.37874284,matmul_linear_1300,5.606580500000001,459.6770230981255,8192
matmul,linear,"[(644, 1024), (1024, 128)]",31.38197916,matmul_linear_1301,5.6357051,456.8421094283305,8208
matmul,linear,"[(646, 1024), (1024, 128)]",31.38521548,matmul_linear_1302,5.637419899999999,456.7301360680975,8224
matmul,linear,"[(648, 1024), (1024, 128)]",31.3884518,matmul_linear_1303,5.7787234,443.17276718937615,8240
matmul,linear,"[(650, 1024), (1024, 128)]",31.39168812,matmul_linear_1304,5.6828751,452.3909564720154,8256
matmul,linear,"[(652, 1024), (1024, 128)]",31.39492444,matmul_linear_1305,5.588035700000001,461.82397760987806,8272
matmul,linear,"[(654, 1024), (1024, 128)]",31.39816076,matmul_linear_1306,5.631874999999999,457.5081258017979,8288
matmul,linear,"[(656, 1024), (1024, 128)]",31.40139708,matmul_linear_1307,5.672321800000001,453.58983829161457,8304
matmul,linear,"[(658, 1024), (1024, 128)]",31.4046334,matmul_linear_1308,5.7335447,447.73504076806097,8320
matmul,linear,"[(660, 1024), (1024, 128)]",31.40786972,matmul_linear_1309,5.6927146,451.7204343952181,8336
matmul,linear,"[(662, 1024), (1024, 128)]",31.41110604,matmul_linear_1310,5.754116099999999,445.8893337240798,8352
matmul,linear,"[(664, 1024), (1024, 128)]",31.41434236,matmul_linear_1311,5.739821399999999,447.3052238175913,8368
matmul,linear,"[(666, 1024), (1024, 128)]",31.41757868,matmul_linear_1312,5.7611429,445.3358686867497,8384
matmul,linear,"[(668, 1024), (1024, 128)]",31.420815,matmul_linear_1313,5.697410799999999,451.4928816437109,8400
matmul,linear,"[(670, 1024), (1024, 128)]",31.42405132,matmul_linear_1314,5.6642858,454.7751725380807,8416
matmul,linear,"[(672, 1024), (1024, 128)]",31.42728764,matmul_linear_1315,5.7404107,447.4745498610404,8432
matmul,linear,"[(674, 1024), (1024, 128)]",31.43052396,matmul_linear_1316,5.8468572000000005,437.5627090738593,8448
matmul,linear,"[(676, 1024), (1024, 128)]",31.43376028,matmul_linear_1317,5.8740177,435.1322022744332,8464
matmul,linear,"[(678, 1024), (1024, 128)]",31.4369966,matmul_linear_1318,5.8895982,433.77149904725246,8480
matmul,linear,"[(680, 1024), (1024, 128)]",31.44023292,matmul_linear_1319,5.7977323,442.2850054667063,8496
matmul,linear,"[(682, 1024), (1024, 128)]",31.44346924,matmul_linear_1320,5.875133999999999,435.1957800451872,8512
matmul,linear,"[(684, 1024), (1024, 128)]",31.44670556,matmul_linear_1321,5.8005714,442.1311693534193,8528
matmul,linear,"[(686, 1024), (1024, 128)]",31.44994188,matmul_linear_1322,5.7934106,442.8571190862944,8544
matmul,linear,"[(688, 1024), (1024, 128)]",31.4531782,matmul_linear_1323,5.8160001,440.80429262716143,8560
matmul,linear,"[(690, 1024), (1024, 128)]",31.45641452,matmul_linear_1324,5.9721696,426.71669806564097,8576
matmul,linear,"[(692, 1024), (1024, 128)]",31.45965084,matmul_linear_1325,5.972428599999999,426.7480441708421,8592
matmul,linear,"[(694, 1024), (1024, 128)]",31.46288716,matmul_linear_1326,5.915392899999999,431.8816128003942,8608
matmul,linear,"[(696, 1024), (1024, 128)]",31.46612348,matmul_linear_1327,5.973000000000001,426.8060184162063,8624
matmul,linear,"[(698, 1024), (1024, 128)]",31.4693598,matmul_linear_1328,5.9104377,432.43704438336266,8640
matmul,linear,"[(700, 1024), (1024, 128)]",31.47259612,matmul_linear_1329,5.970857199999999,427.1034805521727,8656
matmul,linear,"[(702, 1024), (1024, 128)]",31.47583244,matmul_linear_1330,5.8132502,441.4498147697136,8672
matmul,linear,"[(704, 1024), (1024, 128)]",31.47906876,matmul_linear_1331,5.904714500000001,433.1175412460669,8688
matmul,linear,"[(706, 1024), (1024, 128)]",31.48230508,matmul_linear_1332,5.983027,426.193598658338,8704
matmul,linear,"[(708, 1024), (1024, 128)]",31.4855414,matmul_linear_1333,5.9968303,425.036391308255,8720
matmul,linear,"[(710, 1024), (1024, 128)]",31.48877772,matmul_linear_1334,5.9428573,429.85922647006856,8736
matmul,linear,"[(712, 1024), (1024, 128)]",31.49201404,matmul_linear_1335,5.9992768000000005,424.9301722500952,8752
matmul,linear,"[(714, 1024), (1024, 128)]",31.49525036,matmul_linear_1336,6.0196071,423.2110640576525,8768
matmul,linear,"[(716, 1024), (1024, 128)]",31.49848668,matmul_linear_1337,6.0346696,421.9587610894223,8784
matmul,linear,"[(718, 1024), (1024, 128)]",31.501723,matmul_linear_1338,5.986982,426.1703308945976,8800
matmul,linear,"[(720, 1024), (1024, 128)]",31.50495932,matmul_linear_1339,5.892857300000001,434.629598446241,8816
matmul,linear,"[(722, 1024), (1024, 128)]",31.50819564,matmul_linear_1340,6.168321499999999,410.8066374296477,8832
matmul,linear,"[(724, 1024), (1024, 128)]",31.51143196,matmul_linear_1341,5.9524287000000005,429.3878103907401,8848
matmul,linear,"[(726, 1024), (1024, 128)]",31.51466828,matmul_linear_1342,6.0212948,423.3869014352196,8864
matmul,linear,"[(728, 1024), (1024, 128)]",31.5179046,matmul_linear_1343,6.0772856,418.61812451269367,8880
matmul,linear,"[(730, 1024), (1024, 128)]",31.52114092,matmul_linear_1344,5.995990999999999,425.7036062929381,8896
matmul,linear,"[(732, 1024), (1024, 128)]",31.52437724,matmul_linear_1345,6.042714200000001,421.69234215975325,8912
matmul,linear,"[(734, 1024), (1024, 128)]",31.52761356,matmul_linear_1346,6.030884,422.76935785864896,8928
matmul,linear,"[(736, 1024), (1024, 128)]",31.53084988,matmul_linear_1347,6.0650268,419.8798112483196,8944
matmul,linear,"[(738, 1024), (1024, 128)]",31.5340862,matmul_linear_1348,6.1922946,409.2471892406411,8960
matmul,linear,"[(740, 1024), (1024, 128)]",31.53732252,matmul_linear_1349,6.1802765,410.2898312073901,8976
matmul,linear,"[(742, 1024), (1024, 128)]",31.54055884,matmul_linear_1350,6.138392700000001,413.8243898928134,8992
matmul,linear,"[(744, 1024), (1024, 128)]",31.54379516,matmul_linear_1351,6.0740092,419.32412548864767,9008
matmul,linear,"[(746, 1024), (1024, 128)]",31.54703148,matmul_linear_1352,6.0424462,422.09039908373535,9024
matmul,linear,"[(748, 1024), (1024, 128)]",31.5502678,matmul_linear_1353,6.0375625,422.5663138062753,9040
matmul,linear,"[(750, 1024), (1024, 128)]",31.55350412,matmul_linear_1354,6.143571199999999,413.601992925548,9056
matmul,linear,"[(752, 1024), (1024, 128)]",31.55674044,matmul_linear_1355,6.0682678,420.0288036068547,9072
matmul,linear,"[(754, 1024), (1024, 128)]",31.55997676,matmul_linear_1356,7.1236962,343.02811172660614,9088
matmul,linear,"[(756, 1024), (1024, 128)]",31.56321308,matmul_linear_1357,7.0921339,345.0453632862177,9104
matmul,linear,"[(758, 1024), (1024, 128)]",31.5664494,matmul_linear_1358,7.1137411,343.7390812550093,9120
matmul,linear,"[(760, 1024), (1024, 128)]",31.56968572,matmul_linear_1359,7.132169599999999,342.6378996932434,9136
matmul,linear,"[(762, 1024), (1024, 128)]",31.57292204,matmul_linear_1360,7.104982,344.3772276974101,9152
matmul,linear,"[(764, 1024), (1024, 128)]",31.57615836,matmul_linear_1361,7.152937400000001,341.44323645276137,9168
matmul,linear,"[(766, 1024), (1024, 128)]",31.57939468,matmul_linear_1362,7.086428700000001,345.6320103806308,9184
matmul,linear,"[(768, 1024), (1024, 128)]",31.582631,matmul_linear_1363,7.1045806,344.53899221018054,9200
matmul,linear,"[(770, 1024), (1024, 128)]",31.58586732,matmul_linear_1364,7.256017900000001,335.3058076110865,9216
matmul,linear,"[(772, 1024), (1024, 128)]",31.58910364,matmul_linear_1365,7.2164287,337.7387341192743,9232
matmul,linear,"[(774, 1024), (1024, 128)]",31.59233996,matmul_linear_1366,7.280419599999999,333.93570282679866,9248
matmul,linear,"[(776, 1024), (1024, 128)]",31.59557628,matmul_linear_1367,7.2712946,334.5247719711425,9264
matmul,linear,"[(778, 1024), (1024, 128)]",31.5988126,matmul_linear_1368,7.2580091,335.36474210262435,9280
matmul,linear,"[(780, 1024), (1024, 128)]",31.60204892,matmul_linear_1369,7.341741099999998,330.4435213603488,9296
matmul,linear,"[(782, 1024), (1024, 128)]",31.60528524,matmul_linear_1370,7.282714199999999,333.97673411377315,9312
matmul,linear,"[(784, 1024), (1024, 128)]",31.60852156,matmul_linear_1371,7.310723,332.3583530657638,9328
matmul,linear,"[(786, 1024), (1024, 128)]",31.61175788,matmul_linear_1372,7.2411516,336.5570509530555,9344
matmul,linear,"[(788, 1024), (1024, 128)]",31.6149942,matmul_linear_1373,7.215982300000002,338.1246084819248,9360
matmul,linear,"[(790, 1024), (1024, 128)]",31.61823052,matmul_linear_1374,7.2117318,338.4277091391557,9376
matmul,linear,"[(792, 1024), (1024, 128)]",31.62146684,matmul_linear_1375,7.208294499999999,338.6816720654241,9392
matmul,linear,"[(794, 1024), (1024, 128)]",31.62470316,matmul_linear_1376,7.222544500000001,337.8609665887139,9408
matmul,linear,"[(796, 1024), (1024, 128)]",31.62793948,matmul_linear_1377,7.2012501,339.20068100398294,9424
matmul,linear,"[(798, 1024), (1024, 128)]",31.6311758,matmul_linear_1378,7.238134,337.0073253686655,9440
matmul,linear,"[(800, 1024), (1024, 128)]",31.63441212,matmul_linear_1379,7.1761427,340.8275231204642,9456
matmul,linear,"[(802, 1024), (1024, 128)]",31.63764844,matmul_linear_1380,7.459,324.1540211824641,9472
matmul,linear,"[(804, 1024), (1024, 128)]",31.64088476,matmul_linear_1381,7.3982768,327.6791152231558,9488
matmul,linear,"[(806, 1024), (1024, 128)]",31.64412108,matmul_linear_1382,7.4580178,324.2966687475592,9504
matmul,linear,"[(808, 1024), (1024, 128)]",31.6473574,matmul_linear_1383,7.4393036,325.4075260485404,9520
matmul,linear,"[(810, 1024), (1024, 128)]",31.65059372,matmul_linear_1384,7.3670179,329.6255845937336,9536
matmul,linear,"[(812, 1024), (1024, 128)]",31.65383004,matmul_linear_1385,7.361160600000001,330.0114039082369,9552
matmul,linear,"[(814, 1024), (1024, 128)]",31.65706636,matmul_linear_1386,7.4134285,327.023291045432,9568
matmul,linear,"[(816, 1024), (1024, 128)]",31.66030268,matmul_linear_1387,7.4973034,322.28920174152216,9584
matmul,linear,"[(818, 1024), (1024, 128)]",31.663539,matmul_linear_1388,7.437741099999999,325.7144551589729,9600
matmul,linear,"[(820, 1024), (1024, 128)]",31.66677532,matmul_linear_1389,7.4332948,326.0126387022885,9616
matmul,linear,"[(822, 1024), (1024, 128)]",31.67001164,matmul_linear_1390,7.3558576,330.54139112209026,9632
matmul,linear,"[(824, 1024), (1024, 128)]",31.67324796,matmul_linear_1391,7.4054375,327.7025896174264,9648
matmul,linear,"[(826, 1024), (1024, 128)]",31.67648428,matmul_linear_1392,7.405142700000001,327.7633202125868,9664
matmul,linear,"[(828, 1024), (1024, 128)]",31.6797206,matmul_linear_1393,7.386714,328.8743357330472,9680
matmul,linear,"[(830, 1024), (1024, 128)]",31.68295692,matmul_linear_1394,7.3619731,330.3595855301346,9696
matmul,linear,"[(832, 1024), (1024, 128)]",31.68619324,matmul_linear_1395,7.3722767,329.80200729579235,9712
matmul,linear,"[(834, 1024), (1024, 128)]",31.68942956,matmul_linear_1396,7.549991,319.7280441791255,9728
matmul,linear,"[(836, 1024), (1024, 128)]",31.69266588,matmul_linear_1397,7.5323037,320.7566123495525,9744
matmul,linear,"[(838, 1024), (1024, 128)]",31.6959022,matmul_linear_1398,7.5791785,318.1970671359699,9760
matmul,linear,"[(840, 1024), (1024, 128)]",31.69913852,matmul_linear_1399,7.510874799999999,322.04322883933577,9776
matmul,linear,"[(842, 1024), (1024, 128)]",31.70237484,matmul_linear_1400,7.578732100000001,318.3071049575693,9792
matmul,linear,"[(844, 1024), (1024, 128)]",31.70561116,matmul_linear_1401,7.594294499999999,317.4925157300656,9808
matmul,linear,"[(846, 1024), (1024, 128)]",31.70884748,matmul_linear_1402,7.546848200000001,320.16013360385324,9824
matmul,linear,"[(848, 1024), (1024, 128)]",31.7120838,matmul_linear_1403,7.552008999999998,319.91586344772645,9840
matmul,linear,"[(850, 1024), (1024, 128)]",31.71532012,matmul_linear_1404,7.635571199999999,315.36277102622006,9856
matmul,linear,"[(852, 1024), (1024, 128)]",31.71855644,matmul_linear_1405,7.5701429,318.9954781434839,9872
matmul,linear,"[(854, 1024), (1024, 128)]",31.72179276,matmul_linear_1406,7.531312700000001,321.19872090824214,9888
matmul,linear,"[(856, 1024), (1024, 128)]",31.72502908,matmul_linear_1407,7.616562799999999,316.52684961778306,9904
matmul,linear,"[(858, 1024), (1024, 128)]",31.7282654,matmul_linear_1408,7.5998215,317.4869817666112,9920
matmul,linear,"[(860, 1024), (1024, 128)]",31.73150172,matmul_linear_1409,7.5684376,319.26092804147584,9936
matmul,linear,"[(862, 1024), (1024, 128)]",31.73473804,matmul_linear_1410,7.582446399999999,318.529012483359,9952
matmul,linear,"[(864, 1024), (1024, 128)]",31.73797436,matmul_linear_1411,7.600553500000001,317.5745142771509,9968
matmul,linear,"[(866, 1024), (1024, 128)]",31.74121068,matmul_linear_1412,7.719857099999999,311.16318953624165,9984
matmul,linear,"[(868, 1024), (1024, 128)]",31.744447,matmul_linear_1413,7.696848,312.43437573406675,10000
matmul,linear,"[(870, 1024), (1024, 128)]",31.74768332,matmul_linear_1414,7.720848599999999,311.1942218372214,10016
matmul,linear,"[(872, 1024), (1024, 128)]",31.75091964,matmul_linear_1415,7.7121516,311.6998898206306,10032
matmul,linear,"[(874, 1024), (1024, 128)]",31.75415596,matmul_linear_1416,7.735160699999999,310.5170815649636,10048
matmul,linear,"[(876, 1024), (1024, 128)]",31.75739228,matmul_linear_1417,7.7223928,311.2377225877451,10064
matmul,linear,"[(878, 1024), (1024, 128)]",31.7606286,matmul_linear_1418,7.7550179,309.54939123996087,10080
matmul,linear,"[(880, 1024), (1024, 128)]",31.76386492,matmul_linear_1419,7.709866,311.98984418146824,10096
matmul,linear,"[(882, 1024), (1024, 128)]",31.76710124,matmul_linear_1420,7.6625625,314.5754274761218,10112
matmul,linear,"[(884, 1024), (1024, 128)]",31.77033756,matmul_linear_1421,7.706892600000001,312.2327792656667,10128
matmul,linear,"[(886, 1024), (1024, 128)]",31.77357388,matmul_linear_1422,7.743437399999999,310.3290598048872,10144
matmul,linear,"[(888, 1024), (1024, 128)]",31.7768102,matmul_linear_1423,7.749446199999999,310.052658988716,10160
matmul,linear,"[(890, 1024), (1024, 128)]",31.78004652,matmul_linear_1424,7.656160700000001,315.0911633816672,10176
matmul,linear,"[(892, 1024), (1024, 128)]",31.78328284,matmul_linear_1425,7.769437499999999,309.08087413020576,10192
matmul,linear,"[(894, 1024), (1024, 128)]",31.78651916,matmul_linear_1426,7.6726966,314.2809342936876,10208
matmul,linear,"[(896, 1024), (1024, 128)]",31.78975548,matmul_linear_1427,7.773285800000001,308.9616192936068,10224
matmul,linear,"[(898, 1024), (1024, 128)]",31.7929918,matmul_linear_1428,7.840714,305.485926409253,10240
matmul,linear,"[(900, 1024), (1024, 128)]",31.79622812,matmul_linear_1429,7.8184375,306.68264112874215,10256
matmul,linear,"[(902, 1024), (1024, 128)]",31.79946444,matmul_linear_1430,7.846455399999999,305.27171593940375,10272
matmul,linear,"[(904, 1024), (1024, 128)]",31.80270076,matmul_linear_1431,7.8431426,305.4841583525461,10288
matmul,linear,"[(906, 1024), (1024, 128)]",31.80593708,matmul_linear_1432,7.868133899999999,304.2373640845131,10304
matmul,linear,"[(908, 1024), (1024, 128)]",31.8091734,matmul_linear_1433,7.861169599999999,304.63665101437323,10320
matmul,linear,"[(910, 1024), (1024, 128)]",31.81240972,matmul_linear_1434,7.8774372,303.8421241872928,10336
matmul,linear,"[(912, 1024), (1024, 128)]",31.81564604,matmul_linear_1435,7.8505714,305.2653548250004,10352
matmul,linear,"[(914, 1024), (1024, 128)]",31.81888236,matmul_linear_1436,7.856437400000002,305.00395713711146,10368
matmul,linear,"[(916, 1024), (1024, 128)]",31.82211868,matmul_linear_1437,7.823848100000001,306.73231731071047,10384
matmul,linear,"[(918, 1024), (1024, 128)]",31.825355,matmul_linear_1438,7.8490181,305.46925226226705,10400
matmul,linear,"[(920, 1024), (1024, 128)]",31.82859132,matmul_linear_1439,7.886259,303.59556185004834,10416
matmul,linear,"[(922, 1024), (1024, 128)]",31.83182764,matmul_linear_1440,7.893285799999999,303.2772719315447,10432
matmul,linear,"[(924, 1024), (1024, 128)]",31.83506396,matmul_linear_1441,7.851008699999999,305.4901118629508,10448
matmul,linear,"[(926, 1024), (1024, 128)]",31.83830028,matmul_linear_1442,7.837268,306.2423318942264,10464
matmul,linear,"[(928, 1024), (1024, 128)]",31.8415366,matmul_linear_1443,7.9171605,302.18379556660506,10480
matmul,linear,"[(930, 1024), (1024, 128)]",31.84477292,matmul_linear_1444,8.017678499999999,297.1819638315506,10496
matmul,linear,"[(932, 1024), (1024, 128)]",31.84800924,matmul_linear_1445,8.0289732,296.6635389940024,10512
matmul,linear,"[(934, 1024), (1024, 128)]",31.85124556,matmul_linear_1446,8.0681516,294.7774798877106,10528
matmul,linear,"[(936, 1024), (1024, 128)]",31.85448188,matmul_linear_1447,7.9876966,298.7943392842438,10544
matmul,linear,"[(938, 1024), (1024, 128)]",31.8577182,matmul_linear_1448,8.0671339,294.9075172782244,10560
matmul,linear,"[(940, 1024), (1024, 128)]",31.86095452,matmul_linear_1449,8.0124287,297.64415650899963,10576
matmul,linear,"[(942, 1024), (1024, 128)]",31.86419084,matmul_linear_1450,8.010598400000001,297.7754126333433,10592
matmul,linear,"[(944, 1024), (1024, 128)]",31.86742716,matmul_linear_1451,8.019169699999999,297.3906071597413,10608
matmul,linear,"[(946, 1024), (1024, 128)]",31.87066348,matmul_linear_1452,7.9990267,298.43176770493847,10624
matmul,linear,"[(948, 1024), (1024, 128)]",31.8738998,matmul_linear_1453,8.0447057,296.209643815808,10640
matmul,linear,"[(950, 1024), (1024, 128)]",31.87713612,matmul_linear_1454,8.0584286,295.5750891681289,10656
matmul,linear,"[(952, 1024), (1024, 128)]",31.88037244,matmul_linear_1455,8.042151899999999,296.4159448418278,10672
matmul,linear,"[(954, 1024), (1024, 128)]",31.88360876,matmul_linear_1456,7.975018,299.7935648546499,10688
matmul,linear,"[(956, 1024), (1024, 128)]",31.88684508,matmul_linear_1457,8.0452767,296.34242884399487,10704
matmul,linear,"[(958, 1024), (1024, 128)]",31.8900814,matmul_linear_1458,8.0848392,294.44298904547173,10720
matmul,linear,"[(960, 1024), (1024, 128)]",31.89331772,matmul_linear_1459,8.0028303,298.52547816739286,10736
matmul,linear,"[(962, 1024), (1024, 128)]",31.89655404,matmul_linear_1460,8.2180538,288.1278319204968,10752
matmul,linear,"[(964, 1024), (1024, 128)]",31.89979036,matmul_linear_1461,8.2054105,288.76531966316617,10768
matmul,linear,"[(966, 1024), (1024, 128)]",31.90302668,matmul_linear_1462,8.2104286,288.5671288828941,10784
matmul,linear,"[(968, 1024), (1024, 128)]",31.906263,matmul_linear_1463,8.200312300000002,289.08594981193573,10800
matmul,linear,"[(970, 1024), (1024, 128)]",31.90949932,matmul_linear_1464,8.1795716,290.11210953884193,10816
matmul,linear,"[(972, 1024), (1024, 128)]",31.91273564,matmul_linear_1465,8.1858392,289.8529504464246,10832
matmul,linear,"[(974, 1024), (1024, 128)]",31.91597196,matmul_linear_1466,8.108419799999998,293.6151894848859,10848
matmul,linear,"[(976, 1024), (1024, 128)]",31.91920828,matmul_linear_1467,8.1664377,290.8584067199827,10864
matmul,linear,"[(978, 1024), (1024, 128)]",31.9224446,matmul_linear_1468,8.1520002,291.59033141338733,10880
matmul,linear,"[(980, 1024), (1024, 128)]",31.92568092,matmul_linear_1469,8.190857199999998,289.7721586453736,10896
matmul,linear,"[(982, 1024), (1024, 128)]",31.92891724,matmul_linear_1470,8.1682858,290.88883545186434,10912
matmul,linear,"[(984, 1024), (1024, 128)]",31.93215356,matmul_linear_1471,8.2008572,289.3758028124182,10928
matmul,linear,"[(986, 1024), (1024, 128)]",31.93538988,matmul_linear_1472,8.317741100000001,283.9430621373873,10944
matmul,linear,"[(988, 1024), (1024, 128)]",31.9386262,matmul_linear_1473,8.096705299999998,294.4644768039169,10960
matmul,linear,"[(990, 1024), (1024, 128)]",31.94186252,matmul_linear_1474,8.251285800000002,287.11375771276755,10976
matmul,linear,"[(992, 1024), (1024, 128)]",31.94509884,matmul_linear_1475,8.1278661,293.0318049899961,10992
matmul,linear,"[(994, 1024), (1024, 128)]",31.94833516,matmul_linear_1476,8.329455399999999,283.558511640509,11008
matmul,linear,"[(996, 1024), (1024, 128)]",31.95157148,matmul_linear_1477,8.364830399999999,281.9751262380646,11024
matmul,linear,"[(998, 1024), (1024, 128)]",31.9548078,matmul_linear_1478,8.310991000000001,284.488538129809,11040
matmul,linear,"[(1000, 1024), (1024, 128)]",31.95804412,matmul_linear_1479,8.412419400000001,279.8912369965767,11056
matmul,linear,"[(1002, 1024), (1024, 128)]",31.96128044,matmul_linear_1480,8.2958392,285.2688036672649,11072
matmul,linear,"[(1004, 1024), (1024, 128)]",31.96451676,matmul_linear_1481,8.2725626,286.3919598505063,11088
matmul,linear,"[(1006, 1024), (1024, 128)]",31.96775308,matmul_linear_1482,8.3825536,281.3605567639914,11104
matmul,linear,"[(1008, 1024), (1024, 128)]",31.9709894,matmul_linear_1483,8.339571500000002,283.3648935080177,11120
matmul,linear,"[(1010, 1024), (1024, 128)]",31.97422572,matmul_linear_1484,8.3788393,281.6068619432766,11136
matmul,linear,"[(1012, 1024), (1024, 128)]",31.97746204,matmul_linear_1485,8.2825804,286.08091314151324,11152
matmul,linear,"[(1014, 1024), (1024, 128)]",31.98069836,matmul_linear_1486,8.3162678,284.55589850052684,11168
matmul,linear,"[(1016, 1024), (1024, 128)]",31.98393468,matmul_linear_1487,8.325160699999998,284.1839915474546,11184
matmul,linear,"[(1018, 1024), (1024, 128)]",31.987171,matmul_linear_1488,8.321919900000001,284.372493179128,11200
matmul,linear,"[(1020, 1024), (1024, 128)]",31.99040732,matmul_linear_1489,8.291428400000001,285.825044572537,11216
matmul,linear,"[(1022, 1024), (1024, 128)]",31.99364364,matmul_linear_1490,8.3145713,284.7900569449684,11232
matmul,linear,"[(1024, 1024), (1024, 128)]",31.99687996,matmul_linear_1491,8.268866200000001,286.9560733731548,11248
matmul,linear,"[(32, 1024), (1024, 1024)]",31.99687996,matmul_linear_1492,4.925580399999999,549.6062872103357,11248
matmul,linear,"[(34, 1024), (1024, 1024)]",31.99687996,matmul_linear_1493,5.0793125,529.9450951285237,11248
matmul,linear,"[(36, 1024), (1024, 1024)]",31.99687996,matmul_linear_1494,5.1852947,517.0696519910431,11248
matmul,linear,"[(38, 1024), (1024, 1024)]",31.99687996,matmul_linear_1495,5.111125,526.024211108122,11248
matmul,linear,"[(40, 1024), (1024, 1024)]",31.99687996,matmul_linear_1496,5.089134100000001,528.7293541744164,11248
matmul,linear,"[(42, 1024), (1024, 1024)]",31.99687996,matmul_linear_1497,5.2375713,510.9106325674269,11248
matmul,linear,"[(44, 1024), (1024, 1024)]",31.99687996,matmul_linear_1498,5.273,506.8059920348948,11248
matmul,linear,"[(46, 1024), (1024, 1024)]",31.99687996,matmul_linear_1499,5.2564463,508.71695692962754,11248
matmul,linear,"[(48, 1024), (1024, 1024)]",31.99687996,matmul_linear_1500,5.237428499999999,510.9272892221823,11248
matmul,linear,"[(50, 1024), (1024, 1024)]",31.99687996,matmul_linear_1501,5.3995625,492.5828242565949,11248
matmul,linear,"[(52, 1024), (1024, 1024)]",31.99687996,matmul_linear_1502,5.476714299999999,484.2349665747583,11248
matmul,linear,"[(54, 1024), (1024, 1024)]",31.99687996,matmul_linear_1503,5.456116,486.44061013365547,11248
matmul,linear,"[(56, 1024), (1024, 1024)]",31.99687996,matmul_linear_1504,5.4199909,490.3493299223067,11248
matmul,linear,"[(58, 1024), (1024, 1024)]",31.99687996,matmul_linear_1505,5.588259000000001,472.5733177363468,11248
matmul,linear,"[(60, 1024), (1024, 1024)]",31.99687996,matmul_linear_1506,5.568981899999999,474.5552873856532,11248
matmul,linear,"[(62, 1024), (1024, 1024)]",31.99687996,matmul_linear_1507,5.5979645,471.58061577560926,11248
matmul,linear,"[(64, 1024), (1024, 1024)]",31.99687996,matmul_linear_1508,5.582428500000001,473.1713350202336,11248
matmul,linear,"[(66, 1024), (1024, 1024)]",31.99687996,matmul_linear_1509,5.778411,453.7314663148745,11248
matmul,linear,"[(68, 1024), (1024, 1024)]",31.99687996,matmul_linear_1510,5.7775362,453.81530902394,11248
matmul,linear,"[(70, 1024), (1024, 1024)]",31.99687996,matmul_linear_1511,5.7175714,459.6236185174706,11248
matmul,linear,"[(72, 1024), (1024, 1024)]",31.99687996,matmul_linear_1512,5.7695804,454.5789770084494,11248
matmul,linear,"[(74, 1024), (1024, 1024)]",31.99687996,matmul_linear_1513,5.969249899999999,436.02848759942185,11248
matmul,linear,"[(76, 1024), (1024, 1024)]",31.99687996,matmul_linear_1514,5.8945447,442.8219071780048,11248
matmul,linear,"[(78, 1024), (1024, 1024)]",31.99687996,matmul_linear_1515,5.9613036,436.7430029901514,11248
matmul,linear,"[(80, 1024), (1024, 1024)]",31.99687996,matmul_linear_1516,5.9105713,441.3500376858663,11248
matmul,linear,"[(82, 1024), (1024, 1024)]",31.99687996,matmul_linear_1517,6.0756518,426.6411080371657,11248
matmul,linear,"[(84, 1024), (1024, 1024)]",31.99687996,matmul_linear_1518,6.0965715,424.8339982562331,11248
matmul,linear,"[(86, 1024), (1024, 1024)]",31.99687996,matmul_linear_1519,6.1463215,420.5858489504657,11248
matmul,linear,"[(88, 1024), (1024, 1024)]",31.99687996,matmul_linear_1520,6.094544600000001,425.00854551134137,11248
matmul,linear,"[(90, 1024), (1024, 1024)]",31.99687996,matmul_linear_1521,6.253687599999999,411.64819873637447,11248
matmul,linear,"[(92, 1024), (1024, 1024)]",31.99687996,matmul_linear_1522,6.2885358,408.81287755410415,11248
matmul,linear,"[(94, 1024), (1024, 1024)]",31.99687996,matmul_linear_1523,6.248973099999999,412.0342086286146,11248
matmul,linear,"[(96, 1024), (1024, 1024)]",31.99687996,matmul_linear_1524,6.3112501000000005,406.98165106782886,11248
matmul,linear,"[(98, 1024), (1024, 1024)]",31.99687996,matmul_linear_1525,6.4118659,399.0260317203453,11248
matmul,linear,"[(100, 1024), (1024, 1024)]",31.99687996,matmul_linear_1526,6.4577052,395.4837511009329,11248
matmul,linear,"[(102, 1024), (1024, 1024)]",31.99687996,matmul_linear_1527,6.466437399999999,394.8146557484652,11248
matmul,linear,"[(104, 1024), (1024, 1024)]",31.99687996,matmul_linear_1528,6.3613036,402.992499210382,11248
matmul,linear,"[(106, 1024), (1024, 1024)]",31.99687996,matmul_linear_1529,7.928714500000001,303.556969544054,11248
matmul,linear,"[(108, 1024), (1024, 1024)]",31.99687996,matmul_linear_1530,7.963303499999999,301.804100019546,11248
matmul,linear,"[(110, 1024), (1024, 1024)]",31.99687996,matmul_linear_1531,7.904455399999999,304.79550254657653,11248
matmul,linear,"[(112, 1024), (1024, 1024)]",31.99687996,matmul_linear_1532,7.953830199999999,302.2826632632918,11248
matmul,linear,"[(114, 1024), (1024, 1024)]",31.99687996,matmul_linear_1533,8.115303299999999,294.2783008492117,11248
matmul,linear,"[(116, 1024), (1024, 1024)]",31.99687996,matmul_linear_1534,8.1186787,294.114376764288,11248
matmul,linear,"[(118, 1024), (1024, 1024)]",31.99687996,matmul_linear_1535,8.1328663,293.4268532116408,11248
matmul,linear,"[(120, 1024), (1024, 1024)]",31.99687996,matmul_linear_1536,8.2130089,289.5877911443637,11248
matmul,linear,"[(122, 1024), (1024, 1024)]",31.99687996,matmul_linear_1537,8.3367233,283.8064286000713,11248
matmul,linear,"[(124, 1024), (1024, 1024)]",31.99687996,matmul_linear_1538,8.296276599999999,285.67759372921586,11248
matmul,linear,"[(126, 1024), (1024, 1024)]",31.99687996,matmul_linear_1539,8.3693927,282.3082642543467,11248
matmul,linear,"[(128, 1024), (1024, 1024)]",31.99687996,matmul_linear_1540,8.3173126,284.7021447769079,11248
matmul,linear,"[(130, 1024), (1024, 1024)]",34.27201292,matmul_linear_1541,8.621410800000001,297.5220960356047,22496
matmul,linear,"[(132, 1024), (1024, 1024)]",34.27201292,matmul_linear_1542,8.5945534,298.76432578800427,22496
matmul,linear,"[(134, 1024), (1024, 1024)]",34.27201292,matmul_linear_1543,8.598562300000001,298.57841025353736,22496
matmul,linear,"[(136, 1024), (1024, 1024)]",34.27201292,matmul_linear_1544,8.5052767,302.95000537725014,22496
matmul,linear,"[(138, 1024), (1024, 1024)]",34.27201292,matmul_linear_1545,8.750125,291.67455230639564,22496
matmul,linear,"[(140, 1024), (1024, 1024)]",34.27201292,matmul_linear_1546,8.7977411,289.55468830516054,22496
matmul,linear,"[(142, 1024), (1024, 1024)]",34.27201292,matmul_linear_1547,8.830134,288.1256266326197,22496
matmul,linear,"[(144, 1024), (1024, 1024)]",34.27201292,matmul_linear_1548,8.904973,284.86374882888475,22496
matmul,linear,"[(146, 1024), (1024, 1024)]",34.27201292,matmul_linear_1549,9.0194464,279.97911845232545,22496
matmul,linear,"[(148, 1024), (1024, 1024)]",34.27201292,matmul_linear_1550,9.0504017,278.6794670119449,22496
matmul,linear,"[(150, 1024), (1024, 1024)]",34.27201292,matmul_linear_1551,9.0408661,279.0788685610552,22496
matmul,linear,"[(152, 1024), (1024, 1024)]",34.27201292,matmul_linear_1552,9.0238571,279.7933914534174,22496
matmul,linear,"[(154, 1024), (1024, 1024)]",34.27201292,matmul_linear_1553,9.202259000000002,272.4304317016071,22496
matmul,linear,"[(156, 1024), (1024, 1024)]",34.27201292,matmul_linear_1554,9.178732300000002,273.3850361884941,22496
matmul,linear,"[(158, 1024), (1024, 1024)]",34.27201292,matmul_linear_1555,9.2887323,268.9632967461017,22496
matmul,linear,"[(160, 1024), (1024, 1024)]",34.27201292,matmul_linear_1556,9.1994286,272.54501785034785,22496
matmul,linear,"[(162, 1024), (1024, 1024)]",34.27201292,matmul_linear_1557,9.4796875,261.531041186748,22496
matmul,linear,"[(164, 1024), (1024, 1024)]",34.27201292,matmul_linear_1558,9.509125,260.4118456745495,22496
matmul,linear,"[(166, 1024), (1024, 1024)]",34.27201292,matmul_linear_1559,9.4707588,261.8718800018432,22496
matmul,linear,"[(168, 1024), (1024, 1024)]",34.27201292,matmul_linear_1560,9.434428700000002,263.26537631261124,22496
matmul,linear,"[(170, 1024), (1024, 1024)]",34.27201292,matmul_linear_1561,9.6704375,254.3998182088453,22496
matmul,linear,"[(172, 1024), (1024, 1024)]",34.27201292,matmul_linear_1562,9.6583037,254.8450533813717,22496
matmul,linear,"[(174, 1024), (1024, 1024)]",34.27201292,matmul_linear_1563,9.6005984,256.9778829619621,22496
matmul,linear,"[(176, 1024), (1024, 1024)]",34.27201292,matmul_linear_1564,9.6082946,256.691945311502,22496
matmul,linear,"[(178, 1024), (1024, 1024)]",34.27201292,matmul_linear_1565,9.8931518,246.4215814418212,22496
matmul,linear,"[(180, 1024), (1024, 1024)]",34.27201292,matmul_linear_1566,9.9662857,243.87949484530637,22496
matmul,linear,"[(182, 1024), (1024, 1024)]",34.27201292,matmul_linear_1567,9.889268,246.55763116137612,22496
matmul,linear,"[(184, 1024), (1024, 1024)]",34.27201292,matmul_linear_1568,9.872866300000002,247.13336409711127,22496
matmul,linear,"[(186, 1024), (1024, 1024)]",34.27201292,matmul_linear_1569,10.0934196,239.54808457581615,22496
matmul,linear,"[(188, 1024), (1024, 1024)]",34.27201292,matmul_linear_1570,10.0981607,239.38866629444703,22496
matmul,linear,"[(190, 1024), (1024, 1024)]",34.27201292,matmul_linear_1571,10.089446399999998,239.68179780408968,22496
matmul,linear,"[(192, 1024), (1024, 1024)]",34.27201292,matmul_linear_1572,10.1524287,237.5745246061172,22496
matmul,linear,"[(194, 1024), (1024, 1024)]",34.27201292,matmul_linear_1573,10.2891428,233.089097762352,22496
matmul,linear,"[(196, 1024), (1024, 1024)]",34.27201292,matmul_linear_1574,10.2995534,232.7524174009332,22496
matmul,linear,"[(198, 1024), (1024, 1024)]",34.27201292,matmul_linear_1575,10.280428400000002,233.37144704981355,22496
matmul,linear,"[(200, 1024), (1024, 1024)]",34.27201292,matmul_linear_1576,10.3211159,232.0572431513922,22496
matmul,linear,"[(202, 1024), (1024, 1024)]",34.27201292,matmul_linear_1577,10.5369907,225.2542770109876,22496
matmul,linear,"[(204, 1024), (1024, 1024)]",34.27201292,matmul_linear_1578,10.5539998,224.7300887763898,22496
matmul,linear,"[(206, 1024), (1024, 1024)]",34.27201292,matmul_linear_1579,10.5595625,224.55902334968897,22496
matmul,linear,"[(208, 1024), (1024, 1024)]",34.27201292,matmul_linear_1580,10.5143036,225.95609013991196,22496
matmul,linear,"[(210, 1024), (1024, 1024)]",34.27201292,matmul_linear_1581,10.7811518,217.8882326840069,22496
matmul,linear,"[(212, 1024), (1024, 1024)]",34.27201292,matmul_linear_1582,10.7308659,219.3778884143917,22496
matmul,linear,"[(214, 1024), (1024, 1024)]",34.27201292,matmul_linear_1583,10.7877144,217.6948485028488,22496
matmul,linear,"[(216, 1024), (1024, 1024)]",34.27201292,matmul_linear_1584,10.6884556,220.64513529906048,22496
matmul,linear,"[(218, 1024), (1024, 1024)]",34.27201292,matmul_linear_1585,10.9685624,212.45674382998453,22496
matmul,linear,"[(220, 1024), (1024, 1024)]",34.27201292,matmul_linear_1586,10.9640269,212.58599812446653,22496
matmul,linear,"[(222, 1024), (1024, 1024)]",34.27201292,matmul_linear_1587,10.9474286,213.0599355541813,22496
matmul,linear,"[(224, 1024), (1024, 1024)]",34.27201292,matmul_linear_1588,10.9091696,214.15785230802535,22496
matmul,linear,"[(226, 1024), (1024, 1024)]",34.27201292,matmul_linear_1589,11.1302765,207.91699487429628,22496
matmul,linear,"[(228, 1024), (1024, 1024)]",34.27201292,matmul_linear_1590,11.1509821,207.34524199442487,22496
matmul,linear,"[(230, 1024), (1024, 1024)]",34.27201292,matmul_linear_1591,11.146419600000002,207.47104585942557,22496
matmul,linear,"[(232, 1024), (1024, 1024)]",34.27201292,matmul_linear_1592,11.0971519,208.83611604883956,22496
matmul,linear,"[(234, 1024), (1024, 1024)]",34.27201292,matmul_linear_1593,11.4050626,200.4982447005596,22496
matmul,linear,"[(236, 1024), (1024, 1024)]",34.27201292,matmul_linear_1594,11.4127233,200.29653763707745,22496
matmul,linear,"[(238, 1024), (1024, 1024)]",34.27201292,matmul_linear_1595,11.4474198,199.38635534271228,22496
matmul,linear,"[(240, 1024), (1024, 1024)]",34.27201292,matmul_linear_1596,11.4246965,199.981823762233,22496
matmul,linear,"[(242, 1024), (1024, 1024)]",34.27201292,matmul_linear_1597,11.587883799999998,195.75730574723232,22496
matmul,linear,"[(244, 1024), (1024, 1024)]",34.27201292,matmul_linear_1598,11.6773035,193.49252522211145,22496
matmul,linear,"[(246, 1024), (1024, 1024)]",34.27201292,matmul_linear_1599,11.6284555,194.725408030327,22496
matmul,linear,"[(248, 1024), (1024, 1024)]",34.27201292,matmul_linear_1600,11.6124554,195.1314923457101,22496
matmul,linear,"[(250, 1024), (1024, 1024)]",34.27201292,matmul_linear_1601,11.7668571,191.258852119484,22496
matmul,linear,"[(252, 1024), (1024, 1024)]",34.27201292,matmul_linear_1602,11.8111158,190.16744480652716,22496
matmul,linear,"[(254, 1024), (1024, 1024)]",34.27201292,matmul_linear_1603,11.7578661,191.48157181344325,22496
matmul,linear,"[(256, 1024), (1024, 1024)]",34.27201292,matmul_linear_1604,11.786294600000002,190.7785193151374,22496
matmul,linear,"[(258, 1024), (1024, 1024)]",36.54714588,matmul_linear_1605,12.0170268,204.12802174993905,33744
matmul,linear,"[(260, 1024), (1024, 1024)]",36.54714588,matmul_linear_1606,12.0281161,203.8476314674083,33744
matmul,linear,"[(262, 1024), (1024, 1024)]",36.54714588,matmul_linear_1607,11.9947051,204.6939926851558,33744
matmul,linear,"[(264, 1024), (1024, 1024)]",36.54714588,matmul_linear_1608,11.9882767,204.8573768738588,33744
matmul,linear,"[(266, 1024), (1024, 1024)]",36.54714588,matmul_linear_1609,12.3259999,196.50451222216876,33744
matmul,linear,"[(268, 1024), (1024, 1024)]",36.54714588,matmul_linear_1610,12.2972857,197.1968511717997,33744
matmul,linear,"[(270, 1024), (1024, 1024)]",36.54714588,matmul_linear_1611,12.2791518,197.6357526584206,33744
matmul,linear,"[(272, 1024), (1024, 1024)]",36.54714588,matmul_linear_1612,12.3021519,197.07929293248284,33744
matmul,linear,"[(274, 1024), (1024, 1024)]",36.54714588,matmul_linear_1613,12.479723299999998,192.85221315764275,33744
matmul,linear,"[(276, 1024), (1024, 1024)]",36.54714588,matmul_linear_1614,12.4132767,194.41981165214827,33744
matmul,linear,"[(278, 1024), (1024, 1024)]",36.54714588,matmul_linear_1615,12.3785535,195.2456915099168,33744
matmul,linear,"[(280, 1024), (1024, 1024)]",36.54714588,matmul_linear_1616,12.466990999999998,193.15129753442517,33744
matmul,linear,"[(282, 1024), (1024, 1024)]",36.54714588,matmul_linear_1617,12.7541517,186.55097367236115,33744
matmul,linear,"[(284, 1024), (1024, 1024)]",36.54714588,matmul_linear_1618,12.7247053,187.21408487157652,33744
matmul,linear,"[(286, 1024), (1024, 1024)]",36.54714588,matmul_linear_1619,12.6001518,190.05321888264876,33744
matmul,linear,"[(288, 1024), (1024, 1024)]",36.54714588,matmul_linear_1620,12.778875199999998,185.99657879122265,33744
matmul,linear,"[(290, 1024), (1024, 1024)]",36.54714588,matmul_linear_1621,12.871151700000002,183.94619791482992,33744
matmul,linear,"[(292, 1024), (1024, 1024)]",36.54714588,matmul_linear_1622,12.8912678,183.50311580680997,33744
matmul,linear,"[(294, 1024), (1024, 1024)]",36.54714588,matmul_linear_1623,12.8554195,184.2936854763861,33744
matmul,linear,"[(296, 1024), (1024, 1024)]",36.54714588,matmul_linear_1624,12.8253037,184.96125109302483,33744
matmul,linear,"[(298, 1024), (1024, 1024)]",36.54714588,matmul_linear_1625,13.1445894,178.03946375076575,33744
matmul,linear,"[(300, 1024), (1024, 1024)]",36.54714588,matmul_linear_1626,13.0672681,179.68467165680943,33744
matmul,linear,"[(302, 1024), (1024, 1024)]",36.54714588,matmul_linear_1627,13.1686874,177.53066626822658,33744
matmul,linear,"[(304, 1024), (1024, 1024)]",36.54714588,matmul_linear_1628,13.0415714,180.23575349209835,33744
matmul,linear,"[(306, 1024), (1024, 1024)]",36.54714588,matmul_linear_1629,13.265330400000002,175.5087493335258,33744
matmul,linear,"[(308, 1024), (1024, 1024)]",36.54714588,matmul_linear_1630,13.3401696,173.9631277251528,33744
matmul,linear,"[(310, 1024), (1024, 1024)]",36.54714588,matmul_linear_1631,13.2462946,175.9046735983058,33744
matmul,linear,"[(312, 1024), (1024, 1024)]",36.54714588,matmul_linear_1632,13.3412857,173.9402086262196,33744
matmul,linear,"[(314, 1024), (1024, 1024)]",36.54714588,matmul_linear_1633,13.635410900000002,168.03112974028525,33744
matmul,linear,"[(316, 1024), (1024, 1024)]",36.54714588,matmul_linear_1634,13.5266875,170.18548243980652,33744
matmul,linear,"[(318, 1024), (1024, 1024)]",36.54714588,matmul_linear_1635,13.5485267,169.74996388352693,33744
matmul,linear,"[(320, 1024), (1024, 1024)]",36.54714588,matmul_linear_1636,13.5374108,169.9714621942329,33744
matmul,linear,"[(322, 1024), (1024, 1024)]",36.54714588,matmul_linear_1637,13.712446500000002,166.5253489229657,33744
matmul,linear,"[(324, 1024), (1024, 1024)]",36.54714588,matmul_linear_1638,13.676714199999996,167.22168311450133,33744
matmul,linear,"[(326, 1024), (1024, 1024)]",36.54714588,matmul_linear_1639,13.799696399999998,164.84021691955488,33744
matmul,linear,"[(328, 1024), (1024, 1024)]",36.54714588,matmul_linear_1640,13.749258800000002,165.81175328520254,33744
matmul,linear,"[(330, 1024), (1024, 1024)]",36.54714588,matmul_linear_1641,13.9155536,162.63522767789854,33744
matmul,linear,"[(332, 1024), (1024, 1024)]",36.54714588,matmul_linear_1642,14.018303500000002,160.71019135803414,33744
matmul,linear,"[(334, 1024), (1024, 1024)]",36.54714588,matmul_linear_1643,13.8879997,163.15629802324955,33744
matmul,linear,"[(336, 1024), (1024, 1024)]",36.54714588,matmul_linear_1644,13.9352588,162.263847442862,33744
matmul,linear,"[(338, 1024), (1024, 1024)]",36.54714588,matmul_linear_1645,19.9969017,82.76404229161159,33744
matmul,linear,"[(340, 1024), (1024, 1024)]",36.54714588,matmul_linear_1646,19.9352859,83.32892772809444,33744
matmul,linear,"[(342, 1024), (1024, 1024)]",36.54714588,matmul_linear_1647,19.9909732,82.8182425856086,33744
matmul,linear,"[(344, 1024), (1024, 1024)]",36.54714588,matmul_linear_1648,20.0185626,82.56628415468754,33744
matmul,linear,"[(346, 1024), (1024, 1024)]",36.54714588,matmul_linear_1649,19.9945627,82.7854223588496,33744
matmul,linear,"[(348, 1024), (1024, 1024)]",36.54714588,matmul_linear_1650,20.0535536,82.24772830287799,33744
matmul,linear,"[(350, 1024), (1024, 1024)]",36.54714588,matmul_linear_1651,20.119125000000004,81.65375422638904,33744
matmul,linear,"[(352, 1024), (1024, 1024)]",36.54714588,matmul_linear_1652,20.0601426,82.1878668001094,33744
matmul,linear,"[(354, 1024), (1024, 1024)]",36.54714588,matmul_linear_1653,14.5505892,151.17296198562192,33744
matmul,linear,"[(356, 1024), (1024, 1024)]",36.54714588,matmul_linear_1654,14.6646876,149.21871421250052,33744
matmul,linear,"[(358, 1024), (1024, 1024)]",36.54714588,matmul_linear_1655,14.619866000000002,149.98276919911578,33744
matmul,linear,"[(360, 1024), (1024, 1024)]",36.54714588,matmul_linear_1656,14.6068395,150.2057058955156,33744
matmul,linear,"[(362, 1024), (1024, 1024)]",36.54714588,matmul_linear_1657,20.467143,78.56496082526027,33744
matmul,linear,"[(364, 1024), (1024, 1024)]",36.54714588,matmul_linear_1658,20.476,78.48772162531746,33744
matmul,linear,"[(366, 1024), (1024, 1024)]",36.54714588,matmul_linear_1659,20.4597411,78.62956183741741,33744
matmul,linear,"[(368, 1024), (1024, 1024)]",36.54714588,matmul_linear_1660,20.3875804,79.26181117598438,33744
matmul,linear,"[(370, 1024), (1024, 1024)]",36.54714588,matmul_linear_1661,20.5125892,78.16934529162222,33744
matmul,linear,"[(372, 1024), (1024, 1024)]",36.54714588,matmul_linear_1662,20.4288571,78.89961098215328,33744
matmul,linear,"[(374, 1024), (1024, 1024)]",36.54714588,matmul_linear_1663,20.4013214,79.14107210722149,33744
matmul,linear,"[(376, 1024), (1024, 1024)]",36.54714588,matmul_linear_1664,20.4667055,78.56877786217231,33744
matmul,linear,"[(378, 1024), (1024, 1024)]",36.54714588,matmul_linear_1665,20.4545266,78.6751001120701,33744
matmul,linear,"[(380, 1024), (1024, 1024)]",36.54714588,matmul_linear_1666,20.5029824,78.2528276471622,33744
matmul,linear,"[(382, 1024), (1024, 1024)]",36.54714588,matmul_linear_1667,20.443134,78.77467261135206,33744
matmul,linear,"[(384, 1024), (1024, 1024)]",36.54714588,matmul_linear_1668,20.5552678,77.79941490229577,33744
matmul,linear,"[(386, 1024), (1024, 1024)]",38.82227884,matmul_linear_1669,20.7761518,86.85981510781993,44992
matmul,linear,"[(388, 1024), (1024, 1024)]",38.82227884,matmul_linear_1670,20.7761608,86.85973416224235,44992
matmul,linear,"[(390, 1024), (1024, 1024)]",38.82227884,matmul_linear_1671,20.7933927,86.70487976692715,44992
matmul,linear,"[(392, 1024), (1024, 1024)]",38.82227884,matmul_linear_1672,20.765848,86.95253302441589,44992
matmul,linear,"[(394, 1024), (1024, 1024)]",38.82227884,matmul_linear_1673,20.78825,86.75106774259501,44992
matmul,linear,"[(396, 1024), (1024, 1024)]",38.82227884,matmul_linear_1674,20.9078482,85.68280422085714,44992
matmul,linear,"[(398, 1024), (1024, 1024)]",38.82227884,matmul_linear_1675,20.8711518,86.00927831879409,44992
matmul,linear,"[(400, 1024), (1024, 1024)]",38.82227884,matmul_linear_1676,20.7966963,86.6752212946438,44992
matmul,linear,"[(402, 1024), (1024, 1024)]",38.82227884,matmul_linear_1677,20.8309731,86.36805229228585,44992
matmul,linear,"[(404, 1024), (1024, 1024)]",38.82227884,matmul_linear_1678,20.8487054,86.2095420083014,44992
matmul,linear,"[(406, 1024), (1024, 1024)]",38.82227884,matmul_linear_1679,20.8697233,86.02201036369279,44992
matmul,linear,"[(408, 1024), (1024, 1024)]",38.82227884,matmul_linear_1680,20.8553839,86.14991230154246,44992
matmul,linear,"[(410, 1024), (1024, 1024)]",38.82227884,matmul_linear_1681,20.8267144,86.4061613098224,44992
matmul,linear,"[(412, 1024), (1024, 1024)]",38.82227884,matmul_linear_1682,20.891705100000003,85.82628202999092,44992
matmul,linear,"[(414, 1024), (1024, 1024)]",38.82227884,matmul_linear_1683,20.8310089,86.36773200168912,44992
matmul,linear,"[(416, 1024), (1024, 1024)]",38.82227884,matmul_linear_1684,20.843009,86.26043312652217,44992
matmul,linear,"[(418, 1024), (1024, 1024)]",38.82227884,matmul_linear_1685,21.2031248,83.09696899015564,44992
matmul,linear,"[(420, 1024), (1024, 1024)]",38.82227884,matmul_linear_1686,21.2901605,82.34845547547657,44992
matmul,linear,"[(422, 1024), (1024, 1024)]",38.82227884,matmul_linear_1687,21.175419600000005,83.33652684738297,44992
matmul,linear,"[(424, 1024), (1024, 1024)]",38.82227884,matmul_linear_1688,21.2344376,82.82696990289021,44992
matmul,linear,"[(426, 1024), (1024, 1024)]",38.82227884,matmul_linear_1689,21.2754284,82.47472206012083,44992
matmul,linear,"[(428, 1024), (1024, 1024)]",38.82227884,matmul_linear_1690,21.233142699999995,82.83811957803124,44992
matmul,linear,"[(430, 1024), (1024, 1024)]",38.82227884,matmul_linear_1691,21.255017700000003,82.64994829903151,44992
matmul,linear,"[(432, 1024), (1024, 1024)]",38.82227884,matmul_linear_1692,21.2695269,82.52535198608486,44992
matmul,linear,"[(434, 1024), (1024, 1024)]",38.82227884,matmul_linear_1693,21.247143,82.71764274377972,44992
matmul,linear,"[(436, 1024), (1024, 1024)]",38.82227884,matmul_linear_1694,21.3904194,81.49377117869884,44992
matmul,linear,"[(438, 1024), (1024, 1024)]",38.82227884,matmul_linear_1695,21.304,82.22999831017648,44992
matmul,linear,"[(440, 1024), (1024, 1024)]",38.82227884,matmul_linear_1696,21.2735891,82.49049870009945,44992
matmul,linear,"[(442, 1024), (1024, 1024)]",38.82227884,matmul_linear_1697,21.3201339,82.09209671051832,44992
matmul,linear,"[(444, 1024), (1024, 1024)]",38.82227884,matmul_linear_1698,21.2457143,82.72992986637313,44992
matmul,linear,"[(446, 1024), (1024, 1024)]",38.82227884,matmul_linear_1699,21.3584465,81.76546145338803,44992
matmul,linear,"[(448, 1024), (1024, 1024)]",38.82227884,matmul_linear_1700,21.3009911,82.25573945242391,44992
matmul,linear,"[(450, 1024), (1024, 1024)]",38.82227884,matmul_linear_1701,21.6456786,79.35348462579502,44992
matmul,linear,"[(452, 1024), (1024, 1024)]",38.82227884,matmul_linear_1702,21.6480001,79.3342510193355,44992
matmul,linear,"[(454, 1024), (1024, 1024)]",38.82227884,matmul_linear_1703,21.7885893,78.17711053005164,44992
matmul,linear,"[(456, 1024), (1024, 1024)]",38.82227884,matmul_linear_1704,21.6729911,79.12746173738797,44992
matmul,linear,"[(458, 1024), (1024, 1024)]",38.82227884,matmul_linear_1705,21.663027,79.20985299053545,44992
matmul,linear,"[(460, 1024), (1024, 1024)]",38.82227884,matmul_linear_1706,21.7278574,78.67513637124665,44992
matmul,linear,"[(462, 1024), (1024, 1024)]",38.82227884,matmul_linear_1707,21.7025717,78.88331105018307,44992
matmul,linear,"[(464, 1024), (1024, 1024)]",38.82227884,matmul_linear_1708,21.688303600000005,79.00099314360388,44992
matmul,linear,"[(466, 1024), (1024, 1024)]",38.82227884,matmul_linear_1709,21.6591427,79.2419920664727,44992
matmul,linear,"[(468, 1024), (1024, 1024)]",38.82227884,matmul_linear_1710,21.6995267,78.90841296552335,44992
matmul,linear,"[(470, 1024), (1024, 1024)]",38.82227884,matmul_linear_1711,21.6638572,79.20298532987006,44992
matmul,linear,"[(472, 1024), (1024, 1024)]",38.82227884,matmul_linear_1712,21.7201431,78.73859606385378,44992
matmul,linear,"[(474, 1024), (1024, 1024)]",38.82227884,matmul_linear_1713,21.6785894,79.08120368754253,44992
matmul,linear,"[(476, 1024), (1024, 1024)]",38.82227884,matmul_linear_1714,21.6950089,78.94566911194033,44992
matmul,linear,"[(478, 1024), (1024, 1024)]",38.82227884,matmul_linear_1715,21.7587323,78.42160243866783,44992
matmul,linear,"[(480, 1024), (1024, 1024)]",38.82227884,matmul_linear_1716,21.7332857,78.63050886962758,44992
matmul,linear,"[(482, 1024), (1024, 1024)]",38.82227884,matmul_linear_1717,22.0630449,75.96065736148687,44992
matmul,linear,"[(484, 1024), (1024, 1024)]",38.82227884,matmul_linear_1718,22.1153837,75.54422462948268,44992
matmul,linear,"[(486, 1024), (1024, 1024)]",38.82227884,matmul_linear_1719,22.0962858,75.69594813984534,44992
matmul,linear,"[(488, 1024), (1024, 1024)]",38.82227884,matmul_linear_1720,22.0450535,76.10426230083769,44992
matmul,linear,"[(490, 1024), (1024, 1024)]",38.82227884,matmul_linear_1721,22.1398928,75.34989528043245,44992
matmul,linear,"[(492, 1024), (1024, 1024)]",38.82227884,matmul_linear_1722,22.0998392,75.66769825184974,44992
matmul,linear,"[(494, 1024), (1024, 1024)]",38.82227884,matmul_linear_1723,22.1240357,75.47557491963369,44992
matmul,linear,"[(496, 1024), (1024, 1024)]",38.82227884,matmul_linear_1724,22.0834376,75.79816848804374,44992
matmul,linear,"[(498, 1024), (1024, 1024)]",38.82227884,matmul_linear_1725,22.1491785,75.2763825529692,44992
matmul,linear,"[(500, 1024), (1024, 1024)]",38.82227884,matmul_linear_1726,22.0360984,76.17582811302024,44992
matmul,linear,"[(502, 1024), (1024, 1024)]",38.82227884,matmul_linear_1727,22.1706962,75.1062686069371,44992
matmul,linear,"[(504, 1024), (1024, 1024)]",38.82227884,matmul_linear_1728,22.0901518,75.74473544360161,44992
matmul,linear,"[(506, 1024), (1024, 1024)]",38.82227884,matmul_linear_1729,22.0668394,75.93040007351485,44992
matmul,linear,"[(508, 1024), (1024, 1024)]",38.82227884,matmul_linear_1730,22.1460001,75.30153826740026,44992
matmul,linear,"[(510, 1024), (1024, 1024)]",38.82227884,matmul_linear_1731,22.1967053,74.90108696446946,44992
matmul,linear,"[(512, 1024), (1024, 1024)]",38.82227884,matmul_linear_1732,22.128116,75.44321821161823,44992
matmul,linear,"[(514, 1024), (1024, 1024)]",41.0974118,matmul_linear_1733,22.491678600000004,82.72274173435858,56240
matmul,linear,"[(516, 1024), (1024, 1024)]",41.0974118,matmul_linear_1734,22.4277143,83.2438707318472,56240
matmul,linear,"[(518, 1024), (1024, 1024)]",41.0974118,matmul_linear_1735,22.5074556,82.59465898935285,56240
matmul,linear,"[(520, 1024), (1024, 1024)]",41.0974118,matmul_linear_1736,22.4424107,83.12387358636121,56240
matmul,linear,"[(522, 1024), (1024, 1024)]",41.0974118,matmul_linear_1737,22.5093926,82.57894617733935,56240
matmul,linear,"[(524, 1024), (1024, 1024)]",41.0974118,matmul_linear_1738,22.431143,83.2158610909841,56240
matmul,linear,"[(526, 1024), (1024, 1024)]",41.0974118,matmul_linear_1739,22.5051608,82.61327775094149,56240
matmul,linear,"[(528, 1024), (1024, 1024)]",41.0974118,matmul_linear_1740,22.5379019,82.34799309335888,56240
matmul,linear,"[(530, 1024), (1024, 1024)]",41.0974118,matmul_linear_1741,22.5351338,82.37039178351806,56240
matmul,linear,"[(532, 1024), (1024, 1024)]",41.0974118,matmul_linear_1742,22.5255537,82.447953765505,56240
matmul,linear,"[(534, 1024), (1024, 1024)]",41.0974118,matmul_linear_1743,22.5621517,82.15200547561251,56240
matmul,linear,"[(536, 1024), (1024, 1024)]",41.0974118,matmul_linear_1744,22.5474196,82.2710204940702,56240
matmul,linear,"[(538, 1024), (1024, 1024)]",41.0974118,matmul_linear_1745,22.609866,81.76760446081371,56240
matmul,linear,"[(540, 1024), (1024, 1024)]",41.0974118,matmul_linear_1746,22.535134,82.37039016497533,56240
matmul,linear,"[(542, 1024), (1024, 1024)]",41.0974118,matmul_linear_1747,22.5104108,82.57068769264752,56240
matmul,linear,"[(544, 1024), (1024, 1024)]",41.0974118,matmul_linear_1748,22.5124375,82.55425162202006,56240
matmul,linear,"[(546, 1024), (1024, 1024)]",41.0974118,matmul_linear_1749,22.9871163,78.78454723788039,56240
matmul,linear,"[(548, 1024), (1024, 1024)]",41.0974118,matmul_linear_1750,22.9328662,79.20748083377386,56240
matmul,linear,"[(550, 1024), (1024, 1024)]",41.0974118,matmul_linear_1751,22.978884200000003,78.8485961385366,56240
matmul,linear,"[(552, 1024), (1024, 1024)]",41.0974118,matmul_linear_1752,22.8788393,79.63066771486089,56240
matmul,linear,"[(554, 1024), (1024, 1024)]",41.0974118,matmul_linear_1753,23.058169600000003,78.23362614177319,56240
matmul,linear,"[(556, 1024), (1024, 1024)]",41.0974118,matmul_linear_1754,22.9416787,79.13864254406109,56240
matmul,linear,"[(558, 1024), (1024, 1024)]",41.0974118,matmul_linear_1755,22.9005715,79.46020168099301,56240
matmul,linear,"[(560, 1024), (1024, 1024)]",41.0974118,matmul_linear_1756,22.8808571,79.61482657920189,56240
matmul,linear,"[(562, 1024), (1024, 1024)]",41.0974118,matmul_linear_1757,22.8984286,79.47699607649061,56240
matmul,linear,"[(564, 1024), (1024, 1024)]",41.0974118,matmul_linear_1758,23.0510001,78.28906174010213,56240
matmul,linear,"[(566, 1024), (1024, 1024)]",41.0974118,matmul_linear_1759,22.8841339,79.58910736840252,56240
matmul,linear,"[(568, 1024), (1024, 1024)]",41.0974118,matmul_linear_1760,22.9314109,79.21885390837426,56240
matmul,linear,"[(570, 1024), (1024, 1024)]",41.0974118,matmul_linear_1761,22.9504198,79.07041421525547,56240
matmul,linear,"[(572, 1024), (1024, 1024)]",41.0974118,matmul_linear_1762,22.9930001,78.73879711764975,56240
matmul,linear,"[(574, 1024), (1024, 1024)]",41.0974118,matmul_linear_1763,23.030116,78.45073728677704,56240
matmul,linear,"[(576, 1024), (1024, 1024)]",41.0974118,matmul_linear_1764,22.9772857,78.86103840367886,56240
matmul,linear,"[(578, 1024), (1024, 1024)]",41.0974118,matmul_linear_1765,23.2875981,76.4776754713918,56240
matmul,linear,"[(580, 1024), (1024, 1024)]",41.0974118,matmul_linear_1766,23.303018,76.36089797467437,56240
matmul,linear,"[(582, 1024), (1024, 1024)]",41.0974118,matmul_linear_1767,23.2781696,76.54915530815619,56240
matmul,linear,"[(584, 1024), (1024, 1024)]",41.0974118,matmul_linear_1768,23.3577051,75.94798643125262,56240
matmul,linear,"[(586, 1024), (1024, 1024)]",41.0974118,matmul_linear_1769,23.3164195,76.25953161462033,56240
matmul,linear,"[(588, 1024), (1024, 1024)]",41.0974118,matmul_linear_1770,23.262714100000004,76.66645269048806,56240
matmul,linear,"[(590, 1024), (1024, 1024)]",41.0974118,matmul_linear_1771,23.2989819,76.39144910447783,56240
matmul,linear,"[(592, 1024), (1024, 1024)]",41.0974118,matmul_linear_1772,23.2794015,76.53981267516696,56240
matmul,linear,"[(594, 1024), (1024, 1024)]",41.0974118,matmul_linear_1773,23.308285700000003,76.32104020417081,56240
matmul,linear,"[(596, 1024), (1024, 1024)]",41.0974118,matmul_linear_1774,23.2951607,76.4203833116292,56240
matmul,linear,"[(598, 1024), (1024, 1024)]",41.0974118,matmul_linear_1775,23.3238483,76.20339178762366,56240
matmul,linear,"[(600, 1024), (1024, 1024)]",41.0974118,matmul_linear_1776,23.293268,76.4347183915971,56240
matmul,linear,"[(602, 1024), (1024, 1024)]",41.0974118,matmul_linear_1777,23.3916873,75.69237854851113,56240
matmul,linear,"[(604, 1024), (1024, 1024)]",41.0974118,matmul_linear_1778,23.3381516,76.09540165982986,56240
matmul,linear,"[(606, 1024), (1024, 1024)]",41.0974118,matmul_linear_1779,23.329741,76.1588857758858,56240
matmul,linear,"[(608, 1024), (1024, 1024)]",41.0974118,matmul_linear_1780,23.307009,76.33069863232987,56240
matmul,linear,"[(610, 1024), (1024, 1024)]",41.0974118,matmul_linear_1781,23.6878304,73.4958884204102,56240
matmul,linear,"[(612, 1024), (1024, 1024)]",41.0974118,matmul_linear_1782,23.6520088,73.75865258429974,56240
matmul,linear,"[(614, 1024), (1024, 1024)]",41.0974118,matmul_linear_1783,23.6747408,73.59181309389456,56240
matmul,linear,"[(616, 1024), (1024, 1024)]",41.0974118,matmul_linear_1784,23.7156966,73.2920288750869,56240
matmul,linear,"[(618, 1024), (1024, 1024)]",41.0974118,matmul_linear_1785,23.683562700000003,73.5271518081188,56240
matmul,linear,"[(620, 1024), (1024, 1024)]",41.0974118,matmul_linear_1786,23.796580400000003,72.7030149256235,56240
matmul,linear,"[(622, 1024), (1024, 1024)]",41.0974118,matmul_linear_1787,23.7242591,73.22948475132782,56240
matmul,linear,"[(624, 1024), (1024, 1024)]",41.0974118,matmul_linear_1788,23.701562400000004,73.39536991873581,56240
matmul,linear,"[(626, 1024), (1024, 1024)]",41.0974118,matmul_linear_1789,23.6731516,73.60346646874008,56240
matmul,linear,"[(628, 1024), (1024, 1024)]",41.0974118,matmul_linear_1790,23.7611519,72.96051964551435,56240
matmul,linear,"[(630, 1024), (1024, 1024)]",41.0974118,matmul_linear_1791,23.6650178,73.66313495863928,56240
matmul,linear,"[(632, 1024), (1024, 1024)]",41.0974118,matmul_linear_1792,23.6430092,73.82479299631622,56240
matmul,linear,"[(634, 1024), (1024, 1024)]",41.0974118,matmul_linear_1793,23.787991,72.76537476409844,56240
matmul,linear,"[(636, 1024), (1024, 1024)]",41.0974118,matmul_linear_1794,23.7266697,73.21188485209117,56240
matmul,linear,"[(638, 1024), (1024, 1024)]",41.0974118,matmul_linear_1795,23.6962948,73.43391507772772,56240
matmul,linear,"[(640, 1024), (1024, 1024)]",41.0974118,matmul_linear_1796,23.7315622,73.17617548161243,56240
matmul,linear,"[(642, 1024), (1024, 1024)]",42.97771372,matmul_linear_1797,24.0978482,78.34668624064119,65536
matmul,linear,"[(644, 1024), (1024, 1024)]",43.003604280000005,matmul_linear_1798,24.096981900000003,78.46054106883817,65664
matmul,linear,"[(646, 1024), (1024, 1024)]",43.02949484,matmul_linear_1799,24.089285800000003,78.62503354084492,65792
matmul,linear,"[(648, 1024), (1024, 1024)]",43.0553854,matmul_linear_1800,24.0484374,79.03610402561955,65920
matmul,linear,"[(650, 1024), (1024, 1024)]",43.08127596,matmul_linear_1801,24.1056963,78.71823914084571,66048
matmul,linear,"[(652, 1024), (1024, 1024)]",43.10716652,matmul_linear_1802,24.178741100000003,78.28540510738168,66176
matmul,linear,"[(654, 1024), (1024, 1024)]",43.13305708,matmul_linear_1803,24.0537056,79.319801270038,66304
matmul,linear,"[(656, 1024), (1024, 1024)]",43.15894764,matmul_linear_1804,24.087527,79.17550290654577,66432
matmul,linear,"[(658, 1024), (1024, 1024)]",43.1848382,matmul_linear_1805,24.1077144,79.13285964595633,66560
matmul,linear,"[(660, 1024), (1024, 1024)]",43.21072876,matmul_linear_1806,24.133705300000003,79.04722139786797,66688
matmul,linear,"[(662, 1024), (1024, 1024)]",43.23661932,matmul_linear_1807,24.1295802,79.18512863311233,66816
matmul,linear,"[(664, 1024), (1024, 1024)]",43.26250988,matmul_linear_1808,24.0930091,79.56457701250777,66944
matmul,linear,"[(666, 1024), (1024, 1024)]",43.28840044,matmul_linear_1809,24.073009,79.82131124530383,67072
matmul,linear,"[(668, 1024), (1024, 1024)]",43.314291,matmul_linear_1810,24.146589,79.38057835001042,67200
matmul,linear,"[(670, 1024), (1024, 1024)]",43.340181560000005,matmul_linear_1811,24.1311338,79.60275683358071,67328
matmul,linear,"[(672, 1024), (1024, 1024)]",43.36607212,matmul_linear_1812,24.1143034,79.8354752391479,67456
matmul,linear,"[(674, 1024), (1024, 1024)]",43.37254476,matmul_linear_1813,24.5065894,76.98319440566462,67488
matmul,linear,"[(676, 1024), (1024, 1024)]",43.37254476,matmul_linear_1814,24.4511516,77.38446625965872,67488
matmul,linear,"[(678, 1024), (1024, 1024)]",43.37254476,matmul_linear_1815,24.4752767,77.2096196975783,67488
matmul,linear,"[(680, 1024), (1024, 1024)]",43.37254476,matmul_linear_1816,24.4576965,77.33699802841204,67488
matmul,linear,"[(682, 1024), (1024, 1024)]",43.37254476,matmul_linear_1817,24.5161697,76.91403384273359,67488
matmul,linear,"[(684, 1024), (1024, 1024)]",43.37254476,matmul_linear_1818,24.4780179,77.18977466717186,67488
matmul,linear,"[(686, 1024), (1024, 1024)]",43.37254476,matmul_linear_1819,24.5298662,76.81525209460783,67488
matmul,linear,"[(688, 1024), (1024, 1024)]",43.37254476,matmul_linear_1820,24.5198482,76.88749296580063,67488
matmul,linear,"[(690, 1024), (1024, 1024)]",43.37254476,matmul_linear_1821,24.543696600000004,76.71561650578744,67488
matmul,linear,"[(692, 1024), (1024, 1024)]",43.37254476,matmul_linear_1822,24.5134109,76.93394418644529,67488
matmul,linear,"[(694, 1024), (1024, 1024)]",43.37254476,matmul_linear_1823,24.504848000000003,76.9957714489802,67488
matmul,linear,"[(696, 1024), (1024, 1024)]",43.37254476,matmul_linear_1824,24.4401251,77.46449571160336,67488
matmul,linear,"[(698, 1024), (1024, 1024)]",43.37254476,matmul_linear_1825,24.5569999,76.61988409260042,67488
matmul,linear,"[(700, 1024), (1024, 1024)]",43.37254476,matmul_linear_1826,24.484143,77.14544781085455,67488
matmul,linear,"[(702, 1024), (1024, 1024)]",43.37254476,matmul_linear_1827,24.5195626,76.88955332343488,67488
matmul,linear,"[(704, 1024), (1024, 1024)]",43.37254476,matmul_linear_1828,24.5491517,76.67634829108982,67488
matmul,linear,"[(706, 1024), (1024, 1024)]",43.37254476,matmul_linear_1829,24.9394643,73.91129271369313,67488
matmul,linear,"[(708, 1024), (1024, 1024)]",43.37254476,matmul_linear_1830,24.8404106,74.60478193544834,67488
matmul,linear,"[(710, 1024), (1024, 1024)]",43.37254476,matmul_linear_1831,24.8468395,74.55960449215281,67488
matmul,linear,"[(712, 1024), (1024, 1024)]",43.37254476,matmul_linear_1832,24.8837411,74.3007395298772,67488
matmul,linear,"[(714, 1024), (1024, 1024)]",43.37254476,matmul_linear_1833,24.9158751,74.07594389490255,67488
matmul,linear,"[(716, 1024), (1024, 1024)]",43.37254476,matmul_linear_1834,24.9075358,74.1342263171614,67488
matmul,linear,"[(718, 1024), (1024, 1024)]",43.37254476,matmul_linear_1835,24.9434287,73.88365200971747,67488
matmul,linear,"[(720, 1024), (1024, 1024)]",43.37254476,matmul_linear_1836,24.9072856,74.1359755396228,67488
matmul,linear,"[(722, 1024), (1024, 1024)]",43.37254476,matmul_linear_1837,24.9313034,73.96822004901678,67488
matmul,linear,"[(724, 1024), (1024, 1024)]",43.37254476,matmul_linear_1838,24.959455400000003,73.77199968874318,67488
matmul,linear,"[(726, 1024), (1024, 1024)]",43.37254476,matmul_linear_1839,24.8798838,74.32776257580431,67488
matmul,linear,"[(728, 1024), (1024, 1024)]",43.37254476,matmul_linear_1840,24.9322947,73.96130312866869,67488
matmul,linear,"[(730, 1024), (1024, 1024)]",43.37254476,matmul_linear_1841,24.9711516,73.69060688414547,67488
matmul,linear,"[(732, 1024), (1024, 1024)]",43.37254476,matmul_linear_1842,25.0299821,73.28236427304515,67488
matmul,linear,"[(734, 1024), (1024, 1024)]",43.37254476,matmul_linear_1843,24.9926964,73.54087796625257,67488
matmul,linear,"[(736, 1024), (1024, 1024)]",43.37254476,matmul_linear_1844,24.9518659,73.82485515842725,67488
matmul,linear,"[(738, 1024), (1024, 1024)]",43.37254476,matmul_linear_1845,25.3378662,71.17678504435389,67488
matmul,linear,"[(740, 1024), (1024, 1024)]",43.37254476,matmul_linear_1846,25.3748573,70.92724600267995,67488
matmul,linear,"[(742, 1024), (1024, 1024)]",43.37254476,matmul_linear_1847,25.2814196,71.55897669607128,67488
matmul,linear,"[(744, 1024), (1024, 1024)]",43.37254476,matmul_linear_1848,25.2634283,71.68115207863532,67488
matmul,linear,"[(746, 1024), (1024, 1024)]",43.37254476,matmul_linear_1849,25.2994106,71.4369771128186,67488
matmul,linear,"[(748, 1024), (1024, 1024)]",43.37254476,matmul_linear_1850,25.2994197,71.43691544830175,67488
matmul,linear,"[(750, 1024), (1024, 1024)]",43.37254476,matmul_linear_1851,25.3097141,71.36718569254796,67488
matmul,linear,"[(752, 1024), (1024, 1024)]",43.37254476,matmul_linear_1852,25.3961336,70.78404706454998,67488
matmul,linear,"[(754, 1024), (1024, 1024)]",43.37254476,matmul_linear_1853,25.2864197,71.52505287255039,67488
matmul,linear,"[(756, 1024), (1024, 1024)]",43.37254476,matmul_linear_1854,25.3138213,71.33938114669395,67488
matmul,linear,"[(758, 1024), (1024, 1024)]",43.37254476,matmul_linear_1855,25.2872678,71.51930015942646,67488
matmul,linear,"[(760, 1024), (1024, 1024)]",43.37254476,matmul_linear_1856,25.3064552,71.38925391652641,67488
matmul,linear,"[(762, 1024), (1024, 1024)]",43.37254476,matmul_linear_1857,25.3784196,70.90325340826188,67488
matmul,linear,"[(764, 1024), (1024, 1024)]",43.37254476,matmul_linear_1858,25.2771606,71.58788301562636,67488
matmul,linear,"[(766, 1024), (1024, 1024)]",43.37254476,matmul_linear_1859,25.3115625,71.35467144709061,67488
matmul,linear,"[(768, 1024), (1024, 1024)]",43.37254476,matmul_linear_1860,25.3763125,70.91744421101369,67488
matmul,linear,"[(770, 1024), (1024, 1024)]",44.634709560000005,matmul_linear_1861,25.6721516,73.86431124066752,73728
matmul,linear,"[(772, 1024), (1024, 1024)]",44.66060012,matmul_linear_1862,25.7385535,73.51635599879377,73856
matmul,linear,"[(774, 1024), (1024, 1024)]",44.68649068,matmul_linear_1863,25.743571600000003,73.58310406315181,73984
matmul,linear,"[(776, 1024), (1024, 1024)]",44.71238124,matmul_linear_1864,25.8121518,73.22221559227,74112
matmul,linear,"[(778, 1024), (1024, 1024)]",44.7382718,matmul_linear_1865,25.7604285,73.67052648211966,74240
matmul,linear,"[(780, 1024), (1024, 1024)]",44.76416236,matmul_linear_1866,25.6448752,74.55402691918735,74368
matmul,linear,"[(782, 1024), (1024, 1024)]",44.79005292,matmul_linear_1867,25.7112771,74.20392128246324,74496
matmul,linear,"[(784, 1024), (1024, 1024)]",44.81594348,matmul_linear_1868,25.714259,74.28440570657705,74624
matmul,linear,"[(786, 1024), (1024, 1024)]",44.84183404,matmul_linear_1869,25.7241606,74.31796798842876,74752
matmul,linear,"[(788, 1024), (1024, 1024)]",44.8677246,matmul_linear_1870,25.666571500000003,74.80996478240188,74880
matmul,linear,"[(790, 1024), (1024, 1024)]",44.89361516,matmul_linear_1871,25.767000000000003,74.22911149920441,75008
matmul,linear,"[(792, 1024), (1024, 1024)]",44.91950572,matmul_linear_1872,25.7791607,74.247355229063,75136
matmul,linear,"[(794, 1024), (1024, 1024)]",44.94539628,matmul_linear_1873,25.809268000000003,74.1444053353237,75264
matmul,linear,"[(796, 1024), (1024, 1024)]",44.971286840000005,matmul_linear_1874,25.7974465,74.32456673570388,75392
matmul,linear,"[(798, 1024), (1024, 1024)]",44.9971774,matmul_linear_1875,25.7778393,74.55759917007472,75520
matmul,linear,"[(800, 1024), (1024, 1024)]",45.02306796,matmul_linear_1876,25.794723,74.5437156274173,75648
matmul,linear,"[(802, 1024), (1024, 1024)]",45.04895852,matmul_linear_1877,33.0252768,36.40751232098681,75776
matmul,linear,"[(804, 1024), (1024, 1024)]",45.07484908,matmul_linear_1878,33.0410982,36.42055360012216,75904
matmul,linear,"[(806, 1024), (1024, 1024)]",45.10073964,matmul_linear_1879,33.0627143,36.40967051516398,76032
matmul,linear,"[(808, 1024), (1024, 1024)]",45.1266302,matmul_linear_1880,33.0219822,36.656333731534765,76160
matmul,linear,"[(810, 1024), (1024, 1024)]",45.15252076,matmul_linear_1881,33.094883800000005,36.43353768173676,76288
matmul,linear,"[(812, 1024), (1024, 1024)]",45.17841132,matmul_linear_1882,32.992018,36.93739897935313,76416
matmul,linear,"[(814, 1024), (1024, 1024)]",45.20430188,matmul_linear_1883,33.086875,36.62306240767677,76544
matmul,linear,"[(816, 1024), (1024, 1024)]",45.23019244,matmul_linear_1884,33.03771450000001,36.90472577938158,76672
matmul,linear,"[(818, 1024), (1024, 1024)]",45.256083,matmul_linear_1885,26.220250000000004,72.59973875153744,76800
matmul,linear,"[(820, 1024), (1024, 1024)]",45.28197356,matmul_linear_1886,26.1168573,73.38216861184137,76928
matmul,linear,"[(822, 1024), (1024, 1024)]",45.307864120000005,matmul_linear_1887,26.1101427,73.5259153524274,77056
matmul,linear,"[(824, 1024), (1024, 1024)]",45.33375468,matmul_linear_1888,26.1324734,73.47670840832082,77184
matmul,linear,"[(826, 1024), (1024, 1024)]",45.35964524,matmul_linear_1889,26.181857,73.24838814909117,77312
matmul,linear,"[(828, 1024), (1024, 1024)]",45.3855358,matmul_linear_1890,26.1745985,73.39534663731325,77440
matmul,linear,"[(830, 1024), (1024, 1024)]",45.41142636,matmul_linear_1891,26.144714,73.69257265541324,77568
matmul,linear,"[(832, 1024), (1024, 1024)]",45.43731692,matmul_linear_1892,26.0765623,74.24580892704557,77696
matmul,linear,"[(834, 1024), (1024, 1024)]",45.46320748,matmul_linear_1893,26.4795803,71.69157125953392,77824
matmul,linear,"[(836, 1024), (1024, 1024)]",45.48909804,matmul_linear_1894,26.492875200000004,71.70313790630016,77952
matmul,linear,"[(838, 1024), (1024, 1024)]",45.5149886,matmul_linear_1895,26.4202678,72.27300247123159,78080
matmul,linear,"[(840, 1024), (1024, 1024)]",45.54087916,matmul_linear_1896,26.4612857,72.1038035578143,78208
matmul,linear,"[(842, 1024), (1024, 1024)]",45.56676972,matmul_linear_1897,26.4926873,71.99753729777348,78336
matmul,linear,"[(844, 1024), (1024, 1024)]",45.59266028,matmul_linear_1898,26.4605624,72.30419970211975,78464
matmul,linear,"[(846, 1024), (1024, 1024)]",45.61855084,matmul_linear_1899,26.6007054,71.4937636202685,78592
matmul,linear,"[(848, 1024), (1024, 1024)]",45.6444414,matmul_linear_1900,26.4914108,72.2990207829928,78720
matmul,linear,"[(850, 1024), (1024, 1024)]",45.64767772,matmul_linear_1901,26.4568571,72.53628255035632,78736
matmul,linear,"[(852, 1024), (1024, 1024)]",45.64767772,matmul_linear_1902,26.4851697,72.35184156664099,78736
matmul,linear,"[(854, 1024), (1024, 1024)]",45.64767772,matmul_linear_1903,26.457723100000003,72.53063518530814,78736
matmul,linear,"[(856, 1024), (1024, 1024)]",45.64767772,matmul_linear_1904,26.6077232,71.55799982164577,78736
matmul,linear,"[(858, 1024), (1024, 1024)]",45.64767772,matmul_linear_1905,26.547116200000005,71.94966630688117,78736
matmul,linear,"[(860, 1024), (1024, 1024)]",45.64767772,matmul_linear_1906,26.5792948,71.74149300605225,78736
matmul,linear,"[(862, 1024), (1024, 1024)]",45.64767772,matmul_linear_1907,26.533723200000004,72.03645856982483,78736
matmul,linear,"[(864, 1024), (1024, 1024)]",45.64767772,matmul_linear_1908,26.5723037,71.78667772038149,78736
matmul,linear,"[(866, 1024), (1024, 1024)]",45.64767772,matmul_linear_1909,27.004241,69.0389214049749,78736
matmul,linear,"[(868, 1024), (1024, 1024)]",45.64767772,matmul_linear_1910,26.931383800000003,69.49622068807322,78736
matmul,linear,"[(870, 1024), (1024, 1024)]",45.64767772,matmul_linear_1911,27.0405802,68.8117539726459,78736
matmul,linear,"[(872, 1024), (1024, 1024)]",45.64767772,matmul_linear_1912,26.9617144,69.30554579274086,78736
matmul,linear,"[(874, 1024), (1024, 1024)]",45.64767772,matmul_linear_1913,26.9387231,69.45004241867726,78736
matmul,linear,"[(876, 1024), (1024, 1024)]",45.64767772,matmul_linear_1914,27.0385892,68.82418451033682,78736
matmul,linear,"[(878, 1024), (1024, 1024)]",45.64767772,matmul_linear_1915,26.9535534,69.356808145378,78736
matmul,linear,"[(880, 1024), (1024, 1024)]",45.64767772,matmul_linear_1916,26.9614553,69.30717282163921,78736
matmul,linear,"[(882, 1024), (1024, 1024)]",45.64767772,matmul_linear_1917,26.9877323,69.14232441826914,78736
matmul,linear,"[(884, 1024), (1024, 1024)]",45.64767772,matmul_linear_1918,26.996384,69.08811831984612,78736
matmul,linear,"[(886, 1024), (1024, 1024)]",45.64767772,matmul_linear_1919,26.906410800000003,69.65353743874303,78736
matmul,linear,"[(888, 1024), (1024, 1024)]",45.64767772,matmul_linear_1920,26.9656963,69.28054522367368,78736
matmul,linear,"[(890, 1024), (1024, 1024)]",45.64767772,matmul_linear_1921,26.9901251,69.12732916528796,78736
matmul,linear,"[(892, 1024), (1024, 1024)]",45.64767772,matmul_linear_1922,26.8880178,69.76959052742075,78736
matmul,linear,"[(894, 1024), (1024, 1024)]",45.64767772,matmul_linear_1923,27.044,68.79040718828577,78736
matmul,linear,"[(896, 1024), (1024, 1024)]",45.64767772,matmul_linear_1924,26.9652857,69.28312285599112,78736
matmul,linear,"[(898, 1024), (1024, 1024)]",46.2917054,matmul_linear_1925,34.180571300000004,35.43280185021364,81920
matmul,linear,"[(900, 1024), (1024, 1024)]",46.317595960000006,matmul_linear_1926,34.1835177,35.496868305042845,82048
matmul,linear,"[(902, 1024), (1024, 1024)]",46.34348652,matmul_linear_1927,34.147732000000005,35.714683833175194,82176
matmul,linear,"[(904, 1024), (1024, 1024)]",46.36937708,matmul_linear_1928,34.1435985,35.80694220030735,82304
matmul,linear,"[(906, 1024), (1024, 1024)]",46.39526764,matmul_linear_1929,34.2135625,35.60490124347617,82432
matmul,linear,"[(908, 1024), (1024, 1024)]",46.4211582,matmul_linear_1930,34.194830100000004,35.75490231782141,82560
matmul,linear,"[(910, 1024), (1024, 1024)]",46.44704876,matmul_linear_1931,34.1851338,35.86914426527708,82688
matmul,linear,"[(912, 1024), (1024, 1024)]",46.47293932,matmul_linear_1932,34.108303600000006,36.25110138869525,82816
matmul,linear,"[(914, 1024), (1024, 1024)]",46.49882988,matmul_linear_1933,27.403017800000004,69.68506979548799,82944
matmul,linear,"[(916, 1024), (1024, 1024)]",46.52472044,matmul_linear_1934,27.3075804,70.37291388877499,83072
matmul,linear,"[(918, 1024), (1024, 1024)]",46.550611,matmul_linear_1935,27.3618569,70.12957552599438,83200
matmul,linear,"[(920, 1024), (1024, 1024)]",46.57650156,matmul_linear_1936,27.3746787,70.14446843535008,83328
matmul,linear,"[(922, 1024), (1024, 1024)]",46.602392120000005,matmul_linear_1937,27.3825801,70.18992348350696,83456
matmul,linear,"[(924, 1024), (1024, 1024)]",46.62828268,matmul_linear_1938,27.411866100000005,70.10254796188426,83584
matmul,linear,"[(926, 1024), (1024, 1024)]",46.654173240000006,matmul_linear_1939,27.3157142,70.79609523810292,83712
matmul,linear,"[(928, 1024), (1024, 1024)]",46.6800638,matmul_linear_1940,27.3615537,70.60458010467437,83840
matmul,linear,"[(930, 1024), (1024, 1024)]",46.70595436,matmul_linear_1941,34.7080268,34.56816381160568,83968
matmul,linear,"[(932, 1024), (1024, 1024)]",46.73184492,matmul_linear_1942,34.7130178,34.62340033138809,84096
matmul,linear,"[(934, 1024), (1024, 1024)]",46.75773548,matmul_linear_1943,34.7287231,34.63707071913622,84224
matmul,linear,"[(936, 1024), (1024, 1024)]",46.78362604,matmul_linear_1944,34.6672589,34.95046197609815,84352
matmul,linear,"[(938, 1024), (1024, 1024)]",46.8095166,matmul_linear_1945,34.6613038,35.04834344979257,84480
matmul,linear,"[(940, 1024), (1024, 1024)]",46.83540716,matmul_linear_1946,34.67255350000001,35.07919790216776,84608
matmul,linear,"[(942, 1024), (1024, 1024)]",46.86129772,matmul_linear_1947,34.7526074,34.84253765661334,84736
matmul,linear,"[(944, 1024), (1024, 1024)]",46.88718828,matmul_linear_1948,34.7418483,34.958819332591474,84864
matmul,linear,"[(946, 1024), (1024, 1024)]",46.91307884,matmul_linear_1949,34.6908572,35.231823674855725,84992
matmul,linear,"[(948, 1024), (1024, 1024)]",46.938969400000005,matmul_linear_1950,34.7674196,35.00849341145815,85120
matmul,linear,"[(950, 1024), (1024, 1024)]",46.96485996,matmul_linear_1951,34.71774119999999,35.276254550800125,85248
matmul,linear,"[(952, 1024), (1024, 1024)]",46.99075052,matmul_linear_1952,34.7025715,35.40999553880324,85376
matmul,linear,"[(954, 1024), (1024, 1024)]",47.01664108,matmul_linear_1953,34.755303600000005,35.2790400599464,85504
matmul,linear,"[(956, 1024), (1024, 1024)]",47.04253164,matmul_linear_1954,34.6920355,35.600379055302206,85632
matmul,linear,"[(958, 1024), (1024, 1024)]",47.0684222,matmul_linear_1955,34.8323216,35.12858183991962,85760
matmul,linear,"[(960, 1024), (1024, 1024)]",47.09431276,matmul_linear_1956,34.7587055,35.48925969064068,85888
matmul,linear,"[(962, 1024), (1024, 1024)]",47.12020332,matmul_linear_1957,28.1156072,67.5944715858742,86016
matmul,linear,"[(964, 1024), (1024, 1024)]",47.14609388,matmul_linear_1958,28.1931341,67.22544472272774,86144
matmul,linear,"[(966, 1024), (1024, 1024)]",47.17198444,matmul_linear_1959,28.182865900000003,67.37823827916662,86272
matmul,linear,"[(968, 1024), (1024, 1024)]",47.197875,matmul_linear_1960,28.1955803,67.39458630684751,86400
matmul,linear,"[(970, 1024), (1024, 1024)]",47.22376556,matmul_linear_1961,28.2542676,67.13852303147296,86528
matmul,linear,"[(972, 1024), (1024, 1024)]",47.24965612,matmul_linear_1962,28.2432677,67.29528828563983,86656
matmul,linear,"[(974, 1024), (1024, 1024)]",47.275546680000005,matmul_linear_1963,28.166562700000004,67.84279709075044,86784
matmul,linear,"[(976, 1024), (1024, 1024)]",47.30143724,matmul_linear_1964,28.1554464,68.0010203638611,86912
matmul,linear,"[(978, 1024), (1024, 1024)]",47.3273278,matmul_linear_1965,28.1724106,67.9917578654061,87040
matmul,linear,"[(980, 1024), (1024, 1024)]",47.35321836,matmul_linear_1966,28.1368568,68.29604918769748,87168
matmul,linear,"[(982, 1024), (1024, 1024)]",47.37910892,matmul_linear_1967,28.249116300000004,67.7189063786749,87296
matmul,linear,"[(984, 1024), (1024, 1024)]",47.40499948,matmul_linear_1968,28.2495803,67.80780095341805,87424
matmul,linear,"[(986, 1024), (1024, 1024)]",47.43089004,matmul_linear_1969,28.2228839,68.05826863072629,87552
matmul,linear,"[(988, 1024), (1024, 1024)]",47.4567806,matmul_linear_1970,28.2249999,68.13739864707671,87680
matmul,linear,"[(990, 1024), (1024, 1024)]",47.48267116,matmul_linear_1971,28.2412589,68.13227529315272,87808
matmul,linear,"[(992, 1024), (1024, 1024)]",47.50856172,matmul_linear_1972,28.2044463,68.4435184958763,87936
matmul,linear,"[(994, 1024), (1024, 1024)]",47.53445228,matmul_linear_1973,35.2581603,34.818299864613174,88064
matmul,linear,"[(996, 1024), (1024, 1024)]",47.56034284,matmul_linear_1974,35.240455,34.95950276464934,88192
matmul,linear,"[(998, 1024), (1024, 1024)]",47.5862334,matmul_linear_1975,35.2944371,34.82644096341178,88320
matmul,linear,"[(1000, 1024), (1024, 1024)]",47.612123960000005,matmul_linear_1976,35.3054463,34.85773145431107,88448
matmul,linear,"[(1002, 1024), (1024, 1024)]",47.63801452,matmul_linear_1977,35.2412858,35.17672082214435,88576
matmul,linear,"[(1004, 1024), (1024, 1024)]",47.66390508,matmul_linear_1978,35.2811607,35.09732711259694,88704
matmul,linear,"[(1006, 1024), (1024, 1024)]",47.68979564,matmul_linear_1979,35.343607199999994,34.9318856169271,88832
matmul,linear,"[(1008, 1024), (1024, 1024)]",47.7156862,matmul_linear_1980,35.2737053,35.27267916478283,88960
matmul,linear,"[(1010, 1024), (1024, 1024)]",47.74157676,matmul_linear_1981,28.662125000000003,66.56677325913552,89088
matmul,linear,"[(1012, 1024), (1024, 1024)]",47.76746732,matmul_linear_1982,28.6654374,66.63784561682634,89216
matmul,linear,"[(1014, 1024), (1024, 1024)]",47.79335788,matmul_linear_1983,28.63460700000001,66.90767880977026,89344
matmul,linear,"[(1016, 1024), (1024, 1024)]",47.81924844,matmul_linear_1984,28.6608301,66.84530166486698,89472
matmul,linear,"[(1018, 1024), (1024, 1024)]",47.845139,matmul_linear_1985,43.8721429,9.05585147517379,89600
matmul,linear,"[(1020, 1024), (1024, 1024)]",47.87102956,matmul_linear_1986,43.7603038,9.393732225414746,89728
matmul,linear,"[(1022, 1024), (1024, 1024)]",47.89692012,matmul_linear_1987,43.7888753,9.381480551522646,89856
matmul,linear,"[(1024, 1024), (1024, 1024)]",47.92281068,matmul_linear_1988,43.7818306,9.458215938554195,89984
