kernel_name,event_type,event_name,dur(us)
matmul_1024x1024x1024,main,jit_validation_matrix_multiply(8899505252216943130),9.01625
matmul_1024x1024x1024,main,jit_validation_matrix_multiply(8899505252216943130),7.060156
matmul_1024x1024x1024,main,jit_validation_matrix_multiply(8899505252216943130),7.028828
matmul_1024x1024x1024,main,jit_validation_matrix_multiply(8899505252216943130),6.970078
matmul_1024x1024x1024,main,jit_validation_matrix_multiply(8899505252216943130),6.72
matmul_1024x1024x1024,main,jit_validation_matrix_multiply(8899505252216943130),6.863672
matmul_1024x1024x1024,main,jit_validation_matrix_multiply(8899505252216943130),6.8875
matmul_1024x1024x1024,main,jit_validation_matrix_multiply(8899505252216943130),6.865
matmul_1024x1024x1024,main,jit_validation_matrix_multiply(8899505252216943130),6.985078
matmul_1024x1024x1024,main,jit_validation_matrix_multiply(8899505252216943130),6.863828
matmul_1024x1024x1024,sub,copy-start,0.012344
matmul_1024x1024x1024,sub,copy-done,2.14375
matmul_1024x1024x1024,sub,fusion,6.854922
matmul_1024x1024x1024,sub,copy-start,0.011328
matmul_1024x1024x1024,sub,copy-done,0.0025
matmul_1024x1024x1024,sub,fusion,7.040078
matmul_1024x1024x1024,sub,copy-start,0.0125
matmul_1024x1024x1024,sub,copy-done,0.0025
matmul_1024x1024x1024,sub,fusion,7.00875
matmul_1024x1024x1024,sub,copy-start,0.011328
matmul_1024x1024x1024,sub,copy-done,0.002578
matmul_1024x1024x1024,sub,fusion,6.95
matmul_1024x1024x1024,sub,copy-start,0.0125
matmul_1024x1024x1024,sub,copy-done,0.003672
matmul_1024x1024x1024,sub,fusion,6.699922
matmul_1024x1024x1024,sub,copy-start,0.012344
matmul_1024x1024x1024,sub,copy-done,0.003672
matmul_1024x1024x1024,sub,fusion,6.842422
matmul_1024x1024x1024,sub,copy-start,0.012422
matmul_1024x1024x1024,sub,copy-done,0.003672
matmul_1024x1024x1024,sub,fusion,6.866328
matmul_1024x1024x1024,sub,copy-start,0.0125
matmul_1024x1024x1024,sub,copy-done,0.0025
matmul_1024x1024x1024,sub,fusion,6.845078
matmul_1024x1024x1024,sub,copy-start,0.0125
matmul_1024x1024x1024,sub,copy-done,0.003672
matmul_1024x1024x1024,sub,fusion,6.965
matmul_1024x1024x1024,sub,copy-start,0.012344
matmul_1024x1024x1024,sub,copy-done,0.0025
matmul_1024x1024x1024,sub,fusion,6.84375
matmul_1024x1024x1024,main,jit_validation_matrix_multiply(8899505252216943130),9.01625
matmul_1024x1024x1024,main,jit_validation_matrix_multiply(8899505252216943130),7.060156
matmul_1024x1024x1024,main,jit_validation_matrix_multiply(8899505252216943130),7.028828
matmul_1024x1024x1024,main,jit_validation_matrix_multiply(8899505252216943130),6.970078
matmul_1024x1024x1024,main,jit_validation_matrix_multiply(8899505252216943130),6.72
matmul_1024x1024x1024,main,jit_validation_matrix_multiply(8899505252216943130),6.863672
matmul_1024x1024x1024,main,jit_validation_matrix_multiply(8899505252216943130),6.8875
matmul_1024x1024x1024,main,jit_validation_matrix_multiply(8899505252216943130),6.865
matmul_1024x1024x1024,main,jit_validation_matrix_multiply(8899505252216943130),6.985078
matmul_1024x1024x1024,main,jit_validation_matrix_multiply(8899505252216943130),6.863828
matmul_1024x1024x1024,sub,copy-start,0.012344
matmul_1024x1024x1024,sub,copy-done,2.14375
matmul_1024x1024x1024,sub,fusion,6.854922
matmul_1024x1024x1024,sub,copy-start,0.011328
matmul_1024x1024x1024,sub,copy-done,0.0025
matmul_1024x1024x1024,sub,fusion,7.040078
matmul_1024x1024x1024,sub,copy-start,0.0125
matmul_1024x1024x1024,sub,copy-done,0.0025
matmul_1024x1024x1024,sub,fusion,7.00875
matmul_1024x1024x1024,sub,copy-start,0.011328
matmul_1024x1024x1024,sub,copy-done,0.002578
matmul_1024x1024x1024,sub,fusion,6.95
matmul_1024x1024x1024,sub,copy-start,0.0125
matmul_1024x1024x1024,sub,copy-done,0.003672
matmul_1024x1024x1024,sub,fusion,6.699922
matmul_1024x1024x1024,sub,copy-start,0.012344
matmul_1024x1024x1024,sub,copy-done,0.003672
matmul_1024x1024x1024,sub,fusion,6.842422
matmul_1024x1024x1024,sub,copy-start,0.012422
matmul_1024x1024x1024,sub,copy-done,0.003672
matmul_1024x1024x1024,sub,fusion,6.866328
matmul_1024x1024x1024,sub,copy-start,0.0125
matmul_1024x1024x1024,sub,copy-done,0.0025
matmul_1024x1024x1024,sub,fusion,6.845078
matmul_1024x1024x1024,sub,copy-start,0.0125
matmul_1024x1024x1024,sub,copy-done,0.003672
matmul_1024x1024x1024,sub,fusion,6.965
matmul_1024x1024x1024,sub,copy-start,0.012344
matmul_1024x1024x1024,sub,copy-done,0.0025
matmul_1024x1024x1024,sub,fusion,6.84375
matmul_1024x1024x1536,main,jit_validation_matrix_multiply(17719337260275239434),11.329922
matmul_1024x1024x1536,main,jit_validation_matrix_multiply(17719337260275239434),8.649844
matmul_1024x1024x1536,main,jit_validation_matrix_multiply(17719337260275239434),8.74875
matmul_1024x1024x1536,main,jit_validation_matrix_multiply(17719337260275239434),8.678672
matmul_1024x1024x1536,main,jit_validation_matrix_multiply(17719337260275239434),8.6725
matmul_1024x1024x1536,main,jit_validation_matrix_multiply(17719337260275239434),8.82625
matmul_1024x1024x1536,main,jit_validation_matrix_multiply(17719337260275239434),8.668594
matmul_1024x1024x1536,main,jit_validation_matrix_multiply(17719337260275239434),8.73625
matmul_1024x1024x1536,main,jit_validation_matrix_multiply(17719337260275239434),8.67
matmul_1024x1024x1536,main,jit_validation_matrix_multiply(17719337260275239434),9.025078
matmul_1024x1024x1536,sub,copy-start,0.012344
matmul_1024x1024x1536,sub,copy-done,2.677656
matmul_1024x1024x1536,sub,fusion,8.632656
matmul_1024x1024x1536,sub,copy-start,0.011328
matmul_1024x1024x1536,sub,copy-done,0.002578
matmul_1024x1024x1536,sub,fusion,8.62875
matmul_1024x1024x1536,sub,copy-start,0.0125
matmul_1024x1024x1536,sub,copy-done,0.003672
matmul_1024x1024x1536,sub,fusion,8.7275
matmul_1024x1024x1536,sub,copy-start,0.0125
matmul_1024x1024x1536,sub,copy-done,0.0025
matmul_1024x1024x1536,sub,fusion,8.656328
matmul_1024x1024x1536,sub,copy-start,0.0125
matmul_1024x1024x1536,sub,copy-done,0.003672
matmul_1024x1024x1536,sub,fusion,8.651328
matmul_1024x1024x1536,sub,copy-start,0.0125
matmul_1024x1024x1536,sub,copy-done,0.003594
matmul_1024x1024x1536,sub,fusion,8.805078
matmul_1024x1024x1536,sub,copy-start,0.0125
matmul_1024x1024x1536,sub,copy-done,0.0025
matmul_1024x1024x1536,sub,fusion,8.647344
matmul_1024x1024x1536,sub,copy-start,0.0125
matmul_1024x1024x1536,sub,copy-done,0.003672
matmul_1024x1024x1536,sub,fusion,8.716172
matmul_1024x1024x1536,sub,copy-start,0.011328
matmul_1024x1024x1536,sub,copy-done,0.0025
matmul_1024x1024x1536,sub,fusion,8.648906
matmul_1024x1024x1536,sub,copy-start,0.0125
matmul_1024x1024x1536,sub,copy-done,0.003672
matmul_1024x1024x1536,sub,fusion,9.005
matmul_1024x1024x2048,main,jit_validation_matrix_multiply(11349022743462987877),14.09625
matmul_1024x1024x2048,main,jit_validation_matrix_multiply(11349022743462987877),10.549844
matmul_1024x1024x2048,main,jit_validation_matrix_multiply(11349022743462987877),10.638828
matmul_1024x1024x2048,main,jit_validation_matrix_multiply(11349022743462987877),10.77375
matmul_1024x1024x2048,main,jit_validation_matrix_multiply(11349022743462987877),10.5225
matmul_1024x1024x2048,main,jit_validation_matrix_multiply(11349022743462987877),10.665156
matmul_1024x1024x2048,main,jit_validation_matrix_multiply(11349022743462987877),10.661406
matmul_1024x1024x2048,main,jit_validation_matrix_multiply(11349022743462987877),10.771094
matmul_1024x1024x2048,main,jit_validation_matrix_multiply(11349022743462987877),10.526094
matmul_1024x1024x2048,main,jit_validation_matrix_multiply(11349022743462987877),10.7275
matmul_1024x1024x2048,sub,copy-start,0.011406
matmul_1024x1024x2048,sub,copy-done,3.430156
matmul_1024x1024x2048,sub,fusion,10.647734
matmul_1024x1024x2048,sub,copy-start,0.0125
matmul_1024x1024x2048,sub,copy-done,0.0025
matmul_1024x1024x2048,sub,fusion,10.52875
matmul_1024x1024x2048,sub,copy-start,0.011328
matmul_1024x1024x2048,sub,copy-done,0.003594
matmul_1024x1024x2048,sub,fusion,10.61875
matmul_1024x1024x2048,sub,copy-start,0.012422
matmul_1024x1024x2048,sub,copy-done,0.003672
matmul_1024x1024x2048,sub,fusion,10.752422
matmul_1024x1024x2048,sub,copy-start,0.012422
matmul_1024x1024x2048,sub,copy-done,0.003672
matmul_1024x1024x2048,sub,fusion,10.501328
matmul_1024x1024x2048,sub,copy-start,0.0125
matmul_1024x1024x2048,sub,copy-done,0.002578
matmul_1024x1024x2048,sub,fusion,10.645078
matmul_1024x1024x2048,sub,copy-start,0.012422
matmul_1024x1024x2048,sub,copy-done,0.003672
matmul_1024x1024x2048,sub,fusion,10.64125
matmul_1024x1024x2048,sub,copy-start,0.0125
matmul_1024x1024x2048,sub,copy-done,0.0025
matmul_1024x1024x2048,sub,fusion,10.749922
matmul_1024x1024x2048,sub,copy-start,0.0125
matmul_1024x1024x2048,sub,copy-done,0.0025
matmul_1024x1024x2048,sub,fusion,10.504922
matmul_1024x1024x2048,sub,copy-start,0.0125
matmul_1024x1024x2048,sub,copy-done,0.0025
matmul_1024x1024x2048,sub,fusion,10.70625
matmul_1024x1024x2560,main,jit_validation_matrix_multiply(6288870584220064072),17.078906
matmul_1024x1024x2560,main,jit_validation_matrix_multiply(6288870584220064072),12.53
matmul_1024x1024x2560,main,jit_validation_matrix_multiply(6288870584220064072),12.751094
matmul_1024x1024x2560,main,jit_validation_matrix_multiply(6288870584220064072),12.619844
matmul_1024x1024x2560,main,jit_validation_matrix_multiply(6288870584220064072),12.608672
matmul_1024x1024x2560,main,jit_validation_matrix_multiply(6288870584220064072),12.628828
matmul_1024x1024x2560,main,jit_validation_matrix_multiply(6288870584220064072),12.65
matmul_1024x1024x2560,main,jit_validation_matrix_multiply(6288870584220064072),12.608672
matmul_1024x1024x2560,main,jit_validation_matrix_multiply(6288870584220064072),12.664922
matmul_1024x1024x2560,main,jit_validation_matrix_multiply(6288870584220064072),12.624922
matmul_1024x1024x2560,sub,copy-start,0.011328
matmul_1024x1024x2560,sub,copy-done,4.319922
matmul_1024x1024x2560,sub,fusion,12.742422
matmul_1024x1024x2560,sub,copy-start,0.011328
matmul_1024x1024x2560,sub,copy-done,0.002656
matmul_1024x1024x2560,sub,fusion,12.50875
matmul_1024x1024x2560,sub,copy-start,0.011328
matmul_1024x1024x2560,sub,copy-done,0.002578
matmul_1024x1024x2560,sub,fusion,12.729922
matmul_1024x1024x2560,sub,copy-start,0.011328
matmul_1024x1024x2560,sub,copy-done,0.003672
matmul_1024x1024x2560,sub,fusion,12.598672
matmul_1024x1024x2560,sub,copy-start,0.0125
matmul_1024x1024x2560,sub,copy-done,0.0025
matmul_1024x1024x2560,sub,fusion,12.588594
matmul_1024x1024x2560,sub,copy-start,0.011328
matmul_1024x1024x2560,sub,copy-done,0.002578
matmul_1024x1024x2560,sub,fusion,12.60875
matmul_1024x1024x2560,sub,copy-start,0.0125
matmul_1024x1024x2560,sub,copy-done,0.0025
matmul_1024x1024x2560,sub,fusion,12.62875
matmul_1024x1024x2560,sub,copy-start,0.012344
matmul_1024x1024x2560,sub,copy-done,0.0025
matmul_1024x1024x2560,sub,fusion,12.5875
matmul_1024x1024x2560,sub,copy-start,0.011406
matmul_1024x1024x2560,sub,copy-done,0.002656
matmul_1024x1024x2560,sub,fusion,12.64375
matmul_1024x1024x2560,sub,copy-start,0.012422
matmul_1024x1024x2560,sub,copy-done,0.003672
matmul_1024x1024x2560,sub,fusion,12.603828
matmul_1024x1024x3072,main,jit_validation_matrix_multiply(6889504793737331932),18.2875
matmul_1024x1024x3072,main,jit_validation_matrix_multiply(6889504793737331932),12.95375
matmul_1024x1024x3072,main,jit_validation_matrix_multiply(6889504793737331932),13.015
matmul_1024x1024x3072,main,jit_validation_matrix_multiply(6889504793737331932),13.177656
matmul_1024x1024x3072,main,jit_validation_matrix_multiply(6889504793737331932),13.146328
matmul_1024x1024x3072,main,jit_validation_matrix_multiply(6889504793737331932),12.958906
matmul_1024x1024x3072,main,jit_validation_matrix_multiply(6889504793737331932),13.237578
matmul_1024x1024x3072,main,jit_validation_matrix_multiply(6889504793737331932),12.900156
matmul_1024x1024x3072,main,jit_validation_matrix_multiply(6889504793737331932),13.139922
matmul_1024x1024x3072,main,jit_validation_matrix_multiply(6889504793737331932),13.120156
matmul_1024x1024x3072,sub,copy-start,0.0125
matmul_1024x1024x3072,sub,copy-done,4.85625
matmul_1024x1024x3072,sub,fusion,13.41375
matmul_1024x1024x3072,sub,copy-start,0.0125
matmul_1024x1024x3072,sub,copy-done,0.003672
matmul_1024x1024x3072,sub,fusion,12.933672
matmul_1024x1024x3072,sub,copy-start,0.0125
matmul_1024x1024x3072,sub,copy-done,0.0025
matmul_1024x1024x3072,sub,fusion,12.993984
matmul_1024x1024x3072,sub,copy-start,0.011328
matmul_1024x1024x3072,sub,copy-done,0.002578
matmul_1024x1024x3072,sub,fusion,13.157578
matmul_1024x1024x3072,sub,copy-start,0.011328
matmul_1024x1024x3072,sub,copy-done,0.002578
matmul_1024x1024x3072,sub,fusion,13.12625
matmul_1024x1024x3072,sub,copy-start,0.0125
matmul_1024x1024x3072,sub,copy-done,0.0025
matmul_1024x1024x3072,sub,fusion,12.938828
matmul_1024x1024x3072,sub,copy-start,0.011328
matmul_1024x1024x3072,sub,copy-done,0.0025
matmul_1024x1024x3072,sub,fusion,13.2175
matmul_1024x1024x3072,sub,copy-start,0.011328
matmul_1024x1024x3072,sub,copy-done,0.002578
matmul_1024x1024x3072,sub,fusion,12.880078
matmul_1024x1024x3072,sub,copy-start,0.012344
matmul_1024x1024x3072,sub,copy-done,0.0025
matmul_1024x1024x3072,sub,fusion,13.11875
matmul_1024x1024x3072,sub,copy-start,0.011328
matmul_1024x1024x3072,sub,copy-done,0.002578
matmul_1024x1024x3072,sub,fusion,13.100078
matmul_1024x1024x3584,main,jit_validation_matrix_multiply(6874778603011510340),22.69375
matmul_1024x1024x3584,main,jit_validation_matrix_multiply(6874778603011510340),17.245078
matmul_1024x1024x3584,main,jit_validation_matrix_multiply(6874778603011510340),16.885
matmul_1024x1024x3584,main,jit_validation_matrix_multiply(6874778603011510340),17.046484
matmul_1024x1024x3584,main,jit_validation_matrix_multiply(6874778603011510340),17.096328
matmul_1024x1024x3584,main,jit_validation_matrix_multiply(6874778603011510340),17.221328
matmul_1024x1024x3584,main,jit_validation_matrix_multiply(6874778603011510340),17.193672
matmul_1024x1024x3584,main,jit_validation_matrix_multiply(6874778603011510340),17.034922
matmul_1024x1024x3584,main,jit_validation_matrix_multiply(6874778603011510340),17.055
matmul_1024x1024x3584,main,jit_validation_matrix_multiply(6874778603011510340),17.191172
matmul_1024x1024x3584,sub,copy-start,0.012344
matmul_1024x1024x3584,sub,copy-done,5.723828
matmul_1024x1024x3584,sub,fusion,16.952344
matmul_1024x1024x3584,sub,copy-start,0.011328
matmul_1024x1024x3584,sub,copy-done,0.0025
matmul_1024x1024x3584,sub,fusion,17.225
matmul_1024x1024x3584,sub,copy-start,0.0125
matmul_1024x1024x3584,sub,copy-done,0.0025
matmul_1024x1024x3584,sub,fusion,16.864922
matmul_1024x1024x3584,sub,copy-start,0.011328
matmul_1024x1024x3584,sub,copy-done,0.002578
matmul_1024x1024x3584,sub,fusion,17.026406
matmul_1024x1024x3584,sub,copy-start,0.012422
matmul_1024x1024x3584,sub,copy-done,0.002578
matmul_1024x1024x3584,sub,fusion,17.07625
matmul_1024x1024x3584,sub,copy-start,0.011406
matmul_1024x1024x3584,sub,copy-done,0.002578
matmul_1024x1024x3584,sub,fusion,17.20125
matmul_1024x1024x3584,sub,copy-start,0.0125
matmul_1024x1024x3584,sub,copy-done,0.002578
matmul_1024x1024x3584,sub,fusion,17.172578
matmul_1024x1024x3584,sub,copy-start,0.011406
matmul_1024x1024x3584,sub,copy-done,0.0025
matmul_1024x1024x3584,sub,fusion,17.012656
matmul_1024x1024x3584,sub,copy-start,0.0125
matmul_1024x1024x3584,sub,copy-done,0.003672
matmul_1024x1024x3584,sub,fusion,17.034922
matmul_1024x1024x3584,sub,copy-start,0.012344
matmul_1024x1024x3584,sub,copy-done,0.003672
matmul_1024x1024x3584,sub,fusion,17.170078
matmul_1024x1024x4096,main,jit_validation_matrix_multiply(6652364137102808560),22.368672
matmul_1024x1024x4096,main,jit_validation_matrix_multiply(6652364137102808560),15.776406
matmul_1024x1024x4096,main,jit_validation_matrix_multiply(6652364137102808560),16.1475
matmul_1024x1024x4096,main,jit_validation_matrix_multiply(6652364137102808560),16.278672
matmul_1024x1024x4096,main,jit_validation_matrix_multiply(6652364137102808560),16.298672
matmul_1024x1024x4096,main,jit_validation_matrix_multiply(6652364137102808560),16.292422
matmul_1024x1024x4096,main,jit_validation_matrix_multiply(6652364137102808560),15.715156
matmul_1024x1024x4096,main,jit_validation_matrix_multiply(6652364137102808560),16.31125
matmul_1024x1024x4096,main,jit_validation_matrix_multiply(6652364137102808560),16.16125
matmul_1024x1024x4096,main,jit_validation_matrix_multiply(6652364137102808560),16.217578
matmul_1024x1024x4096,sub,copy-start,0.012422
matmul_1024x1024x4096,sub,copy-done,6.392422
matmul_1024x1024x4096,sub,fusion,15.95875
matmul_1024x1024x4096,sub,copy-start,0.012344
matmul_1024x1024x4096,sub,copy-done,0.0025
matmul_1024x1024x4096,sub,fusion,15.756328
matmul_1024x1024x4096,sub,copy-start,0.011406
matmul_1024x1024x4096,sub,copy-done,0.003516
matmul_1024x1024x4096,sub,fusion,16.127422
matmul_1024x1024x4096,sub,copy-start,0.011328
matmul_1024x1024x4096,sub,copy-done,0.0025
matmul_1024x1024x4096,sub,fusion,16.25875
matmul_1024x1024x4096,sub,copy-start,0.0125
matmul_1024x1024x4096,sub,copy-done,0.0025
matmul_1024x1024x4096,sub,fusion,16.277656
matmul_1024x1024x4096,sub,copy-start,0.0125
matmul_1024x1024x4096,sub,copy-done,0.003672
matmul_1024x1024x4096,sub,fusion,16.27125
matmul_1024x1024x4096,sub,copy-start,0.011328
matmul_1024x1024x4096,sub,copy-done,0.002656
matmul_1024x1024x4096,sub,fusion,15.695078
matmul_1024x1024x4096,sub,copy-start,0.011328
matmul_1024x1024x4096,sub,copy-done,0.002656
matmul_1024x1024x4096,sub,fusion,16.290234
matmul_1024x1024x4096,sub,copy-start,0.012422
matmul_1024x1024x4096,sub,copy-done,0.002578
matmul_1024x1024x4096,sub,fusion,16.140234
matmul_1024x1024x4096,sub,copy-start,0.012344
matmul_1024x1024x4096,sub,copy-done,0.002578
matmul_1024x1024x4096,sub,fusion,16.1975
matmul_1024x1536x1024,main,jit_validation_matrix_multiply(17740820558271177748),11.35125
matmul_1024x1536x1024,main,jit_validation_matrix_multiply(17740820558271177748),8.3575
matmul_1024x1536x1024,main,jit_validation_matrix_multiply(17740820558271177748),8.5925
matmul_1024x1536x1024,main,jit_validation_matrix_multiply(17740820558271177748),8.53125
matmul_1024x1536x1024,main,jit_validation_matrix_multiply(17740820558271177748),8.413594
matmul_1024x1536x1024,main,jit_validation_matrix_multiply(17740820558271177748),8.547422
matmul_1024x1536x1024,main,jit_validation_matrix_multiply(17740820558271177748),8.623672
matmul_1024x1536x1024,main,jit_validation_matrix_multiply(17740820558271177748),8.587422
matmul_1024x1536x1024,main,jit_validation_matrix_multiply(17740820558271177748),8.566094
matmul_1024x1536x1024,main,jit_validation_matrix_multiply(17740820558271177748),8.30375
matmul_1024x1536x1024,sub,copy-start,0.012344
matmul_1024x1536x1024,sub,copy-done,2.71375
matmul_1024x1536x1024,sub,fusion,8.62
matmul_1024x1536x1024,sub,copy-start,0.011328
matmul_1024x1536x1024,sub,copy-done,0.0025
matmul_1024x1536x1024,sub,fusion,8.336328
matmul_1024x1536x1024,sub,copy-start,0.0125
matmul_1024x1536x1024,sub,copy-done,0.0025
matmul_1024x1536x1024,sub,fusion,8.571328
matmul_1024x1536x1024,sub,copy-start,0.012422
matmul_1024x1536x1024,sub,copy-done,0.002578
matmul_1024x1536x1024,sub,fusion,8.510234
matmul_1024x1536x1024,sub,copy-start,0.0125
matmul_1024x1536x1024,sub,copy-done,0.0025
matmul_1024x1536x1024,sub,fusion,8.392422
matmul_1024x1536x1024,sub,copy-start,0.011328
matmul_1024x1536x1024,sub,copy-done,0.003594
matmul_1024x1536x1024,sub,fusion,8.526172
matmul_1024x1536x1024,sub,copy-start,0.011328
matmul_1024x1536x1024,sub,copy-done,0.003594
matmul_1024x1536x1024,sub,fusion,8.602422
matmul_1024x1536x1024,sub,copy-start,0.012422
matmul_1024x1536x1024,sub,copy-done,0.002578
matmul_1024x1536x1024,sub,fusion,8.566328
matmul_1024x1536x1024,sub,copy-start,0.0125
matmul_1024x1536x1024,sub,copy-done,0.0025
matmul_1024x1536x1024,sub,fusion,8.544844
matmul_1024x1536x1024,sub,copy-start,0.0125
matmul_1024x1536x1024,sub,copy-done,0.0025
matmul_1024x1536x1024,sub,fusion,8.283672
matmul_1024x1536x1536,main,jit_validation_matrix_multiply(17999045533944801510),14.965
matmul_1024x1536x1536,main,jit_validation_matrix_multiply(17999045533944801510),11.744922
matmul_1024x1536x1536,main,jit_validation_matrix_multiply(17999045533944801510),11.018828
matmul_1024x1536x1536,main,jit_validation_matrix_multiply(17999045533944801510),11.07375
matmul_1024x1536x1536,main,jit_validation_matrix_multiply(17999045533944801510),10.96
matmul_1024x1536x1536,main,jit_validation_matrix_multiply(17999045533944801510),11.08125
matmul_1024x1536x1536,main,jit_validation_matrix_multiply(17999045533944801510),10.959922
matmul_1024x1536x1536,main,jit_validation_matrix_multiply(17999045533944801510),11.221094
matmul_1024x1536x1536,main,jit_validation_matrix_multiply(17999045533944801510),11.096172
matmul_1024x1536x1536,main,jit_validation_matrix_multiply(17999045533944801510),11.282656
matmul_1024x1536x1536,sub,copy-start,0.011406
matmul_1024x1536x1536,sub,copy-done,3.853828
matmul_1024x1536x1536,sub,fusion,11.0925
matmul_1024x1536x1536,sub,copy-start,0.012344
matmul_1024x1536x1536,sub,copy-done,0.003672
matmul_1024x1536x1536,sub,fusion,11.723828
matmul_1024x1536x1536,sub,copy-start,0.011328
matmul_1024x1536x1536,sub,copy-done,0.0025
matmul_1024x1536x1536,sub,fusion,10.99875
matmul_1024x1536x1536,sub,copy-start,0.0125
matmul_1024x1536x1536,sub,copy-done,0.0025
matmul_1024x1536x1536,sub,fusion,11.052656
matmul_1024x1536x1536,sub,copy-start,0.0125
matmul_1024x1536x1536,sub,copy-done,0.0025
matmul_1024x1536x1536,sub,fusion,10.939922
matmul_1024x1536x1536,sub,copy-start,0.0125
matmul_1024x1536x1536,sub,copy-done,0.003672
matmul_1024x1536x1536,sub,fusion,11.060078
matmul_1024x1536x1536,sub,copy-start,0.0125
matmul_1024x1536x1536,sub,copy-done,0.002578
matmul_1024x1536x1536,sub,fusion,10.939844
matmul_1024x1536x1536,sub,copy-start,0.0125
matmul_1024x1536x1536,sub,copy-done,0.0025
matmul_1024x1536x1536,sub,fusion,11.2
matmul_1024x1536x1536,sub,copy-start,0.011328
matmul_1024x1536x1536,sub,copy-done,0.003672
matmul_1024x1536x1536,sub,fusion,11.076094
matmul_1024x1536x1536,sub,copy-start,0.0125
matmul_1024x1536x1536,sub,copy-done,0.003672
matmul_1024x1536x1536,sub,fusion,11.262578
matmul_1024x1536x2048,main,jit_validation_matrix_multiply(7276065769946640760),18.865
matmul_1024x1536x2048,main,jit_validation_matrix_multiply(7276065769946640760),13.80625
matmul_1024x1536x2048,main,jit_validation_matrix_multiply(7276065769946640760),13.788828
matmul_1024x1536x2048,main,jit_validation_matrix_multiply(7276065769946640760),13.761094
matmul_1024x1536x2048,main,jit_validation_matrix_multiply(7276065769946640760),13.938828
matmul_1024x1536x2048,main,jit_validation_matrix_multiply(7276065769946640760),13.855156
matmul_1024x1536x2048,main,jit_validation_matrix_multiply(7276065769946640760),13.930078
matmul_1024x1536x2048,main,jit_validation_matrix_multiply(7276065769946640760),13.788672
matmul_1024x1536x2048,main,jit_validation_matrix_multiply(7276065769946640760),13.7775
matmul_1024x1536x2048,main,jit_validation_matrix_multiply(7276065769946640760),13.663594
matmul_1024x1536x2048,sub,copy-start,0.011406
matmul_1024x1536x2048,sub,copy-done,5.079844
matmul_1024x1536x2048,sub,fusion,13.768672
matmul_1024x1536x2048,sub,copy-start,0.012344
matmul_1024x1536x2048,sub,copy-done,0.002578
matmul_1024x1536x2048,sub,fusion,13.785078
matmul_1024x1536x2048,sub,copy-start,0.0125
matmul_1024x1536x2048,sub,copy-done,0.0025
matmul_1024x1536x2048,sub,fusion,13.76875
matmul_1024x1536x2048,sub,copy-start,0.011328
matmul_1024x1536x2048,sub,copy-done,0.002578
matmul_1024x1536x2048,sub,fusion,13.74
matmul_1024x1536x2048,sub,copy-start,0.011484
matmul_1024x1536x2048,sub,copy-done,0.002578
matmul_1024x1536x2048,sub,fusion,13.91875
matmul_1024x1536x2048,sub,copy-start,0.011328
matmul_1024x1536x2048,sub,copy-done,0.002656
matmul_1024x1536x2048,sub,fusion,13.835078
matmul_1024x1536x2048,sub,copy-start,0.011328
matmul_1024x1536x2048,sub,copy-done,0.002578
matmul_1024x1536x2048,sub,fusion,13.91
matmul_1024x1536x2048,sub,copy-start,0.011328
matmul_1024x1536x2048,sub,copy-done,0.002578
matmul_1024x1536x2048,sub,fusion,13.768594
matmul_1024x1536x2048,sub,copy-start,0.0125
matmul_1024x1536x2048,sub,copy-done,0.0025
matmul_1024x1536x2048,sub,fusion,13.757422
matmul_1024x1536x2048,sub,copy-start,0.011328
matmul_1024x1536x2048,sub,copy-done,0.0025
matmul_1024x1536x2048,sub,fusion,13.642656
matmul_1024x1536x2560,main,jit_validation_matrix_multiply(3537111817742343140),22.751172
matmul_1024x1536x2560,main,jit_validation_matrix_multiply(3537111817742343140),16.637578
matmul_1024x1536x2560,main,jit_validation_matrix_multiply(3537111817742343140),16.469844
matmul_1024x1536x2560,main,jit_validation_matrix_multiply(3537111817742343140),16.512656
matmul_1024x1536x2560,main,jit_validation_matrix_multiply(3537111817742343140),16.62
matmul_1024x1536x2560,main,jit_validation_matrix_multiply(3537111817742343140),16.66125
matmul_1024x1536x2560,main,jit_validation_matrix_multiply(3537111817742343140),16.419922
matmul_1024x1536x2560,main,jit_validation_matrix_multiply(3537111817742343140),16.575
matmul_1024x1536x2560,main,jit_validation_matrix_multiply(3537111817742343140),16.940078
matmul_1024x1536x2560,main,jit_validation_matrix_multiply(3537111817742343140),16.504922
matmul_1024x1536x2560,sub,copy-start,0.0125
matmul_1024x1536x2560,sub,copy-done,6.069922
matmul_1024x1536x2560,sub,fusion,16.6625
matmul_1024x1536x2560,sub,copy-start,0.0125
matmul_1024x1536x2560,sub,copy-done,0.0025
matmul_1024x1536x2560,sub,fusion,16.6175
matmul_1024x1536x2560,sub,copy-start,0.0125
matmul_1024x1536x2560,sub,copy-done,0.0025
matmul_1024x1536x2560,sub,fusion,16.44875
matmul_1024x1536x2560,sub,copy-start,0.012422
matmul_1024x1536x2560,sub,copy-done,0.002578
matmul_1024x1536x2560,sub,fusion,16.492578
matmul_1024x1536x2560,sub,copy-start,0.012422
matmul_1024x1536x2560,sub,copy-done,0.0025
matmul_1024x1536x2560,sub,fusion,16.59875
matmul_1024x1536x2560,sub,copy-start,0.012422
matmul_1024x1536x2560,sub,copy-done,0.002578
matmul_1024x1536x2560,sub,fusion,16.640156
matmul_1024x1536x2560,sub,copy-start,0.0125
matmul_1024x1536x2560,sub,copy-done,0.003516
matmul_1024x1536x2560,sub,fusion,16.398828
matmul_1024x1536x2560,sub,copy-start,0.0125
matmul_1024x1536x2560,sub,copy-done,0.0025
matmul_1024x1536x2560,sub,fusion,16.554922
matmul_1024x1536x2560,sub,copy-start,0.011328
matmul_1024x1536x2560,sub,copy-done,0.003594
matmul_1024x1536x2560,sub,fusion,16.919922
matmul_1024x1536x2560,sub,copy-start,0.0125
matmul_1024x1536x2560,sub,copy-done,0.003672
matmul_1024x1536x2560,sub,fusion,16.48375
matmul_1024x1536x3072,main,jit_validation_matrix_multiply(10422277984110763689),23.352422
matmul_1024x1536x3072,main,jit_validation_matrix_multiply(10422277984110763689),16.356172
matmul_1024x1536x3072,main,jit_validation_matrix_multiply(10422277984110763689),16.623828
matmul_1024x1536x3072,main,jit_validation_matrix_multiply(10422277984110763689),17.24875
matmul_1024x1536x3072,main,jit_validation_matrix_multiply(10422277984110763689),16.333906
matmul_1024x1536x3072,main,jit_validation_matrix_multiply(10422277984110763689),16.322422
matmul_1024x1536x3072,main,jit_validation_matrix_multiply(10422277984110763689),16.57875
matmul_1024x1536x3072,main,jit_validation_matrix_multiply(10422277984110763689),16.630156
matmul_1024x1536x3072,main,jit_validation_matrix_multiply(10422277984110763689),16.432422
matmul_1024x1536x3072,main,jit_validation_matrix_multiply(10422277984110763689),16.338906
matmul_1024x1536x3072,sub,copy-start,0.012422
matmul_1024x1536x3072,sub,copy-done,7.003828
matmul_1024x1536x3072,sub,fusion,16.328984
matmul_1024x1536x3072,sub,copy-start,0.0125
matmul_1024x1536x3072,sub,copy-done,0.0025
matmul_1024x1536x3072,sub,fusion,16.336094
matmul_1024x1536x3072,sub,copy-start,0.012422
matmul_1024x1536x3072,sub,copy-done,0.003594
matmul_1024x1536x3072,sub,fusion,16.60375
matmul_1024x1536x3072,sub,copy-start,0.011328
matmul_1024x1536x3072,sub,copy-done,0.002578
matmul_1024x1536x3072,sub,fusion,17.227578
matmul_1024x1536x3072,sub,copy-start,0.0125
matmul_1024x1536x3072,sub,copy-done,0.0025
matmul_1024x1536x3072,sub,fusion,16.313828
matmul_1024x1536x3072,sub,copy-start,0.011406
matmul_1024x1536x3072,sub,copy-done,0.0025
matmul_1024x1536x3072,sub,fusion,16.300234
matmul_1024x1536x3072,sub,copy-start,0.012422
matmul_1024x1536x3072,sub,copy-done,0.002578
matmul_1024x1536x3072,sub,fusion,16.558594
matmul_1024x1536x3072,sub,copy-start,0.012422
matmul_1024x1536x3072,sub,copy-done,0.0025
matmul_1024x1536x3072,sub,fusion,16.610078
matmul_1024x1536x3072,sub,copy-start,0.011406
matmul_1024x1536x3072,sub,copy-done,0.0025
matmul_1024x1536x3072,sub,fusion,16.410078
matmul_1024x1536x3072,sub,copy-start,0.0125
matmul_1024x1536x3072,sub,copy-done,0.002578
matmul_1024x1536x3072,sub,fusion,16.318828
matmul_1024x1536x3584,main,jit_validation_matrix_multiply(3248764006739490657),26.568672
matmul_1024x1536x3584,main,jit_validation_matrix_multiply(3248764006739490657),18.246328
matmul_1024x1536x3584,main,jit_validation_matrix_multiply(3248764006739490657),18.422422
matmul_1024x1536x3584,main,jit_validation_matrix_multiply(3248764006739490657),18.433828
matmul_1024x1536x3584,main,jit_validation_matrix_multiply(3248764006739490657),18.397422
matmul_1024x1536x3584,main,jit_validation_matrix_multiply(3248764006739490657),18.26875
matmul_1024x1536x3584,main,jit_validation_matrix_multiply(3248764006739490657),18.63125
matmul_1024x1536x3584,main,jit_validation_matrix_multiply(3248764006739490657),18.402344
matmul_1024x1536x3584,main,jit_validation_matrix_multiply(3248764006739490657),18.551406
matmul_1024x1536x3584,main,jit_validation_matrix_multiply(3248764006739490657),18.5425
matmul_1024x1536x3584,sub,copy-start,0.0125
matmul_1024x1536x3584,sub,copy-done,8.06125
matmul_1024x1536x3584,sub,fusion,18.48875
matmul_1024x1536x3584,sub,copy-start,0.011328
matmul_1024x1536x3584,sub,copy-done,0.0025
matmul_1024x1536x3584,sub,fusion,18.22625
matmul_1024x1536x3584,sub,copy-start,0.0125
matmul_1024x1536x3584,sub,copy-done,0.0025
matmul_1024x1536x3584,sub,fusion,18.40125
matmul_1024x1536x3584,sub,copy-start,0.0125
matmul_1024x1536x3584,sub,copy-done,0.003672
matmul_1024x1536x3584,sub,fusion,18.41375
matmul_1024x1536x3584,sub,copy-start,0.0125
matmul_1024x1536x3584,sub,copy-done,0.003672
matmul_1024x1536x3584,sub,fusion,18.376328
matmul_1024x1536x3584,sub,copy-start,0.012344
matmul_1024x1536x3584,sub,copy-done,0.0025
matmul_1024x1536x3584,sub,fusion,18.248672
matmul_1024x1536x3584,sub,copy-start,0.0125
matmul_1024x1536x3584,sub,copy-done,0.0025
matmul_1024x1536x3584,sub,fusion,18.611172
matmul_1024x1536x3584,sub,copy-start,0.0125
matmul_1024x1536x3584,sub,copy-done,0.002578
matmul_1024x1536x3584,sub,fusion,18.38125
matmul_1024x1536x3584,sub,copy-start,0.0125
matmul_1024x1536x3584,sub,copy-done,0.0025
matmul_1024x1536x3584,sub,fusion,18.531328
matmul_1024x1536x3584,sub,copy-start,0.012422
matmul_1024x1536x3584,sub,copy-done,0.003672
matmul_1024x1536x3584,sub,fusion,18.522422
matmul_1024x1536x4096,main,jit_validation_matrix_multiply(17486181204946920266),30.593906
matmul_1024x1536x4096,main,jit_validation_matrix_multiply(17486181204946920266),21.091172
matmul_1024x1536x4096,main,jit_validation_matrix_multiply(17486181204946920266),20.815156
matmul_1024x1536x4096,main,jit_validation_matrix_multiply(17486181204946920266),20.9375
matmul_1024x1536x4096,main,jit_validation_matrix_multiply(17486181204946920266),21.037578
matmul_1024x1536x4096,main,jit_validation_matrix_multiply(17486181204946920266),21.142656
matmul_1024x1536x4096,main,jit_validation_matrix_multiply(17486181204946920266),20.926172
matmul_1024x1536x4096,main,jit_validation_matrix_multiply(17486181204946920266),21.17375
matmul_1024x1536x4096,main,jit_validation_matrix_multiply(17486181204946920266),21.06875
matmul_1024x1536x4096,main,jit_validation_matrix_multiply(17486181204946920266),20.928906
matmul_1024x1536x4096,sub,copy-start,0.012344
matmul_1024x1536x4096,sub,copy-done,9.2575
matmul_1024x1536x4096,sub,fusion,21.32
matmul_1024x1536x4096,sub,copy-start,0.0125
matmul_1024x1536x4096,sub,copy-done,0.0025
matmul_1024x1536x4096,sub,fusion,21.07
matmul_1024x1536x4096,sub,copy-start,0.0125
matmul_1024x1536x4096,sub,copy-done,0.0025
matmul_1024x1536x4096,sub,fusion,20.795078
matmul_1024x1536x4096,sub,copy-start,0.012422
matmul_1024x1536x4096,sub,copy-done,0.002578
matmul_1024x1536x4096,sub,fusion,20.916406
matmul_1024x1536x4096,sub,copy-start,0.0125
matmul_1024x1536x4096,sub,copy-done,0.0025
matmul_1024x1536x4096,sub,fusion,21.0175
matmul_1024x1536x4096,sub,copy-start,0.012344
matmul_1024x1536x4096,sub,copy-done,0.002578
matmul_1024x1536x4096,sub,fusion,21.122578
matmul_1024x1536x4096,sub,copy-start,0.012344
matmul_1024x1536x4096,sub,copy-done,0.003672
matmul_1024x1536x4096,sub,fusion,20.905
matmul_1024x1536x4096,sub,copy-start,0.0125
matmul_1024x1536x4096,sub,copy-done,0.0025
matmul_1024x1536x4096,sub,fusion,21.153672
matmul_1024x1536x4096,sub,copy-start,0.011328
matmul_1024x1536x4096,sub,copy-done,0.002578
matmul_1024x1536x4096,sub,fusion,21.047578
matmul_1024x1536x4096,sub,copy-start,0.011328
matmul_1024x1536x4096,sub,copy-done,0.002578
matmul_1024x1536x4096,sub,fusion,20.908828
matmul_1024x2048x1024,main,jit_validation_matrix_multiply(4506365928165746824),13.725
matmul_1024x2048x1024,main,jit_validation_matrix_multiply(4506365928165746824),10.048594
matmul_1024x2048x1024,main,jit_validation_matrix_multiply(4506365928165746824),10.230078
matmul_1024x2048x1024,main,jit_validation_matrix_multiply(4506365928165746824),10.188594
matmul_1024x2048x1024,main,jit_validation_matrix_multiply(4506365928165746824),10.1375
matmul_1024x2048x1024,main,jit_validation_matrix_multiply(4506365928165746824),10.26625
matmul_1024x2048x1024,main,jit_validation_matrix_multiply(4506365928165746824),10.25875
matmul_1024x2048x1024,main,jit_validation_matrix_multiply(4506365928165746824),10.272578
matmul_1024x2048x1024,main,jit_validation_matrix_multiply(4506365928165746824),10.23375
matmul_1024x2048x1024,main,jit_validation_matrix_multiply(4506365928165746824),10.0875
matmul_1024x2048x1024,sub,copy-start,0.011328
matmul_1024x2048x1024,sub,copy-done,3.622344
matmul_1024x2048x1024,sub,fusion,10.085078
matmul_1024x2048x1024,sub,copy-start,0.0125
matmul_1024x2048x1024,sub,copy-done,0.0025
matmul_1024x2048x1024,sub,fusion,10.027422
matmul_1024x2048x1024,sub,copy-start,0.011328
matmul_1024x2048x1024,sub,copy-done,0.0025
matmul_1024x2048x1024,sub,fusion,10.21
matmul_1024x2048x1024,sub,copy-start,0.011328
matmul_1024x2048x1024,sub,copy-done,0.002578
matmul_1024x2048x1024,sub,fusion,10.167344
matmul_1024x2048x1024,sub,copy-start,0.012422
matmul_1024x2048x1024,sub,copy-done,0.002578
matmul_1024x2048x1024,sub,fusion,10.116406
matmul_1024x2048x1024,sub,copy-start,0.011406
matmul_1024x2048x1024,sub,copy-done,0.002578
matmul_1024x2048x1024,sub,fusion,10.245
matmul_1024x2048x1024,sub,copy-start,0.011406
matmul_1024x2048x1024,sub,copy-done,0.002656
matmul_1024x2048x1024,sub,fusion,10.237578
matmul_1024x2048x1024,sub,copy-start,0.012344
matmul_1024x2048x1024,sub,copy-done,0.003672
matmul_1024x2048x1024,sub,fusion,10.2525
matmul_1024x2048x1024,sub,copy-start,0.011328
matmul_1024x2048x1024,sub,copy-done,0.0025
matmul_1024x2048x1024,sub,fusion,10.212656
matmul_1024x2048x1024,sub,copy-start,0.011328
matmul_1024x2048x1024,sub,copy-done,0.002578
matmul_1024x2048x1024,sub,fusion,10.066406
matmul_1024x2048x1536,main,jit_validation_matrix_multiply(5482456341159178419),18.271172
matmul_1024x2048x1536,main,jit_validation_matrix_multiply(5482456341159178419),13.482422
matmul_1024x2048x1536,main,jit_validation_matrix_multiply(5482456341159178419),13.411328
matmul_1024x2048x1536,main,jit_validation_matrix_multiply(5482456341159178419),13.3825
matmul_1024x2048x1536,main,jit_validation_matrix_multiply(5482456341159178419),13.4925
matmul_1024x2048x1536,main,jit_validation_matrix_multiply(5482456341159178419),13.4525
matmul_1024x2048x1536,main,jit_validation_matrix_multiply(5482456341159178419),13.454922
matmul_1024x2048x1536,main,jit_validation_matrix_multiply(5482456341159178419),13.442578
matmul_1024x2048x1536,main,jit_validation_matrix_multiply(5482456341159178419),13.2675
matmul_1024x2048x1536,main,jit_validation_matrix_multiply(5482456341159178419),13.40875
matmul_1024x2048x1536,sub,copy-start,0.0125
matmul_1024x2048x1536,sub,copy-done,4.932422
matmul_1024x2048x1536,sub,fusion,13.321172
matmul_1024x2048x1536,sub,copy-start,0.011328
matmul_1024x2048x1536,sub,copy-done,0.002578
matmul_1024x2048x1536,sub,fusion,13.462344
matmul_1024x2048x1536,sub,copy-start,0.012422
matmul_1024x2048x1536,sub,copy-done,0.002578
matmul_1024x2048x1536,sub,fusion,13.39125
matmul_1024x2048x1536,sub,copy-start,0.0125
matmul_1024x2048x1536,sub,copy-done,0.0025
matmul_1024x2048x1536,sub,fusion,13.36125
matmul_1024x2048x1536,sub,copy-start,0.0125
matmul_1024x2048x1536,sub,copy-done,0.003594
matmul_1024x2048x1536,sub,fusion,13.47125
matmul_1024x2048x1536,sub,copy-start,0.0125
matmul_1024x2048x1536,sub,copy-done,0.003672
matmul_1024x2048x1536,sub,fusion,13.431328
matmul_1024x2048x1536,sub,copy-start,0.0125
matmul_1024x2048x1536,sub,copy-done,0.0025
matmul_1024x2048x1536,sub,fusion,13.433828
matmul_1024x2048x1536,sub,copy-start,0.011328
matmul_1024x2048x1536,sub,copy-done,0.002578
matmul_1024x2048x1536,sub,fusion,13.4225
matmul_1024x2048x1536,sub,copy-start,0.0125
matmul_1024x2048x1536,sub,copy-done,0.0025
matmul_1024x2048x1536,sub,fusion,13.247422
matmul_1024x2048x1536,sub,copy-start,0.0125
matmul_1024x2048x1536,sub,copy-done,0.0025
matmul_1024x2048x1536,sub,fusion,13.387656
matmul_1024x2048x2048,main,jit_validation_matrix_multiply(777575050546898202),23.478672
matmul_1024x2048x2048,main,jit_validation_matrix_multiply(777575050546898202),17.10625
matmul_1024x2048x2048,main,jit_validation_matrix_multiply(777575050546898202),16.805078
matmul_1024x2048x2048,main,jit_validation_matrix_multiply(777575050546898202),16.891328
matmul_1024x2048x2048,main,jit_validation_matrix_multiply(777575050546898202),17.095
matmul_1024x2048x2048,main,jit_validation_matrix_multiply(777575050546898202),16.655078
matmul_1024x2048x2048,main,jit_validation_matrix_multiply(777575050546898202),17.038594
matmul_1024x2048x2048,main,jit_validation_matrix_multiply(777575050546898202),17.041094
matmul_1024x2048x2048,main,jit_validation_matrix_multiply(777575050546898202),17.01
matmul_1024x2048x2048,main,jit_validation_matrix_multiply(777575050546898202),17.01625
matmul_1024x2048x2048,sub,copy-start,0.012422
matmul_1024x2048x2048,sub,copy-done,6.33375
matmul_1024x2048x2048,sub,fusion,17.126328
matmul_1024x2048x2048,sub,copy-start,0.012422
matmul_1024x2048x2048,sub,copy-done,0.0025
matmul_1024x2048x2048,sub,fusion,17.085156
matmul_1024x2048x2048,sub,copy-start,0.0125
matmul_1024x2048x2048,sub,copy-done,0.0025
matmul_1024x2048x2048,sub,fusion,16.785
matmul_1024x2048x2048,sub,copy-start,0.0125
matmul_1024x2048x2048,sub,copy-done,0.003594
matmul_1024x2048x2048,sub,fusion,16.87125
matmul_1024x2048x2048,sub,copy-start,0.011328
matmul_1024x2048x2048,sub,copy-done,0.002578
matmul_1024x2048x2048,sub,fusion,17.073828
matmul_1024x2048x2048,sub,copy-start,0.011406
matmul_1024x2048x2048,sub,copy-done,0.002656
matmul_1024x2048x2048,sub,fusion,16.635
matmul_1024x2048x2048,sub,copy-start,0.011328
matmul_1024x2048x2048,sub,copy-done,0.003672
matmul_1024x2048x2048,sub,fusion,17.017344
matmul_1024x2048x2048,sub,copy-start,0.0125
matmul_1024x2048x2048,sub,copy-done,0.0025
matmul_1024x2048x2048,sub,fusion,17.02
matmul_1024x2048x2048,sub,copy-start,0.011328
matmul_1024x2048x2048,sub,copy-done,0.002656
matmul_1024x2048x2048,sub,fusion,16.98875
matmul_1024x2048x2048,sub,copy-start,0.011328
matmul_1024x2048x2048,sub,copy-done,0.003672
matmul_1024x2048x2048,sub,fusion,16.996172
matmul_1024x2048x2560,main,jit_validation_matrix_multiply(12153096600380041209),27.91125
matmul_1024x2048x2560,main,jit_validation_matrix_multiply(12153096600380041209),20.146172
matmul_1024x2048x2560,main,jit_validation_matrix_multiply(12153096600380041209),20.4225
matmul_1024x2048x2560,main,jit_validation_matrix_multiply(12153096600380041209),20.293906
matmul_1024x2048x2560,main,jit_validation_matrix_multiply(12153096600380041209),20.19
matmul_1024x2048x2560,main,jit_validation_matrix_multiply(12153096600380041209),20.08125
matmul_1024x2048x2560,main,jit_validation_matrix_multiply(12153096600380041209),20.17625
matmul_1024x2048x2560,main,jit_validation_matrix_multiply(12153096600380041209),20.34875
matmul_1024x2048x2560,main,jit_validation_matrix_multiply(12153096600380041209),20.195156
matmul_1024x2048x2560,main,jit_validation_matrix_multiply(12153096600380041209),19.95625
matmul_1024x2048x2560,sub,copy-start,0.0125
matmul_1024x2048x2560,sub,copy-done,7.73125
matmul_1024x2048x2560,sub,fusion,20.162422
matmul_1024x2048x2560,sub,copy-start,0.011328
matmul_1024x2048x2560,sub,copy-done,0.003594
matmul_1024x2048x2560,sub,fusion,20.125078
matmul_1024x2048x2560,sub,copy-start,0.011406
matmul_1024x2048x2560,sub,copy-done,0.002656
matmul_1024x2048x2560,sub,fusion,20.401328
matmul_1024x2048x2560,sub,copy-start,0.011328
matmul_1024x2048x2560,sub,copy-done,0.003594
matmul_1024x2048x2560,sub,fusion,20.273828
matmul_1024x2048x2560,sub,copy-start,0.011328
matmul_1024x2048x2560,sub,copy-done,0.003594
matmul_1024x2048x2560,sub,fusion,20.169922
matmul_1024x2048x2560,sub,copy-start,0.012422
matmul_1024x2048x2560,sub,copy-done,0.003594
matmul_1024x2048x2560,sub,fusion,20.061172
matmul_1024x2048x2560,sub,copy-start,0.0125
matmul_1024x2048x2560,sub,copy-done,0.0025
matmul_1024x2048x2560,sub,fusion,20.155156
matmul_1024x2048x2560,sub,copy-start,0.011328
matmul_1024x2048x2560,sub,copy-done,0.003594
matmul_1024x2048x2560,sub,fusion,20.328672
matmul_1024x2048x2560,sub,copy-start,0.011328
matmul_1024x2048x2560,sub,copy-done,0.0025
matmul_1024x2048x2560,sub,fusion,20.175078
matmul_1024x2048x2560,sub,copy-start,0.012422
matmul_1024x2048x2560,sub,copy-done,0.003672
matmul_1024x2048x2560,sub,fusion,19.935078
matmul_1024x2048x3072,main,jit_validation_matrix_multiply(1878306247797877328),32.405156
matmul_1024x2048x3072,main,jit_validation_matrix_multiply(1878306247797877328),23.345078
matmul_1024x2048x3072,main,jit_validation_matrix_multiply(1878306247797877328),23.47125
matmul_1024x2048x3072,main,jit_validation_matrix_multiply(1878306247797877328),23.500078
matmul_1024x2048x3072,main,jit_validation_matrix_multiply(1878306247797877328),23.404844
matmul_1024x2048x3072,main,jit_validation_matrix_multiply(1878306247797877328),23.70625
matmul_1024x2048x3072,main,jit_validation_matrix_multiply(1878306247797877328),23.578672
matmul_1024x2048x3072,main,jit_validation_matrix_multiply(1878306247797877328),23.294922
matmul_1024x2048x3072,main,jit_validation_matrix_multiply(1878306247797877328),23.333906
matmul_1024x2048x3072,main,jit_validation_matrix_multiply(1878306247797877328),23.438672
matmul_1024x2048x3072,sub,copy-start,0.011328
matmul_1024x2048x3072,sub,copy-done,9.158594
matmul_1024x2048x3072,sub,fusion,23.23
matmul_1024x2048x3072,sub,copy-start,0.011328
matmul_1024x2048x3072,sub,copy-done,0.003594
matmul_1024x2048x3072,sub,fusion,23.325
matmul_1024x2048x3072,sub,copy-start,0.012344
matmul_1024x2048x3072,sub,copy-done,0.003672
matmul_1024x2048x3072,sub,fusion,23.451172
matmul_1024x2048x3072,sub,copy-start,0.012422
matmul_1024x2048x3072,sub,copy-done,0.0025
matmul_1024x2048x3072,sub,fusion,23.48
matmul_1024x2048x3072,sub,copy-start,0.011328
matmul_1024x2048x3072,sub,copy-done,0.003672
matmul_1024x2048x3072,sub,fusion,23.383594
matmul_1024x2048x3072,sub,copy-start,0.012422
matmul_1024x2048x3072,sub,copy-done,0.003672
matmul_1024x2048x3072,sub,fusion,23.686172
matmul_1024x2048x3072,sub,copy-start,0.012422
matmul_1024x2048x3072,sub,copy-done,0.0025
matmul_1024x2048x3072,sub,fusion,23.557578
matmul_1024x2048x3072,sub,copy-start,0.0125
matmul_1024x2048x3072,sub,copy-done,0.003672
matmul_1024x2048x3072,sub,fusion,23.273828
matmul_1024x2048x3072,sub,copy-start,0.012422
matmul_1024x2048x3072,sub,copy-done,0.002578
matmul_1024x2048x3072,sub,fusion,23.313906
matmul_1024x2048x3072,sub,copy-start,0.011328
matmul_1024x2048x3072,sub,copy-done,0.003672
matmul_1024x2048x3072,sub,fusion,23.418594
matmul_1024x2048x3584,main,jit_validation_matrix_multiply(16289726968761312375),38.658984
matmul_1024x2048x3584,main,jit_validation_matrix_multiply(16289726968761312375),28.023906
matmul_1024x2048x3584,main,jit_validation_matrix_multiply(16289726968761312375),28.150078
matmul_1024x2048x3584,main,jit_validation_matrix_multiply(16289726968761312375),27.93375
matmul_1024x2048x3584,main,jit_validation_matrix_multiply(16289726968761312375),27.817578
matmul_1024x2048x3584,main,jit_validation_matrix_multiply(16289726968761312375),27.851328
matmul_1024x2048x3584,main,jit_validation_matrix_multiply(16289726968761312375),27.745
matmul_1024x2048x3584,main,jit_validation_matrix_multiply(16289726968761312375),27.858672
matmul_1024x2048x3584,main,jit_validation_matrix_multiply(16289726968761312375),27.997578
matmul_1024x2048x3584,main,jit_validation_matrix_multiply(16289726968761312375),28.325078
matmul_1024x2048x3584,sub,copy-start,0.011328
matmul_1024x2048x3584,sub,copy-done,10.647578
matmul_1024x2048x3584,sub,fusion,27.995
matmul_1024x2048x3584,sub,copy-start,0.0125
matmul_1024x2048x3584,sub,copy-done,0.0025
matmul_1024x2048x3584,sub,fusion,28.003828
matmul_1024x2048x3584,sub,copy-start,0.012344
matmul_1024x2048x3584,sub,copy-done,0.003672
matmul_1024x2048x3584,sub,fusion,28.13
matmul_1024x2048x3584,sub,copy-start,0.011328
matmul_1024x2048x3584,sub,copy-done,0.002578
matmul_1024x2048x3584,sub,fusion,27.913672
matmul_1024x2048x3584,sub,copy-start,0.011328
matmul_1024x2048x3584,sub,copy-done,0.002578
matmul_1024x2048x3584,sub,fusion,27.7975
matmul_1024x2048x3584,sub,copy-start,0.012344
matmul_1024x2048x3584,sub,copy-done,0.0025
matmul_1024x2048x3584,sub,fusion,27.83125
matmul_1024x2048x3584,sub,copy-start,0.0125
matmul_1024x2048x3584,sub,copy-done,0.0025
matmul_1024x2048x3584,sub,fusion,27.724922
matmul_1024x2048x3584,sub,copy-start,0.012344
matmul_1024x2048x3584,sub,copy-done,0.003672
matmul_1024x2048x3584,sub,fusion,27.837578
matmul_1024x2048x3584,sub,copy-start,0.011328
matmul_1024x2048x3584,sub,copy-done,0.003594
matmul_1024x2048x3584,sub,fusion,27.977422
matmul_1024x2048x3584,sub,copy-start,0.012422
matmul_1024x2048x3584,sub,copy-done,0.002578
matmul_1024x2048x3584,sub,fusion,28.305
matmul_1024x2048x4096,main,jit_validation_matrix_multiply(5401441243603411575),39.148672
matmul_1024x2048x4096,main,jit_validation_matrix_multiply(5401441243603411575),27.366094
matmul_1024x2048x4096,main,jit_validation_matrix_multiply(5401441243603411575),27.189922
matmul_1024x2048x4096,main,jit_validation_matrix_multiply(5401441243603411575),27.0175
matmul_1024x2048x4096,main,jit_validation_matrix_multiply(5401441243603411575),27.278906
matmul_1024x2048x4096,main,jit_validation_matrix_multiply(5401441243603411575),27.273906
matmul_1024x2048x4096,main,jit_validation_matrix_multiply(5401441243603411575),27.25125
matmul_1024x2048x4096,main,jit_validation_matrix_multiply(5401441243603411575),26.993672
matmul_1024x2048x4096,main,jit_validation_matrix_multiply(5401441243603411575),27.087578
matmul_1024x2048x4096,main,jit_validation_matrix_multiply(5401441243603411575),26.81125
matmul_1024x2048x4096,sub,copy-start,0.0125
matmul_1024x2048x4096,sub,copy-done,12.300078
matmul_1024x2048x4096,sub,fusion,26.830234
matmul_1024x2048x4096,sub,copy-start,0.011328
matmul_1024x2048x4096,sub,copy-done,0.002656
matmul_1024x2048x4096,sub,fusion,27.343906
matmul_1024x2048x4096,sub,copy-start,0.0125
matmul_1024x2048x4096,sub,copy-done,0.002656
matmul_1024x2048x4096,sub,fusion,27.16875
matmul_1024x2048x4096,sub,copy-start,0.012422
matmul_1024x2048x4096,sub,copy-done,0.00375
matmul_1024x2048x4096,sub,fusion,26.996328
matmul_1024x2048x4096,sub,copy-start,0.011328
matmul_1024x2048x4096,sub,copy-done,0.003672
matmul_1024x2048x4096,sub,fusion,27.257578
matmul_1024x2048x4096,sub,copy-start,0.012422
matmul_1024x2048x4096,sub,copy-done,0.003672
matmul_1024x2048x4096,sub,fusion,27.25375
matmul_1024x2048x4096,sub,copy-start,0.0125
matmul_1024x2048x4096,sub,copy-done,0.00375
matmul_1024x2048x4096,sub,fusion,27.229922
matmul_1024x2048x4096,sub,copy-start,0.0125
matmul_1024x2048x4096,sub,copy-done,0.00375
matmul_1024x2048x4096,sub,fusion,26.972422
matmul_1024x2048x4096,sub,copy-start,0.012344
matmul_1024x2048x4096,sub,copy-done,0.00375
matmul_1024x2048x4096,sub,fusion,27.067422
matmul_1024x2048x4096,sub,copy-start,0.012422
matmul_1024x2048x4096,sub,copy-done,0.00375
matmul_1024x2048x4096,sub,fusion,26.79
matmul_1024x2560x1024,main,jit_validation_matrix_multiply(908358938969929127),15.962422
matmul_1024x2560x1024,main,jit_validation_matrix_multiply(908358938969929127),11.82125
matmul_1024x2560x1024,main,jit_validation_matrix_multiply(908358938969929127),11.906328
matmul_1024x2560x1024,main,jit_validation_matrix_multiply(908358938969929127),11.985
matmul_1024x2560x1024,main,jit_validation_matrix_multiply(908358938969929127),11.810156
matmul_1024x2560x1024,main,jit_validation_matrix_multiply(908358938969929127),11.905234
matmul_1024x2560x1024,main,jit_validation_matrix_multiply(908358938969929127),11.575078
matmul_1024x2560x1024,main,jit_validation_matrix_multiply(908358938969929127),11.62
matmul_1024x2560x1024,main,jit_validation_matrix_multiply(908358938969929127),11.588828
matmul_1024x2560x1024,main,jit_validation_matrix_multiply(908358938969929127),11.830156
matmul_1024x2560x1024,sub,copy-start,0.011406
matmul_1024x2560x1024,sub,copy-done,4.1825
matmul_1024x2560x1024,sub,fusion,11.760156
matmul_1024x2560x1024,sub,copy-start,0.012422
matmul_1024x2560x1024,sub,copy-done,0.003672
matmul_1024x2560x1024,sub,fusion,11.800078
matmul_1024x2560x1024,sub,copy-start,0.0125
matmul_1024x2560x1024,sub,copy-done,0.0025
matmul_1024x2560x1024,sub,fusion,11.88625
matmul_1024x2560x1024,sub,copy-start,0.0125
matmul_1024x2560x1024,sub,copy-done,0.0025
matmul_1024x2560x1024,sub,fusion,11.963906
matmul_1024x2560x1024,sub,copy-start,0.012422
matmul_1024x2560x1024,sub,copy-done,0.003672
matmul_1024x2560x1024,sub,fusion,11.79
matmul_1024x2560x1024,sub,copy-start,0.012422
matmul_1024x2560x1024,sub,copy-done,0.002578
matmul_1024x2560x1024,sub,fusion,11.885156
matmul_1024x2560x1024,sub,copy-start,0.012422
matmul_1024x2560x1024,sub,copy-done,0.002578
matmul_1024x2560x1024,sub,fusion,11.554922
matmul_1024x2560x1024,sub,copy-start,0.012422
matmul_1024x2560x1024,sub,copy-done,0.003594
matmul_1024x2560x1024,sub,fusion,11.599922
matmul_1024x2560x1024,sub,copy-start,0.012344
matmul_1024x2560x1024,sub,copy-done,0.0025
matmul_1024x2560x1024,sub,fusion,11.567578
matmul_1024x2560x1024,sub,copy-start,0.011328
matmul_1024x2560x1024,sub,copy-done,0.002656
matmul_1024x2560x1024,sub,fusion,11.810078
matmul_1024x2560x1536,main,jit_validation_matrix_multiply(125435910616632670),21.547344
matmul_1024x2560x1536,main,jit_validation_matrix_multiply(125435910616632670),15.771172
matmul_1024x2560x1536,main,jit_validation_matrix_multiply(125435910616632670),15.705078
matmul_1024x2560x1536,main,jit_validation_matrix_multiply(125435910616632670),15.729922
matmul_1024x2560x1536,main,jit_validation_matrix_multiply(125435910616632670),15.611094
matmul_1024x2560x1536,main,jit_validation_matrix_multiply(125435910616632670),15.794922
matmul_1024x2560x1536,main,jit_validation_matrix_multiply(125435910616632670),15.737422
matmul_1024x2560x1536,main,jit_validation_matrix_multiply(125435910616632670),15.83375
matmul_1024x2560x1536,main,jit_validation_matrix_multiply(125435910616632670),15.71875
matmul_1024x2560x1536,main,jit_validation_matrix_multiply(125435910616632670),15.902422
matmul_1024x2560x1536,sub,copy-start,0.011328
matmul_1024x2560x1536,sub,copy-done,5.951172
matmul_1024x2560x1536,sub,fusion,15.5775
matmul_1024x2560x1536,sub,copy-start,0.011328
matmul_1024x2560x1536,sub,copy-done,0.003594
matmul_1024x2560x1536,sub,fusion,15.750078
matmul_1024x2560x1536,sub,copy-start,0.011328
matmul_1024x2560x1536,sub,copy-done,0.0025
matmul_1024x2560x1536,sub,fusion,15.685
matmul_1024x2560x1536,sub,copy-start,0.011328
matmul_1024x2560x1536,sub,copy-done,0.003594
matmul_1024x2560x1536,sub,fusion,15.708672
matmul_1024x2560x1536,sub,copy-start,0.011328
matmul_1024x2560x1536,sub,copy-done,0.003672
matmul_1024x2560x1536,sub,fusion,15.589844
matmul_1024x2560x1536,sub,copy-start,0.0125
matmul_1024x2560x1536,sub,copy-done,0.0025
matmul_1024x2560x1536,sub,fusion,15.774844
matmul_1024x2560x1536,sub,copy-start,0.0125
matmul_1024x2560x1536,sub,copy-done,0.003672
matmul_1024x2560x1536,sub,fusion,15.716328
matmul_1024x2560x1536,sub,copy-start,0.011328
matmul_1024x2560x1536,sub,copy-done,0.003672
matmul_1024x2560x1536,sub,fusion,15.813672
matmul_1024x2560x1536,sub,copy-start,0.011328
matmul_1024x2560x1536,sub,copy-done,0.003594
matmul_1024x2560x1536,sub,fusion,15.698672
matmul_1024x2560x1536,sub,copy-start,0.011328
matmul_1024x2560x1536,sub,copy-done,0.003672
matmul_1024x2560x1536,sub,fusion,15.882344
matmul_1024x2560x2048,main,jit_validation_matrix_multiply(7990172668997464638),27.498672
matmul_1024x2560x2048,main,jit_validation_matrix_multiply(7990172668997464638),19.943672
matmul_1024x2560x2048,main,jit_validation_matrix_multiply(7990172668997464638),19.868828
matmul_1024x2560x2048,main,jit_validation_matrix_multiply(7990172668997464638),19.977578
matmul_1024x2560x2048,main,jit_validation_matrix_multiply(7990172668997464638),19.824922
matmul_1024x2560x2048,main,jit_validation_matrix_multiply(7990172668997464638),20.007656
matmul_1024x2560x2048,main,jit_validation_matrix_multiply(7990172668997464638),19.965078
matmul_1024x2560x2048,main,jit_validation_matrix_multiply(7990172668997464638),19.95875
matmul_1024x2560x2048,main,jit_validation_matrix_multiply(7990172668997464638),19.767422
matmul_1024x2560x2048,main,jit_validation_matrix_multiply(7990172668997464638),20.29625
matmul_1024x2560x2048,sub,copy-start,0.012344
matmul_1024x2560x2048,sub,copy-done,7.6925
matmul_1024x2560x2048,sub,fusion,19.786406
matmul_1024x2560x2048,sub,copy-start,0.0125
matmul_1024x2560x2048,sub,copy-done,0.003672
matmul_1024x2560x2048,sub,fusion,19.922578
matmul_1024x2560x2048,sub,copy-start,0.0125
matmul_1024x2560x2048,sub,copy-done,0.003672
matmul_1024x2560x2048,sub,fusion,19.848672
matmul_1024x2560x2048,sub,copy-start,0.0125
matmul_1024x2560x2048,sub,copy-done,0.0025
matmul_1024x2560x2048,sub,fusion,19.9575
matmul_1024x2560x2048,sub,copy-start,0.011406
matmul_1024x2560x2048,sub,copy-done,0.003594
matmul_1024x2560x2048,sub,fusion,19.804844
matmul_1024x2560x2048,sub,copy-start,0.012422
matmul_1024x2560x2048,sub,copy-done,0.002578
matmul_1024x2560x2048,sub,fusion,19.987578
matmul_1024x2560x2048,sub,copy-start,0.0125
matmul_1024x2560x2048,sub,copy-done,0.0025
matmul_1024x2560x2048,sub,fusion,19.945
matmul_1024x2560x2048,sub,copy-start,0.011328
matmul_1024x2560x2048,sub,copy-done,0.002578
matmul_1024x2560x2048,sub,fusion,19.937656
matmul_1024x2560x2048,sub,copy-start,0.011328
matmul_1024x2560x2048,sub,copy-done,0.002578
matmul_1024x2560x2048,sub,fusion,19.747344
matmul_1024x2560x2048,sub,copy-start,0.0125
matmul_1024x2560x2048,sub,copy-done,0.003672
matmul_1024x2560x2048,sub,fusion,20.274922
matmul_1024x2560x2560,main,jit_validation_matrix_multiply(10117166477677255904),33.347578
matmul_1024x2560x2560,main,jit_validation_matrix_multiply(10117166477677255904),23.965
matmul_1024x2560x2560,main,jit_validation_matrix_multiply(10117166477677255904),23.572422
matmul_1024x2560x2560,main,jit_validation_matrix_multiply(10117166477677255904),23.787734
matmul_1024x2560x2560,main,jit_validation_matrix_multiply(10117166477677255904),23.810156
matmul_1024x2560x2560,main,jit_validation_matrix_multiply(10117166477677255904),23.75375
matmul_1024x2560x2560,main,jit_validation_matrix_multiply(10117166477677255904),23.71625
matmul_1024x2560x2560,main,jit_validation_matrix_multiply(10117166477677255904),23.767656
matmul_1024x2560x2560,main,jit_validation_matrix_multiply(10117166477677255904),23.88
matmul_1024x2560x2560,main,jit_validation_matrix_multiply(10117166477677255904),23.856328
matmul_1024x2560x2560,sub,copy-start,0.0125
matmul_1024x2560x2560,sub,copy-done,9.538672
matmul_1024x2560x2560,sub,fusion,23.79125
matmul_1024x2560x2560,sub,copy-start,0.012344
matmul_1024x2560x2560,sub,copy-done,0.003672
matmul_1024x2560x2560,sub,fusion,23.944922
matmul_1024x2560x2560,sub,copy-start,0.0125
matmul_1024x2560x2560,sub,copy-done,0.0025
matmul_1024x2560x2560,sub,fusion,23.552344
matmul_1024x2560x2560,sub,copy-start,0.011328
matmul_1024x2560x2560,sub,copy-done,0.002578
matmul_1024x2560x2560,sub,fusion,23.767656
matmul_1024x2560x2560,sub,copy-start,0.0125
matmul_1024x2560x2560,sub,copy-done,0.0025
matmul_1024x2560x2560,sub,fusion,23.790078
matmul_1024x2560x2560,sub,copy-start,0.012422
matmul_1024x2560x2560,sub,copy-done,0.002578
matmul_1024x2560x2560,sub,fusion,23.7325
matmul_1024x2560x2560,sub,copy-start,0.012344
matmul_1024x2560x2560,sub,copy-done,0.0025
matmul_1024x2560x2560,sub,fusion,23.696172
matmul_1024x2560x2560,sub,copy-start,0.011406
matmul_1024x2560x2560,sub,copy-done,0.002656
matmul_1024x2560x2560,sub,fusion,23.747578
matmul_1024x2560x2560,sub,copy-start,0.011328
matmul_1024x2560x2560,sub,copy-done,0.002578
matmul_1024x2560x2560,sub,fusion,23.85875
matmul_1024x2560x2560,sub,copy-start,0.011328
matmul_1024x2560x2560,sub,copy-done,0.002578
matmul_1024x2560x2560,sub,fusion,23.83625
matmul_1024x2560x3072,main,jit_validation_matrix_multiply(12784423274492591034),38.968594
matmul_1024x2560x3072,main,jit_validation_matrix_multiply(12784423274492591034),27.656328
matmul_1024x2560x3072,main,jit_validation_matrix_multiply(12784423274492591034),27.6425
matmul_1024x2560x3072,main,jit_validation_matrix_multiply(12784423274492591034),27.731328
matmul_1024x2560x3072,main,jit_validation_matrix_multiply(12784423274492591034),27.676172
matmul_1024x2560x3072,main,jit_validation_matrix_multiply(12784423274492591034),27.580078
matmul_1024x2560x3072,main,jit_validation_matrix_multiply(12784423274492591034),27.753828
matmul_1024x2560x3072,main,jit_validation_matrix_multiply(12784423274492591034),27.637422
matmul_1024x2560x3072,main,jit_validation_matrix_multiply(12784423274492591034),27.724922
matmul_1024x2560x3072,main,jit_validation_matrix_multiply(12784423274492591034),27.653672
matmul_1024x2560x3072,sub,copy-start,0.0125
matmul_1024x2560x3072,sub,copy-done,11.411328
matmul_1024x2560x3072,sub,fusion,27.538594
matmul_1024x2560x3072,sub,copy-start,0.011328
matmul_1024x2560x3072,sub,copy-done,0.002578
matmul_1024x2560x3072,sub,fusion,27.63625
matmul_1024x2560x3072,sub,copy-start,0.0125
matmul_1024x2560x3072,sub,copy-done,0.0025
matmul_1024x2560x3072,sub,fusion,27.622422
matmul_1024x2560x3072,sub,copy-start,0.0125
matmul_1024x2560x3072,sub,copy-done,0.002578
matmul_1024x2560x3072,sub,fusion,27.71125
matmul_1024x2560x3072,sub,copy-start,0.0125
matmul_1024x2560x3072,sub,copy-done,0.0025
matmul_1024x2560x3072,sub,fusion,27.656094
matmul_1024x2560x3072,sub,copy-start,0.011328
matmul_1024x2560x3072,sub,copy-done,0.0025
matmul_1024x2560x3072,sub,fusion,27.56
matmul_1024x2560x3072,sub,copy-start,0.0125
matmul_1024x2560x3072,sub,copy-done,0.0025
matmul_1024x2560x3072,sub,fusion,27.73375
matmul_1024x2560x3072,sub,copy-start,0.011406
matmul_1024x2560x3072,sub,copy-done,0.0025
matmul_1024x2560x3072,sub,fusion,27.615156
matmul_1024x2560x3072,sub,copy-start,0.0125
matmul_1024x2560x3072,sub,copy-done,0.0025
matmul_1024x2560x3072,sub,fusion,27.704844
matmul_1024x2560x3072,sub,copy-start,0.011328
matmul_1024x2560x3072,sub,copy-done,0.003672
matmul_1024x2560x3072,sub,fusion,27.633594
matmul_1024x2560x3584,main,jit_validation_matrix_multiply(1399321919132666401),46.422422
matmul_1024x2560x3584,main,jit_validation_matrix_multiply(1399321919132666401),33.64375
matmul_1024x2560x3584,main,jit_validation_matrix_multiply(1399321919132666401),33.186172
matmul_1024x2560x3584,main,jit_validation_matrix_multiply(1399321919132666401),33.626328
matmul_1024x2560x3584,main,jit_validation_matrix_multiply(1399321919132666401),33.41875
matmul_1024x2560x3584,main,jit_validation_matrix_multiply(1399321919132666401),33.527656
matmul_1024x2560x3584,main,jit_validation_matrix_multiply(1399321919132666401),33.411328
matmul_1024x2560x3584,main,jit_validation_matrix_multiply(1399321919132666401),33.487734
matmul_1024x2560x3584,main,jit_validation_matrix_multiply(1399321919132666401),33.718906
matmul_1024x2560x3584,main,jit_validation_matrix_multiply(1399321919132666401),33.327578
matmul_1024x2560x3584,sub,copy-start,0.0125
matmul_1024x2560x3584,sub,copy-done,13.081172
matmul_1024x2560x3584,sub,fusion,33.3225
matmul_1024x2560x3584,sub,copy-start,0.012344
matmul_1024x2560x3584,sub,copy-done,0.00375
matmul_1024x2560x3584,sub,fusion,33.6225
matmul_1024x2560x3584,sub,copy-start,0.0125
matmul_1024x2560x3584,sub,copy-done,0.002578
matmul_1024x2560x3584,sub,fusion,33.165
matmul_1024x2560x3584,sub,copy-start,0.012344
matmul_1024x2560x3584,sub,copy-done,0.00375
matmul_1024x2560x3584,sub,fusion,33.605078
matmul_1024x2560x3584,sub,copy-start,0.0125
matmul_1024x2560x3584,sub,copy-done,0.00375
matmul_1024x2560x3584,sub,fusion,33.397344
matmul_1024x2560x3584,sub,copy-start,0.011328
matmul_1024x2560x3584,sub,copy-done,0.003672
matmul_1024x2560x3584,sub,fusion,33.506406
matmul_1024x2560x3584,sub,copy-start,0.011328
matmul_1024x2560x3584,sub,copy-done,0.003594
matmul_1024x2560x3584,sub,fusion,33.39
matmul_1024x2560x3584,sub,copy-start,0.0125
matmul_1024x2560x3584,sub,copy-done,0.003594
matmul_1024x2560x3584,sub,fusion,33.466406
matmul_1024x2560x3584,sub,copy-start,0.012422
matmul_1024x2560x3584,sub,copy-done,0.003672
matmul_1024x2560x3584,sub,fusion,33.69875
matmul_1024x2560x3584,sub,copy-start,0.011328
matmul_1024x2560x3584,sub,copy-done,0.003594
matmul_1024x2560x3584,sub,fusion,33.30625
matmul_1024x2560x4096,main,jit_validation_matrix_multiply(4519652874292190236),46.78
matmul_1024x2560x4096,main,jit_validation_matrix_multiply(4519652874292190236),32.141094
matmul_1024x2560x4096,main,jit_validation_matrix_multiply(4519652874292190236),32.257578
matmul_1024x2560x4096,main,jit_validation_matrix_multiply(4519652874292190236),32.4275
matmul_1024x2560x4096,main,jit_validation_matrix_multiply(4519652874292190236),32.567344
matmul_1024x2560x4096,main,jit_validation_matrix_multiply(4519652874292190236),31.9925
matmul_1024x2560x4096,main,jit_validation_matrix_multiply(4519652874292190236),31.921406
matmul_1024x2560x4096,main,jit_validation_matrix_multiply(4519652874292190236),32.144922
matmul_1024x2560x4096,main,jit_validation_matrix_multiply(4519652874292190236),31.990078
matmul_1024x2560x4096,main,jit_validation_matrix_multiply(4519652874292190236),32.24875
matmul_1024x2560x4096,sub,copy-start,0.0125
matmul_1024x2560x4096,sub,copy-done,14.94125
matmul_1024x2560x4096,sub,fusion,31.820078
matmul_1024x2560x4096,sub,copy-start,0.011328
matmul_1024x2560x4096,sub,copy-done,0.00375
matmul_1024x2560x4096,sub,fusion,32.118828
matmul_1024x2560x4096,sub,copy-start,0.0125
matmul_1024x2560x4096,sub,copy-done,0.002578
matmul_1024x2560x4096,sub,fusion,32.237422
matmul_1024x2560x4096,sub,copy-start,0.0125
matmul_1024x2560x4096,sub,copy-done,0.00375
matmul_1024x2560x4096,sub,fusion,32.406328
matmul_1024x2560x4096,sub,copy-start,0.0125
matmul_1024x2560x4096,sub,copy-done,0.00375
matmul_1024x2560x4096,sub,fusion,32.545
matmul_1024x2560x4096,sub,copy-start,0.012422
matmul_1024x2560x4096,sub,copy-done,0.00375
matmul_1024x2560x4096,sub,fusion,31.971328
matmul_1024x2560x4096,sub,copy-start,0.011406
matmul_1024x2560x4096,sub,copy-done,0.00375
matmul_1024x2560x4096,sub,fusion,31.90125
matmul_1024x2560x4096,sub,copy-start,0.011328
matmul_1024x2560x4096,sub,copy-done,0.002656
matmul_1024x2560x4096,sub,fusion,32.12375
matmul_1024x2560x4096,sub,copy-start,0.011328
matmul_1024x2560x4096,sub,copy-done,0.00375
matmul_1024x2560x4096,sub,fusion,31.969922
matmul_1024x2560x4096,sub,copy-start,0.011328
matmul_1024x2560x4096,sub,copy-done,0.00375
matmul_1024x2560x4096,sub,fusion,32.226328
matmul_1024x3072x1024,main,jit_validation_matrix_multiply(11811064244502100221),18.256328
matmul_1024x3072x1024,main,jit_validation_matrix_multiply(11811064244502100221),13.403672
matmul_1024x3072x1024,main,jit_validation_matrix_multiply(11811064244502100221),13.274922
matmul_1024x3072x1024,main,jit_validation_matrix_multiply(11811064244502100221),13.485
matmul_1024x3072x1024,main,jit_validation_matrix_multiply(11811064244502100221),13.462422
matmul_1024x3072x1024,main,jit_validation_matrix_multiply(11811064244502100221),13.35875
matmul_1024x3072x1024,main,jit_validation_matrix_multiply(11811064244502100221),13.432734
matmul_1024x3072x1024,main,jit_validation_matrix_multiply(11811064244502100221),13.275
matmul_1024x3072x1024,main,jit_validation_matrix_multiply(11811064244502100221),13.455078
matmul_1024x3072x1024,main,jit_validation_matrix_multiply(11811064244502100221),13.127422
matmul_1024x3072x1024,sub,copy-start,0.0125
matmul_1024x3072x1024,sub,copy-done,4.866328
matmul_1024x3072x1024,sub,fusion,13.3725
matmul_1024x3072x1024,sub,copy-start,0.012422
matmul_1024x3072x1024,sub,copy-done,0.003594
matmul_1024x3072x1024,sub,fusion,13.382422
matmul_1024x3072x1024,sub,copy-start,0.012344
matmul_1024x3072x1024,sub,copy-done,0.003672
matmul_1024x3072x1024,sub,fusion,13.25375
matmul_1024x3072x1024,sub,copy-start,0.0125
matmul_1024x3072x1024,sub,copy-done,0.0025
matmul_1024x3072x1024,sub,fusion,13.46375
matmul_1024x3072x1024,sub,copy-start,0.011328
matmul_1024x3072x1024,sub,copy-done,0.003594
matmul_1024x3072x1024,sub,fusion,13.441328
matmul_1024x3072x1024,sub,copy-start,0.011328
matmul_1024x3072x1024,sub,copy-done,0.003672
matmul_1024x3072x1024,sub,fusion,13.338594
matmul_1024x3072x1024,sub,copy-start,0.012422
matmul_1024x3072x1024,sub,copy-done,0.003672
matmul_1024x3072x1024,sub,fusion,13.412578
matmul_1024x3072x1024,sub,copy-start,0.0125
matmul_1024x3072x1024,sub,copy-done,0.003516
matmul_1024x3072x1024,sub,fusion,13.254922
matmul_1024x3072x1024,sub,copy-start,0.012422
matmul_1024x3072x1024,sub,copy-done,0.003672
matmul_1024x3072x1024,sub,fusion,13.434922
matmul_1024x3072x1024,sub,copy-start,0.011328
matmul_1024x3072x1024,sub,copy-done,0.002578
matmul_1024x3072x1024,sub,fusion,13.107344
matmul_1024x3072x1536,main,jit_validation_matrix_multiply(10987352655648069870),24.528672
matmul_1024x3072x1536,main,jit_validation_matrix_multiply(10987352655648069870),17.341172
matmul_1024x3072x1536,main,jit_validation_matrix_multiply(10987352655648069870),17.322422
matmul_1024x3072x1536,main,jit_validation_matrix_multiply(10987352655648069870),17.428828
matmul_1024x3072x1536,main,jit_validation_matrix_multiply(10987352655648069870),17.611328
matmul_1024x3072x1536,main,jit_validation_matrix_multiply(10987352655648069870),17.604844
matmul_1024x3072x1536,main,jit_validation_matrix_multiply(10987352655648069870),17.624922
matmul_1024x3072x1536,main,jit_validation_matrix_multiply(10987352655648069870),17.253594
matmul_1024x3072x1536,main,jit_validation_matrix_multiply(10987352655648069870),17.422422
matmul_1024x3072x1536,main,jit_validation_matrix_multiply(10987352655648069870),17.6125
matmul_1024x3072x1536,sub,copy-start,0.011328
matmul_1024x3072x1536,sub,copy-done,7.03125
matmul_1024x3072x1536,sub,fusion,17.478906
matmul_1024x3072x1536,sub,copy-start,0.011406
matmul_1024x3072x1536,sub,copy-done,0.0025
matmul_1024x3072x1536,sub,fusion,17.31875
matmul_1024x3072x1536,sub,copy-start,0.012344
matmul_1024x3072x1536,sub,copy-done,0.003672
matmul_1024x3072x1536,sub,fusion,17.301328
matmul_1024x3072x1536,sub,copy-start,0.0125
matmul_1024x3072x1536,sub,copy-done,0.003672
matmul_1024x3072x1536,sub,fusion,17.408672
matmul_1024x3072x1536,sub,copy-start,0.012344
matmul_1024x3072x1536,sub,copy-done,0.0025
matmul_1024x3072x1536,sub,fusion,17.59125
matmul_1024x3072x1536,sub,copy-start,0.011328
matmul_1024x3072x1536,sub,copy-done,0.002578
matmul_1024x3072x1536,sub,fusion,17.583672
matmul_1024x3072x1536,sub,copy-start,0.011328
matmul_1024x3072x1536,sub,copy-done,0.003672
matmul_1024x3072x1536,sub,fusion,17.604844
matmul_1024x3072x1536,sub,copy-start,0.011328
matmul_1024x3072x1536,sub,copy-done,0.002578
matmul_1024x3072x1536,sub,fusion,17.232344
matmul_1024x3072x1536,sub,copy-start,0.011328
matmul_1024x3072x1536,sub,copy-done,0.003672
matmul_1024x3072x1536,sub,fusion,17.402344
matmul_1024x3072x1536,sub,copy-start,0.012422
matmul_1024x3072x1536,sub,copy-done,0.003672
matmul_1024x3072x1536,sub,fusion,17.592422
matmul_1024x3072x2048,main,jit_validation_matrix_multiply(15277941654857107741),31.63125
matmul_1024x3072x2048,main,jit_validation_matrix_multiply(15277941654857107741),22.508828
matmul_1024x3072x2048,main,jit_validation_matrix_multiply(15277941654857107741),22.510078
matmul_1024x3072x2048,main,jit_validation_matrix_multiply(15277941654857107741),22.49875
matmul_1024x3072x2048,main,jit_validation_matrix_multiply(15277941654857107741),22.660156
matmul_1024x3072x2048,main,jit_validation_matrix_multiply(15277941654857107741),22.576172
matmul_1024x3072x2048,main,jit_validation_matrix_multiply(15277941654857107741),22.503828
matmul_1024x3072x2048,main,jit_validation_matrix_multiply(15277941654857107741),22.634922
matmul_1024x3072x2048,main,jit_validation_matrix_multiply(15277941654857107741),22.505078
matmul_1024x3072x2048,main,jit_validation_matrix_multiply(15277941654857107741),22.5025
matmul_1024x3072x2048,sub,copy-start,0.0125
matmul_1024x3072x2048,sub,copy-done,9.168672
matmul_1024x3072x2048,sub,fusion,22.443828
matmul_1024x3072x2048,sub,copy-start,0.012344
matmul_1024x3072x2048,sub,copy-done,0.0025
matmul_1024x3072x2048,sub,fusion,22.48875
matmul_1024x3072x2048,sub,copy-start,0.011406
matmul_1024x3072x2048,sub,copy-done,0.0025
matmul_1024x3072x2048,sub,fusion,22.49
matmul_1024x3072x2048,sub,copy-start,0.011406
matmul_1024x3072x2048,sub,copy-done,0.0025
matmul_1024x3072x2048,sub,fusion,22.478672
matmul_1024x3072x2048,sub,copy-start,0.012422
matmul_1024x3072x2048,sub,copy-done,0.0025
matmul_1024x3072x2048,sub,fusion,22.640078
matmul_1024x3072x2048,sub,copy-start,0.012422
matmul_1024x3072x2048,sub,copy-done,0.002578
matmul_1024x3072x2048,sub,fusion,22.556094
matmul_1024x3072x2048,sub,copy-start,0.011328
matmul_1024x3072x2048,sub,copy-done,0.002578
matmul_1024x3072x2048,sub,fusion,22.48375
matmul_1024x3072x2048,sub,copy-start,0.011328
matmul_1024x3072x2048,sub,copy-done,0.003672
matmul_1024x3072x2048,sub,fusion,22.614844
matmul_1024x3072x2048,sub,copy-start,0.012422
matmul_1024x3072x2048,sub,copy-done,0.003672
matmul_1024x3072x2048,sub,fusion,22.484922
matmul_1024x3072x2048,sub,copy-start,0.012344
matmul_1024x3072x2048,sub,copy-done,0.003672
matmul_1024x3072x2048,sub,fusion,22.482422
matmul_1024x3072x2560,main,jit_validation_matrix_multiply(6052029340550456879),38.6175
matmul_1024x3072x2560,main,jit_validation_matrix_multiply(6052029340550456879),27.029922
matmul_1024x3072x2560,main,jit_validation_matrix_multiply(6052029340550456879),26.776328
matmul_1024x3072x2560,main,jit_validation_matrix_multiply(6052029340550456879),26.688828
matmul_1024x3072x2560,main,jit_validation_matrix_multiply(6052029340550456879),26.630234
matmul_1024x3072x2560,main,jit_validation_matrix_multiply(6052029340550456879),26.849922
matmul_1024x3072x2560,main,jit_validation_matrix_multiply(6052029340550456879),26.7925
matmul_1024x3072x2560,main,jit_validation_matrix_multiply(6052029340550456879),26.865
matmul_1024x3072x2560,main,jit_validation_matrix_multiply(6052029340550456879),26.7775
matmul_1024x3072x2560,main,jit_validation_matrix_multiply(6052029340550456879),26.56375
matmul_1024x3072x2560,sub,copy-start,0.012344
matmul_1024x3072x2560,sub,copy-done,11.763672
matmul_1024x3072x2560,sub,fusion,26.837422
matmul_1024x3072x2560,sub,copy-start,0.0125
matmul_1024x3072x2560,sub,copy-done,0.0025
matmul_1024x3072x2560,sub,fusion,27.009844
matmul_1024x3072x2560,sub,copy-start,0.011328
matmul_1024x3072x2560,sub,copy-done,0.002578
matmul_1024x3072x2560,sub,fusion,26.75625
matmul_1024x3072x2560,sub,copy-start,0.0125
matmul_1024x3072x2560,sub,copy-done,0.002578
matmul_1024x3072x2560,sub,fusion,26.668672
matmul_1024x3072x2560,sub,copy-start,0.011328
matmul_1024x3072x2560,sub,copy-done,0.003594
matmul_1024x3072x2560,sub,fusion,26.610078
matmul_1024x3072x2560,sub,copy-start,0.012422
matmul_1024x3072x2560,sub,copy-done,0.002578
matmul_1024x3072x2560,sub,fusion,26.829844
matmul_1024x3072x2560,sub,copy-start,0.012422
matmul_1024x3072x2560,sub,copy-done,0.003672
matmul_1024x3072x2560,sub,fusion,26.772422
matmul_1024x3072x2560,sub,copy-start,0.011328
matmul_1024x3072x2560,sub,copy-done,0.0025
matmul_1024x3072x2560,sub,fusion,26.84375
matmul_1024x3072x2560,sub,copy-start,0.0125
matmul_1024x3072x2560,sub,copy-done,0.0025
matmul_1024x3072x2560,sub,fusion,26.756406
matmul_1024x3072x2560,sub,copy-start,0.011328
matmul_1024x3072x2560,sub,copy-done,0.003594
matmul_1024x3072x2560,sub,fusion,26.542578
matmul_1024x3072x3072,main,jit_validation_matrix_multiply(12450485501149485881),45.24625
matmul_1024x3072x3072,main,jit_validation_matrix_multiply(12450485501149485881),31.3775
matmul_1024x3072x3072,main,jit_validation_matrix_multiply(12450485501149485881),32.170156
matmul_1024x3072x3072,main,jit_validation_matrix_multiply(12450485501149485881),31.531094
matmul_1024x3072x3072,main,jit_validation_matrix_multiply(12450485501149485881),31.650234
matmul_1024x3072x3072,main,jit_validation_matrix_multiply(12450485501149485881),32.00375
matmul_1024x3072x3072,main,jit_validation_matrix_multiply(12450485501149485881),31.957656
matmul_1024x3072x3072,main,jit_validation_matrix_multiply(12450485501149485881),31.955156
matmul_1024x3072x3072,main,jit_validation_matrix_multiply(12450485501149485881),31.4625
matmul_1024x3072x3072,main,jit_validation_matrix_multiply(12450485501149485881),32.010078
matmul_1024x3072x3072,sub,copy-start,0.012344
matmul_1024x3072x3072,sub,copy-done,13.523828
matmul_1024x3072x3072,sub,fusion,31.703828
matmul_1024x3072x3072,sub,copy-start,0.012422
matmul_1024x3072x3072,sub,copy-done,0.00375
matmul_1024x3072x3072,sub,fusion,31.357344
matmul_1024x3072x3072,sub,copy-start,0.011328
matmul_1024x3072x3072,sub,copy-done,0.00375
matmul_1024x3072x3072,sub,fusion,32.148828
matmul_1024x3072x3072,sub,copy-start,0.0125
matmul_1024x3072x3072,sub,copy-done,0.002656
matmul_1024x3072x3072,sub,fusion,31.508828
matmul_1024x3072x3072,sub,copy-start,0.011328
matmul_1024x3072x3072,sub,copy-done,0.00375
matmul_1024x3072x3072,sub,fusion,31.630078
matmul_1024x3072x3072,sub,copy-start,0.0125
matmul_1024x3072x3072,sub,copy-done,0.00375
matmul_1024x3072x3072,sub,fusion,31.983594
matmul_1024x3072x3072,sub,copy-start,0.011406
matmul_1024x3072x3072,sub,copy-done,0.00375
matmul_1024x3072x3072,sub,fusion,31.9375
matmul_1024x3072x3072,sub,copy-start,0.012422
matmul_1024x3072x3072,sub,copy-done,0.003672
matmul_1024x3072x3072,sub,fusion,31.935
matmul_1024x3072x3072,sub,copy-start,0.0125
matmul_1024x3072x3072,sub,copy-done,0.00375
matmul_1024x3072x3072,sub,fusion,31.44125
matmul_1024x3072x3072,sub,copy-start,0.011328
matmul_1024x3072x3072,sub,copy-done,0.00375
matmul_1024x3072x3072,sub,fusion,31.98875
matmul_1024x3072x3584,main,jit_validation_matrix_multiply(10173188757730622114),54.5675
matmul_1024x3072x3584,main,jit_validation_matrix_multiply(10173188757730622114),38.936172
matmul_1024x3072x3584,main,jit_validation_matrix_multiply(10173188757730622114),38.194922
matmul_1024x3072x3584,main,jit_validation_matrix_multiply(10173188757730622114),38.513828
matmul_1024x3072x3584,main,jit_validation_matrix_multiply(10173188757730622114),38.272344
matmul_1024x3072x3584,main,jit_validation_matrix_multiply(10173188757730622114),38.79125
matmul_1024x3072x3584,main,jit_validation_matrix_multiply(10173188757730622114),38.402578
matmul_1024x3072x3584,main,jit_validation_matrix_multiply(10173188757730622114),38.44625
matmul_1024x3072x3584,main,jit_validation_matrix_multiply(10173188757730622114),38.46375
matmul_1024x3072x3584,main,jit_validation_matrix_multiply(10173188757730622114),38.526484
matmul_1024x3072x3584,sub,copy-start,0.0125
matmul_1024x3072x3584,sub,copy-done,16.006172
matmul_1024x3072x3584,sub,fusion,38.543594
matmul_1024x3072x3584,sub,copy-start,0.011328
matmul_1024x3072x3584,sub,copy-done,0.002656
matmul_1024x3072x3584,sub,fusion,38.915
matmul_1024x3072x3584,sub,copy-start,0.011328
matmul_1024x3072x3584,sub,copy-done,0.00375
matmul_1024x3072x3584,sub,fusion,38.17375
matmul_1024x3072x3584,sub,copy-start,0.0125
matmul_1024x3072x3584,sub,copy-done,0.003672
matmul_1024x3072x3584,sub,fusion,38.493672
matmul_1024x3072x3584,sub,copy-start,0.011328
matmul_1024x3072x3584,sub,copy-done,0.002656
matmul_1024x3072x3584,sub,fusion,38.250156
matmul_1024x3072x3584,sub,copy-start,0.0125
matmul_1024x3072x3584,sub,copy-done,0.00375
matmul_1024x3072x3584,sub,fusion,38.770078
matmul_1024x3072x3584,sub,copy-start,0.011328
matmul_1024x3072x3584,sub,copy-done,0.003672
matmul_1024x3072x3584,sub,fusion,38.38125
matmul_1024x3072x3584,sub,copy-start,0.0125
matmul_1024x3072x3584,sub,copy-done,0.00375
matmul_1024x3072x3584,sub,fusion,38.426094
matmul_1024x3072x3584,sub,copy-start,0.012344
matmul_1024x3072x3584,sub,copy-done,0.002578
matmul_1024x3072x3584,sub,fusion,38.443594
matmul_1024x3072x3584,sub,copy-start,0.011328
matmul_1024x3072x3584,sub,copy-done,0.00375
matmul_1024x3072x3584,sub,fusion,38.506328
matmul_1024x3072x4096,main,jit_validation_matrix_multiply(15631630915385133062),57.6325
matmul_1024x3072x4096,main,jit_validation_matrix_multiply(15631630915385133062),39.787578
matmul_1024x3072x4096,main,jit_validation_matrix_multiply(15631630915385133062),40.0
matmul_1024x3072x4096,main,jit_validation_matrix_multiply(15631630915385133062),39.467656
matmul_1024x3072x4096,main,jit_validation_matrix_multiply(15631630915385133062),39.761172
matmul_1024x3072x4096,main,jit_validation_matrix_multiply(15631630915385133062),39.72
matmul_1024x3072x4096,main,jit_validation_matrix_multiply(15631630915385133062),39.932422
matmul_1024x3072x4096,main,jit_validation_matrix_multiply(15631630915385133062),39.7575
matmul_1024x3072x4096,main,jit_validation_matrix_multiply(15631630915385133062),39.78875
matmul_1024x3072x4096,main,jit_validation_matrix_multiply(15631630915385133062),39.723672
matmul_1024x3072x4096,sub,copy-start,0.011328
matmul_1024x3072x4096,sub,copy-done,17.783906
matmul_1024x3072x4096,sub,fusion,39.830234
matmul_1024x3072x4096,sub,copy-start,0.011328
matmul_1024x3072x4096,sub,copy-done,0.003672
matmul_1024x3072x4096,sub,fusion,39.766328
matmul_1024x3072x4096,sub,copy-start,0.011328
matmul_1024x3072x4096,sub,copy-done,0.00375
matmul_1024x3072x4096,sub,fusion,39.97875
matmul_1024x3072x4096,sub,copy-start,0.011328
matmul_1024x3072x4096,sub,copy-done,0.00375
matmul_1024x3072x4096,sub,fusion,39.4475
matmul_1024x3072x4096,sub,copy-start,0.011328
matmul_1024x3072x4096,sub,copy-done,0.003672
matmul_1024x3072x4096,sub,fusion,39.738828
matmul_1024x3072x4096,sub,copy-start,0.011328
matmul_1024x3072x4096,sub,copy-done,0.003594
matmul_1024x3072x4096,sub,fusion,39.697656
matmul_1024x3072x4096,sub,copy-start,0.012344
matmul_1024x3072x4096,sub,copy-done,0.002578
matmul_1024x3072x4096,sub,fusion,39.910078
matmul_1024x3072x4096,sub,copy-start,0.012422
matmul_1024x3072x4096,sub,copy-done,0.003672
matmul_1024x3072x4096,sub,fusion,39.735078
matmul_1024x3072x4096,sub,copy-start,0.012422
matmul_1024x3072x4096,sub,copy-done,0.00375
matmul_1024x3072x4096,sub,fusion,39.7675
matmul_1024x3072x4096,sub,copy-start,0.011328
matmul_1024x3072x4096,sub,copy-done,0.003672
matmul_1024x3072x4096,sub,fusion,39.701406
matmul_1024x3584x1024,main,jit_validation_matrix_multiply(9968529208653571305),20.550078
matmul_1024x3584x1024,main,jit_validation_matrix_multiply(9968529208653571305),15.101328
matmul_1024x3584x1024,main,jit_validation_matrix_multiply(9968529208653571305),14.95625
matmul_1024x3584x1024,main,jit_validation_matrix_multiply(9968529208653571305),15.295156
matmul_1024x3584x1024,main,jit_validation_matrix_multiply(9968529208653571305),14.944922
matmul_1024x3584x1024,main,jit_validation_matrix_multiply(9968529208653571305),15.082344
matmul_1024x3584x1024,main,jit_validation_matrix_multiply(9968529208653571305),15.122578
matmul_1024x3584x1024,main,jit_validation_matrix_multiply(9968529208653571305),15.079844
matmul_1024x3584x1024,main,jit_validation_matrix_multiply(9968529208653571305),14.908672
matmul_1024x3584x1024,main,jit_validation_matrix_multiply(9968529208653571305),15.1775
matmul_1024x3584x1024,sub,copy-start,0.012422
matmul_1024x3584x1024,sub,copy-done,5.698828
matmul_1024x3584x1024,sub,fusion,14.83375
matmul_1024x3584x1024,sub,copy-start,0.012422
matmul_1024x3584x1024,sub,copy-done,0.002578
matmul_1024x3584x1024,sub,fusion,15.08125
matmul_1024x3584x1024,sub,copy-start,0.011328
matmul_1024x3584x1024,sub,copy-done,0.002578
matmul_1024x3584x1024,sub,fusion,14.935156
matmul_1024x3584x1024,sub,copy-start,0.011328
matmul_1024x3584x1024,sub,copy-done,0.002578
matmul_1024x3584x1024,sub,fusion,15.275078
matmul_1024x3584x1024,sub,copy-start,0.0125
matmul_1024x3584x1024,sub,copy-done,0.002578
matmul_1024x3584x1024,sub,fusion,14.923594
matmul_1024x3584x1024,sub,copy-start,0.0125
matmul_1024x3584x1024,sub,copy-done,0.0025
matmul_1024x3584x1024,sub,fusion,15.061172
matmul_1024x3584x1024,sub,copy-start,0.011406
matmul_1024x3584x1024,sub,copy-done,0.002656
matmul_1024x3584x1024,sub,fusion,15.102422
matmul_1024x3584x1024,sub,copy-start,0.0125
matmul_1024x3584x1024,sub,copy-done,0.0025
matmul_1024x3584x1024,sub,fusion,15.058672
matmul_1024x3584x1024,sub,copy-start,0.011328
matmul_1024x3584x1024,sub,copy-done,0.002578
matmul_1024x3584x1024,sub,fusion,14.888594
matmul_1024x3584x1024,sub,copy-start,0.012422
matmul_1024x3584x1024,sub,copy-done,0.0025
matmul_1024x3584x1024,sub,fusion,15.156406
matmul_1024x3584x1536,main,jit_validation_matrix_multiply(12488654611825089750),29.90625
matmul_1024x3584x1536,main,jit_validation_matrix_multiply(12488654611825089750),21.685078
matmul_1024x3584x1536,main,jit_validation_matrix_multiply(12488654611825089750),21.50375
matmul_1024x3584x1536,main,jit_validation_matrix_multiply(12488654611825089750),21.9
matmul_1024x3584x1536,main,jit_validation_matrix_multiply(12488654611825089750),21.691328
matmul_1024x3584x1536,main,jit_validation_matrix_multiply(12488654611825089750),21.865
matmul_1024x3584x1536,main,jit_validation_matrix_multiply(12488654611825089750),21.842578
matmul_1024x3584x1536,main,jit_validation_matrix_multiply(12488654611825089750),21.84375
matmul_1024x3584x1536,main,jit_validation_matrix_multiply(12488654611825089750),21.573828
matmul_1024x3584x1536,main,jit_validation_matrix_multiply(12488654611825089750),21.578828
matmul_1024x3584x1536,sub,copy-start,0.011328
matmul_1024x3584x1536,sub,copy-done,8.137422
matmul_1024x3584x1536,sub,fusion,21.75125
matmul_1024x3584x1536,sub,copy-start,0.0125
matmul_1024x3584x1536,sub,copy-done,0.0025
matmul_1024x3584x1536,sub,fusion,21.665
matmul_1024x3584x1536,sub,copy-start,0.011406
matmul_1024x3584x1536,sub,copy-done,0.0025
matmul_1024x3584x1536,sub,fusion,21.4825
matmul_1024x3584x1536,sub,copy-start,0.0125
matmul_1024x3584x1536,sub,copy-done,0.003672
matmul_1024x3584x1536,sub,fusion,21.879922
matmul_1024x3584x1536,sub,copy-start,0.012344
matmul_1024x3584x1536,sub,copy-done,0.003672
matmul_1024x3584x1536,sub,fusion,21.67125
matmul_1024x3584x1536,sub,copy-start,0.011328
matmul_1024x3584x1536,sub,copy-done,0.002578
matmul_1024x3584x1536,sub,fusion,21.843906
matmul_1024x3584x1536,sub,copy-start,0.012344
matmul_1024x3584x1536,sub,copy-done,0.0025
matmul_1024x3584x1536,sub,fusion,21.8225
matmul_1024x3584x1536,sub,copy-start,0.011328
matmul_1024x3584x1536,sub,copy-done,0.003672
matmul_1024x3584x1536,sub,fusion,21.8225
matmul_1024x3584x1536,sub,copy-start,0.011328
matmul_1024x3584x1536,sub,copy-done,0.0025
matmul_1024x3584x1536,sub,fusion,21.55375
matmul_1024x3584x1536,sub,copy-start,0.011328
matmul_1024x3584x1536,sub,copy-done,0.0025
matmul_1024x3584x1536,sub,fusion,21.55875
matmul_1024x3584x2048,main,jit_validation_matrix_multiply(14370881517807154583),37.063672
matmul_1024x3584x2048,main,jit_validation_matrix_multiply(14370881517807154583),26.2725
matmul_1024x3584x2048,main,jit_validation_matrix_multiply(14370881517807154583),26.398906
matmul_1024x3584x2048,main,jit_validation_matrix_multiply(14370881517807154583),26.286328
matmul_1024x3584x2048,main,jit_validation_matrix_multiply(14370881517807154583),26.2775
matmul_1024x3584x2048,main,jit_validation_matrix_multiply(14370881517807154583),26.303828
matmul_1024x3584x2048,main,jit_validation_matrix_multiply(14370881517807154583),26.166328
matmul_1024x3584x2048,main,jit_validation_matrix_multiply(14370881517807154583),26.356406
matmul_1024x3584x2048,main,jit_validation_matrix_multiply(14370881517807154583),26.4275
matmul_1024x3584x2048,main,jit_validation_matrix_multiply(14370881517807154583),26.294922
matmul_1024x3584x2048,sub,copy-start,0.012422
matmul_1024x3584x2048,sub,copy-done,10.689922
matmul_1024x3584x2048,sub,fusion,26.356328
matmul_1024x3584x2048,sub,copy-start,0.012422
matmul_1024x3584x2048,sub,copy-done,0.003594
matmul_1024x3584x2048,sub,fusion,26.252422
matmul_1024x3584x2048,sub,copy-start,0.012422
matmul_1024x3584x2048,sub,copy-done,0.002578
matmul_1024x3584x2048,sub,fusion,26.378828
matmul_1024x3584x2048,sub,copy-start,0.011328
matmul_1024x3584x2048,sub,copy-done,0.002578
matmul_1024x3584x2048,sub,fusion,26.26625
matmul_1024x3584x2048,sub,copy-start,0.012422
matmul_1024x3584x2048,sub,copy-done,0.0025
matmul_1024x3584x2048,sub,fusion,26.257422
matmul_1024x3584x2048,sub,copy-start,0.012344
matmul_1024x3584x2048,sub,copy-done,0.0025
matmul_1024x3584x2048,sub,fusion,26.28375
matmul_1024x3584x2048,sub,copy-start,0.011328
matmul_1024x3584x2048,sub,copy-done,0.002578
matmul_1024x3584x2048,sub,fusion,26.14625
matmul_1024x3584x2048,sub,copy-start,0.011406
matmul_1024x3584x2048,sub,copy-done,0.0025
matmul_1024x3584x2048,sub,fusion,26.336328
matmul_1024x3584x2048,sub,copy-start,0.0125
matmul_1024x3584x2048,sub,copy-done,0.003672
matmul_1024x3584x2048,sub,fusion,26.406328
matmul_1024x3584x2048,sub,copy-start,0.011406
matmul_1024x3584x2048,sub,copy-done,0.0025
matmul_1024x3584x2048,sub,fusion,26.272656
matmul_1024x3584x2560,main,jit_validation_matrix_multiply(8009153138700436022),44.104922
matmul_1024x3584x2560,main,jit_validation_matrix_multiply(8009153138700436022),31.24125
matmul_1024x3584x2560,main,jit_validation_matrix_multiply(8009153138700436022),30.90625
matmul_1024x3584x2560,main,jit_validation_matrix_multiply(8009153138700436022),30.947578
matmul_1024x3584x2560,main,jit_validation_matrix_multiply(8009153138700436022),30.972422
matmul_1024x3584x2560,main,jit_validation_matrix_multiply(8009153138700436022),31.05125
matmul_1024x3584x2560,main,jit_validation_matrix_multiply(8009153138700436022),31.016172
matmul_1024x3584x2560,main,jit_validation_matrix_multiply(8009153138700436022),30.941172
matmul_1024x3584x2560,main,jit_validation_matrix_multiply(8009153138700436022),31.15
matmul_1024x3584x2560,main,jit_validation_matrix_multiply(8009153138700436022),30.917578
matmul_1024x3584x2560,sub,copy-start,0.012344
matmul_1024x3584x2560,sub,copy-done,13.128828
matmul_1024x3584x2560,sub,fusion,30.957422
matmul_1024x3584x2560,sub,copy-start,0.0125
matmul_1024x3584x2560,sub,copy-done,0.00375
matmul_1024x3584x2560,sub,fusion,31.221094
matmul_1024x3584x2560,sub,copy-start,0.0125
matmul_1024x3584x2560,sub,copy-done,0.00375
matmul_1024x3584x2560,sub,fusion,30.886094
matmul_1024x3584x2560,sub,copy-start,0.0125
matmul_1024x3584x2560,sub,copy-done,0.00375
matmul_1024x3584x2560,sub,fusion,30.927422
matmul_1024x3584x2560,sub,copy-start,0.0125
matmul_1024x3584x2560,sub,copy-done,0.002656
matmul_1024x3584x2560,sub,fusion,30.95125
matmul_1024x3584x2560,sub,copy-start,0.011328
matmul_1024x3584x2560,sub,copy-done,0.003672
matmul_1024x3584x2560,sub,fusion,31.028906
matmul_1024x3584x2560,sub,copy-start,0.012344
matmul_1024x3584x2560,sub,copy-done,0.00375
matmul_1024x3584x2560,sub,fusion,30.993984
matmul_1024x3584x2560,sub,copy-start,0.0125
matmul_1024x3584x2560,sub,copy-done,0.002578
matmul_1024x3584x2560,sub,fusion,30.92
matmul_1024x3584x2560,sub,copy-start,0.0125
matmul_1024x3584x2560,sub,copy-done,0.003672
matmul_1024x3584x2560,sub,fusion,31.128672
matmul_1024x3584x2560,sub,copy-start,0.011328
matmul_1024x3584x2560,sub,copy-done,0.003594
matmul_1024x3584x2560,sub,fusion,30.89625
matmul_1024x3584x3072,main,jit_validation_matrix_multiply(7236707106463506916),51.500156
matmul_1024x3584x3072,main,jit_validation_matrix_multiply(7236707106463506916),35.784844
matmul_1024x3584x3072,main,jit_validation_matrix_multiply(7236707106463506916),36.22375
matmul_1024x3584x3072,main,jit_validation_matrix_multiply(7236707106463506916),35.827578
matmul_1024x3584x3072,main,jit_validation_matrix_multiply(7236707106463506916),35.788906
matmul_1024x3584x3072,main,jit_validation_matrix_multiply(7236707106463506916),36.153828
matmul_1024x3584x3072,main,jit_validation_matrix_multiply(7236707106463506916),35.963828
matmul_1024x3584x3072,main,jit_validation_matrix_multiply(7236707106463506916),35.933672
matmul_1024x3584x3072,main,jit_validation_matrix_multiply(7236707106463506916),36.150078
matmul_1024x3584x3072,main,jit_validation_matrix_multiply(7236707106463506916),36.377734
matmul_1024x3584x3072,sub,copy-start,0.0125
matmul_1024x3584x3072,sub,copy-done,15.728828
matmul_1024x3584x3072,sub,fusion,35.753828
matmul_1024x3584x3072,sub,copy-start,0.011328
matmul_1024x3584x3072,sub,copy-done,0.00375
matmul_1024x3584x3072,sub,fusion,35.762578
matmul_1024x3584x3072,sub,copy-start,0.012344
matmul_1024x3584x3072,sub,copy-done,0.00375
matmul_1024x3584x3072,sub,fusion,36.202578
matmul_1024x3584x3072,sub,copy-start,0.0125
matmul_1024x3584x3072,sub,copy-done,0.00375
matmul_1024x3584x3072,sub,fusion,35.807344
matmul_1024x3584x3072,sub,copy-start,0.011406
matmul_1024x3584x3072,sub,copy-done,0.00375
matmul_1024x3584x3072,sub,fusion,35.76875
matmul_1024x3584x3072,sub,copy-start,0.0125
matmul_1024x3584x3072,sub,copy-done,0.00375
matmul_1024x3584x3072,sub,fusion,36.133594
matmul_1024x3584x3072,sub,copy-start,0.0125
matmul_1024x3584x3072,sub,copy-done,0.00375
matmul_1024x3584x3072,sub,fusion,35.943594
matmul_1024x3584x3072,sub,copy-start,0.0125
matmul_1024x3584x3072,sub,copy-done,0.002578
matmul_1024x3584x3072,sub,fusion,35.9125
matmul_1024x3584x3072,sub,copy-start,0.011328
matmul_1024x3584x3072,sub,copy-done,0.00375
matmul_1024x3584x3072,sub,fusion,36.12875
matmul_1024x3584x3072,sub,copy-start,0.011328
matmul_1024x3584x3072,sub,copy-done,0.00375
matmul_1024x3584x3072,sub,fusion,36.357578
matmul_1024x3584x3584,main,jit_validation_matrix_multiply(15532772493477146550),62.497734
matmul_1024x3584x3584,main,jit_validation_matrix_multiply(15532772493477146550),44.14875
matmul_1024x3584x3584,main,jit_validation_matrix_multiply(15532772493477146550),44.03125
matmul_1024x3584x3584,main,jit_validation_matrix_multiply(15532772493477146550),43.88875
matmul_1024x3584x3584,main,jit_validation_matrix_multiply(15532772493477146550),44.014844
matmul_1024x3584x3584,main,jit_validation_matrix_multiply(15532772493477146550),43.948516
matmul_1024x3584x3584,main,jit_validation_matrix_multiply(15532772493477146550),44.046328
matmul_1024x3584x3584,main,jit_validation_matrix_multiply(15532772493477146550),44.1475
matmul_1024x3584x3584,main,jit_validation_matrix_multiply(15532772493477146550),44.005078
matmul_1024x3584x3584,main,jit_validation_matrix_multiply(15532772493477146550),43.872422
matmul_1024x3584x3584,sub,copy-start,0.011328
matmul_1024x3584x3584,sub,copy-done,18.430156
matmul_1024x3584x3584,sub,fusion,44.050156
matmul_1024x3584x3584,sub,copy-start,0.011328
matmul_1024x3584x3584,sub,copy-done,0.00375
matmul_1024x3584x3584,sub,fusion,44.127422
matmul_1024x3584x3584,sub,copy-start,0.0125
matmul_1024x3584x3584,sub,copy-done,0.003594
matmul_1024x3584x3584,sub,fusion,44.008984
matmul_1024x3584x3584,sub,copy-start,0.011328
matmul_1024x3584x3584,sub,copy-done,0.00375
matmul_1024x3584x3584,sub,fusion,43.867422
matmul_1024x3584x3584,sub,copy-start,0.011328
matmul_1024x3584x3584,sub,copy-done,0.00375
matmul_1024x3584x3584,sub,fusion,43.992656
matmul_1024x3584x3584,sub,copy-start,0.0125
matmul_1024x3584x3584,sub,copy-done,0.00375
matmul_1024x3584x3584,sub,fusion,43.926094
matmul_1024x3584x3584,sub,copy-start,0.011328
matmul_1024x3584x3584,sub,copy-done,0.00375
matmul_1024x3584x3584,sub,fusion,44.025
matmul_1024x3584x3584,sub,copy-start,0.0125
matmul_1024x3584x3584,sub,copy-done,0.003594
matmul_1024x3584x3584,sub,fusion,44.126172
matmul_1024x3584x3584,sub,copy-start,0.012422
matmul_1024x3584x3584,sub,copy-done,0.003672
matmul_1024x3584x3584,sub,fusion,43.984922
matmul_1024x3584x3584,sub,copy-start,0.0125
matmul_1024x3584x3584,sub,copy-done,0.002578
matmul_1024x3584x3584,sub,fusion,43.85125
matmul_1024x3584x4096,main,jit_validation_matrix_multiply(15809674120985009288),65.193594
matmul_1024x3584x4096,main,jit_validation_matrix_multiply(15809674120985009288),45.27375
matmul_1024x3584x4096,main,jit_validation_matrix_multiply(15809674120985009288),44.777422
matmul_1024x3584x4096,main,jit_validation_matrix_multiply(15809674120985009288),44.8325
matmul_1024x3584x4096,main,jit_validation_matrix_multiply(15809674120985009288),44.927422
matmul_1024x3584x4096,main,jit_validation_matrix_multiply(15809674120985009288),44.740156
matmul_1024x3584x4096,main,jit_validation_matrix_multiply(15809674120985009288),44.627344
matmul_1024x3584x4096,main,jit_validation_matrix_multiply(15809674120985009288),44.716172
matmul_1024x3584x4096,main,jit_validation_matrix_multiply(15809674120985009288),45.0
matmul_1024x3584x4096,main,jit_validation_matrix_multiply(15809674120985009288),45.078594
matmul_1024x3584x4096,sub,copy-start,0.0125
matmul_1024x3584x4096,sub,copy-done,20.607578
matmul_1024x3584x4096,sub,fusion,44.566328
matmul_1024x3584x4096,sub,copy-start,0.011328
matmul_1024x3584x4096,sub,copy-done,0.003594
matmul_1024x3584x4096,sub,fusion,45.251328
matmul_1024x3584x4096,sub,copy-start,0.0125
matmul_1024x3584x4096,sub,copy-done,0.00375
matmul_1024x3584x4096,sub,fusion,44.75625
matmul_1024x3584x4096,sub,copy-start,0.011328
matmul_1024x3584x4096,sub,copy-done,0.00375
matmul_1024x3584x4096,sub,fusion,44.811328
matmul_1024x3584x4096,sub,copy-start,0.012422
matmul_1024x3584x4096,sub,copy-done,0.002656
matmul_1024x3584x4096,sub,fusion,44.905234
matmul_1024x3584x4096,sub,copy-start,0.011328
matmul_1024x3584x4096,sub,copy-done,0.00375
matmul_1024x3584x4096,sub,fusion,44.72
matmul_1024x3584x4096,sub,copy-start,0.011328
matmul_1024x3584x4096,sub,copy-done,0.00375
matmul_1024x3584x4096,sub,fusion,44.605078
matmul_1024x3584x4096,sub,copy-start,0.011328
matmul_1024x3584x4096,sub,copy-done,0.003672
matmul_1024x3584x4096,sub,fusion,44.693828
matmul_1024x3584x4096,sub,copy-start,0.011328
matmul_1024x3584x4096,sub,copy-done,0.003594
matmul_1024x3584x4096,sub,fusion,44.977734
matmul_1024x3584x4096,sub,copy-start,0.0125
matmul_1024x3584x4096,sub,copy-done,0.002578
matmul_1024x3584x4096,sub,fusion,45.05625
matmul_1024x4096x1024,main,jit_validation_matrix_multiply(12295106674894523622),22.863672
matmul_1024x4096x1024,main,jit_validation_matrix_multiply(12295106674894523622),16.437578
matmul_1024x4096x1024,main,jit_validation_matrix_multiply(12295106674894523622),16.434922
matmul_1024x4096x1024,main,jit_validation_matrix_multiply(12295106674894523622),16.681484
matmul_1024x4096x1024,main,jit_validation_matrix_multiply(12295106674894523622),16.535156
matmul_1024x4096x1024,main,jit_validation_matrix_multiply(12295106674894523622),16.469922
matmul_1024x4096x1024,main,jit_validation_matrix_multiply(12295106674894523622),16.416484
matmul_1024x4096x1024,main,jit_validation_matrix_multiply(12295106674894523622),16.643828
matmul_1024x4096x1024,main,jit_validation_matrix_multiply(12295106674894523622),16.459922
matmul_1024x4096x1024,main,jit_validation_matrix_multiply(12295106674894523622),16.5375
matmul_1024x4096x1024,sub,copy-start,0.011328
matmul_1024x4096x1024,sub,copy-done,6.292344
matmul_1024x4096x1024,sub,fusion,16.554922
matmul_1024x4096x1024,sub,copy-start,0.011328
matmul_1024x4096x1024,sub,copy-done,0.002656
matmul_1024x4096x1024,sub,fusion,16.4175
matmul_1024x4096x1024,sub,copy-start,0.012344
matmul_1024x4096x1024,sub,copy-done,0.003672
matmul_1024x4096x1024,sub,fusion,16.413672
matmul_1024x4096x1024,sub,copy-start,0.011328
matmul_1024x4096x1024,sub,copy-done,0.003594
matmul_1024x4096x1024,sub,fusion,16.661328
matmul_1024x4096x1024,sub,copy-start,0.011406
matmul_1024x4096x1024,sub,copy-done,0.002578
matmul_1024x4096x1024,sub,fusion,16.515078
matmul_1024x4096x1024,sub,copy-start,0.012344
matmul_1024x4096x1024,sub,copy-done,0.003672
matmul_1024x4096x1024,sub,fusion,16.448828
matmul_1024x4096x1024,sub,copy-start,0.0125
matmul_1024x4096x1024,sub,copy-done,0.0025
matmul_1024x4096x1024,sub,fusion,16.396406
matmul_1024x4096x1024,sub,copy-start,0.012422
matmul_1024x4096x1024,sub,copy-done,0.002578
matmul_1024x4096x1024,sub,fusion,16.62375
matmul_1024x4096x1024,sub,copy-start,0.012344
matmul_1024x4096x1024,sub,copy-done,0.0025
matmul_1024x4096x1024,sub,fusion,16.43875
matmul_1024x4096x1024,sub,copy-start,0.012344
matmul_1024x4096x1024,sub,copy-done,0.0025
matmul_1024x4096x1024,sub,fusion,16.51625
matmul_1024x4096x1536,main,jit_validation_matrix_multiply(596311272232127199),30.88875
matmul_1024x4096x1536,main,jit_validation_matrix_multiply(596311272232127199),21.626328
matmul_1024x4096x1536,main,jit_validation_matrix_multiply(596311272232127199),21.7725
matmul_1024x4096x1536,main,jit_validation_matrix_multiply(596311272232127199),21.6525
matmul_1024x4096x1536,main,jit_validation_matrix_multiply(596311272232127199),21.60625
matmul_1024x4096x1536,main,jit_validation_matrix_multiply(596311272232127199),21.6625
matmul_1024x4096x1536,main,jit_validation_matrix_multiply(596311272232127199),21.708672
matmul_1024x4096x1536,main,jit_validation_matrix_multiply(596311272232127199),21.678828
matmul_1024x4096x1536,main,jit_validation_matrix_multiply(596311272232127199),21.647422
matmul_1024x4096x1536,main,jit_validation_matrix_multiply(596311272232127199),21.898672
matmul_1024x4096x1536,sub,copy-start,0.0125
matmul_1024x4096x1536,sub,copy-done,9.159922
matmul_1024x4096x1536,sub,fusion,21.71125
matmul_1024x4096x1536,sub,copy-start,0.0125
matmul_1024x4096x1536,sub,copy-done,0.0025
matmul_1024x4096x1536,sub,fusion,21.60625
matmul_1024x4096x1536,sub,copy-start,0.011328
matmul_1024x4096x1536,sub,copy-done,0.003594
matmul_1024x4096x1536,sub,fusion,21.752422
matmul_1024x4096x1536,sub,copy-start,0.012422
matmul_1024x4096x1536,sub,copy-done,0.003594
matmul_1024x4096x1536,sub,fusion,21.632422
matmul_1024x4096x1536,sub,copy-start,0.0125
matmul_1024x4096x1536,sub,copy-done,0.0025
matmul_1024x4096x1536,sub,fusion,21.585
matmul_1024x4096x1536,sub,copy-start,0.0125
matmul_1024x4096x1536,sub,copy-done,0.003672
matmul_1024x4096x1536,sub,fusion,21.642422
matmul_1024x4096x1536,sub,copy-start,0.011328
matmul_1024x4096x1536,sub,copy-done,0.003672
matmul_1024x4096x1536,sub,fusion,21.688594
matmul_1024x4096x1536,sub,copy-start,0.011328
matmul_1024x4096x1536,sub,copy-done,0.002578
matmul_1024x4096x1536,sub,fusion,21.65875
matmul_1024x4096x1536,sub,copy-start,0.011328
matmul_1024x4096x1536,sub,copy-done,0.003672
matmul_1024x4096x1536,sub,fusion,21.627344
matmul_1024x4096x1536,sub,copy-start,0.011328
matmul_1024x4096x1536,sub,copy-done,0.003594
matmul_1024x4096x1536,sub,fusion,21.878672
matmul_1024x4096x2048,main,jit_validation_matrix_multiply(6001725112268858244),39.384922
matmul_1024x4096x2048,main,jit_validation_matrix_multiply(6001725112268858244),27.476328
matmul_1024x4096x2048,main,jit_validation_matrix_multiply(6001725112268858244),27.372578
matmul_1024x4096x2048,main,jit_validation_matrix_multiply(6001725112268858244),27.23375
matmul_1024x4096x2048,main,jit_validation_matrix_multiply(6001725112268858244),27.357578
matmul_1024x4096x2048,main,jit_validation_matrix_multiply(6001725112268858244),27.385
matmul_1024x4096x2048,main,jit_validation_matrix_multiply(6001725112268858244),27.053828
matmul_1024x4096x2048,main,jit_validation_matrix_multiply(6001725112268858244),27.371328
matmul_1024x4096x2048,main,jit_validation_matrix_multiply(6001725112268858244),27.511406
matmul_1024x4096x2048,main,jit_validation_matrix_multiply(6001725112268858244),27.31875
matmul_1024x4096x2048,sub,copy-start,0.0125
matmul_1024x4096x2048,sub,copy-done,12.04625
matmul_1024x4096x2048,sub,fusion,27.32
matmul_1024x4096x2048,sub,copy-start,0.011328
matmul_1024x4096x2048,sub,copy-done,0.00375
matmul_1024x4096x2048,sub,fusion,27.455156
matmul_1024x4096x2048,sub,copy-start,0.011328
matmul_1024x4096x2048,sub,copy-done,0.00375
matmul_1024x4096x2048,sub,fusion,27.35125
matmul_1024x4096x2048,sub,copy-start,0.012344
matmul_1024x4096x2048,sub,copy-done,0.002578
matmul_1024x4096x2048,sub,fusion,27.2125
matmul_1024x4096x2048,sub,copy-start,0.012344
matmul_1024x4096x2048,sub,copy-done,0.002578
matmul_1024x4096x2048,sub,fusion,27.337422
matmul_1024x4096x2048,sub,copy-start,0.011328
matmul_1024x4096x2048,sub,copy-done,0.003672
matmul_1024x4096x2048,sub,fusion,27.36375
matmul_1024x4096x2048,sub,copy-start,0.011406
matmul_1024x4096x2048,sub,copy-done,0.00375
matmul_1024x4096x2048,sub,fusion,27.033672
matmul_1024x4096x2048,sub,copy-start,0.012344
matmul_1024x4096x2048,sub,copy-done,0.002578
matmul_1024x4096x2048,sub,fusion,27.351172
matmul_1024x4096x2048,sub,copy-start,0.012344
matmul_1024x4096x2048,sub,copy-done,0.00375
matmul_1024x4096x2048,sub,fusion,27.49125
matmul_1024x4096x2048,sub,copy-start,0.012344
matmul_1024x4096x2048,sub,copy-done,0.00375
matmul_1024x4096x2048,sub,fusion,27.297656
matmul_1024x4096x2560,main,jit_validation_matrix_multiply(14109870959356479353),49.4025
matmul_1024x4096x2560,main,jit_validation_matrix_multiply(14109870959356479353),34.81125
matmul_1024x4096x2560,main,jit_validation_matrix_multiply(14109870959356479353),34.55
matmul_1024x4096x2560,main,jit_validation_matrix_multiply(14109870959356479353),34.437422
matmul_1024x4096x2560,main,jit_validation_matrix_multiply(14109870959356479353),34.571172
matmul_1024x4096x2560,main,jit_validation_matrix_multiply(14109870959356479353),34.588672
matmul_1024x4096x2560,main,jit_validation_matrix_multiply(14109870959356479353),34.4925
matmul_1024x4096x2560,main,jit_validation_matrix_multiply(14109870959356479353),34.302656
matmul_1024x4096x2560,main,jit_validation_matrix_multiply(14109870959356479353),34.602578
matmul_1024x4096x2560,main,jit_validation_matrix_multiply(14109870959356479353),34.503828
matmul_1024x4096x2560,sub,copy-start,0.011328
matmul_1024x4096x2560,sub,copy-done,14.885078
matmul_1024x4096x2560,sub,fusion,34.499844
matmul_1024x4096x2560,sub,copy-start,0.012344
matmul_1024x4096x2560,sub,copy-done,0.00375
matmul_1024x4096x2560,sub,fusion,34.789922
matmul_1024x4096x2560,sub,copy-start,0.012422
matmul_1024x4096x2560,sub,copy-done,0.002578
matmul_1024x4096x2560,sub,fusion,34.529844
matmul_1024x4096x2560,sub,copy-start,0.012422
matmul_1024x4096x2560,sub,copy-done,0.002656
matmul_1024x4096x2560,sub,fusion,34.41625
matmul_1024x4096x2560,sub,copy-start,0.011328
matmul_1024x4096x2560,sub,copy-done,0.003672
matmul_1024x4096x2560,sub,fusion,34.548906
matmul_1024x4096x2560,sub,copy-start,0.0125
matmul_1024x4096x2560,sub,copy-done,0.00375
matmul_1024x4096x2560,sub,fusion,34.5675
matmul_1024x4096x2560,sub,copy-start,0.0125
matmul_1024x4096x2560,sub,copy-done,0.003672
matmul_1024x4096x2560,sub,fusion,34.47
matmul_1024x4096x2560,sub,copy-start,0.0125
matmul_1024x4096x2560,sub,copy-done,0.00375
matmul_1024x4096x2560,sub,fusion,34.2825
matmul_1024x4096x2560,sub,copy-start,0.011328
matmul_1024x4096x2560,sub,copy-done,0.003594
matmul_1024x4096x2560,sub,fusion,34.58125
matmul_1024x4096x2560,sub,copy-start,0.011328
matmul_1024x4096x2560,sub,copy-done,0.003594
matmul_1024x4096x2560,sub,fusion,34.4825
matmul_1024x4096x3072,main,jit_validation_matrix_multiply(11568778687480614416),57.958828
matmul_1024x4096x3072,main,jit_validation_matrix_multiply(11568778687480614416),40.227734
matmul_1024x4096x3072,main,jit_validation_matrix_multiply(11568778687480614416),40.07875
matmul_1024x4096x3072,main,jit_validation_matrix_multiply(11568778687480614416),39.880078
matmul_1024x4096x3072,main,jit_validation_matrix_multiply(11568778687480614416),39.975078
matmul_1024x4096x3072,main,jit_validation_matrix_multiply(11568778687480614416),40.255156
matmul_1024x4096x3072,main,jit_validation_matrix_multiply(11568778687480614416),40.208828
matmul_1024x4096x3072,main,jit_validation_matrix_multiply(11568778687480614416),40.13
matmul_1024x4096x3072,main,jit_validation_matrix_multiply(11568778687480614416),40.118984
matmul_1024x4096x3072,main,jit_validation_matrix_multiply(11568778687480614416),39.94375
matmul_1024x4096x3072,sub,copy-start,0.012422
matmul_1024x4096x3072,sub,copy-done,17.743906
matmul_1024x4096x3072,sub,fusion,40.1975
matmul_1024x4096x3072,sub,copy-start,0.012422
matmul_1024x4096x3072,sub,copy-done,0.003672
matmul_1024x4096x3072,sub,fusion,40.207578
matmul_1024x4096x3072,sub,copy-start,0.0125
matmul_1024x4096x3072,sub,copy-done,0.00375
matmul_1024x4096x3072,sub,fusion,40.0575
matmul_1024x4096x3072,sub,copy-start,0.0125
matmul_1024x4096x3072,sub,copy-done,0.003594
matmul_1024x4096x3072,sub,fusion,39.859922
matmul_1024x4096x3072,sub,copy-start,0.011328
matmul_1024x4096x3072,sub,copy-done,0.003672
matmul_1024x4096x3072,sub,fusion,39.95375
matmul_1024x4096x3072,sub,copy-start,0.011406
matmul_1024x4096x3072,sub,copy-done,0.00375
matmul_1024x4096x3072,sub,fusion,40.233828
matmul_1024x4096x3072,sub,copy-start,0.0125
matmul_1024x4096x3072,sub,copy-done,0.002578
matmul_1024x4096x3072,sub,fusion,40.188672
matmul_1024x4096x3072,sub,copy-start,0.0125
matmul_1024x4096x3072,sub,copy-done,0.00375
matmul_1024x4096x3072,sub,fusion,40.10875
matmul_1024x4096x3072,sub,copy-start,0.011328
matmul_1024x4096x3072,sub,copy-done,0.00375
matmul_1024x4096x3072,sub,fusion,40.098828
matmul_1024x4096x3072,sub,copy-start,0.0125
matmul_1024x4096x3072,sub,copy-done,0.00375
matmul_1024x4096x3072,sub,fusion,39.923594
matmul_1024x4096x3584,main,jit_validation_matrix_multiply(11975074157195845864),69.635078
matmul_1024x4096x3584,main,jit_validation_matrix_multiply(11975074157195845864),49.36
matmul_1024x4096x3584,main,jit_validation_matrix_multiply(11975074157195845864),48.975
matmul_1024x4096x3584,main,jit_validation_matrix_multiply(11975074157195845864),48.944922
matmul_1024x4096x3584,main,jit_validation_matrix_multiply(11975074157195845864),49.056172
matmul_1024x4096x3584,main,jit_validation_matrix_multiply(11975074157195845864),49.327578
matmul_1024x4096x3584,main,jit_validation_matrix_multiply(11975074157195845864),48.725078
matmul_1024x4096x3584,main,jit_validation_matrix_multiply(11975074157195845864),49.203594
matmul_1024x4096x3584,main,jit_validation_matrix_multiply(11975074157195845864),49.027344
matmul_1024x4096x3584,main,jit_validation_matrix_multiply(11975074157195845864),49.139922
matmul_1024x4096x3584,sub,copy-start,0.012344
matmul_1024x4096x3584,sub,copy-done,20.615078
matmul_1024x4096x3584,sub,fusion,49.003594
matmul_1024x4096x3584,sub,copy-start,0.012344
matmul_1024x4096x3584,sub,copy-done,0.00375
matmul_1024x4096x3584,sub,fusion,49.338672
matmul_1024x4096x3584,sub,copy-start,0.0125
matmul_1024x4096x3584,sub,copy-done,0.00375
matmul_1024x4096x3584,sub,fusion,48.954844
matmul_1024x4096x3584,sub,copy-start,0.0125
matmul_1024x4096x3584,sub,copy-done,0.002578
matmul_1024x4096x3584,sub,fusion,48.92375
matmul_1024x4096x3584,sub,copy-start,0.012344
matmul_1024x4096x3584,sub,copy-done,0.002656
matmul_1024x4096x3584,sub,fusion,49.035
matmul_1024x4096x3584,sub,copy-start,0.011328
matmul_1024x4096x3584,sub,copy-done,0.003594
matmul_1024x4096x3584,sub,fusion,49.30625
matmul_1024x4096x3584,sub,copy-start,0.011328
matmul_1024x4096x3584,sub,copy-done,0.00375
matmul_1024x4096x3584,sub,fusion,48.704922
matmul_1024x4096x3584,sub,copy-start,0.0125
matmul_1024x4096x3584,sub,copy-done,0.002656
matmul_1024x4096x3584,sub,fusion,49.18125
matmul_1024x4096x3584,sub,copy-start,0.012422
matmul_1024x4096x3584,sub,copy-done,0.002656
matmul_1024x4096x3584,sub,fusion,49.005234
matmul_1024x4096x3584,sub,copy-start,0.0125
matmul_1024x4096x3584,sub,copy-done,0.002578
matmul_1024x4096x3584,sub,fusion,49.11875
matmul_1024x4096x4096,main,jit_validation_matrix_multiply(11683147818300702765),74.06375
matmul_1024x4096x4096,main,jit_validation_matrix_multiply(11683147818300702765),50.959844
matmul_1024x4096x4096,main,jit_validation_matrix_multiply(11683147818300702765),50.681172
matmul_1024x4096x4096,main,jit_validation_matrix_multiply(11683147818300702765),50.930156
matmul_1024x4096x4096,main,jit_validation_matrix_multiply(11683147818300702765),50.731328
matmul_1024x4096x4096,main,jit_validation_matrix_multiply(11683147818300702765),50.709922
matmul_1024x4096x4096,main,jit_validation_matrix_multiply(11683147818300702765),51.011094
matmul_1024x4096x4096,main,jit_validation_matrix_multiply(11683147818300702765),50.776484
matmul_1024x4096x4096,main,jit_validation_matrix_multiply(11683147818300702765),50.66875
matmul_1024x4096x4096,main,jit_validation_matrix_multiply(11683147818300702765),50.901094
matmul_1024x4096x4096,sub,copy-start,0.012344
matmul_1024x4096x4096,sub,copy-done,23.400156
matmul_1024x4096x4096,sub,fusion,50.645234
matmul_1024x4096x4096,sub,copy-start,0.011328
matmul_1024x4096x4096,sub,copy-done,0.00375
matmul_1024x4096x4096,sub,fusion,50.937656
matmul_1024x4096x4096,sub,copy-start,0.012422
matmul_1024x4096x4096,sub,copy-done,0.00375
matmul_1024x4096x4096,sub,fusion,50.660078
matmul_1024x4096x4096,sub,copy-start,0.011328
matmul_1024x4096x4096,sub,copy-done,0.003594
matmul_1024x4096x4096,sub,fusion,50.908828
matmul_1024x4096x4096,sub,copy-start,0.012422
matmul_1024x4096x4096,sub,copy-done,0.002578
matmul_1024x4096x4096,sub,fusion,50.711172
matmul_1024x4096x4096,sub,copy-start,0.011328
matmul_1024x4096x4096,sub,copy-done,0.003672
matmul_1024x4096x4096,sub,fusion,50.687578
matmul_1024x4096x4096,sub,copy-start,0.011328
matmul_1024x4096x4096,sub,copy-done,0.002656
matmul_1024x4096x4096,sub,fusion,50.988828
matmul_1024x4096x4096,sub,copy-start,0.011328
matmul_1024x4096x4096,sub,copy-done,0.003594
matmul_1024x4096x4096,sub,fusion,50.755156
matmul_1024x4096x4096,sub,copy-start,0.0125
matmul_1024x4096x4096,sub,copy-done,0.003594
matmul_1024x4096x4096,sub,fusion,50.646484
matmul_1024x4096x4096,sub,copy-start,0.011328
matmul_1024x4096x4096,sub,copy-done,0.002656
matmul_1024x4096x4096,sub,fusion,50.878984
matmul_1536x1024x1024,main,jit_validation_matrix_multiply(13596518743216866023),11.03875
matmul_1536x1024x1024,main,jit_validation_matrix_multiply(13596518743216866023),8.218828
matmul_1536x1024x1024,main,jit_validation_matrix_multiply(13596518743216866023),8.314844
matmul_1536x1024x1024,main,jit_validation_matrix_multiply(13596518743216866023),8.195
matmul_1536x1024x1024,main,jit_validation_matrix_multiply(13596518743216866023),8.302344
matmul_1536x1024x1024,main,jit_validation_matrix_multiply(13596518743216866023),8.335
matmul_1536x1024x1024,main,jit_validation_matrix_multiply(13596518743216866023),8.431172
matmul_1536x1024x1024,main,jit_validation_matrix_multiply(13596518743216866023),8.341094
matmul_1536x1024x1024,main,jit_validation_matrix_multiply(13596518743216866023),8.34
matmul_1536x1024x1024,main,jit_validation_matrix_multiply(13596518743216866023),8.163594
matmul_1536x1024x1024,sub,copy-start,0.012422
matmul_1536x1024x1024,sub,copy-done,2.753828
matmul_1536x1024x1024,sub,fusion,8.266406
matmul_1536x1024x1024,sub,copy-start,0.0125
matmul_1536x1024x1024,sub,copy-done,0.0025
matmul_1536x1024x1024,sub,fusion,8.19875
matmul_1536x1024x1024,sub,copy-start,0.0125
matmul_1536x1024x1024,sub,copy-done,0.0025
matmul_1536x1024x1024,sub,fusion,8.29375
matmul_1536x1024x1024,sub,copy-start,0.011328
matmul_1536x1024x1024,sub,copy-done,0.0025
matmul_1536x1024x1024,sub,fusion,8.173906
matmul_1536x1024x1024,sub,copy-start,0.011328
matmul_1536x1024x1024,sub,copy-done,0.002578
matmul_1536x1024x1024,sub,fusion,8.281172
matmul_1536x1024x1024,sub,copy-start,0.012422
matmul_1536x1024x1024,sub,copy-done,0.002578
matmul_1536x1024x1024,sub,fusion,8.314844
matmul_1536x1024x1024,sub,copy-start,0.012422
matmul_1536x1024x1024,sub,copy-done,0.003672
matmul_1536x1024x1024,sub,fusion,8.409922
matmul_1536x1024x1024,sub,copy-start,0.0125
matmul_1536x1024x1024,sub,copy-done,0.002578
matmul_1536x1024x1024,sub,fusion,8.318906
matmul_1536x1024x1024,sub,copy-start,0.011328
matmul_1536x1024x1024,sub,copy-done,0.002578
matmul_1536x1024x1024,sub,fusion,8.318828
matmul_1536x1024x1024,sub,copy-start,0.011328
matmul_1536x1024x1024,sub,copy-done,0.002578
matmul_1536x1024x1024,sub,fusion,8.142422
matmul_1536x1024x1536,main,jit_validation_matrix_multiply(1315345857664947624),14.835
matmul_1536x1024x1536,main,jit_validation_matrix_multiply(1315345857664947624),11.175078
matmul_1536x1024x1536,main,jit_validation_matrix_multiply(1315345857664947624),11.15
matmul_1536x1024x1536,main,jit_validation_matrix_multiply(1315345857664947624),11.01125
matmul_1536x1024x1536,main,jit_validation_matrix_multiply(1315345857664947624),10.95
matmul_1536x1024x1536,main,jit_validation_matrix_multiply(1315345857664947624),11.155
matmul_1536x1024x1536,main,jit_validation_matrix_multiply(1315345857664947624),11.006094
matmul_1536x1024x1536,main,jit_validation_matrix_multiply(1315345857664947624),10.902734
matmul_1536x1024x1536,main,jit_validation_matrix_multiply(1315345857664947624),11.007344
matmul_1536x1024x1536,main,jit_validation_matrix_multiply(1315345857664947624),11.007578
matmul_1536x1024x1536,sub,copy-start,0.012344
matmul_1536x1024x1536,sub,copy-done,3.934922
matmul_1536x1024x1536,sub,fusion,10.883672
matmul_1536x1024x1536,sub,copy-start,0.012422
matmul_1536x1024x1536,sub,copy-done,0.003672
matmul_1536x1024x1536,sub,fusion,11.154922
matmul_1536x1024x1536,sub,copy-start,0.0125
matmul_1536x1024x1536,sub,copy-done,0.002578
matmul_1536x1024x1536,sub,fusion,11.129844
matmul_1536x1024x1536,sub,copy-start,0.0125
matmul_1536x1024x1536,sub,copy-done,0.0025
matmul_1536x1024x1536,sub,fusion,10.991172
matmul_1536x1024x1536,sub,copy-start,0.0125
matmul_1536x1024x1536,sub,copy-done,0.003672
matmul_1536x1024x1536,sub,fusion,10.928828
matmul_1536x1024x1536,sub,copy-start,0.0125
matmul_1536x1024x1536,sub,copy-done,0.003672
matmul_1536x1024x1536,sub,fusion,11.134922
matmul_1536x1024x1536,sub,copy-start,0.0125
matmul_1536x1024x1536,sub,copy-done,0.0025
matmul_1536x1024x1536,sub,fusion,10.985
matmul_1536x1024x1536,sub,copy-start,0.012422
matmul_1536x1024x1536,sub,copy-done,0.002578
matmul_1536x1024x1536,sub,fusion,10.882656
matmul_1536x1024x1536,sub,copy-start,0.011328
matmul_1536x1024x1536,sub,copy-done,0.003672
matmul_1536x1024x1536,sub,fusion,10.986172
matmul_1536x1024x1536,sub,copy-start,0.011328
matmul_1536x1024x1536,sub,copy-done,0.003594
matmul_1536x1024x1536,sub,fusion,10.9875
matmul_1536x1024x2048,main,jit_validation_matrix_multiply(15280477396850577042),18.508672
matmul_1536x1024x2048,main,jit_validation_matrix_multiply(15280477396850577042),13.651328
matmul_1536x1024x2048,main,jit_validation_matrix_multiply(15280477396850577042),13.506406
matmul_1536x1024x2048,main,jit_validation_matrix_multiply(15280477396850577042),13.637422
matmul_1536x1024x2048,main,jit_validation_matrix_multiply(15280477396850577042),13.702578
matmul_1536x1024x2048,main,jit_validation_matrix_multiply(15280477396850577042),13.79125
matmul_1536x1024x2048,main,jit_validation_matrix_multiply(15280477396850577042),13.60375
matmul_1536x1024x2048,main,jit_validation_matrix_multiply(15280477396850577042),13.568828
matmul_1536x1024x2048,main,jit_validation_matrix_multiply(15280477396850577042),13.565156
matmul_1536x1024x2048,main,jit_validation_matrix_multiply(15280477396850577042),13.701328
matmul_1536x1024x2048,sub,copy-start,0.0125
matmul_1536x1024x2048,sub,copy-done,4.8875
matmul_1536x1024x2048,sub,fusion,13.602422
matmul_1536x1024x2048,sub,copy-start,0.011328
matmul_1536x1024x2048,sub,copy-done,0.002578
matmul_1536x1024x2048,sub,fusion,13.63125
matmul_1536x1024x2048,sub,copy-start,0.011406
matmul_1536x1024x2048,sub,copy-done,0.002578
matmul_1536x1024x2048,sub,fusion,13.486328
matmul_1536x1024x2048,sub,copy-start,0.0125
matmul_1536x1024x2048,sub,copy-done,0.002578
matmul_1536x1024x2048,sub,fusion,13.616328
matmul_1536x1024x2048,sub,copy-start,0.0125
matmul_1536x1024x2048,sub,copy-done,0.002578
matmul_1536x1024x2048,sub,fusion,13.6825
matmul_1536x1024x2048,sub,copy-start,0.011328
matmul_1536x1024x2048,sub,copy-done,0.002656
matmul_1536x1024x2048,sub,fusion,13.770156
matmul_1536x1024x2048,sub,copy-start,0.0125
matmul_1536x1024x2048,sub,copy-done,0.003594
matmul_1536x1024x2048,sub,fusion,13.583672
matmul_1536x1024x2048,sub,copy-start,0.012422
matmul_1536x1024x2048,sub,copy-done,0.0025
matmul_1536x1024x2048,sub,fusion,13.54875
matmul_1536x1024x2048,sub,copy-start,0.012344
matmul_1536x1024x2048,sub,copy-done,0.002578
matmul_1536x1024x2048,sub,fusion,13.545078
matmul_1536x1024x2048,sub,copy-start,0.012344
matmul_1536x1024x2048,sub,copy-done,0.003672
matmul_1536x1024x2048,sub,fusion,13.68125
matmul_1536x1024x2560,main,jit_validation_matrix_multiply(5605972439896687096),22.34125
matmul_1536x1024x2560,main,jit_validation_matrix_multiply(5605972439896687096),16.19625
matmul_1536x1024x2560,main,jit_validation_matrix_multiply(5605972439896687096),16.41625
matmul_1536x1024x2560,main,jit_validation_matrix_multiply(5605972439896687096),16.48125
matmul_1536x1024x2560,main,jit_validation_matrix_multiply(5605972439896687096),16.70375
matmul_1536x1024x2560,main,jit_validation_matrix_multiply(5605972439896687096),16.2975
matmul_1536x1024x2560,main,jit_validation_matrix_multiply(5605972439896687096),16.43625
matmul_1536x1024x2560,main,jit_validation_matrix_multiply(5605972439896687096),16.431328
matmul_1536x1024x2560,main,jit_validation_matrix_multiply(5605972439896687096),16.20875
matmul_1536x1024x2560,main,jit_validation_matrix_multiply(5605972439896687096),16.49375
matmul_1536x1024x2560,sub,copy-start,0.012344
matmul_1536x1024x2560,sub,copy-done,5.9425
matmul_1536x1024x2560,sub,fusion,16.381172
matmul_1536x1024x2560,sub,copy-start,0.0125
matmul_1536x1024x2560,sub,copy-done,0.003672
matmul_1536x1024x2560,sub,fusion,16.176172
matmul_1536x1024x2560,sub,copy-start,0.011328
matmul_1536x1024x2560,sub,copy-done,0.002578
matmul_1536x1024x2560,sub,fusion,16.395
matmul_1536x1024x2560,sub,copy-start,0.0125
matmul_1536x1024x2560,sub,copy-done,0.003672
matmul_1536x1024x2560,sub,fusion,16.461172
matmul_1536x1024x2560,sub,copy-start,0.012344
matmul_1536x1024x2560,sub,copy-done,0.0025
matmul_1536x1024x2560,sub,fusion,16.683672
matmul_1536x1024x2560,sub,copy-start,0.012422
matmul_1536x1024x2560,sub,copy-done,0.003672
matmul_1536x1024x2560,sub,fusion,16.277422
matmul_1536x1024x2560,sub,copy-start,0.011328
matmul_1536x1024x2560,sub,copy-done,0.002578
matmul_1536x1024x2560,sub,fusion,16.415156
matmul_1536x1024x2560,sub,copy-start,0.012422
matmul_1536x1024x2560,sub,copy-done,0.0025
matmul_1536x1024x2560,sub,fusion,16.41125
matmul_1536x1024x2560,sub,copy-start,0.0125
matmul_1536x1024x2560,sub,copy-done,0.002578
matmul_1536x1024x2560,sub,fusion,16.1875
matmul_1536x1024x2560,sub,copy-start,0.0125
matmul_1536x1024x2560,sub,copy-done,0.0025
matmul_1536x1024x2560,sub,fusion,16.473594
matmul_1536x1024x3072,main,jit_validation_matrix_multiply(14821866269630850115),25.862734
matmul_1536x1024x3072,main,jit_validation_matrix_multiply(14821866269630850115),19.107578
matmul_1536x1024x3072,main,jit_validation_matrix_multiply(14821866269630850115),18.911094
matmul_1536x1024x3072,main,jit_validation_matrix_multiply(14821866269630850115),19.001172
matmul_1536x1024x3072,main,jit_validation_matrix_multiply(14821866269630850115),19.221172
matmul_1536x1024x3072,main,jit_validation_matrix_multiply(14821866269630850115),18.832578
matmul_1536x1024x3072,main,jit_validation_matrix_multiply(14821866269630850115),19.061172
matmul_1536x1024x3072,main,jit_validation_matrix_multiply(14821866269630850115),19.165078
matmul_1536x1024x3072,main,jit_validation_matrix_multiply(14821866269630850115),19.113906
matmul_1536x1024x3072,main,jit_validation_matrix_multiply(14821866269630850115),19.232422
matmul_1536x1024x3072,sub,copy-start,0.011328
matmul_1536x1024x3072,sub,copy-done,7.00875
matmul_1536x1024x3072,sub,fusion,18.836406
matmul_1536x1024x3072,sub,copy-start,0.0125
matmul_1536x1024x3072,sub,copy-done,0.003672
matmul_1536x1024x3072,sub,fusion,19.087422
matmul_1536x1024x3072,sub,copy-start,0.0125
matmul_1536x1024x3072,sub,copy-done,0.0025
matmul_1536x1024x3072,sub,fusion,18.889844
matmul_1536x1024x3072,sub,copy-start,0.0125
matmul_1536x1024x3072,sub,copy-done,0.003672
matmul_1536x1024x3072,sub,fusion,18.979922
matmul_1536x1024x3072,sub,copy-start,0.012344
matmul_1536x1024x3072,sub,copy-done,0.003672
matmul_1536x1024x3072,sub,fusion,19.2
matmul_1536x1024x3072,sub,copy-start,0.0125
matmul_1536x1024x3072,sub,copy-done,0.003594
matmul_1536x1024x3072,sub,fusion,18.812422
matmul_1536x1024x3072,sub,copy-start,0.011406
matmul_1536x1024x3072,sub,copy-done,0.0025
matmul_1536x1024x3072,sub,fusion,19.03875
matmul_1536x1024x3072,sub,copy-start,0.0125
matmul_1536x1024x3072,sub,copy-done,0.003672
matmul_1536x1024x3072,sub,fusion,19.144922
matmul_1536x1024x3072,sub,copy-start,0.011328
matmul_1536x1024x3072,sub,copy-done,0.0025
matmul_1536x1024x3072,sub,fusion,19.093828
matmul_1536x1024x3072,sub,copy-start,0.011328
matmul_1536x1024x3072,sub,copy-done,0.003594
matmul_1536x1024x3072,sub,fusion,19.211172
matmul_1536x1024x3584,main,jit_validation_matrix_multiply(15367476009317670444),26.6975
matmul_1536x1024x3584,main,jit_validation_matrix_multiply(15367476009317670444),18.408828
matmul_1536x1024x3584,main,jit_validation_matrix_multiply(15367476009317670444),18.57375
matmul_1536x1024x3584,main,jit_validation_matrix_multiply(15367476009317670444),18.869922
matmul_1536x1024x3584,main,jit_validation_matrix_multiply(15367476009317670444),18.631328
matmul_1536x1024x3584,main,jit_validation_matrix_multiply(15367476009317670444),18.391172
matmul_1536x1024x3584,main,jit_validation_matrix_multiply(15367476009317670444),18.91125
matmul_1536x1024x3584,main,jit_validation_matrix_multiply(15367476009317670444),18.297656
matmul_1536x1024x3584,main,jit_validation_matrix_multiply(15367476009317670444),18.339922
matmul_1536x1024x3584,main,jit_validation_matrix_multiply(15367476009317670444),18.525
matmul_1536x1024x3584,sub,copy-start,0.012422
matmul_1536x1024x3584,sub,copy-done,8.121406
matmul_1536x1024x3584,sub,fusion,18.557578
matmul_1536x1024x3584,sub,copy-start,0.012422
matmul_1536x1024x3584,sub,copy-done,0.002578
matmul_1536x1024x3584,sub,fusion,18.38875
matmul_1536x1024x3584,sub,copy-start,0.012422
matmul_1536x1024x3584,sub,copy-done,0.003672
matmul_1536x1024x3584,sub,fusion,18.552578
matmul_1536x1024x3584,sub,copy-start,0.012344
matmul_1536x1024x3584,sub,copy-done,0.002578
matmul_1536x1024x3584,sub,fusion,18.849844
matmul_1536x1024x3584,sub,copy-start,0.012422
matmul_1536x1024x3584,sub,copy-done,0.002578
matmul_1536x1024x3584,sub,fusion,18.611172
matmul_1536x1024x3584,sub,copy-start,0.012422
matmul_1536x1024x3584,sub,copy-done,0.0025
matmul_1536x1024x3584,sub,fusion,18.37
matmul_1536x1024x3584,sub,copy-start,0.011328
matmul_1536x1024x3584,sub,copy-done,0.002578
matmul_1536x1024x3584,sub,fusion,18.891172
matmul_1536x1024x3584,sub,copy-start,0.011328
matmul_1536x1024x3584,sub,copy-done,0.0025
matmul_1536x1024x3584,sub,fusion,18.277578
matmul_1536x1024x3584,sub,copy-start,0.0125
matmul_1536x1024x3584,sub,copy-done,0.002578
matmul_1536x1024x3584,sub,fusion,18.319844
matmul_1536x1024x3584,sub,copy-start,0.0125
matmul_1536x1024x3584,sub,copy-done,0.002578
matmul_1536x1024x3584,sub,fusion,18.503828
matmul_1536x1024x4096,main,jit_validation_matrix_multiply(9077697880240963719),31.076406
matmul_1536x1024x4096,main,jit_validation_matrix_multiply(9077697880240963719),21.874922
matmul_1536x1024x4096,main,jit_validation_matrix_multiply(9077697880240963719),21.84625
matmul_1536x1024x4096,main,jit_validation_matrix_multiply(9077697880240963719),21.771172
matmul_1536x1024x4096,main,jit_validation_matrix_multiply(9077697880240963719),21.829922
matmul_1536x1024x4096,main,jit_validation_matrix_multiply(9077697880240963719),21.90625
matmul_1536x1024x4096,main,jit_validation_matrix_multiply(9077697880240963719),21.981406
matmul_1536x1024x4096,main,jit_validation_matrix_multiply(9077697880240963719),22.046172
matmul_1536x1024x4096,main,jit_validation_matrix_multiply(9077697880240963719),21.99875
matmul_1536x1024x4096,main,jit_validation_matrix_multiply(9077697880240963719),21.84
matmul_1536x1024x4096,sub,copy-start,0.012344
matmul_1536x1024x4096,sub,copy-done,9.175078
matmul_1536x1024x4096,sub,fusion,21.884922
matmul_1536x1024x4096,sub,copy-start,0.0125
matmul_1536x1024x4096,sub,copy-done,0.0025
matmul_1536x1024x4096,sub,fusion,21.854844
matmul_1536x1024x4096,sub,copy-start,0.012344
matmul_1536x1024x4096,sub,copy-done,0.0025
matmul_1536x1024x4096,sub,fusion,21.826172
matmul_1536x1024x4096,sub,copy-start,0.0125
matmul_1536x1024x4096,sub,copy-done,0.003672
matmul_1536x1024x4096,sub,fusion,21.75
matmul_1536x1024x4096,sub,copy-start,0.0125
matmul_1536x1024x4096,sub,copy-done,0.0025
matmul_1536x1024x4096,sub,fusion,21.808906
matmul_1536x1024x4096,sub,copy-start,0.011406
matmul_1536x1024x4096,sub,copy-done,0.002578
matmul_1536x1024x4096,sub,fusion,21.885078
matmul_1536x1024x4096,sub,copy-start,0.011328
matmul_1536x1024x4096,sub,copy-done,0.002656
matmul_1536x1024x4096,sub,fusion,21.961328
matmul_1536x1024x4096,sub,copy-start,0.0125
matmul_1536x1024x4096,sub,copy-done,0.0025
matmul_1536x1024x4096,sub,fusion,22.025078
matmul_1536x1024x4096,sub,copy-start,0.011328
matmul_1536x1024x4096,sub,copy-done,0.0025
matmul_1536x1024x4096,sub,fusion,21.977578
matmul_1536x1024x4096,sub,copy-start,0.011328
matmul_1536x1024x4096,sub,copy-done,0.003594
matmul_1536x1024x4096,sub,fusion,21.818828
matmul_1536x1536x1024,main,jit_validation_matrix_multiply(14923789764645730613),14.166328
matmul_1536x1536x1024,main,jit_validation_matrix_multiply(14923789764645730613),11.469844
matmul_1536x1536x1024,main,jit_validation_matrix_multiply(14923789764645730613),11.306172
matmul_1536x1536x1024,main,jit_validation_matrix_multiply(14923789764645730613),11.33125
matmul_1536x1536x1024,main,jit_validation_matrix_multiply(14923789764645730613),11.152422
matmul_1536x1536x1024,main,jit_validation_matrix_multiply(14923789764645730613),11.262578
matmul_1536x1536x1024,main,jit_validation_matrix_multiply(14923789764645730613),11.237656
matmul_1536x1536x1024,main,jit_validation_matrix_multiply(14923789764645730613),11.449844
matmul_1536x1536x1024,main,jit_validation_matrix_multiply(14923789764645730613),11.347578
matmul_1536x1536x1024,main,jit_validation_matrix_multiply(14923789764645730613),11.508672
matmul_1536x1536x1024,sub,copy-start,0.0125
matmul_1536x1536x1024,sub,copy-done,2.755078
matmul_1536x1536x1024,sub,fusion,11.394844
matmul_1536x1536x1024,sub,copy-start,0.0125
matmul_1536x1536x1024,sub,copy-done,0.0025
matmul_1536x1536x1024,sub,fusion,11.44875
matmul_1536x1536x1024,sub,copy-start,0.012344
matmul_1536x1536x1024,sub,copy-done,0.0025
matmul_1536x1536x1024,sub,fusion,11.285
matmul_1536x1536x1024,sub,copy-start,0.012422
matmul_1536x1536x1024,sub,copy-done,0.003672
matmul_1536x1536x1024,sub,fusion,11.311172
matmul_1536x1536x1024,sub,copy-start,0.0125
matmul_1536x1536x1024,sub,copy-done,0.003672
matmul_1536x1536x1024,sub,fusion,11.13125
matmul_1536x1536x1024,sub,copy-start,0.012422
matmul_1536x1536x1024,sub,copy-done,0.002578
matmul_1536x1536x1024,sub,fusion,11.2425
matmul_1536x1536x1024,sub,copy-start,0.012344
matmul_1536x1536x1024,sub,copy-done,0.0025
matmul_1536x1536x1024,sub,fusion,11.217578
matmul_1536x1536x1024,sub,copy-start,0.011328
matmul_1536x1536x1024,sub,copy-done,0.003672
matmul_1536x1536x1024,sub,fusion,11.42875
matmul_1536x1536x1024,sub,copy-start,0.011328
matmul_1536x1536x1024,sub,copy-done,0.003594
matmul_1536x1536x1024,sub,fusion,11.327422
matmul_1536x1536x1024,sub,copy-start,0.0125
matmul_1536x1536x1024,sub,copy-done,0.0025
matmul_1536x1536x1024,sub,fusion,11.488594
matmul_1536x1536x1536,main,jit_validation_matrix_multiply(5707670237744505944),19.28875
matmul_1536x1536x1536,main,jit_validation_matrix_multiply(5707670237744505944),15.104922
matmul_1536x1536x1536,main,jit_validation_matrix_multiply(5707670237744505944),15.390078
matmul_1536x1536x1536,main,jit_validation_matrix_multiply(5707670237744505944),15.134922
matmul_1536x1536x1536,main,jit_validation_matrix_multiply(5707670237744505944),15.24
matmul_1536x1536x1536,main,jit_validation_matrix_multiply(5707670237744505944),15.371328
matmul_1536x1536x1536,main,jit_validation_matrix_multiply(5707670237744505944),15.161094
matmul_1536x1536x1536,main,jit_validation_matrix_multiply(5707670237744505944),15.269922
matmul_1536x1536x1536,main,jit_validation_matrix_multiply(5707670237744505944),15.207422
matmul_1536x1536x1536,main,jit_validation_matrix_multiply(5707670237744505944),15.333828
matmul_1536x1536x1536,sub,copy-start,0.0125
matmul_1536x1536x1536,sub,copy-done,3.957578
matmul_1536x1536x1536,sub,fusion,15.313594
matmul_1536x1536x1536,sub,copy-start,0.012344
matmul_1536x1536x1536,sub,copy-done,0.003672
matmul_1536x1536x1536,sub,fusion,15.08375
matmul_1536x1536x1536,sub,copy-start,0.011328
matmul_1536x1536x1536,sub,copy-done,0.002656
matmul_1536x1536x1536,sub,fusion,15.37
matmul_1536x1536x1536,sub,copy-start,0.011328
matmul_1536x1536x1536,sub,copy-done,0.003594
matmul_1536x1536x1536,sub,fusion,15.113828
matmul_1536x1536x1536,sub,copy-start,0.0125
matmul_1536x1536x1536,sub,copy-done,0.0025
matmul_1536x1536x1536,sub,fusion,15.218906
matmul_1536x1536x1536,sub,copy-start,0.011328
matmul_1536x1536x1536,sub,copy-done,0.002578
matmul_1536x1536x1536,sub,fusion,15.35125
matmul_1536x1536x1536,sub,copy-start,0.011328
matmul_1536x1536x1536,sub,copy-done,0.002578
matmul_1536x1536x1536,sub,fusion,15.14
matmul_1536x1536x1536,sub,copy-start,0.0125
matmul_1536x1536x1536,sub,copy-done,0.002578
matmul_1536x1536x1536,sub,fusion,15.24875
matmul_1536x1536x1536,sub,copy-start,0.0125
matmul_1536x1536x1536,sub,copy-done,0.0025
matmul_1536x1536x1536,sub,fusion,15.187344
matmul_1536x1536x1536,sub,copy-start,0.012422
matmul_1536x1536x1536,sub,copy-done,0.002578
matmul_1536x1536x1536,sub,fusion,15.31375
matmul_1536x1536x2048,main,jit_validation_matrix_multiply(14509207990351596113),23.7975
matmul_1536x1536x2048,main,jit_validation_matrix_multiply(14509207990351596113),19.050156
matmul_1536x1536x2048,main,jit_validation_matrix_multiply(14509207990351596113),18.988828
matmul_1536x1536x2048,main,jit_validation_matrix_multiply(14509207990351596113),19.154922
matmul_1536x1536x2048,main,jit_validation_matrix_multiply(14509207990351596113),18.951172
matmul_1536x1536x2048,main,jit_validation_matrix_multiply(14509207990351596113),18.982422
matmul_1536x1536x2048,main,jit_validation_matrix_multiply(14509207990351596113),19.42375
matmul_1536x1536x2048,main,jit_validation_matrix_multiply(14509207990351596113),19.012734
matmul_1536x1536x2048,main,jit_validation_matrix_multiply(14509207990351596113),19.132578
matmul_1536x1536x2048,main,jit_validation_matrix_multiply(14509207990351596113),19.077578
matmul_1536x1536x2048,sub,copy-start,0.0125
matmul_1536x1536x2048,sub,copy-done,4.849844
matmul_1536x1536x2048,sub,fusion,18.931172
matmul_1536x1536x2048,sub,copy-start,0.012344
matmul_1536x1536x2048,sub,copy-done,0.0025
matmul_1536x1536x2048,sub,fusion,19.028906
matmul_1536x1536x2048,sub,copy-start,0.0125
matmul_1536x1536x2048,sub,copy-done,0.0025
matmul_1536x1536x2048,sub,fusion,18.96875
matmul_1536x1536x2048,sub,copy-start,0.0125
matmul_1536x1536x2048,sub,copy-done,0.003672
matmul_1536x1536x2048,sub,fusion,19.133828
matmul_1536x1536x2048,sub,copy-start,0.0125
matmul_1536x1536x2048,sub,copy-done,0.002578
matmul_1536x1536x2048,sub,fusion,18.93
matmul_1536x1536x2048,sub,copy-start,0.0125
matmul_1536x1536x2048,sub,copy-done,0.0025
matmul_1536x1536x2048,sub,fusion,18.962344
matmul_1536x1536x2048,sub,copy-start,0.011328
matmul_1536x1536x2048,sub,copy-done,0.0025
matmul_1536x1536x2048,sub,fusion,19.4025
matmul_1536x1536x2048,sub,copy-start,0.011328
matmul_1536x1536x2048,sub,copy-done,0.0025
matmul_1536x1536x2048,sub,fusion,18.992656
matmul_1536x1536x2048,sub,copy-start,0.011328
matmul_1536x1536x2048,sub,copy-done,0.0025
matmul_1536x1536x2048,sub,fusion,19.1125
matmul_1536x1536x2048,sub,copy-start,0.011328
matmul_1536x1536x2048,sub,copy-done,0.002578
matmul_1536x1536x2048,sub,fusion,19.0575
matmul_1536x1536x2560,main,jit_validation_matrix_multiply(1900137813935793156),26.29
matmul_1536x1536x2560,main,jit_validation_matrix_multiply(1900137813935793156),20.02125
matmul_1536x1536x2560,main,jit_validation_matrix_multiply(1900137813935793156),20.100078
matmul_1536x1536x2560,main,jit_validation_matrix_multiply(1900137813935793156),20.215
matmul_1536x1536x2560,main,jit_validation_matrix_multiply(1900137813935793156),20.278828
matmul_1536x1536x2560,main,jit_validation_matrix_multiply(1900137813935793156),20.045
matmul_1536x1536x2560,main,jit_validation_matrix_multiply(1900137813935793156),20.291328
matmul_1536x1536x2560,main,jit_validation_matrix_multiply(1900137813935793156),20.293828
matmul_1536x1536x2560,main,jit_validation_matrix_multiply(1900137813935793156),20.129922
matmul_1536x1536x2560,main,jit_validation_matrix_multiply(1900137813935793156),20.053906
matmul_1536x1536x2560,sub,copy-start,0.011328
matmul_1536x1536x2560,sub,copy-done,5.915078
matmul_1536x1536x2560,sub,fusion,20.3575
matmul_1536x1536x2560,sub,copy-start,0.012422
matmul_1536x1536x2560,sub,copy-done,0.0025
matmul_1536x1536x2560,sub,fusion,20.001172
matmul_1536x1536x2560,sub,copy-start,0.0125
matmul_1536x1536x2560,sub,copy-done,0.0025
matmul_1536x1536x2560,sub,fusion,20.08
matmul_1536x1536x2560,sub,copy-start,0.011328
matmul_1536x1536x2560,sub,copy-done,0.002578
matmul_1536x1536x2560,sub,fusion,20.193906
matmul_1536x1536x2560,sub,copy-start,0.011328
matmul_1536x1536x2560,sub,copy-done,0.002578
matmul_1536x1536x2560,sub,fusion,20.25875
matmul_1536x1536x2560,sub,copy-start,0.011328
matmul_1536x1536x2560,sub,copy-done,0.0025
matmul_1536x1536x2560,sub,fusion,20.023828
matmul_1536x1536x2560,sub,copy-start,0.0125
matmul_1536x1536x2560,sub,copy-done,0.0025
matmul_1536x1536x2560,sub,fusion,20.272422
matmul_1536x1536x2560,sub,copy-start,0.0125
matmul_1536x1536x2560,sub,copy-done,0.0025
matmul_1536x1536x2560,sub,fusion,20.27375
matmul_1536x1536x2560,sub,copy-start,0.0125
matmul_1536x1536x2560,sub,copy-done,0.003672
matmul_1536x1536x2560,sub,fusion,20.108828
matmul_1536x1536x2560,sub,copy-start,0.0125
matmul_1536x1536x2560,sub,copy-done,0.003672
matmul_1536x1536x2560,sub,fusion,20.03375
matmul_1536x1536x3072,main,jit_validation_matrix_multiply(11842296133262829072),31.629922
matmul_1536x1536x3072,main,jit_validation_matrix_multiply(11842296133262829072),24.603594
matmul_1536x1536x3072,main,jit_validation_matrix_multiply(11842296133262829072),24.330078
matmul_1536x1536x3072,main,jit_validation_matrix_multiply(11842296133262829072),24.300156
matmul_1536x1536x3072,main,jit_validation_matrix_multiply(11842296133262829072),24.148594
matmul_1536x1536x3072,main,jit_validation_matrix_multiply(11842296133262829072),24.37125
matmul_1536x1536x3072,main,jit_validation_matrix_multiply(11842296133262829072),24.442578
matmul_1536x1536x3072,main,jit_validation_matrix_multiply(11842296133262829072),24.242422
matmul_1536x1536x3072,main,jit_validation_matrix_multiply(11842296133262829072),24.364922
matmul_1536x1536x3072,main,jit_validation_matrix_multiply(11842296133262829072),24.811172
matmul_1536x1536x3072,sub,copy-start,0.011328
matmul_1536x1536x3072,sub,copy-done,7.057422
matmul_1536x1536x3072,sub,fusion,24.554922
matmul_1536x1536x3072,sub,copy-start,0.0125
matmul_1536x1536x3072,sub,copy-done,0.0025
matmul_1536x1536x3072,sub,fusion,24.582422
matmul_1536x1536x3072,sub,copy-start,0.012422
matmul_1536x1536x3072,sub,copy-done,0.003594
matmul_1536x1536x3072,sub,fusion,24.31
matmul_1536x1536x3072,sub,copy-start,0.012422
matmul_1536x1536x3072,sub,copy-done,0.002578
matmul_1536x1536x3072,sub,fusion,24.280078
matmul_1536x1536x3072,sub,copy-start,0.0125
matmul_1536x1536x3072,sub,copy-done,0.002578
matmul_1536x1536x3072,sub,fusion,24.126328
matmul_1536x1536x3072,sub,copy-start,0.0125
matmul_1536x1536x3072,sub,copy-done,0.002578
matmul_1536x1536x3072,sub,fusion,24.350234
matmul_1536x1536x3072,sub,copy-start,0.0125
matmul_1536x1536x3072,sub,copy-done,0.002578
matmul_1536x1536x3072,sub,fusion,24.4225
matmul_1536x1536x3072,sub,copy-start,0.0125
matmul_1536x1536x3072,sub,copy-done,0.003672
matmul_1536x1536x3072,sub,fusion,24.22125
matmul_1536x1536x3072,sub,copy-start,0.0125
matmul_1536x1536x3072,sub,copy-done,0.0025
matmul_1536x1536x3072,sub,fusion,24.343672
matmul_1536x1536x3072,sub,copy-start,0.0125
matmul_1536x1536x3072,sub,copy-done,0.0025
matmul_1536x1536x3072,sub,fusion,24.791094
matmul_1536x1536x3584,main,jit_validation_matrix_multiply(17371369417734578061),33.763672
matmul_1536x1536x3584,main,jit_validation_matrix_multiply(17371369417734578061),25.7825
matmul_1536x1536x3584,main,jit_validation_matrix_multiply(17371369417734578061),25.599844
matmul_1536x1536x3584,main,jit_validation_matrix_multiply(17371369417734578061),25.322344
matmul_1536x1536x3584,main,jit_validation_matrix_multiply(17371369417734578061),25.646328
matmul_1536x1536x3584,main,jit_validation_matrix_multiply(17371369417734578061),25.740078
matmul_1536x1536x3584,main,jit_validation_matrix_multiply(17371369417734578061),25.36125
matmul_1536x1536x3584,main,jit_validation_matrix_multiply(17371369417734578061),25.297422
matmul_1536x1536x3584,main,jit_validation_matrix_multiply(17371369417734578061),25.81875
matmul_1536x1536x3584,main,jit_validation_matrix_multiply(17371369417734578061),25.421328
matmul_1536x1536x3584,sub,copy-start,0.012344
matmul_1536x1536x3584,sub,copy-done,8.104922
matmul_1536x1536x3584,sub,fusion,25.641172
matmul_1536x1536x3584,sub,copy-start,0.011328
matmul_1536x1536x3584,sub,copy-done,0.002578
matmul_1536x1536x3584,sub,fusion,25.761328
matmul_1536x1536x3584,sub,copy-start,0.011328
matmul_1536x1536x3584,sub,copy-done,0.003672
matmul_1536x1536x3584,sub,fusion,25.578672
matmul_1536x1536x3584,sub,copy-start,0.0125
matmul_1536x1536x3584,sub,copy-done,0.0025
matmul_1536x1536x3584,sub,fusion,25.301172
matmul_1536x1536x3584,sub,copy-start,0.011328
matmul_1536x1536x3584,sub,copy-done,0.002656
matmul_1536x1536x3584,sub,fusion,25.62625
matmul_1536x1536x3584,sub,copy-start,0.0125
matmul_1536x1536x3584,sub,copy-done,0.0025
matmul_1536x1536x3584,sub,fusion,25.72
matmul_1536x1536x3584,sub,copy-start,0.011328
matmul_1536x1536x3584,sub,copy-done,0.0025
matmul_1536x1536x3584,sub,fusion,25.340078
matmul_1536x1536x3584,sub,copy-start,0.0125
matmul_1536x1536x3584,sub,copy-done,0.003516
matmul_1536x1536x3584,sub,fusion,25.276328
matmul_1536x1536x3584,sub,copy-start,0.012344
matmul_1536x1536x3584,sub,copy-done,0.0025
matmul_1536x1536x3584,sub,fusion,25.797578
matmul_1536x1536x3584,sub,copy-start,0.011328
matmul_1536x1536x3584,sub,copy-done,0.002656
matmul_1536x1536x3584,sub,fusion,25.40125
matmul_1536x1536x4096,main,jit_validation_matrix_multiply(7350381242000540100),40.131172
matmul_1536x1536x4096,main,jit_validation_matrix_multiply(7350381242000540100),30.74875
matmul_1536x1536x4096,main,jit_validation_matrix_multiply(7350381242000540100),30.65875
matmul_1536x1536x4096,main,jit_validation_matrix_multiply(7350381242000540100),30.712656
matmul_1536x1536x4096,main,jit_validation_matrix_multiply(7350381242000540100),31.039922
matmul_1536x1536x4096,main,jit_validation_matrix_multiply(7350381242000540100),30.829922
matmul_1536x1536x4096,main,jit_validation_matrix_multiply(7350381242000540100),30.907578
matmul_1536x1536x4096,main,jit_validation_matrix_multiply(7350381242000540100),30.823828
matmul_1536x1536x4096,main,jit_validation_matrix_multiply(7350381242000540100),30.800156
matmul_1536x1536x4096,main,jit_validation_matrix_multiply(7350381242000540100),30.91
matmul_1536x1536x4096,sub,copy-start,0.011406
matmul_1536x1536x4096,sub,copy-done,9.203594
matmul_1536x1536x4096,sub,fusion,30.909844
matmul_1536x1536x4096,sub,copy-start,0.012422
matmul_1536x1536x4096,sub,copy-done,0.003672
matmul_1536x1536x4096,sub,fusion,30.7275
matmul_1536x1536x4096,sub,copy-start,0.012422
matmul_1536x1536x4096,sub,copy-done,0.002578
matmul_1536x1536x4096,sub,fusion,30.637578
matmul_1536x1536x4096,sub,copy-start,0.011328
matmul_1536x1536x4096,sub,copy-done,0.002578
matmul_1536x1536x4096,sub,fusion,30.692578
matmul_1536x1536x4096,sub,copy-start,0.012344
matmul_1536x1536x4096,sub,copy-done,0.0025
matmul_1536x1536x4096,sub,fusion,31.017578
matmul_1536x1536x4096,sub,copy-start,0.012344
matmul_1536x1536x4096,sub,copy-done,0.0025
matmul_1536x1536x4096,sub,fusion,30.807578
matmul_1536x1536x4096,sub,copy-start,0.011328
matmul_1536x1536x4096,sub,copy-done,0.003594
matmul_1536x1536x4096,sub,fusion,30.8875
matmul_1536x1536x4096,sub,copy-start,0.0125
matmul_1536x1536x4096,sub,copy-done,0.002578
matmul_1536x1536x4096,sub,fusion,30.80375
matmul_1536x1536x4096,sub,copy-start,0.011328
matmul_1536x1536x4096,sub,copy-done,0.002578
matmul_1536x1536x4096,sub,fusion,30.780078
matmul_1536x1536x4096,sub,copy-start,0.012422
matmul_1536x1536x4096,sub,copy-done,0.002578
matmul_1536x1536x4096,sub,fusion,30.888906
matmul_1536x2048x1024,main,jit_validation_matrix_multiply(1616095592601730286),17.464844
matmul_1536x2048x1024,main,jit_validation_matrix_multiply(1616095592601730286),14.141172
matmul_1536x2048x1024,main,jit_validation_matrix_multiply(1616095592601730286),14.05
matmul_1536x2048x1024,main,jit_validation_matrix_multiply(1616095592601730286),13.96
matmul_1536x2048x1024,main,jit_validation_matrix_multiply(1616095592601730286),14.083672
matmul_1536x2048x1024,main,jit_validation_matrix_multiply(1616095592601730286),14.092422
matmul_1536x2048x1024,main,jit_validation_matrix_multiply(1616095592601730286),13.9975
matmul_1536x2048x1024,main,jit_validation_matrix_multiply(1616095592601730286),14.163906
matmul_1536x2048x1024,main,jit_validation_matrix_multiply(1616095592601730286),14.00625
matmul_1536x2048x1024,main,jit_validation_matrix_multiply(1616095592601730286),13.957578
matmul_1536x2048x1024,sub,copy-start,0.0125
matmul_1536x2048x1024,sub,copy-done,3.4425
matmul_1536x2048x1024,sub,fusion,14.003672
matmul_1536x2048x1024,sub,copy-start,0.012344
matmul_1536x2048x1024,sub,copy-done,0.003672
matmul_1536x2048x1024,sub,fusion,14.12
matmul_1536x2048x1024,sub,copy-start,0.012422
matmul_1536x2048x1024,sub,copy-done,0.003594
matmul_1536x2048x1024,sub,fusion,14.029922
matmul_1536x2048x1024,sub,copy-start,0.012344
matmul_1536x2048x1024,sub,copy-done,0.0025
matmul_1536x2048x1024,sub,fusion,13.939922
matmul_1536x2048x1024,sub,copy-start,0.012422
matmul_1536x2048x1024,sub,copy-done,0.002578
matmul_1536x2048x1024,sub,fusion,14.062344
matmul_1536x2048x1024,sub,copy-start,0.0125
matmul_1536x2048x1024,sub,copy-done,0.002578
matmul_1536x2048x1024,sub,fusion,14.072266
matmul_1536x2048x1024,sub,copy-start,0.011328
matmul_1536x2048x1024,sub,copy-done,0.002578
matmul_1536x2048x1024,sub,fusion,13.97625
matmul_1536x2048x1024,sub,copy-start,0.011328
matmul_1536x2048x1024,sub,copy-done,0.002578
matmul_1536x2048x1024,sub,fusion,14.143828
matmul_1536x2048x1024,sub,copy-start,0.012344
matmul_1536x2048x1024,sub,copy-done,0.0025
matmul_1536x2048x1024,sub,fusion,13.986172
matmul_1536x2048x1024,sub,copy-start,0.0125
matmul_1536x2048x1024,sub,copy-done,0.0025
matmul_1536x2048x1024,sub,fusion,13.9375
matmul_1536x2048x1536,main,jit_validation_matrix_multiply(600937501315171767),23.450156
matmul_1536x2048x1536,main,jit_validation_matrix_multiply(600937501315171767),18.883828
matmul_1536x2048x1536,main,jit_validation_matrix_multiply(600937501315171767),18.658828
matmul_1536x2048x1536,main,jit_validation_matrix_multiply(600937501315171767),18.976406
matmul_1536x2048x1536,main,jit_validation_matrix_multiply(600937501315171767),18.9175
matmul_1536x2048x1536,main,jit_validation_matrix_multiply(600937501315171767),18.861172
matmul_1536x2048x1536,main,jit_validation_matrix_multiply(600937501315171767),18.588828
matmul_1536x2048x1536,main,jit_validation_matrix_multiply(600937501315171767),18.945
matmul_1536x2048x1536,main,jit_validation_matrix_multiply(600937501315171767),18.687578
matmul_1536x2048x1536,main,jit_validation_matrix_multiply(600937501315171767),18.820234
matmul_1536x2048x1536,sub,copy-start,0.011406
matmul_1536x2048x1536,sub,copy-done,4.816328
matmul_1536x2048x1536,sub,fusion,18.61625
matmul_1536x2048x1536,sub,copy-start,0.012344
matmul_1536x2048x1536,sub,copy-done,0.003672
matmul_1536x2048x1536,sub,fusion,18.86375
matmul_1536x2048x1536,sub,copy-start,0.011328
matmul_1536x2048x1536,sub,copy-done,0.0025
matmul_1536x2048x1536,sub,fusion,18.63875
matmul_1536x2048x1536,sub,copy-start,0.0125
matmul_1536x2048x1536,sub,copy-done,0.0025
matmul_1536x2048x1536,sub,fusion,18.956328
matmul_1536x2048x1536,sub,copy-start,0.0125
matmul_1536x2048x1536,sub,copy-done,0.003672
matmul_1536x2048x1536,sub,fusion,18.897422
matmul_1536x2048x1536,sub,copy-start,0.011406
matmul_1536x2048x1536,sub,copy-done,0.0025
matmul_1536x2048x1536,sub,fusion,18.838828
matmul_1536x2048x1536,sub,copy-start,0.0125
matmul_1536x2048x1536,sub,copy-done,0.003672
matmul_1536x2048x1536,sub,fusion,18.568672
matmul_1536x2048x1536,sub,copy-start,0.011328
matmul_1536x2048x1536,sub,copy-done,0.0025
matmul_1536x2048x1536,sub,fusion,18.92375
matmul_1536x2048x1536,sub,copy-start,0.011328
matmul_1536x2048x1536,sub,copy-done,0.002578
matmul_1536x2048x1536,sub,fusion,18.6675
matmul_1536x2048x1536,sub,copy-start,0.012422
matmul_1536x2048x1536,sub,copy-done,0.002578
matmul_1536x2048x1536,sub,fusion,18.800156
matmul_1536x2048x2048,main,jit_validation_matrix_multiply(1072889749975258399),29.813672
matmul_1536x2048x2048,main,jit_validation_matrix_multiply(1072889749975258399),23.23625
matmul_1536x2048x2048,main,jit_validation_matrix_multiply(1072889749975258399),23.511328
matmul_1536x2048x2048,main,jit_validation_matrix_multiply(1072889749975258399),23.326328
matmul_1536x2048x2048,main,jit_validation_matrix_multiply(1072889749975258399),23.408828
matmul_1536x2048x2048,main,jit_validation_matrix_multiply(1072889749975258399),23.42375
matmul_1536x2048x2048,main,jit_validation_matrix_multiply(1072889749975258399),23.592422
matmul_1536x2048x2048,main,jit_validation_matrix_multiply(1072889749975258399),23.477422
matmul_1536x2048x2048,main,jit_validation_matrix_multiply(1072889749975258399),23.45625
matmul_1536x2048x2048,main,jit_validation_matrix_multiply(1072889749975258399),23.287578
matmul_1536x2048x2048,sub,copy-start,0.0125
matmul_1536x2048x2048,sub,copy-done,6.406094
matmul_1536x2048x2048,sub,fusion,23.391172
matmul_1536x2048x2048,sub,copy-start,0.0125
matmul_1536x2048x2048,sub,copy-done,0.002578
matmul_1536x2048x2048,sub,fusion,23.215156
matmul_1536x2048x2048,sub,copy-start,0.0125
matmul_1536x2048x2048,sub,copy-done,0.003594
matmul_1536x2048x2048,sub,fusion,23.491172
matmul_1536x2048x2048,sub,copy-start,0.011328
matmul_1536x2048x2048,sub,copy-done,0.002656
matmul_1536x2048x2048,sub,fusion,23.30625
matmul_1536x2048x2048,sub,copy-start,0.012422
matmul_1536x2048x2048,sub,copy-done,0.002578
matmul_1536x2048x2048,sub,fusion,23.38875
matmul_1536x2048x2048,sub,copy-start,0.012344
matmul_1536x2048x2048,sub,copy-done,0.003672
matmul_1536x2048x2048,sub,fusion,23.403672
matmul_1536x2048x2048,sub,copy-start,0.0125
matmul_1536x2048x2048,sub,copy-done,0.002578
matmul_1536x2048x2048,sub,fusion,23.57125
matmul_1536x2048x2048,sub,copy-start,0.011328
matmul_1536x2048x2048,sub,copy-done,0.002578
matmul_1536x2048x2048,sub,fusion,23.457344
matmul_1536x2048x2048,sub,copy-start,0.0125
matmul_1536x2048x2048,sub,copy-done,0.003672
matmul_1536x2048x2048,sub,fusion,23.434922
matmul_1536x2048x2048,sub,copy-start,0.011328
matmul_1536x2048x2048,sub,copy-done,0.002656
matmul_1536x2048x2048,sub,fusion,23.2675
matmul_1536x2048x2560,main,jit_validation_matrix_multiply(5476252671784673084),32.541172
matmul_1536x2048x2560,main,jit_validation_matrix_multiply(5476252671784673084),24.9825
matmul_1536x2048x2560,main,jit_validation_matrix_multiply(5476252671784673084),24.874922
matmul_1536x2048x2560,main,jit_validation_matrix_multiply(5476252671784673084),24.73125
matmul_1536x2048x2560,main,jit_validation_matrix_multiply(5476252671784673084),24.97125
matmul_1536x2048x2560,main,jit_validation_matrix_multiply(5476252671784673084),24.928672
matmul_1536x2048x2560,main,jit_validation_matrix_multiply(5476252671784673084),24.8625
matmul_1536x2048x2560,main,jit_validation_matrix_multiply(5476252671784673084),24.97125
matmul_1536x2048x2560,main,jit_validation_matrix_multiply(5476252671784673084),24.835
matmul_1536x2048x2560,main,jit_validation_matrix_multiply(5476252671784673084),24.78625
matmul_1536x2048x2560,sub,copy-start,0.012344
matmul_1536x2048x2560,sub,copy-done,7.790078
matmul_1536x2048x2560,sub,fusion,24.731406
matmul_1536x2048x2560,sub,copy-start,0.011328
matmul_1536x2048x2560,sub,copy-done,0.002578
matmul_1536x2048x2560,sub,fusion,24.962422
matmul_1536x2048x2560,sub,copy-start,0.0125
matmul_1536x2048x2560,sub,copy-done,0.0025
matmul_1536x2048x2560,sub,fusion,24.853828
matmul_1536x2048x2560,sub,copy-start,0.011406
matmul_1536x2048x2560,sub,copy-done,0.002578
matmul_1536x2048x2560,sub,fusion,24.710078
matmul_1536x2048x2560,sub,copy-start,0.011328
matmul_1536x2048x2560,sub,copy-done,0.002578
matmul_1536x2048x2560,sub,fusion,24.950156
matmul_1536x2048x2560,sub,copy-start,0.011328
matmul_1536x2048x2560,sub,copy-done,0.002578
matmul_1536x2048x2560,sub,fusion,24.908594
matmul_1536x2048x2560,sub,copy-start,0.011328
matmul_1536x2048x2560,sub,copy-done,0.002578
matmul_1536x2048x2560,sub,fusion,24.842422
matmul_1536x2048x2560,sub,copy-start,0.0125
matmul_1536x2048x2560,sub,copy-done,0.0025
matmul_1536x2048x2560,sub,fusion,24.951172
matmul_1536x2048x2560,sub,copy-start,0.012422
matmul_1536x2048x2560,sub,copy-done,0.002578
matmul_1536x2048x2560,sub,fusion,24.81375
matmul_1536x2048x2560,sub,copy-start,0.012344
matmul_1536x2048x2560,sub,copy-done,0.0025
matmul_1536x2048x2560,sub,fusion,24.765
matmul_1536x2048x3072,main,jit_validation_matrix_multiply(13824160565292948879),43.0075
matmul_1536x2048x3072,main,jit_validation_matrix_multiply(13824160565292948879),33.787344
matmul_1536x2048x3072,main,jit_validation_matrix_multiply(13824160565292948879),33.942578
matmul_1536x2048x3072,main,jit_validation_matrix_multiply(13824160565292948879),34.1175
matmul_1536x2048x3072,main,jit_validation_matrix_multiply(13824160565292948879),33.913906
matmul_1536x2048x3072,main,jit_validation_matrix_multiply(13824160565292948879),33.3975
matmul_1536x2048x3072,main,jit_validation_matrix_multiply(13824160565292948879),33.727422
matmul_1536x2048x3072,main,jit_validation_matrix_multiply(13824160565292948879),33.802344
matmul_1536x2048x3072,main,jit_validation_matrix_multiply(13824160565292948879),33.79875
matmul_1536x2048x3072,main,jit_validation_matrix_multiply(13824160565292948879),33.967656
matmul_1536x2048x3072,sub,copy-start,0.0125
matmul_1536x2048x3072,sub,copy-done,9.26625
matmul_1536x2048x3072,sub,fusion,33.722578
matmul_1536x2048x3072,sub,copy-start,0.011328
matmul_1536x2048x3072,sub,copy-done,0.002578
matmul_1536x2048x3072,sub,fusion,33.76625
matmul_1536x2048x3072,sub,copy-start,0.0125
matmul_1536x2048x3072,sub,copy-done,0.003672
matmul_1536x2048x3072,sub,fusion,33.9225
matmul_1536x2048x3072,sub,copy-start,0.0125
matmul_1536x2048x3072,sub,copy-done,0.0025
matmul_1536x2048x3072,sub,fusion,34.096328
matmul_1536x2048x3072,sub,copy-start,0.011328
matmul_1536x2048x3072,sub,copy-done,0.0025
matmul_1536x2048x3072,sub,fusion,33.893828
matmul_1536x2048x3072,sub,copy-start,0.0125
matmul_1536x2048x3072,sub,copy-done,0.0025
matmul_1536x2048x3072,sub,fusion,33.377422
matmul_1536x2048x3072,sub,copy-start,0.0125
matmul_1536x2048x3072,sub,copy-done,0.003672
matmul_1536x2048x3072,sub,fusion,33.70625
matmul_1536x2048x3072,sub,copy-start,0.0125
matmul_1536x2048x3072,sub,copy-done,0.0025
matmul_1536x2048x3072,sub,fusion,33.781172
matmul_1536x2048x3072,sub,copy-start,0.011328
matmul_1536x2048x3072,sub,copy-done,0.002578
matmul_1536x2048x3072,sub,fusion,33.777578
matmul_1536x2048x3072,sub,copy-start,0.0125
matmul_1536x2048x3072,sub,copy-done,0.0025
matmul_1536x2048x3072,sub,fusion,33.947578
matmul_1536x2048x3584,main,jit_validation_matrix_multiply(655262988680255124),44.959922
matmul_1536x2048x3584,main,jit_validation_matrix_multiply(655262988680255124),34.691328
matmul_1536x2048x3584,main,jit_validation_matrix_multiply(655262988680255124),34.491094
matmul_1536x2048x3584,main,jit_validation_matrix_multiply(655262988680255124),35.238828
matmul_1536x2048x3584,main,jit_validation_matrix_multiply(655262988680255124),34.7
matmul_1536x2048x3584,main,jit_validation_matrix_multiply(655262988680255124),34.853594
matmul_1536x2048x3584,main,jit_validation_matrix_multiply(655262988680255124),34.62125
matmul_1536x2048x3584,main,jit_validation_matrix_multiply(655262988680255124),34.623594
matmul_1536x2048x3584,main,jit_validation_matrix_multiply(655262988680255124),34.979922
matmul_1536x2048x3584,main,jit_validation_matrix_multiply(655262988680255124),34.617422
matmul_1536x2048x3584,sub,copy-start,0.0125
matmul_1536x2048x3584,sub,copy-done,10.536172
matmul_1536x2048x3584,sub,fusion,34.405078
matmul_1536x2048x3584,sub,copy-start,0.0125
matmul_1536x2048x3584,sub,copy-done,0.0025
matmul_1536x2048x3584,sub,fusion,34.67125
matmul_1536x2048x3584,sub,copy-start,0.0125
matmul_1536x2048x3584,sub,copy-done,0.002578
matmul_1536x2048x3584,sub,fusion,34.469844
matmul_1536x2048x3584,sub,copy-start,0.012344
matmul_1536x2048x3584,sub,copy-done,0.003672
matmul_1536x2048x3584,sub,fusion,35.21875
matmul_1536x2048x3584,sub,copy-start,0.012422
matmul_1536x2048x3584,sub,copy-done,0.0025
matmul_1536x2048x3584,sub,fusion,34.679922
matmul_1536x2048x3584,sub,copy-start,0.0125
matmul_1536x2048x3584,sub,copy-done,0.0025
matmul_1536x2048x3584,sub,fusion,34.832422
matmul_1536x2048x3584,sub,copy-start,0.011406
matmul_1536x2048x3584,sub,copy-done,0.002578
matmul_1536x2048x3584,sub,fusion,34.600156
matmul_1536x2048x3584,sub,copy-start,0.011406
matmul_1536x2048x3584,sub,copy-done,0.002656
matmul_1536x2048x3584,sub,fusion,34.601406
matmul_1536x2048x3584,sub,copy-start,0.0125
matmul_1536x2048x3584,sub,copy-done,0.003672
matmul_1536x2048x3584,sub,fusion,34.958594
matmul_1536x2048x3584,sub,copy-start,0.0125
matmul_1536x2048x3584,sub,copy-done,0.002578
matmul_1536x2048x3584,sub,fusion,34.59625
matmul_1536x2048x4096,main,jit_validation_matrix_multiply(12837208800273182634),50.531328
matmul_1536x2048x4096,main,jit_validation_matrix_multiply(12837208800273182634),38.342422
matmul_1536x2048x4096,main,jit_validation_matrix_multiply(12837208800273182634),38.405
matmul_1536x2048x4096,main,jit_validation_matrix_multiply(12837208800273182634),38.16625
matmul_1536x2048x4096,main,jit_validation_matrix_multiply(12837208800273182634),38.184844
matmul_1536x2048x4096,main,jit_validation_matrix_multiply(12837208800273182634),38.504922
matmul_1536x2048x4096,main,jit_validation_matrix_multiply(12837208800273182634),38.659922
matmul_1536x2048x4096,main,jit_validation_matrix_multiply(12837208800273182634),38.2125
matmul_1536x2048x4096,main,jit_validation_matrix_multiply(12837208800273182634),38.357422
matmul_1536x2048x4096,main,jit_validation_matrix_multiply(12837208800273182634),38.441172
matmul_1536x2048x4096,sub,copy-start,0.012422
matmul_1536x2048x4096,sub,copy-done,12.335
matmul_1536x2048x4096,sub,fusion,38.17875
matmul_1536x2048x4096,sub,copy-start,0.012344
matmul_1536x2048x4096,sub,copy-done,0.00375
matmul_1536x2048x4096,sub,fusion,38.320156
matmul_1536x2048x4096,sub,copy-start,0.011328
matmul_1536x2048x4096,sub,copy-done,0.00375
matmul_1536x2048x4096,sub,fusion,38.383906
matmul_1536x2048x4096,sub,copy-start,0.012422
matmul_1536x2048x4096,sub,copy-done,0.00375
matmul_1536x2048x4096,sub,fusion,38.14375
matmul_1536x2048x4096,sub,copy-start,0.011328
matmul_1536x2048x4096,sub,copy-done,0.00375
matmul_1536x2048x4096,sub,fusion,38.1625
matmul_1536x2048x4096,sub,copy-start,0.012344
matmul_1536x2048x4096,sub,copy-done,0.002578
matmul_1536x2048x4096,sub,fusion,38.483828
matmul_1536x2048x4096,sub,copy-start,0.012344
matmul_1536x2048x4096,sub,copy-done,0.00375
matmul_1536x2048x4096,sub,fusion,38.637734
matmul_1536x2048x4096,sub,copy-start,0.012422
matmul_1536x2048x4096,sub,copy-done,0.00375
matmul_1536x2048x4096,sub,fusion,38.191328
matmul_1536x2048x4096,sub,copy-start,0.0125
matmul_1536x2048x4096,sub,copy-done,0.002578
matmul_1536x2048x4096,sub,fusion,38.336094
matmul_1536x2048x4096,sub,copy-start,0.012422
matmul_1536x2048x4096,sub,copy-done,0.002656
matmul_1536x2048x4096,sub,fusion,38.419922
matmul_1536x2560x1024,main,jit_validation_matrix_multiply(17925795065378492280),20.702578
matmul_1536x2560x1024,main,jit_validation_matrix_multiply(17925795065378492280),16.606406
matmul_1536x2560x1024,main,jit_validation_matrix_multiply(17925795065378492280),16.443594
matmul_1536x2560x1024,main,jit_validation_matrix_multiply(17925795065378492280),16.5475
matmul_1536x2560x1024,main,jit_validation_matrix_multiply(17925795065378492280),16.337578
matmul_1536x2560x1024,main,jit_validation_matrix_multiply(17925795065378492280),16.573828
matmul_1536x2560x1024,main,jit_validation_matrix_multiply(17925795065378492280),16.64
matmul_1536x2560x1024,main,jit_validation_matrix_multiply(17925795065378492280),16.629922
matmul_1536x2560x1024,main,jit_validation_matrix_multiply(17925795065378492280),16.671406
matmul_1536x2560x1024,main,jit_validation_matrix_multiply(17925795065378492280),16.52625
matmul_1536x2560x1024,sub,copy-start,0.011328
matmul_1536x2560x1024,sub,copy-done,4.175078
matmul_1536x2560x1024,sub,fusion,16.51
matmul_1536x2560x1024,sub,copy-start,0.0125
matmul_1536x2560x1024,sub,copy-done,0.002578
matmul_1536x2560x1024,sub,fusion,16.58625
matmul_1536x2560x1024,sub,copy-start,0.011328
matmul_1536x2560x1024,sub,copy-done,0.002578
matmul_1536x2560x1024,sub,fusion,16.422344
matmul_1536x2560x1024,sub,copy-start,0.0125
matmul_1536x2560x1024,sub,copy-done,0.002578
matmul_1536x2560x1024,sub,fusion,16.526406
matmul_1536x2560x1024,sub,copy-start,0.012422
matmul_1536x2560x1024,sub,copy-done,0.002656
matmul_1536x2560x1024,sub,fusion,16.3175
matmul_1536x2560x1024,sub,copy-start,0.011328
matmul_1536x2560x1024,sub,copy-done,0.003672
matmul_1536x2560x1024,sub,fusion,16.55375
matmul_1536x2560x1024,sub,copy-start,0.011328
matmul_1536x2560x1024,sub,copy-done,0.0025
matmul_1536x2560x1024,sub,fusion,16.618906
matmul_1536x2560x1024,sub,copy-start,0.012344
matmul_1536x2560x1024,sub,copy-done,0.0025
matmul_1536x2560x1024,sub,fusion,16.60875
matmul_1536x2560x1024,sub,copy-start,0.012422
matmul_1536x2560x1024,sub,copy-done,0.002578
matmul_1536x2560x1024,sub,fusion,16.650156
matmul_1536x2560x1024,sub,copy-start,0.011328
matmul_1536x2560x1024,sub,copy-done,0.003594
matmul_1536x2560x1024,sub,fusion,16.505078
matmul_1536x2560x1536,main,jit_validation_matrix_multiply(5324499018281284433),27.88875
matmul_1536x2560x1536,main,jit_validation_matrix_multiply(5324499018281284433),22.205
matmul_1536x2560x1536,main,jit_validation_matrix_multiply(5324499018281284433),21.833906
matmul_1536x2560x1536,main,jit_validation_matrix_multiply(5324499018281284433),22.221328
matmul_1536x2560x1536,main,jit_validation_matrix_multiply(5324499018281284433),21.96125
matmul_1536x2560x1536,main,jit_validation_matrix_multiply(5324499018281284433),22.217578
matmul_1536x2560x1536,main,jit_validation_matrix_multiply(5324499018281284433),22.06875
matmul_1536x2560x1536,main,jit_validation_matrix_multiply(5324499018281284433),22.077578
matmul_1536x2560x1536,main,jit_validation_matrix_multiply(5324499018281284433),22.104922
matmul_1536x2560x1536,main,jit_validation_matrix_multiply(5324499018281284433),22.029844
matmul_1536x2560x1536,sub,copy-start,0.0125
matmul_1536x2560x1536,sub,copy-done,5.945078
matmul_1536x2560x1536,sub,fusion,21.926094
matmul_1536x2560x1536,sub,copy-start,0.011328
matmul_1536x2560x1536,sub,copy-done,0.003594
matmul_1536x2560x1536,sub,fusion,22.184922
matmul_1536x2560x1536,sub,copy-start,0.012422
matmul_1536x2560x1536,sub,copy-done,0.003672
matmul_1536x2560x1536,sub,fusion,21.813828
matmul_1536x2560x1536,sub,copy-start,0.012422
matmul_1536x2560x1536,sub,copy-done,0.003672
matmul_1536x2560x1536,sub,fusion,22.201172
matmul_1536x2560x1536,sub,copy-start,0.011328
matmul_1536x2560x1536,sub,copy-done,0.0025
matmul_1536x2560x1536,sub,fusion,21.94
matmul_1536x2560x1536,sub,copy-start,0.012422
matmul_1536x2560x1536,sub,copy-done,0.003672
matmul_1536x2560x1536,sub,fusion,22.197422
matmul_1536x2560x1536,sub,copy-start,0.0125
matmul_1536x2560x1536,sub,copy-done,0.003672
matmul_1536x2560x1536,sub,fusion,22.048672
matmul_1536x2560x1536,sub,copy-start,0.0125
matmul_1536x2560x1536,sub,copy-done,0.002578
matmul_1536x2560x1536,sub,fusion,22.0575
matmul_1536x2560x1536,sub,copy-start,0.0125
matmul_1536x2560x1536,sub,copy-done,0.002578
matmul_1536x2560x1536,sub,fusion,22.084844
matmul_1536x2560x1536,sub,copy-start,0.0125
matmul_1536x2560x1536,sub,copy-done,0.0025
matmul_1536x2560x1536,sub,fusion,22.00875
matmul_1536x2560x2048,main,jit_validation_matrix_multiply(11883523905816061417),35.7375
matmul_1536x2560x2048,main,jit_validation_matrix_multiply(11883523905816061417),27.5625
matmul_1536x2560x2048,main,jit_validation_matrix_multiply(11883523905816061417),27.654922
matmul_1536x2560x2048,main,jit_validation_matrix_multiply(11883523905816061417),27.96
matmul_1536x2560x2048,main,jit_validation_matrix_multiply(11883523905816061417),27.522422
matmul_1536x2560x2048,main,jit_validation_matrix_multiply(11883523905816061417),28.072656
matmul_1536x2560x2048,main,jit_validation_matrix_multiply(11883523905816061417),27.727578
matmul_1536x2560x2048,main,jit_validation_matrix_multiply(11883523905816061417),27.797422
matmul_1536x2560x2048,main,jit_validation_matrix_multiply(11883523905816061417),27.760078
matmul_1536x2560x2048,main,jit_validation_matrix_multiply(11883523905816061417),27.856172
matmul_1536x2560x2048,sub,copy-start,0.012344
matmul_1536x2560x2048,sub,copy-done,7.892734
matmul_1536x2560x2048,sub,fusion,27.82625
matmul_1536x2560x2048,sub,copy-start,0.012422
matmul_1536x2560x2048,sub,copy-done,0.003672
matmul_1536x2560x2048,sub,fusion,27.541328
matmul_1536x2560x2048,sub,copy-start,0.0125
matmul_1536x2560x2048,sub,copy-done,0.0025
matmul_1536x2560x2048,sub,fusion,27.634844
matmul_1536x2560x2048,sub,copy-start,0.011328
matmul_1536x2560x2048,sub,copy-done,0.003594
matmul_1536x2560x2048,sub,fusion,27.938828
matmul_1536x2560x2048,sub,copy-start,0.0125
matmul_1536x2560x2048,sub,copy-done,0.0025
matmul_1536x2560x2048,sub,fusion,27.502344
matmul_1536x2560x2048,sub,copy-start,0.011328
matmul_1536x2560x2048,sub,copy-done,0.002656
matmul_1536x2560x2048,sub,fusion,28.052578
matmul_1536x2560x2048,sub,copy-start,0.0125
matmul_1536x2560x2048,sub,copy-done,0.0025
matmul_1536x2560x2048,sub,fusion,27.7075
matmul_1536x2560x2048,sub,copy-start,0.0125
matmul_1536x2560x2048,sub,copy-done,0.003594
matmul_1536x2560x2048,sub,fusion,27.776406
matmul_1536x2560x2048,sub,copy-start,0.011328
matmul_1536x2560x2048,sub,copy-done,0.003594
matmul_1536x2560x2048,sub,fusion,27.739922
matmul_1536x2560x2048,sub,copy-start,0.0125
matmul_1536x2560x2048,sub,copy-done,0.002578
matmul_1536x2560x2048,sub,fusion,27.835
matmul_1536x2560x2560,main,jit_validation_matrix_multiply(14008100744795757449),41.1575
matmul_1536x2560x2560,main,jit_validation_matrix_multiply(14008100744795757449),31.453594
matmul_1536x2560x2560,main,jit_validation_matrix_multiply(14008100744795757449),31.412578
matmul_1536x2560x2560,main,jit_validation_matrix_multiply(14008100744795757449),31.342422
matmul_1536x2560x2560,main,jit_validation_matrix_multiply(14008100744795757449),31.602578
matmul_1536x2560x2560,main,jit_validation_matrix_multiply(14008100744795757449),31.228594
matmul_1536x2560x2560,main,jit_validation_matrix_multiply(14008100744795757449),31.37875
matmul_1536x2560x2560,main,jit_validation_matrix_multiply(14008100744795757449),31.292344
matmul_1536x2560x2560,main,jit_validation_matrix_multiply(14008100744795757449),31.374922
matmul_1536x2560x2560,main,jit_validation_matrix_multiply(14008100744795757449),31.7375
matmul_1536x2560x2560,sub,copy-start,0.011328
matmul_1536x2560x2560,sub,copy-done,9.483906
matmul_1536x2560x2560,sub,fusion,31.655078
matmul_1536x2560x2560,sub,copy-start,0.0125
matmul_1536x2560x2560,sub,copy-done,0.0025
matmul_1536x2560x2560,sub,fusion,31.432422
matmul_1536x2560x2560,sub,copy-start,0.012344
matmul_1536x2560x2560,sub,copy-done,0.0025
matmul_1536x2560x2560,sub,fusion,31.3925
matmul_1536x2560x2560,sub,copy-start,0.0125
matmul_1536x2560x2560,sub,copy-done,0.002578
matmul_1536x2560x2560,sub,fusion,31.321172
matmul_1536x2560x2560,sub,copy-start,0.0125
matmul_1536x2560x2560,sub,copy-done,0.0025
matmul_1536x2560x2560,sub,fusion,31.5825
matmul_1536x2560x2560,sub,copy-start,0.011328
matmul_1536x2560x2560,sub,copy-done,0.002578
matmul_1536x2560x2560,sub,fusion,31.207422
matmul_1536x2560x2560,sub,copy-start,0.0125
matmul_1536x2560x2560,sub,copy-done,0.0025
matmul_1536x2560x2560,sub,fusion,31.357578
matmul_1536x2560x2560,sub,copy-start,0.0125
matmul_1536x2560x2560,sub,copy-done,0.0025
matmul_1536x2560x2560,sub,fusion,31.271328
matmul_1536x2560x2560,sub,copy-start,0.012422
matmul_1536x2560x2560,sub,copy-done,0.003672
matmul_1536x2560x2560,sub,fusion,31.353828
matmul_1536x2560x2560,sub,copy-start,0.011406
matmul_1536x2560x2560,sub,copy-done,0.0025
matmul_1536x2560x2560,sub,fusion,31.71625
matmul_1536x2560x3072,main,jit_validation_matrix_multiply(1907262553242882628),46.952344
matmul_1536x2560x3072,main,jit_validation_matrix_multiply(1907262553242882628),35.761172
matmul_1536x2560x3072,main,jit_validation_matrix_multiply(1907262553242882628),35.861406
matmul_1536x2560x3072,main,jit_validation_matrix_multiply(1907262553242882628),35.77125
matmul_1536x2560x3072,main,jit_validation_matrix_multiply(1907262553242882628),36.0225
matmul_1536x2560x3072,main,jit_validation_matrix_multiply(1907262553242882628),35.561094
matmul_1536x2560x3072,main,jit_validation_matrix_multiply(1907262553242882628),35.867578
matmul_1536x2560x3072,main,jit_validation_matrix_multiply(1907262553242882628),35.818672
matmul_1536x2560x3072,main,jit_validation_matrix_multiply(1907262553242882628),35.891328
matmul_1536x2560x3072,main,jit_validation_matrix_multiply(1907262553242882628),35.875078
matmul_1536x2560x3072,sub,copy-start,0.0125
matmul_1536x2560x3072,sub,copy-done,11.353828
matmul_1536x2560x3072,sub,fusion,35.58
matmul_1536x2560x3072,sub,copy-start,0.012422
matmul_1536x2560x3072,sub,copy-done,0.003672
matmul_1536x2560x3072,sub,fusion,35.74
matmul_1536x2560x3072,sub,copy-start,0.011328
matmul_1536x2560x3072,sub,copy-done,0.002656
matmul_1536x2560x3072,sub,fusion,35.841328
matmul_1536x2560x3072,sub,copy-start,0.011406
matmul_1536x2560x3072,sub,copy-done,0.002578
matmul_1536x2560x3072,sub,fusion,35.750078
matmul_1536x2560x3072,sub,copy-start,0.012422
matmul_1536x2560x3072,sub,copy-done,0.003672
matmul_1536x2560x3072,sub,fusion,36.001328
matmul_1536x2560x3072,sub,copy-start,0.011328
matmul_1536x2560x3072,sub,copy-done,0.003672
matmul_1536x2560x3072,sub,fusion,35.539922
matmul_1536x2560x3072,sub,copy-start,0.011328
matmul_1536x2560x3072,sub,copy-done,0.003594
matmul_1536x2560x3072,sub,fusion,35.8475
matmul_1536x2560x3072,sub,copy-start,0.012344
matmul_1536x2560x3072,sub,copy-done,0.0025
matmul_1536x2560x3072,sub,fusion,35.796406
matmul_1536x2560x3072,sub,copy-start,0.0125
matmul_1536x2560x3072,sub,copy-done,0.003672
matmul_1536x2560x3072,sub,fusion,35.87125
matmul_1536x2560x3072,sub,copy-start,0.0125
matmul_1536x2560x3072,sub,copy-done,0.0025
matmul_1536x2560x3072,sub,fusion,35.855
matmul_1536x2560x3584,main,jit_validation_matrix_multiply(16751092286571233479),54.4375
matmul_1536x2560x3584,main,jit_validation_matrix_multiply(16751092286571233479),40.713906
matmul_1536x2560x3584,main,jit_validation_matrix_multiply(16751092286571233479),41.098828
matmul_1536x2560x3584,main,jit_validation_matrix_multiply(16751092286571233479),40.821094
matmul_1536x2560x3584,main,jit_validation_matrix_multiply(16751092286571233479),40.83375
matmul_1536x2560x3584,main,jit_validation_matrix_multiply(16751092286571233479),40.953594
matmul_1536x2560x3584,main,jit_validation_matrix_multiply(16751092286571233479),40.94125
matmul_1536x2560x3584,main,jit_validation_matrix_multiply(16751092286571233479),40.812422
matmul_1536x2560x3584,main,jit_validation_matrix_multiply(16751092286571233479),41.056094
matmul_1536x2560x3584,main,jit_validation_matrix_multiply(16751092286571233479),41.363672
matmul_1536x2560x3584,sub,copy-start,0.011328
matmul_1536x2560x3584,sub,copy-done,13.098906
matmul_1536x2560x3584,sub,fusion,41.320078
matmul_1536x2560x3584,sub,copy-start,0.012344
matmul_1536x2560x3584,sub,copy-done,0.00375
matmul_1536x2560x3584,sub,fusion,40.69375
matmul_1536x2560x3584,sub,copy-start,0.0125
matmul_1536x2560x3584,sub,copy-done,0.00375
matmul_1536x2560x3584,sub,fusion,41.0775
matmul_1536x2560x3584,sub,copy-start,0.0125
matmul_1536x2560x3584,sub,copy-done,0.002656
matmul_1536x2560x3584,sub,fusion,40.798906
matmul_1536x2560x3584,sub,copy-start,0.012422
matmul_1536x2560x3584,sub,copy-done,0.00375
matmul_1536x2560x3584,sub,fusion,40.812422
matmul_1536x2560x3584,sub,copy-start,0.011328
matmul_1536x2560x3584,sub,copy-done,0.00375
matmul_1536x2560x3584,sub,fusion,40.931328
matmul_1536x2560x3584,sub,copy-start,0.012344
matmul_1536x2560x3584,sub,copy-done,0.00375
matmul_1536x2560x3584,sub,fusion,40.92
matmul_1536x2560x3584,sub,copy-start,0.011328
matmul_1536x2560x3584,sub,copy-done,0.003672
matmul_1536x2560x3584,sub,fusion,40.790078
matmul_1536x2560x3584,sub,copy-start,0.011328
matmul_1536x2560x3584,sub,copy-done,0.00375
matmul_1536x2560x3584,sub,fusion,41.033828
matmul_1536x2560x3584,sub,copy-start,0.011328
matmul_1536x2560x3584,sub,copy-done,0.00375
matmul_1536x2560x3584,sub,fusion,41.341406
matmul_1536x2560x4096,main,jit_validation_matrix_multiply(5923398660197805934),61.539922
matmul_1536x2560x4096,main,jit_validation_matrix_multiply(5923398660197805934),46.375
matmul_1536x2560x4096,main,jit_validation_matrix_multiply(5923398660197805934),46.91625
matmul_1536x2560x4096,main,jit_validation_matrix_multiply(5923398660197805934),46.202422
matmul_1536x2560x4096,main,jit_validation_matrix_multiply(5923398660197805934),46.256172
matmul_1536x2560x4096,main,jit_validation_matrix_multiply(5923398660197805934),46.423672
matmul_1536x2560x4096,main,jit_validation_matrix_multiply(5923398660197805934),46.457422
matmul_1536x2560x4096,main,jit_validation_matrix_multiply(5923398660197805934),46.4175
matmul_1536x2560x4096,main,jit_validation_matrix_multiply(5923398660197805934),46.268594
matmul_1536x2560x4096,main,jit_validation_matrix_multiply(5923398660197805934),46.3875
matmul_1536x2560x4096,sub,copy-start,0.0125
matmul_1536x2560x4096,sub,copy-done,15.037422
matmul_1536x2560x4096,sub,fusion,46.48375
matmul_1536x2560x4096,sub,copy-start,0.012344
matmul_1536x2560x4096,sub,copy-done,0.00375
matmul_1536x2560x4096,sub,fusion,46.353906
matmul_1536x2560x4096,sub,copy-start,0.0125
matmul_1536x2560x4096,sub,copy-done,0.003594
matmul_1536x2560x4096,sub,fusion,46.89375
matmul_1536x2560x4096,sub,copy-start,0.0125
matmul_1536x2560x4096,sub,copy-done,0.00375
matmul_1536x2560x4096,sub,fusion,46.181172
matmul_1536x2560x4096,sub,copy-start,0.0125
matmul_1536x2560x4096,sub,copy-done,0.002656
matmul_1536x2560x4096,sub,fusion,46.233828
matmul_1536x2560x4096,sub,copy-start,0.011328
matmul_1536x2560x4096,sub,copy-done,0.003672
matmul_1536x2560x4096,sub,fusion,46.401328
matmul_1536x2560x4096,sub,copy-start,0.012344
matmul_1536x2560x4096,sub,copy-done,0.00375
matmul_1536x2560x4096,sub,fusion,46.435078
matmul_1536x2560x4096,sub,copy-start,0.011328
matmul_1536x2560x4096,sub,copy-done,0.00375
matmul_1536x2560x4096,sub,fusion,46.39625
matmul_1536x2560x4096,sub,copy-start,0.011328
matmul_1536x2560x4096,sub,copy-done,0.002656
matmul_1536x2560x4096,sub,fusion,46.24625
matmul_1536x2560x4096,sub,copy-start,0.011328
matmul_1536x2560x4096,sub,copy-done,0.003594
matmul_1536x2560x4096,sub,fusion,46.365
matmul_1536x3072x1024,main,jit_validation_matrix_multiply(2253793162747605084),23.298906
matmul_1536x3072x1024,main,jit_validation_matrix_multiply(2253793162747605084),18.073672
matmul_1536x3072x1024,main,jit_validation_matrix_multiply(2253793162747605084),18.0975
matmul_1536x3072x1024,main,jit_validation_matrix_multiply(2253793162747605084),18.140156
matmul_1536x3072x1024,main,jit_validation_matrix_multiply(2253793162747605084),18.159844
matmul_1536x3072x1024,main,jit_validation_matrix_multiply(2253793162747605084),18.282656
matmul_1536x3072x1024,main,jit_validation_matrix_multiply(2253793162747605084),18.162578
matmul_1536x3072x1024,main,jit_validation_matrix_multiply(2253793162747605084),18.306172
matmul_1536x3072x1024,main,jit_validation_matrix_multiply(2253793162747605084),18.287656
matmul_1536x3072x1024,main,jit_validation_matrix_multiply(2253793162747605084),18.159922
matmul_1536x3072x1024,sub,copy-start,0.011328
matmul_1536x3072x1024,sub,copy-done,4.994922
matmul_1536x3072x1024,sub,fusion,18.287422
matmul_1536x3072x1024,sub,copy-start,0.012422
matmul_1536x3072x1024,sub,copy-done,0.003672
matmul_1536x3072x1024,sub,fusion,18.052578
matmul_1536x3072x1024,sub,copy-start,0.0125
matmul_1536x3072x1024,sub,copy-done,0.003594
matmul_1536x3072x1024,sub,fusion,18.076328
matmul_1536x3072x1024,sub,copy-start,0.012344
matmul_1536x3072x1024,sub,copy-done,0.0025
matmul_1536x3072x1024,sub,fusion,18.120078
matmul_1536x3072x1024,sub,copy-start,0.011328
matmul_1536x3072x1024,sub,copy-done,0.002578
matmul_1536x3072x1024,sub,fusion,18.138672
matmul_1536x3072x1024,sub,copy-start,0.0125
matmul_1536x3072x1024,sub,copy-done,0.0025
matmul_1536x3072x1024,sub,fusion,18.262578
matmul_1536x3072x1024,sub,copy-start,0.0125
matmul_1536x3072x1024,sub,copy-done,0.003672
matmul_1536x3072x1024,sub,fusion,18.142422
matmul_1536x3072x1024,sub,copy-start,0.0125
matmul_1536x3072x1024,sub,copy-done,0.0025
matmul_1536x3072x1024,sub,fusion,18.286094
matmul_1536x3072x1024,sub,copy-start,0.011406
matmul_1536x3072x1024,sub,copy-done,0.002656
matmul_1536x3072x1024,sub,fusion,18.267578
matmul_1536x3072x1024,sub,copy-start,0.0125
matmul_1536x3072x1024,sub,copy-done,0.0025
matmul_1536x3072x1024,sub,fusion,18.139844
matmul_1536x3072x1536,main,jit_validation_matrix_multiply(16626104525075751596),32.138594
matmul_1536x3072x1536,main,jit_validation_matrix_multiply(16626104525075751596),25.467422
matmul_1536x3072x1536,main,jit_validation_matrix_multiply(16626104525075751596),25.2325
matmul_1536x3072x1536,main,jit_validation_matrix_multiply(16626104525075751596),25.06125
matmul_1536x3072x1536,main,jit_validation_matrix_multiply(16626104525075751596),25.500078
matmul_1536x3072x1536,main,jit_validation_matrix_multiply(16626104525075751596),25.297422
matmul_1536x3072x1536,main,jit_validation_matrix_multiply(16626104525075751596),25.093672
matmul_1536x3072x1536,main,jit_validation_matrix_multiply(16626104525075751596),25.193828
matmul_1536x3072x1536,main,jit_validation_matrix_multiply(16626104525075751596),25.042344
matmul_1536x3072x1536,main,jit_validation_matrix_multiply(16626104525075751596),25.203828
matmul_1536x3072x1536,sub,copy-start,0.0125
matmul_1536x3072x1536,sub,copy-done,7.0525
matmul_1536x3072x1536,sub,fusion,25.066406
matmul_1536x3072x1536,sub,copy-start,0.0125
matmul_1536x3072x1536,sub,copy-done,0.0025
matmul_1536x3072x1536,sub,fusion,25.446328
matmul_1536x3072x1536,sub,copy-start,0.0125
matmul_1536x3072x1536,sub,copy-done,0.0025
matmul_1536x3072x1536,sub,fusion,25.212422
matmul_1536x3072x1536,sub,copy-start,0.012344
matmul_1536x3072x1536,sub,copy-done,0.003672
matmul_1536x3072x1536,sub,fusion,25.041172
matmul_1536x3072x1536,sub,copy-start,0.0125
matmul_1536x3072x1536,sub,copy-done,0.0025
matmul_1536x3072x1536,sub,fusion,25.48
matmul_1536x3072x1536,sub,copy-start,0.0125
matmul_1536x3072x1536,sub,copy-done,0.003672
matmul_1536x3072x1536,sub,fusion,25.277344
matmul_1536x3072x1536,sub,copy-start,0.0125
matmul_1536x3072x1536,sub,copy-done,0.0025
matmul_1536x3072x1536,sub,fusion,25.073594
matmul_1536x3072x1536,sub,copy-start,0.0125
matmul_1536x3072x1536,sub,copy-done,0.003672
matmul_1536x3072x1536,sub,fusion,25.17375
matmul_1536x3072x1536,sub,copy-start,0.011328
matmul_1536x3072x1536,sub,copy-done,0.003672
matmul_1536x3072x1536,sub,fusion,25.021172
matmul_1536x3072x1536,sub,copy-start,0.0125
matmul_1536x3072x1536,sub,copy-done,0.0025
matmul_1536x3072x1536,sub,fusion,25.18375
matmul_1536x3072x2048,main,jit_validation_matrix_multiply(9804229236398701201),40.765
matmul_1536x3072x2048,main,jit_validation_matrix_multiply(9804229236398701201),32.311172
matmul_1536x3072x2048,main,jit_validation_matrix_multiply(9804229236398701201),32.147578
matmul_1536x3072x2048,main,jit_validation_matrix_multiply(9804229236398701201),31.735078
matmul_1536x3072x2048,main,jit_validation_matrix_multiply(9804229236398701201),31.638594
matmul_1536x3072x2048,main,jit_validation_matrix_multiply(9804229236398701201),31.461328
matmul_1536x3072x2048,main,jit_validation_matrix_multiply(9804229236398701201),31.53125
matmul_1536x3072x2048,main,jit_validation_matrix_multiply(9804229236398701201),31.782344
matmul_1536x3072x2048,main,jit_validation_matrix_multiply(9804229236398701201),31.636328
matmul_1536x3072x2048,main,jit_validation_matrix_multiply(9804229236398701201),31.763828
matmul_1536x3072x2048,sub,copy-start,0.012344
matmul_1536x3072x2048,sub,copy-done,9.14875
matmul_1536x3072x2048,sub,fusion,31.598672
matmul_1536x3072x2048,sub,copy-start,0.0125
matmul_1536x3072x2048,sub,copy-done,0.0025
matmul_1536x3072x2048,sub,fusion,32.291094
matmul_1536x3072x2048,sub,copy-start,0.011328
matmul_1536x3072x2048,sub,copy-done,0.0025
matmul_1536x3072x2048,sub,fusion,32.1275
matmul_1536x3072x2048,sub,copy-start,0.0125
matmul_1536x3072x2048,sub,copy-done,0.003672
matmul_1536x3072x2048,sub,fusion,31.714922
matmul_1536x3072x2048,sub,copy-start,0.0125
matmul_1536x3072x2048,sub,copy-done,0.0025
matmul_1536x3072x2048,sub,fusion,31.617578
matmul_1536x3072x2048,sub,copy-start,0.0125
matmul_1536x3072x2048,sub,copy-done,0.0025
matmul_1536x3072x2048,sub,fusion,31.44125
matmul_1536x3072x2048,sub,copy-start,0.0125
matmul_1536x3072x2048,sub,copy-done,0.0025
matmul_1536x3072x2048,sub,fusion,31.51
matmul_1536x3072x2048,sub,copy-start,0.0125
matmul_1536x3072x2048,sub,copy-done,0.0025
matmul_1536x3072x2048,sub,fusion,31.761172
matmul_1536x3072x2048,sub,copy-start,0.0125
matmul_1536x3072x2048,sub,copy-done,0.0025
matmul_1536x3072x2048,sub,fusion,31.61625
matmul_1536x3072x2048,sub,copy-start,0.011328
matmul_1536x3072x2048,sub,copy-done,0.0025
matmul_1536x3072x2048,sub,fusion,31.74375
matmul_1536x3072x2560,main,jit_validation_matrix_multiply(13668555472500383190),47.18625
matmul_1536x3072x2560,main,jit_validation_matrix_multiply(13668555472500383190),36.126094
matmul_1536x3072x2560,main,jit_validation_matrix_multiply(13668555472500383190),35.891406
matmul_1536x3072x2560,main,jit_validation_matrix_multiply(13668555472500383190),36.06125
matmul_1536x3072x2560,main,jit_validation_matrix_multiply(13668555472500383190),36.157422
matmul_1536x3072x2560,main,jit_validation_matrix_multiply(13668555472500383190),36.168594
matmul_1536x3072x2560,main,jit_validation_matrix_multiply(13668555472500383190),35.9425
matmul_1536x3072x2560,main,jit_validation_matrix_multiply(13668555472500383190),36.05375
matmul_1536x3072x2560,main,jit_validation_matrix_multiply(13668555472500383190),36.182422
matmul_1536x3072x2560,main,jit_validation_matrix_multiply(13668555472500383190),36.09625
matmul_1536x3072x2560,sub,copy-start,0.012422
matmul_1536x3072x2560,sub,copy-done,11.305
matmul_1536x3072x2560,sub,fusion,35.8625
matmul_1536x3072x2560,sub,copy-start,0.011328
matmul_1536x3072x2560,sub,copy-done,0.002578
matmul_1536x3072x2560,sub,fusion,36.104922
matmul_1536x3072x2560,sub,copy-start,0.012422
matmul_1536x3072x2560,sub,copy-done,0.0025
matmul_1536x3072x2560,sub,fusion,35.871328
matmul_1536x3072x2560,sub,copy-start,0.012344
matmul_1536x3072x2560,sub,copy-done,0.0025
matmul_1536x3072x2560,sub,fusion,36.040234
matmul_1536x3072x2560,sub,copy-start,0.011328
matmul_1536x3072x2560,sub,copy-done,0.003594
matmul_1536x3072x2560,sub,fusion,36.136328
matmul_1536x3072x2560,sub,copy-start,0.0125
matmul_1536x3072x2560,sub,copy-done,0.0025
matmul_1536x3072x2560,sub,fusion,36.147344
matmul_1536x3072x2560,sub,copy-start,0.012422
matmul_1536x3072x2560,sub,copy-done,0.002578
matmul_1536x3072x2560,sub,fusion,35.922422
matmul_1536x3072x2560,sub,copy-start,0.012422
matmul_1536x3072x2560,sub,copy-done,0.002578
matmul_1536x3072x2560,sub,fusion,36.032578
matmul_1536x3072x2560,sub,copy-start,0.012344
matmul_1536x3072x2560,sub,copy-done,0.003672
matmul_1536x3072x2560,sub,fusion,36.161328
matmul_1536x3072x2560,sub,copy-start,0.011328
matmul_1536x3072x2560,sub,copy-done,0.003594
matmul_1536x3072x2560,sub,fusion,36.075
matmul_1536x3072x3072,main,jit_validation_matrix_multiply(2196882694408570223),55.862656
matmul_1536x3072x3072,main,jit_validation_matrix_multiply(2196882694408570223),42.556094
matmul_1536x3072x3072,main,jit_validation_matrix_multiply(2196882694408570223),42.825
matmul_1536x3072x3072,main,jit_validation_matrix_multiply(2196882694408570223),42.747344
matmul_1536x3072x3072,main,jit_validation_matrix_multiply(2196882694408570223),42.482422
matmul_1536x3072x3072,main,jit_validation_matrix_multiply(2196882694408570223),42.52625
matmul_1536x3072x3072,main,jit_validation_matrix_multiply(2196882694408570223),42.817422
matmul_1536x3072x3072,main,jit_validation_matrix_multiply(2196882694408570223),42.56125
matmul_1536x3072x3072,main,jit_validation_matrix_multiply(2196882694408570223),42.6375
matmul_1536x3072x3072,main,jit_validation_matrix_multiply(2196882694408570223),42.537578
matmul_1536x3072x3072,sub,copy-start,0.012344
matmul_1536x3072x3072,sub,copy-done,13.438828
matmul_1536x3072x3072,sub,fusion,42.406328
matmul_1536x3072x3072,sub,copy-start,0.0125
matmul_1536x3072x3072,sub,copy-done,0.002578
matmul_1536x3072x3072,sub,fusion,42.53375
matmul_1536x3072x3072,sub,copy-start,0.0125
matmul_1536x3072x3072,sub,copy-done,0.003594
matmul_1536x3072x3072,sub,fusion,42.802734
matmul_1536x3072x3072,sub,copy-start,0.0125
matmul_1536x3072x3072,sub,copy-done,0.002578
matmul_1536x3072x3072,sub,fusion,42.725156
matmul_1536x3072x3072,sub,copy-start,0.0125
matmul_1536x3072x3072,sub,copy-done,0.002578
matmul_1536x3072x3072,sub,fusion,42.461172
matmul_1536x3072x3072,sub,copy-start,0.011328
matmul_1536x3072x3072,sub,copy-done,0.00375
matmul_1536x3072x3072,sub,fusion,42.503906
matmul_1536x3072x3072,sub,copy-start,0.012344
matmul_1536x3072x3072,sub,copy-done,0.002578
matmul_1536x3072x3072,sub,fusion,42.796172
matmul_1536x3072x3072,sub,copy-start,0.012422
matmul_1536x3072x3072,sub,copy-done,0.00375
matmul_1536x3072x3072,sub,fusion,42.538828
matmul_1536x3072x3072,sub,copy-start,0.0125
matmul_1536x3072x3072,sub,copy-done,0.002578
matmul_1536x3072x3072,sub,fusion,42.617344
matmul_1536x3072x3072,sub,copy-start,0.012422
matmul_1536x3072x3072,sub,copy-done,0.002656
matmul_1536x3072x3072,sub,fusion,42.516328
matmul_1536x3072x3584,main,jit_validation_matrix_multiply(7194030675132671284),66.701172
matmul_1536x3072x3584,main,jit_validation_matrix_multiply(7194030675132671284),50.87125
matmul_1536x3072x3584,main,jit_validation_matrix_multiply(7194030675132671284),50.823672
matmul_1536x3072x3584,main,jit_validation_matrix_multiply(7194030675132671284),50.517422
matmul_1536x3072x3584,main,jit_validation_matrix_multiply(7194030675132671284),50.59375
matmul_1536x3072x3584,main,jit_validation_matrix_multiply(7194030675132671284),51.2425
matmul_1536x3072x3584,main,jit_validation_matrix_multiply(7194030675132671284),51.37375
matmul_1536x3072x3584,main,jit_validation_matrix_multiply(7194030675132671284),50.658828
matmul_1536x3072x3584,main,jit_validation_matrix_multiply(7194030675132671284),50.706094
matmul_1536x3072x3584,main,jit_validation_matrix_multiply(7194030675132671284),50.801094
matmul_1536x3072x3584,sub,copy-start,0.012344
matmul_1536x3072x3584,sub,copy-done,15.758828
matmul_1536x3072x3584,sub,fusion,50.923906
matmul_1536x3072x3584,sub,copy-start,0.0125
matmul_1536x3072x3584,sub,copy-done,0.002578
matmul_1536x3072x3584,sub,fusion,50.850078
matmul_1536x3072x3584,sub,copy-start,0.0125
matmul_1536x3072x3584,sub,copy-done,0.00375
matmul_1536x3072x3584,sub,fusion,50.802578
matmul_1536x3072x3584,sub,copy-start,0.0125
matmul_1536x3072x3584,sub,copy-done,0.00375
matmul_1536x3072x3584,sub,fusion,50.49625
matmul_1536x3072x3584,sub,copy-start,0.011328
matmul_1536x3072x3584,sub,copy-done,0.003594
matmul_1536x3072x3584,sub,fusion,50.571328
matmul_1536x3072x3584,sub,copy-start,0.0125
matmul_1536x3072x3584,sub,copy-done,0.003672
matmul_1536x3072x3584,sub,fusion,51.22125
matmul_1536x3072x3584,sub,copy-start,0.012422
matmul_1536x3072x3584,sub,copy-done,0.00375
matmul_1536x3072x3584,sub,fusion,51.353594
matmul_1536x3072x3584,sub,copy-start,0.0125
matmul_1536x3072x3584,sub,copy-done,0.003672
matmul_1536x3072x3584,sub,fusion,50.6375
matmul_1536x3072x3584,sub,copy-start,0.0125
matmul_1536x3072x3584,sub,copy-done,0.003594
matmul_1536x3072x3584,sub,fusion,50.683906
matmul_1536x3072x3584,sub,copy-start,0.0125
matmul_1536x3072x3584,sub,copy-done,0.002578
matmul_1536x3072x3584,sub,fusion,50.778906
matmul_1536x3072x4096,main,jit_validation_matrix_multiply(15372069374107177044),74.42
matmul_1536x3072x4096,main,jit_validation_matrix_multiply(15372069374107177044),57.03375
matmul_1536x3072x4096,main,jit_validation_matrix_multiply(15372069374107177044),57.2675
matmul_1536x3072x4096,main,jit_validation_matrix_multiply(15372069374107177044),57.048906
matmul_1536x3072x4096,main,jit_validation_matrix_multiply(15372069374107177044),57.045078
matmul_1536x3072x4096,main,jit_validation_matrix_multiply(15372069374107177044),56.32125
matmul_1536x3072x4096,main,jit_validation_matrix_multiply(15372069374107177044),57.043672
matmul_1536x3072x4096,main,jit_validation_matrix_multiply(15372069374107177044),56.79875
matmul_1536x3072x4096,main,jit_validation_matrix_multiply(15372069374107177044),57.641328
matmul_1536x3072x4096,main,jit_validation_matrix_multiply(15372069374107177044),57.15125
matmul_1536x3072x4096,sub,copy-start,0.0125
matmul_1536x3072x4096,sub,copy-done,17.762422
matmul_1536x3072x4096,sub,fusion,56.64
matmul_1536x3072x4096,sub,copy-start,0.012344
matmul_1536x3072x4096,sub,copy-done,0.00375
matmul_1536x3072x4096,sub,fusion,57.0125
matmul_1536x3072x4096,sub,copy-start,0.011328
matmul_1536x3072x4096,sub,copy-done,0.00375
matmul_1536x3072x4096,sub,fusion,57.246406
matmul_1536x3072x4096,sub,copy-start,0.012422
matmul_1536x3072x4096,sub,copy-done,0.00375
matmul_1536x3072x4096,sub,fusion,57.02875
matmul_1536x3072x4096,sub,copy-start,0.012422
matmul_1536x3072x4096,sub,copy-done,0.00375
matmul_1536x3072x4096,sub,fusion,57.024922
matmul_1536x3072x4096,sub,copy-start,0.011328
matmul_1536x3072x4096,sub,copy-done,0.003672
matmul_1536x3072x4096,sub,fusion,56.298828
matmul_1536x3072x4096,sub,copy-start,0.0125
matmul_1536x3072x4096,sub,copy-done,0.00375
matmul_1536x3072x4096,sub,fusion,57.0225
matmul_1536x3072x4096,sub,copy-start,0.011328
matmul_1536x3072x4096,sub,copy-done,0.00375
matmul_1536x3072x4096,sub,fusion,56.7775
matmul_1536x3072x4096,sub,copy-start,0.0125
matmul_1536x3072x4096,sub,copy-done,0.003594
matmul_1536x3072x4096,sub,fusion,57.621172
matmul_1536x3072x4096,sub,copy-start,0.0125
matmul_1536x3072x4096,sub,copy-done,0.003594
matmul_1536x3072x4096,sub,fusion,57.128906
matmul_1536x3584x1024,main,jit_validation_matrix_multiply(9002984163139462287),27.667578
matmul_1536x3584x1024,main,jit_validation_matrix_multiply(9002984163139462287),22.033672
matmul_1536x3584x1024,main,jit_validation_matrix_multiply(9002984163139462287),22.09875
matmul_1536x3584x1024,main,jit_validation_matrix_multiply(9002984163139462287),22.192422
matmul_1536x3584x1024,main,jit_validation_matrix_multiply(9002984163139462287),21.911172
matmul_1536x3584x1024,main,jit_validation_matrix_multiply(9002984163139462287),22.129844
matmul_1536x3584x1024,main,jit_validation_matrix_multiply(9002984163139462287),22.1625
matmul_1536x3584x1024,main,jit_validation_matrix_multiply(9002984163139462287),22.045
matmul_1536x3584x1024,main,jit_validation_matrix_multiply(9002984163139462287),22.005
matmul_1536x3584x1024,main,jit_validation_matrix_multiply(9002984163139462287),22.4025
matmul_1536x3584x1024,sub,copy-start,0.011406
matmul_1536x3584x1024,sub,copy-done,5.636406
matmul_1536x3584x1024,sub,fusion,22.012578
matmul_1536x3584x1024,sub,copy-start,0.0125
matmul_1536x3584x1024,sub,copy-done,0.0025
matmul_1536x3584x1024,sub,fusion,22.013594
matmul_1536x3584x1024,sub,copy-start,0.011328
matmul_1536x3584x1024,sub,copy-done,0.002578
matmul_1536x3584x1024,sub,fusion,22.077656
matmul_1536x3584x1024,sub,copy-start,0.0125
matmul_1536x3584x1024,sub,copy-done,0.002578
matmul_1536x3584x1024,sub,fusion,22.17125
matmul_1536x3584x1024,sub,copy-start,0.0125
matmul_1536x3584x1024,sub,copy-done,0.0025
matmul_1536x3584x1024,sub,fusion,21.891094
matmul_1536x3584x1024,sub,copy-start,0.012422
matmul_1536x3584x1024,sub,copy-done,0.002578
matmul_1536x3584x1024,sub,fusion,22.10875
matmul_1536x3584x1024,sub,copy-start,0.0125
matmul_1536x3584x1024,sub,copy-done,0.0025
matmul_1536x3584x1024,sub,fusion,22.141406
matmul_1536x3584x1024,sub,copy-start,0.0125
matmul_1536x3584x1024,sub,copy-done,0.0025
matmul_1536x3584x1024,sub,fusion,22.02375
matmul_1536x3584x1024,sub,copy-start,0.012422
matmul_1536x3584x1024,sub,copy-done,0.003672
matmul_1536x3584x1024,sub,fusion,21.983828
matmul_1536x3584x1024,sub,copy-start,0.0125
matmul_1536x3584x1024,sub,copy-done,0.0025
matmul_1536x3584x1024,sub,fusion,22.382422
matmul_1536x3584x1536,main,jit_validation_matrix_multiply(17551786837953282042),38.881406
matmul_1536x3584x1536,main,jit_validation_matrix_multiply(17551786837953282042),30.9225
matmul_1536x3584x1536,main,jit_validation_matrix_multiply(17551786837953282042),30.711328
matmul_1536x3584x1536,main,jit_validation_matrix_multiply(17551786837953282042),30.979922
matmul_1536x3584x1536,main,jit_validation_matrix_multiply(17551786837953282042),30.8525
matmul_1536x3584x1536,main,jit_validation_matrix_multiply(17551786837953282042),30.59375
matmul_1536x3584x1536,main,jit_validation_matrix_multiply(17551786837953282042),30.60875
matmul_1536x3584x1536,main,jit_validation_matrix_multiply(17551786837953282042),30.765078
matmul_1536x3584x1536,main,jit_validation_matrix_multiply(17551786837953282042),30.473906
matmul_1536x3584x1536,main,jit_validation_matrix_multiply(17551786837953282042),30.50875
matmul_1536x3584x1536,sub,copy-start,0.012344
matmul_1536x3584x1536,sub,copy-done,8.1875
matmul_1536x3584x1536,sub,fusion,30.676328
matmul_1536x3584x1536,sub,copy-start,0.0125
matmul_1536x3584x1536,sub,copy-done,0.003672
matmul_1536x3584x1536,sub,fusion,30.902422
matmul_1536x3584x1536,sub,copy-start,0.011328
matmul_1536x3584x1536,sub,copy-done,0.002578
matmul_1536x3584x1536,sub,fusion,30.69125
matmul_1536x3584x1536,sub,copy-start,0.0125
matmul_1536x3584x1536,sub,copy-done,0.0025
matmul_1536x3584x1536,sub,fusion,30.958672
matmul_1536x3584x1536,sub,copy-start,0.012422
matmul_1536x3584x1536,sub,copy-done,0.003672
matmul_1536x3584x1536,sub,fusion,30.832422
matmul_1536x3584x1536,sub,copy-start,0.012422
matmul_1536x3584x1536,sub,copy-done,0.003672
matmul_1536x3584x1536,sub,fusion,30.572578
matmul_1536x3584x1536,sub,copy-start,0.012422
matmul_1536x3584x1536,sub,copy-done,0.002578
matmul_1536x3584x1536,sub,fusion,30.588672
matmul_1536x3584x1536,sub,copy-start,0.0125
matmul_1536x3584x1536,sub,copy-done,0.0025
matmul_1536x3584x1536,sub,fusion,30.745
matmul_1536x3584x1536,sub,copy-start,0.011328
matmul_1536x3584x1536,sub,copy-done,0.002578
matmul_1536x3584x1536,sub,fusion,30.453828
matmul_1536x3584x1536,sub,copy-start,0.011328
matmul_1536x3584x1536,sub,copy-done,0.002578
matmul_1536x3584x1536,sub,fusion,30.4875
matmul_1536x3584x2048,main,jit_validation_matrix_multiply(547985979903833502),46.952578
matmul_1536x3584x2048,main,jit_validation_matrix_multiply(547985979903833502),36.116172
matmul_1536x3584x2048,main,jit_validation_matrix_multiply(547985979903833502),36.869922
matmul_1536x3584x2048,main,jit_validation_matrix_multiply(547985979903833502),36.111328
matmul_1536x3584x2048,main,jit_validation_matrix_multiply(547985979903833502),36.285078
matmul_1536x3584x2048,main,jit_validation_matrix_multiply(547985979903833502),36.287656
matmul_1536x3584x2048,main,jit_validation_matrix_multiply(547985979903833502),36.466328
matmul_1536x3584x2048,main,jit_validation_matrix_multiply(547985979903833502),36.15375
matmul_1536x3584x2048,main,jit_validation_matrix_multiply(547985979903833502),36.445
matmul_1536x3584x2048,main,jit_validation_matrix_multiply(547985979903833502),36.167656
matmul_1536x3584x2048,sub,copy-start,0.011328
matmul_1536x3584x2048,sub,copy-done,10.593828
matmul_1536x3584x2048,sub,fusion,36.342344
matmul_1536x3584x2048,sub,copy-start,0.011328
matmul_1536x3584x2048,sub,copy-done,0.003672
matmul_1536x3584x2048,sub,fusion,36.096094
matmul_1536x3584x2048,sub,copy-start,0.012344
matmul_1536x3584x2048,sub,copy-done,0.0025
matmul_1536x3584x2048,sub,fusion,36.847578
matmul_1536x3584x2048,sub,copy-start,0.0125
matmul_1536x3584x2048,sub,copy-done,0.0025
matmul_1536x3584x2048,sub,fusion,36.09125
matmul_1536x3584x2048,sub,copy-start,0.011406
matmul_1536x3584x2048,sub,copy-done,0.002656
matmul_1536x3584x2048,sub,fusion,36.263906
matmul_1536x3584x2048,sub,copy-start,0.0125
matmul_1536x3584x2048,sub,copy-done,0.0025
matmul_1536x3584x2048,sub,fusion,36.267578
matmul_1536x3584x2048,sub,copy-start,0.0125
matmul_1536x3584x2048,sub,copy-done,0.0025
matmul_1536x3584x2048,sub,fusion,36.44625
matmul_1536x3584x2048,sub,copy-start,0.012344
matmul_1536x3584x2048,sub,copy-done,0.0025
matmul_1536x3584x2048,sub,fusion,36.133672
matmul_1536x3584x2048,sub,copy-start,0.011328
matmul_1536x3584x2048,sub,copy-done,0.003672
matmul_1536x3584x2048,sub,fusion,36.424844
matmul_1536x3584x2048,sub,copy-start,0.0125
matmul_1536x3584x2048,sub,copy-done,0.003672
matmul_1536x3584x2048,sub,fusion,36.147578
matmul_1536x3584x2560,main,jit_validation_matrix_multiply(16270624744171369648),54.9175
matmul_1536x3584x2560,main,jit_validation_matrix_multiply(16270624744171369648),41.96
matmul_1536x3584x2560,main,jit_validation_matrix_multiply(16270624744171369648),41.707656
matmul_1536x3584x2560,main,jit_validation_matrix_multiply(16270624744171369648),42.330156
matmul_1536x3584x2560,main,jit_validation_matrix_multiply(16270624744171369648),42.278672
matmul_1536x3584x2560,main,jit_validation_matrix_multiply(16270624744171369648),41.841172
matmul_1536x3584x2560,main,jit_validation_matrix_multiply(16270624744171369648),42.15875
matmul_1536x3584x2560,main,jit_validation_matrix_multiply(16270624744171369648),42.99875
matmul_1536x3584x2560,main,jit_validation_matrix_multiply(16270624744171369648),41.98375
matmul_1536x3584x2560,main,jit_validation_matrix_multiply(16270624744171369648),42.104844
matmul_1536x3584x2560,sub,copy-start,0.011328
matmul_1536x3584x2560,sub,copy-done,13.044844
matmul_1536x3584x2560,sub,fusion,41.853906
matmul_1536x3584x2560,sub,copy-start,0.012422
matmul_1536x3584x2560,sub,copy-done,0.003672
matmul_1536x3584x2560,sub,fusion,41.93875
matmul_1536x3584x2560,sub,copy-start,0.0125
matmul_1536x3584x2560,sub,copy-done,0.003594
matmul_1536x3584x2560,sub,fusion,41.686328
matmul_1536x3584x2560,sub,copy-start,0.011328
matmul_1536x3584x2560,sub,copy-done,0.00375
matmul_1536x3584x2560,sub,fusion,42.308828
matmul_1536x3584x2560,sub,copy-start,0.0125
matmul_1536x3584x2560,sub,copy-done,0.00375
matmul_1536x3584x2560,sub,fusion,42.2575
matmul_1536x3584x2560,sub,copy-start,0.012344
matmul_1536x3584x2560,sub,copy-done,0.00375
matmul_1536x3584x2560,sub,fusion,41.818828
matmul_1536x3584x2560,sub,copy-start,0.0125
matmul_1536x3584x2560,sub,copy-done,0.00375
matmul_1536x3584x2560,sub,fusion,42.137578
matmul_1536x3584x2560,sub,copy-start,0.0125
matmul_1536x3584x2560,sub,copy-done,0.003594
matmul_1536x3584x2560,sub,fusion,42.97625
matmul_1536x3584x2560,sub,copy-start,0.012422
matmul_1536x3584x2560,sub,copy-done,0.00375
matmul_1536x3584x2560,sub,fusion,41.962656
matmul_1536x3584x2560,sub,copy-start,0.011328
matmul_1536x3584x2560,sub,copy-done,0.00375
matmul_1536x3584x2560,sub,fusion,42.0825
matmul_1536x3584x3072,main,jit_validation_matrix_multiply(5061556770183934523),65.268828
matmul_1536x3584x3072,main,jit_validation_matrix_multiply(5061556770183934523),50.312422
matmul_1536x3584x3072,main,jit_validation_matrix_multiply(5061556770183934523),50.126328
matmul_1536x3584x3072,main,jit_validation_matrix_multiply(5061556770183934523),50.44125
matmul_1536x3584x3072,main,jit_validation_matrix_multiply(5061556770183934523),49.94875
matmul_1536x3584x3072,main,jit_validation_matrix_multiply(5061556770183934523),49.96625
matmul_1536x3584x3072,main,jit_validation_matrix_multiply(5061556770183934523),50.20875
matmul_1536x3584x3072,main,jit_validation_matrix_multiply(5061556770183934523),49.9675
matmul_1536x3584x3072,main,jit_validation_matrix_multiply(5061556770183934523),49.938906
matmul_1536x3584x3072,main,jit_validation_matrix_multiply(5061556770183934523),50.191094
matmul_1536x3584x3072,sub,copy-start,0.0125
matmul_1536x3584x3072,sub,copy-done,15.560078
matmul_1536x3584x3072,sub,fusion,49.691172
matmul_1536x3584x3072,sub,copy-start,0.012344
matmul_1536x3584x3072,sub,copy-done,0.00375
matmul_1536x3584x3072,sub,fusion,50.29
matmul_1536x3584x3072,sub,copy-start,0.011328
matmul_1536x3584x3072,sub,copy-done,0.00375
matmul_1536x3584x3072,sub,fusion,50.106172
matmul_1536x3584x3072,sub,copy-start,0.011328
matmul_1536x3584x3072,sub,copy-done,0.003594
matmul_1536x3584x3072,sub,fusion,50.41875
matmul_1536x3584x3072,sub,copy-start,0.012344
matmul_1536x3584x3072,sub,copy-done,0.00375
matmul_1536x3584x3072,sub,fusion,49.9275
matmul_1536x3584x3072,sub,copy-start,0.011328
matmul_1536x3584x3072,sub,copy-done,0.003672
matmul_1536x3584x3072,sub,fusion,49.943906
matmul_1536x3584x3072,sub,copy-start,0.012344
matmul_1536x3584x3072,sub,copy-done,0.00375
matmul_1536x3584x3072,sub,fusion,50.1875
matmul_1536x3584x3072,sub,copy-start,0.011328
matmul_1536x3584x3072,sub,copy-done,0.00375
matmul_1536x3584x3072,sub,fusion,49.946328
matmul_1536x3584x3072,sub,copy-start,0.011328
matmul_1536x3584x3072,sub,copy-done,0.003594
matmul_1536x3584x3072,sub,fusion,49.917578
matmul_1536x3584x3072,sub,copy-start,0.0125
matmul_1536x3584x3072,sub,copy-done,0.002578
matmul_1536x3584x3072,sub,fusion,50.168828
matmul_1536x3584x3584,main,jit_validation_matrix_multiply(6592304000866291151),76.900078
matmul_1536x3584x3584,main,jit_validation_matrix_multiply(6592304000866291151),58.879844
matmul_1536x3584x3584,main,jit_validation_matrix_multiply(6592304000866291151),58.922422
matmul_1536x3584x3584,main,jit_validation_matrix_multiply(6592304000866291151),58.775078
matmul_1536x3584x3584,main,jit_validation_matrix_multiply(6592304000866291151),59.102656
matmul_1536x3584x3584,main,jit_validation_matrix_multiply(6592304000866291151),58.66875
matmul_1536x3584x3584,main,jit_validation_matrix_multiply(6592304000866291151),58.42625
matmul_1536x3584x3584,main,jit_validation_matrix_multiply(6592304000866291151),59.151328
matmul_1536x3584x3584,main,jit_validation_matrix_multiply(6592304000866291151),58.8875
matmul_1536x3584x3584,main,jit_validation_matrix_multiply(6592304000866291151),58.885
matmul_1536x3584x3584,sub,copy-start,0.012422
matmul_1536x3584x3584,sub,copy-done,18.068906
matmul_1536x3584x3584,sub,fusion,58.812578
matmul_1536x3584x3584,sub,copy-start,0.011328
matmul_1536x3584x3584,sub,copy-done,0.00375
matmul_1536x3584x3584,sub,fusion,58.857656
matmul_1536x3584x3584,sub,copy-start,0.0125
matmul_1536x3584x3584,sub,copy-done,0.003672
matmul_1536x3584x3584,sub,fusion,58.901172
matmul_1536x3584x3584,sub,copy-start,0.011328
matmul_1536x3584x3584,sub,copy-done,0.00375
matmul_1536x3584x3584,sub,fusion,58.754922
matmul_1536x3584x3584,sub,copy-start,0.011328
matmul_1536x3584x3584,sub,copy-done,0.00375
matmul_1536x3584x3584,sub,fusion,59.0825
matmul_1536x3584x3584,sub,copy-start,0.011328
matmul_1536x3584x3584,sub,copy-done,0.002656
matmul_1536x3584x3584,sub,fusion,58.647578
matmul_1536x3584x3584,sub,copy-start,0.0125
matmul_1536x3584x3584,sub,copy-done,0.002578
matmul_1536x3584x3584,sub,fusion,58.405078
matmul_1536x3584x3584,sub,copy-start,0.0125
matmul_1536x3584x3584,sub,copy-done,0.002656
matmul_1536x3584x3584,sub,fusion,59.130078
matmul_1536x3584x3584,sub,copy-start,0.011328
matmul_1536x3584x3584,sub,copy-done,0.003594
matmul_1536x3584x3584,sub,fusion,58.865078
matmul_1536x3584x3584,sub,copy-start,0.012422
matmul_1536x3584x3584,sub,copy-done,0.00375
matmul_1536x3584x3584,sub,fusion,58.86375
matmul_1536x3584x4096,main,jit_validation_matrix_multiply(12007909999604476328),85.2975
matmul_1536x3584x4096,main,jit_validation_matrix_multiply(12007909999604476328),64.461172
matmul_1536x3584x4096,main,jit_validation_matrix_multiply(12007909999604476328),64.559844
matmul_1536x3584x4096,main,jit_validation_matrix_multiply(12007909999604476328),64.8525
matmul_1536x3584x4096,main,jit_validation_matrix_multiply(12007909999604476328),64.68
matmul_1536x3584x4096,main,jit_validation_matrix_multiply(12007909999604476328),64.785
matmul_1536x3584x4096,main,jit_validation_matrix_multiply(12007909999604476328),64.835078
matmul_1536x3584x4096,main,jit_validation_matrix_multiply(12007909999604476328),64.57875
matmul_1536x3584x4096,main,jit_validation_matrix_multiply(12007909999604476328),64.60375
matmul_1536x3584x4096,main,jit_validation_matrix_multiply(12007909999604476328),64.9025
matmul_1536x3584x4096,sub,copy-start,0.0125
matmul_1536x3584x4096,sub,copy-done,20.597422
matmul_1536x3584x4096,sub,fusion,64.681328
matmul_1536x3584x4096,sub,copy-start,0.012344
matmul_1536x3584x4096,sub,copy-done,0.00375
matmul_1536x3584x4096,sub,fusion,64.438828
matmul_1536x3584x4096,sub,copy-start,0.0125
matmul_1536x3584x4096,sub,copy-done,0.002578
matmul_1536x3584x4096,sub,fusion,64.537578
matmul_1536x3584x4096,sub,copy-start,0.011328
matmul_1536x3584x4096,sub,copy-done,0.00375
matmul_1536x3584x4096,sub,fusion,64.83125
matmul_1536x3584x4096,sub,copy-start,0.0125
matmul_1536x3584x4096,sub,copy-done,0.002656
matmul_1536x3584x4096,sub,fusion,64.658828
matmul_1536x3584x4096,sub,copy-start,0.011328
matmul_1536x3584x4096,sub,copy-done,0.00375
matmul_1536x3584x4096,sub,fusion,64.76375
matmul_1536x3584x4096,sub,copy-start,0.012344
matmul_1536x3584x4096,sub,copy-done,0.002578
matmul_1536x3584x4096,sub,fusion,64.813828
matmul_1536x3584x4096,sub,copy-start,0.012422
matmul_1536x3584x4096,sub,copy-done,0.003672
matmul_1536x3584x4096,sub,fusion,64.5575
matmul_1536x3584x4096,sub,copy-start,0.011406
matmul_1536x3584x4096,sub,copy-done,0.00375
matmul_1536x3584x4096,sub,fusion,64.582578
matmul_1536x3584x4096,sub,copy-start,0.011328
matmul_1536x3584x4096,sub,copy-done,0.003672
matmul_1536x3584x4096,sub,fusion,64.880156
matmul_1536x4096x1024,main,jit_validation_matrix_multiply(10941918470898541960),28.811172
matmul_1536x4096x1024,main,jit_validation_matrix_multiply(10941918470898541960),22.331172
matmul_1536x4096x1024,main,jit_validation_matrix_multiply(10941918470898541960),22.4575
matmul_1536x4096x1024,main,jit_validation_matrix_multiply(10941918470898541960),22.036328
matmul_1536x4096x1024,main,jit_validation_matrix_multiply(10941918470898541960),22.478906
matmul_1536x4096x1024,main,jit_validation_matrix_multiply(10941918470898541960),22.32875
matmul_1536x4096x1024,main,jit_validation_matrix_multiply(10941918470898541960),22.548906
matmul_1536x4096x1024,main,jit_validation_matrix_multiply(10941918470898541960),22.33625
matmul_1536x4096x1024,main,jit_validation_matrix_multiply(10941918470898541960),22.328672
matmul_1536x4096x1024,main,jit_validation_matrix_multiply(10941918470898541960),22.215156
matmul_1536x4096x1024,sub,copy-start,0.0125
matmul_1536x4096x1024,sub,copy-done,6.3125
matmul_1536x4096x1024,sub,fusion,22.479922
matmul_1536x4096x1024,sub,copy-start,0.012344
matmul_1536x4096x1024,sub,copy-done,0.002578
matmul_1536x4096x1024,sub,fusion,22.311094
matmul_1536x4096x1024,sub,copy-start,0.011328
matmul_1536x4096x1024,sub,copy-done,0.003594
matmul_1536x4096x1024,sub,fusion,22.436328
matmul_1536x4096x1024,sub,copy-start,0.011406
matmul_1536x4096x1024,sub,copy-done,0.0025
matmul_1536x4096x1024,sub,fusion,22.015078
matmul_1536x4096x1024,sub,copy-start,0.011328
matmul_1536x4096x1024,sub,copy-done,0.002656
matmul_1536x4096x1024,sub,fusion,22.458828
matmul_1536x4096x1024,sub,copy-start,0.0125
matmul_1536x4096x1024,sub,copy-done,0.003672
matmul_1536x4096x1024,sub,fusion,22.308672
matmul_1536x4096x1024,sub,copy-start,0.011328
matmul_1536x4096x1024,sub,copy-done,0.002578
matmul_1536x4096x1024,sub,fusion,22.528828
matmul_1536x4096x1024,sub,copy-start,0.012422
matmul_1536x4096x1024,sub,copy-done,0.0025
matmul_1536x4096x1024,sub,fusion,22.315
matmul_1536x4096x1024,sub,copy-start,0.011328
matmul_1536x4096x1024,sub,copy-done,0.003594
matmul_1536x4096x1024,sub,fusion,22.307578
matmul_1536x4096x1024,sub,copy-start,0.012344
matmul_1536x4096x1024,sub,copy-done,0.0025
matmul_1536x4096x1024,sub,fusion,22.195078
matmul_1536x4096x1536,main,jit_validation_matrix_multiply(11989125104251423471),39.74
matmul_1536x4096x1536,main,jit_validation_matrix_multiply(11989125104251423471),30.599922
matmul_1536x4096x1536,main,jit_validation_matrix_multiply(11989125104251423471),30.891172
matmul_1536x4096x1536,main,jit_validation_matrix_multiply(11989125104251423471),30.82125
matmul_1536x4096x1536,main,jit_validation_matrix_multiply(11989125104251423471),30.953906
matmul_1536x4096x1536,main,jit_validation_matrix_multiply(11989125104251423471),30.91125
matmul_1536x4096x1536,main,jit_validation_matrix_multiply(11989125104251423471),30.964922
matmul_1536x4096x1536,main,jit_validation_matrix_multiply(11989125104251423471),30.631172
matmul_1536x4096x1536,main,jit_validation_matrix_multiply(11989125104251423471),30.608672
matmul_1536x4096x1536,main,jit_validation_matrix_multiply(11989125104251423471),30.714922
matmul_1536x4096x1536,sub,copy-start,0.012344
matmul_1536x4096x1536,sub,copy-done,9.155156
matmul_1536x4096x1536,sub,fusion,30.56625
matmul_1536x4096x1536,sub,copy-start,0.0125
matmul_1536x4096x1536,sub,copy-done,0.0025
matmul_1536x4096x1536,sub,fusion,30.579844
matmul_1536x4096x1536,sub,copy-start,0.011328
matmul_1536x4096x1536,sub,copy-done,0.002578
matmul_1536x4096x1536,sub,fusion,30.871094
matmul_1536x4096x1536,sub,copy-start,0.012422
matmul_1536x4096x1536,sub,copy-done,0.002656
matmul_1536x4096x1536,sub,fusion,30.8
matmul_1536x4096x1536,sub,copy-start,0.0125
matmul_1536x4096x1536,sub,copy-done,0.002578
matmul_1536x4096x1536,sub,fusion,30.933828
matmul_1536x4096x1536,sub,copy-start,0.011328
matmul_1536x4096x1536,sub,copy-done,0.0025
matmul_1536x4096x1536,sub,fusion,30.890234
matmul_1536x4096x1536,sub,copy-start,0.0125
matmul_1536x4096x1536,sub,copy-done,0.0025
matmul_1536x4096x1536,sub,fusion,30.944844
matmul_1536x4096x1536,sub,copy-start,0.012344
matmul_1536x4096x1536,sub,copy-done,0.003672
matmul_1536x4096x1536,sub,fusion,30.61
matmul_1536x4096x1536,sub,copy-start,0.0125
matmul_1536x4096x1536,sub,copy-done,0.002578
matmul_1536x4096x1536,sub,fusion,30.588594
matmul_1536x4096x1536,sub,copy-start,0.012344
matmul_1536x4096x1536,sub,copy-done,0.003672
matmul_1536x4096x1536,sub,fusion,30.693672
matmul_1536x4096x2048,main,jit_validation_matrix_multiply(1094576326859401646),51.855156
matmul_1536x4096x2048,main,jit_validation_matrix_multiply(1094576326859401646),39.846406
matmul_1536x4096x2048,main,jit_validation_matrix_multiply(1094576326859401646),39.546328
matmul_1536x4096x2048,main,jit_validation_matrix_multiply(1094576326859401646),39.826328
matmul_1536x4096x2048,main,jit_validation_matrix_multiply(1094576326859401646),39.649922
matmul_1536x4096x2048,main,jit_validation_matrix_multiply(1094576326859401646),39.711406
matmul_1536x4096x2048,main,jit_validation_matrix_multiply(1094576326859401646),39.696328
matmul_1536x4096x2048,main,jit_validation_matrix_multiply(1094576326859401646),40.001172
matmul_1536x4096x2048,main,jit_validation_matrix_multiply(1094576326859401646),39.546172
matmul_1536x4096x2048,main,jit_validation_matrix_multiply(1094576326859401646),39.950078
matmul_1536x4096x2048,sub,copy-start,0.011328
matmul_1536x4096x2048,sub,copy-done,12.135078
matmul_1536x4096x2048,sub,fusion,39.702578
matmul_1536x4096x2048,sub,copy-start,0.011328
matmul_1536x4096x2048,sub,copy-done,0.00375
matmul_1536x4096x2048,sub,fusion,39.82625
matmul_1536x4096x2048,sub,copy-start,0.011328
matmul_1536x4096x2048,sub,copy-done,0.00375
matmul_1536x4096x2048,sub,fusion,39.525
matmul_1536x4096x2048,sub,copy-start,0.012422
matmul_1536x4096x2048,sub,copy-done,0.003672
matmul_1536x4096x2048,sub,fusion,39.805
matmul_1536x4096x2048,sub,copy-start,0.0125
matmul_1536x4096x2048,sub,copy-done,0.002578
matmul_1536x4096x2048,sub,fusion,39.62875
matmul_1536x4096x2048,sub,copy-start,0.011328
matmul_1536x4096x2048,sub,copy-done,0.00375
matmul_1536x4096x2048,sub,fusion,39.69125
matmul_1536x4096x2048,sub,copy-start,0.012422
matmul_1536x4096x2048,sub,copy-done,0.003672
matmul_1536x4096x2048,sub,fusion,39.676172
matmul_1536x4096x2048,sub,copy-start,0.011328
matmul_1536x4096x2048,sub,copy-done,0.002656
matmul_1536x4096x2048,sub,fusion,39.98
matmul_1536x4096x2048,sub,copy-start,0.011328
matmul_1536x4096x2048,sub,copy-done,0.002656
matmul_1536x4096x2048,sub,fusion,39.525
matmul_1536x4096x2048,sub,copy-start,0.0125
matmul_1536x4096x2048,sub,copy-done,0.00375
matmul_1536x4096x2048,sub,fusion,39.929922
matmul_1536x4096x2560,main,jit_validation_matrix_multiply(17312729978690841822),61.283672
matmul_1536x4096x2560,main,jit_validation_matrix_multiply(17312729978690841822),46.438594
matmul_1536x4096x2560,main,jit_validation_matrix_multiply(17312729978690841822),46.171094
matmul_1536x4096x2560,main,jit_validation_matrix_multiply(17312729978690841822),46.538984
matmul_1536x4096x2560,main,jit_validation_matrix_multiply(17312729978690841822),46.331172
matmul_1536x4096x2560,main,jit_validation_matrix_multiply(17312729978690841822),46.529844
matmul_1536x4096x2560,main,jit_validation_matrix_multiply(17312729978690841822),46.293672
matmul_1536x4096x2560,main,jit_validation_matrix_multiply(17312729978690841822),46.446094
matmul_1536x4096x2560,main,jit_validation_matrix_multiply(17312729978690841822),46.399922
matmul_1536x4096x2560,main,jit_validation_matrix_multiply(17312729978690841822),46.83
matmul_1536x4096x2560,sub,copy-start,0.012422
matmul_1536x4096x2560,sub,copy-done,14.842578
matmul_1536x4096x2560,sub,fusion,46.4225
matmul_1536x4096x2560,sub,copy-start,0.011328
matmul_1536x4096x2560,sub,copy-done,0.00375
matmul_1536x4096x2560,sub,fusion,46.41625
matmul_1536x4096x2560,sub,copy-start,0.011328
matmul_1536x4096x2560,sub,copy-done,0.002656
matmul_1536x4096x2560,sub,fusion,46.14875
matmul_1536x4096x2560,sub,copy-start,0.012422
matmul_1536x4096x2560,sub,copy-done,0.00375
matmul_1536x4096x2560,sub,fusion,46.517656
matmul_1536x4096x2560,sub,copy-start,0.0125
matmul_1536x4096x2560,sub,copy-done,0.00375
matmul_1536x4096x2560,sub,fusion,46.309844
matmul_1536x4096x2560,sub,copy-start,0.0125
matmul_1536x4096x2560,sub,copy-done,0.002578
matmul_1536x4096x2560,sub,fusion,46.507734
matmul_1536x4096x2560,sub,copy-start,0.012344
matmul_1536x4096x2560,sub,copy-done,0.002578
matmul_1536x4096x2560,sub,fusion,46.272422
matmul_1536x4096x2560,sub,copy-start,0.011328
matmul_1536x4096x2560,sub,copy-done,0.00375
matmul_1536x4096x2560,sub,fusion,46.423906
matmul_1536x4096x2560,sub,copy-start,0.0125
matmul_1536x4096x2560,sub,copy-done,0.00375
matmul_1536x4096x2560,sub,fusion,46.378672
matmul_1536x4096x2560,sub,copy-start,0.0125
matmul_1536x4096x2560,sub,copy-done,0.003594
matmul_1536x4096x2560,sub,fusion,46.80875
matmul_1536x4096x3072,main,jit_validation_matrix_multiply(7842491973907719627),82.2175
matmul_1536x4096x3072,main,jit_validation_matrix_multiply(7842491973907719627),64.368906
matmul_1536x4096x3072,main,jit_validation_matrix_multiply(7842491973907719627),64.3675
matmul_1536x4096x3072,main,jit_validation_matrix_multiply(7842491973907719627),64.333672
matmul_1536x4096x3072,main,jit_validation_matrix_multiply(7842491973907719627),64.4025
matmul_1536x4096x3072,main,jit_validation_matrix_multiply(7842491973907719627),64.291172
matmul_1536x4096x3072,main,jit_validation_matrix_multiply(7842491973907719627),64.355078
matmul_1536x4096x3072,main,jit_validation_matrix_multiply(7842491973907719627),64.088672
matmul_1536x4096x3072,main,jit_validation_matrix_multiply(7842491973907719627),64.3475
matmul_1536x4096x3072,main,jit_validation_matrix_multiply(7842491973907719627),64.53125
matmul_1536x4096x3072,sub,copy-start,0.0125
matmul_1536x4096x3072,sub,copy-done,17.643672
matmul_1536x4096x3072,sub,fusion,64.555078
matmul_1536x4096x3072,sub,copy-start,0.012344
matmul_1536x4096x3072,sub,copy-done,0.00375
matmul_1536x4096x3072,sub,fusion,64.34875
matmul_1536x4096x3072,sub,copy-start,0.0125
matmul_1536x4096x3072,sub,copy-done,0.003594
matmul_1536x4096x3072,sub,fusion,64.34625
matmul_1536x4096x3072,sub,copy-start,0.012344
matmul_1536x4096x3072,sub,copy-done,0.00375
matmul_1536x4096x3072,sub,fusion,64.311484
matmul_1536x4096x3072,sub,copy-start,0.0125
matmul_1536x4096x3072,sub,copy-done,0.002578
matmul_1536x4096x3072,sub,fusion,64.381328
matmul_1536x4096x3072,sub,copy-start,0.012422
matmul_1536x4096x3072,sub,copy-done,0.00375
matmul_1536x4096x3072,sub,fusion,64.268984
matmul_1536x4096x3072,sub,copy-start,0.012344
matmul_1536x4096x3072,sub,copy-done,0.00375
matmul_1536x4096x3072,sub,fusion,64.334922
matmul_1536x4096x3072,sub,copy-start,0.012344
matmul_1536x4096x3072,sub,copy-done,0.00375
matmul_1536x4096x3072,sub,fusion,64.067422
matmul_1536x4096x3072,sub,copy-start,0.011328
matmul_1536x4096x3072,sub,copy-done,0.00375
matmul_1536x4096x3072,sub,fusion,64.326328
matmul_1536x4096x3072,sub,copy-start,0.011328
matmul_1536x4096x3072,sub,copy-done,0.00375
matmul_1536x4096x3072,sub,fusion,64.51
matmul_1536x4096x3584,main,jit_validation_matrix_multiply(17519866745853895),85.726172
matmul_1536x4096x3584,main,jit_validation_matrix_multiply(17519866745853895),64.67375
matmul_1536x4096x3584,main,jit_validation_matrix_multiply(17519866745853895),64.827422
matmul_1536x4096x3584,main,jit_validation_matrix_multiply(17519866745853895),64.79
matmul_1536x4096x3584,main,jit_validation_matrix_multiply(17519866745853895),64.71
matmul_1536x4096x3584,main,jit_validation_matrix_multiply(17519866745853895),65.036172
matmul_1536x4096x3584,main,jit_validation_matrix_multiply(17519866745853895),64.603672
matmul_1536x4096x3584,main,jit_validation_matrix_multiply(17519866745853895),64.921094
matmul_1536x4096x3584,main,jit_validation_matrix_multiply(17519866745853895),65.13375
matmul_1536x4096x3584,main,jit_validation_matrix_multiply(17519866745853895),64.734922
matmul_1536x4096x3584,sub,copy-start,0.012422
matmul_1536x4096x3584,sub,copy-done,20.6325
matmul_1536x4096x3584,sub,fusion,65.073828
matmul_1536x4096x3584,sub,copy-start,0.011328
matmul_1536x4096x3584,sub,copy-done,0.00375
matmul_1536x4096x3584,sub,fusion,64.6525
matmul_1536x4096x3584,sub,copy-start,0.012422
matmul_1536x4096x3584,sub,copy-done,0.002656
matmul_1536x4096x3584,sub,fusion,64.805156
matmul_1536x4096x3584,sub,copy-start,0.012344
matmul_1536x4096x3584,sub,copy-done,0.00375
matmul_1536x4096x3584,sub,fusion,64.76875
matmul_1536x4096x3584,sub,copy-start,0.011328
matmul_1536x4096x3584,sub,copy-done,0.00375
matmul_1536x4096x3584,sub,fusion,64.688828
matmul_1536x4096x3584,sub,copy-start,0.0125
matmul_1536x4096x3584,sub,copy-done,0.002578
matmul_1536x4096x3584,sub,fusion,65.014922
matmul_1536x4096x3584,sub,copy-start,0.0125
matmul_1536x4096x3584,sub,copy-done,0.00375
matmul_1536x4096x3584,sub,fusion,64.5825
matmul_1536x4096x3584,sub,copy-start,0.0125
matmul_1536x4096x3584,sub,copy-done,0.002578
matmul_1536x4096x3584,sub,fusion,64.898906
matmul_1536x4096x3584,sub,copy-start,0.0125
matmul_1536x4096x3584,sub,copy-done,0.00375
matmul_1536x4096x3584,sub,fusion,65.112578
matmul_1536x4096x3584,sub,copy-start,0.011328
matmul_1536x4096x3584,sub,copy-done,0.00375
matmul_1536x4096x3584,sub,fusion,64.71375
matmul_1536x4096x4096,main,jit_validation_matrix_multiply(7927136308261505788),95.928906
matmul_1536x4096x4096,main,jit_validation_matrix_multiply(7927136308261505788),72.343828
matmul_1536x4096x4096,main,jit_validation_matrix_multiply(7927136308261505788),72.659844
matmul_1536x4096x4096,main,jit_validation_matrix_multiply(7927136308261505788),72.539922
matmul_1536x4096x4096,main,jit_validation_matrix_multiply(7927136308261505788),72.62875
matmul_1536x4096x4096,main,jit_validation_matrix_multiply(7927136308261505788),72.745
matmul_1536x4096x4096,main,jit_validation_matrix_multiply(7927136308261505788),72.733672
matmul_1536x4096x4096,main,jit_validation_matrix_multiply(7927136308261505788),72.593594
matmul_1536x4096x4096,main,jit_validation_matrix_multiply(7927136308261505788),72.91
matmul_1536x4096x4096,main,jit_validation_matrix_multiply(7927136308261505788),72.72
matmul_1536x4096x4096,sub,copy-start,0.011328
matmul_1536x4096x4096,sub,copy-done,23.456406
matmul_1536x4096x4096,sub,fusion,72.455078
matmul_1536x4096x4096,sub,copy-start,0.012344
matmul_1536x4096x4096,sub,copy-done,0.00375
matmul_1536x4096x4096,sub,fusion,72.322578
matmul_1536x4096x4096,sub,copy-start,0.011328
matmul_1536x4096x4096,sub,copy-done,0.00375
matmul_1536x4096x4096,sub,fusion,72.6375
matmul_1536x4096x4096,sub,copy-start,0.011328
matmul_1536x4096x4096,sub,copy-done,0.003672
matmul_1536x4096x4096,sub,fusion,72.517734
matmul_1536x4096x4096,sub,copy-start,0.011328
matmul_1536x4096x4096,sub,copy-done,0.00375
matmul_1536x4096x4096,sub,fusion,72.6075
matmul_1536x4096x4096,sub,copy-start,0.0125
matmul_1536x4096x4096,sub,copy-done,0.00375
matmul_1536x4096x4096,sub,fusion,72.723672
matmul_1536x4096x4096,sub,copy-start,0.0125
matmul_1536x4096x4096,sub,copy-done,0.00375
matmul_1536x4096x4096,sub,fusion,72.712422
matmul_1536x4096x4096,sub,copy-start,0.0125
matmul_1536x4096x4096,sub,copy-done,0.002578
matmul_1536x4096x4096,sub,fusion,72.57125
matmul_1536x4096x4096,sub,copy-start,0.012344
matmul_1536x4096x4096,sub,copy-done,0.00375
matmul_1536x4096x4096,sub,fusion,72.88875
matmul_1536x4096x4096,sub,copy-start,0.011328
matmul_1536x4096x4096,sub,copy-done,0.003594
matmul_1536x4096x4096,sub,fusion,72.697734
matmul_2048x1024x1024,main,jit_validation_matrix_multiply(12285700371112327133),13.316172
matmul_2048x1024x1024,main,jit_validation_matrix_multiply(12285700371112327133),10.03875
matmul_2048x1024x1024,main,jit_validation_matrix_multiply(12285700371112327133),9.92375
matmul_2048x1024x1024,main,jit_validation_matrix_multiply(12285700371112327133),9.84375
matmul_2048x1024x1024,main,jit_validation_matrix_multiply(12285700371112327133),9.91625
matmul_2048x1024x1024,main,jit_validation_matrix_multiply(12285700371112327133),9.96875
matmul_2048x1024x1024,main,jit_validation_matrix_multiply(12285700371112327133),9.85
matmul_2048x1024x1024,main,jit_validation_matrix_multiply(12285700371112327133),9.973828
matmul_2048x1024x1024,main,jit_validation_matrix_multiply(12285700371112327133),9.767422
matmul_2048x1024x1024,main,jit_validation_matrix_multiply(12285700371112327133),9.834922
matmul_2048x1024x1024,sub,copy-start,0.0125
matmul_2048x1024x1024,sub,copy-done,3.688672
matmul_2048x1024x1024,sub,fusion,9.609922
matmul_2048x1024x1024,sub,copy-start,0.0125
matmul_2048x1024x1024,sub,copy-done,0.003594
matmul_2048x1024x1024,sub,fusion,10.017422
matmul_2048x1024x1024,sub,copy-start,0.012422
matmul_2048x1024x1024,sub,copy-done,0.002578
matmul_2048x1024x1024,sub,fusion,9.902656
matmul_2048x1024x1024,sub,copy-start,0.011328
matmul_2048x1024x1024,sub,copy-done,0.003594
matmul_2048x1024x1024,sub,fusion,9.823672
matmul_2048x1024x1024,sub,copy-start,0.0125
matmul_2048x1024x1024,sub,copy-done,0.002578
matmul_2048x1024x1024,sub,fusion,9.895078
matmul_2048x1024x1024,sub,copy-start,0.011328
matmul_2048x1024x1024,sub,copy-done,0.002578
matmul_2048x1024x1024,sub,fusion,9.947578
matmul_2048x1024x1024,sub,copy-start,0.011328
matmul_2048x1024x1024,sub,copy-done,0.002656
matmul_2048x1024x1024,sub,fusion,9.828828
matmul_2048x1024x1024,sub,copy-start,0.0125
matmul_2048x1024x1024,sub,copy-done,0.002578
matmul_2048x1024x1024,sub,fusion,9.953672
matmul_2048x1024x1024,sub,copy-start,0.011328
matmul_2048x1024x1024,sub,copy-done,0.003672
matmul_2048x1024x1024,sub,fusion,9.747344
matmul_2048x1024x1024,sub,copy-start,0.012422
matmul_2048x1024x1024,sub,copy-done,0.002578
matmul_2048x1024x1024,sub,fusion,9.813672
matmul_2048x1024x1536,main,jit_validation_matrix_multiply(15071240980238787428),17.881328
matmul_2048x1024x1536,main,jit_validation_matrix_multiply(15071240980238787428),13.194844
matmul_2048x1024x1536,main,jit_validation_matrix_multiply(15071240980238787428),13.0425
matmul_2048x1024x1536,main,jit_validation_matrix_multiply(15071240980238787428),13.02125
matmul_2048x1024x1536,main,jit_validation_matrix_multiply(15071240980238787428),12.962734
matmul_2048x1024x1536,main,jit_validation_matrix_multiply(15071240980238787428),13.081328
matmul_2048x1024x1536,main,jit_validation_matrix_multiply(15071240980238787428),12.914844
matmul_2048x1024x1536,main,jit_validation_matrix_multiply(15071240980238787428),13.101328
matmul_2048x1024x1536,main,jit_validation_matrix_multiply(15071240980238787428),13.028594
matmul_2048x1024x1536,main,jit_validation_matrix_multiply(15071240980238787428),13.20875
matmul_2048x1024x1536,sub,copy-start,0.011328
matmul_2048x1024x1536,sub,copy-done,4.875078
matmul_2048x1024x1536,sub,fusion,12.98875
matmul_2048x1024x1536,sub,copy-start,0.0125
matmul_2048x1024x1536,sub,copy-done,0.002578
matmul_2048x1024x1536,sub,fusion,13.17375
matmul_2048x1024x1536,sub,copy-start,0.011328
matmul_2048x1024x1536,sub,copy-done,0.003594
matmul_2048x1024x1536,sub,fusion,13.0225
matmul_2048x1024x1536,sub,copy-start,0.012344
matmul_2048x1024x1536,sub,copy-done,0.003672
matmul_2048x1024x1536,sub,fusion,13.001172
matmul_2048x1024x1536,sub,copy-start,0.0125
matmul_2048x1024x1536,sub,copy-done,0.002578
matmul_2048x1024x1536,sub,fusion,12.942656
matmul_2048x1024x1536,sub,copy-start,0.011328
matmul_2048x1024x1536,sub,copy-done,0.003594
matmul_2048x1024x1536,sub,fusion,13.06125
matmul_2048x1024x1536,sub,copy-start,0.011328
matmul_2048x1024x1536,sub,copy-done,0.0025
matmul_2048x1024x1536,sub,fusion,12.893906
matmul_2048x1024x1536,sub,copy-start,0.011328
matmul_2048x1024x1536,sub,copy-done,0.003594
matmul_2048x1024x1536,sub,fusion,13.081172
matmul_2048x1024x1536,sub,copy-start,0.011406
matmul_2048x1024x1536,sub,copy-done,0.0025
matmul_2048x1024x1536,sub,fusion,13.006406
matmul_2048x1024x1536,sub,copy-start,0.011328
matmul_2048x1024x1536,sub,copy-done,0.002578
matmul_2048x1024x1536,sub,fusion,13.187656
matmul_2048x1024x2048,main,jit_validation_matrix_multiply(10086612798695569470),22.6325
matmul_2048x1024x2048,main,jit_validation_matrix_multiply(10086612798695569470),16.573828
matmul_2048x1024x2048,main,jit_validation_matrix_multiply(10086612798695569470),16.57625
matmul_2048x1024x2048,main,jit_validation_matrix_multiply(10086612798695569470),16.419922
matmul_2048x1024x2048,main,jit_validation_matrix_multiply(10086612798695569470),16.58
matmul_2048x1024x2048,main,jit_validation_matrix_multiply(10086612798695569470),16.583828
matmul_2048x1024x2048,main,jit_validation_matrix_multiply(10086612798695569470),16.531328
matmul_2048x1024x2048,main,jit_validation_matrix_multiply(10086612798695569470),16.511484
matmul_2048x1024x2048,main,jit_validation_matrix_multiply(10086612798695569470),16.571172
matmul_2048x1024x2048,main,jit_validation_matrix_multiply(10086612798695569470),16.482422
matmul_2048x1024x2048,sub,copy-start,0.0125
matmul_2048x1024x2048,sub,copy-done,6.361016
matmul_2048x1024x2048,sub,fusion,16.254922
matmul_2048x1024x2048,sub,copy-start,0.011328
matmul_2048x1024x2048,sub,copy-done,0.0025
matmul_2048x1024x2048,sub,fusion,16.55375
matmul_2048x1024x2048,sub,copy-start,0.011328
matmul_2048x1024x2048,sub,copy-done,0.002656
matmul_2048x1024x2048,sub,fusion,16.555156
matmul_2048x1024x2048,sub,copy-start,0.0125
matmul_2048x1024x2048,sub,copy-done,0.003672
matmul_2048x1024x2048,sub,fusion,16.398828
matmul_2048x1024x2048,sub,copy-start,0.011328
matmul_2048x1024x2048,sub,copy-done,0.003594
matmul_2048x1024x2048,sub,fusion,16.558828
matmul_2048x1024x2048,sub,copy-start,0.011328
matmul_2048x1024x2048,sub,copy-done,0.0025
matmul_2048x1024x2048,sub,fusion,16.56375
matmul_2048x1024x2048,sub,copy-start,0.011328
matmul_2048x1024x2048,sub,copy-done,0.003594
matmul_2048x1024x2048,sub,fusion,16.511172
matmul_2048x1024x2048,sub,copy-start,0.0125
matmul_2048x1024x2048,sub,copy-done,0.002578
matmul_2048x1024x2048,sub,fusion,16.491406
matmul_2048x1024x2048,sub,copy-start,0.011328
matmul_2048x1024x2048,sub,copy-done,0.003594
matmul_2048x1024x2048,sub,fusion,16.550078
matmul_2048x1024x2048,sub,copy-start,0.0125
matmul_2048x1024x2048,sub,copy-done,0.002578
matmul_2048x1024x2048,sub,fusion,16.462266
matmul_2048x1024x2560,main,jit_validation_matrix_multiply(440882785168198521),27.809922
matmul_2048x1024x2560,main,jit_validation_matrix_multiply(440882785168198521),20.025
matmul_2048x1024x2560,main,jit_validation_matrix_multiply(440882785168198521),19.928672
matmul_2048x1024x2560,main,jit_validation_matrix_multiply(440882785168198521),19.7825
matmul_2048x1024x2560,main,jit_validation_matrix_multiply(440882785168198521),19.8325
matmul_2048x1024x2560,main,jit_validation_matrix_multiply(440882785168198521),20.069844
matmul_2048x1024x2560,main,jit_validation_matrix_multiply(440882785168198521),19.98375
matmul_2048x1024x2560,main,jit_validation_matrix_multiply(440882785168198521),20.072578
matmul_2048x1024x2560,main,jit_validation_matrix_multiply(440882785168198521),20.046328
matmul_2048x1024x2560,main,jit_validation_matrix_multiply(440882785168198521),19.819844
matmul_2048x1024x2560,sub,copy-start,0.0125
matmul_2048x1024x2560,sub,copy-done,7.891328
matmul_2048x1024x2560,sub,fusion,19.9
matmul_2048x1024x2560,sub,copy-start,0.011328
matmul_2048x1024x2560,sub,copy-done,0.003594
matmul_2048x1024x2560,sub,fusion,20.004922
matmul_2048x1024x2560,sub,copy-start,0.011406
matmul_2048x1024x2560,sub,copy-done,0.0025
matmul_2048x1024x2560,sub,fusion,19.906406
matmul_2048x1024x2560,sub,copy-start,0.0125
matmul_2048x1024x2560,sub,copy-done,0.0025
matmul_2048x1024x2560,sub,fusion,19.761328
matmul_2048x1024x2560,sub,copy-start,0.0125
matmul_2048x1024x2560,sub,copy-done,0.002578
matmul_2048x1024x2560,sub,fusion,19.812344
matmul_2048x1024x2560,sub,copy-start,0.0125
matmul_2048x1024x2560,sub,copy-done,0.003672
matmul_2048x1024x2560,sub,fusion,20.048594
matmul_2048x1024x2560,sub,copy-start,0.0125
matmul_2048x1024x2560,sub,copy-done,0.0025
matmul_2048x1024x2560,sub,fusion,19.962656
matmul_2048x1024x2560,sub,copy-start,0.0125
matmul_2048x1024x2560,sub,copy-done,0.003594
matmul_2048x1024x2560,sub,fusion,20.052422
matmul_2048x1024x2560,sub,copy-start,0.012422
matmul_2048x1024x2560,sub,copy-done,0.002578
matmul_2048x1024x2560,sub,fusion,20.026172
matmul_2048x1024x2560,sub,copy-start,0.011328
matmul_2048x1024x2560,sub,copy-done,0.003672
matmul_2048x1024x2560,sub,fusion,19.79875
matmul_2048x1024x3072,main,jit_validation_matrix_multiply(8981799495649121082),30.693672
matmul_2048x1024x3072,main,jit_validation_matrix_multiply(8981799495649121082),21.384922
matmul_2048x1024x3072,main,jit_validation_matrix_multiply(8981799495649121082),21.431328
matmul_2048x1024x3072,main,jit_validation_matrix_multiply(8981799495649121082),21.575
matmul_2048x1024x3072,main,jit_validation_matrix_multiply(8981799495649121082),21.25875
matmul_2048x1024x3072,main,jit_validation_matrix_multiply(8981799495649121082),21.353594
matmul_2048x1024x3072,main,jit_validation_matrix_multiply(8981799495649121082),21.078906
matmul_2048x1024x3072,main,jit_validation_matrix_multiply(8981799495649121082),21.58625
matmul_2048x1024x3072,main,jit_validation_matrix_multiply(8981799495649121082),21.28
matmul_2048x1024x3072,main,jit_validation_matrix_multiply(8981799495649121082),21.265
matmul_2048x1024x3072,sub,copy-start,0.011328
matmul_2048x1024x3072,sub,copy-done,9.288672
matmul_2048x1024x3072,sub,fusion,21.388594
matmul_2048x1024x3072,sub,copy-start,0.0125
matmul_2048x1024x3072,sub,copy-done,0.0025
matmul_2048x1024x3072,sub,fusion,21.362656
matmul_2048x1024x3072,sub,copy-start,0.012422
matmul_2048x1024x3072,sub,copy-done,0.002656
matmul_2048x1024x3072,sub,fusion,21.41125
matmul_2048x1024x3072,sub,copy-start,0.011328
matmul_2048x1024x3072,sub,copy-done,0.0025
matmul_2048x1024x3072,sub,fusion,21.553828
matmul_2048x1024x3072,sub,copy-start,0.0125
matmul_2048x1024x3072,sub,copy-done,0.003672
matmul_2048x1024x3072,sub,fusion,21.237656
matmul_2048x1024x3072,sub,copy-start,0.0125
matmul_2048x1024x3072,sub,copy-done,0.0025
matmul_2048x1024x3072,sub,fusion,21.332422
matmul_2048x1024x3072,sub,copy-start,0.011328
matmul_2048x1024x3072,sub,copy-done,0.0025
matmul_2048x1024x3072,sub,fusion,21.058828
matmul_2048x1024x3072,sub,copy-start,0.0125
matmul_2048x1024x3072,sub,copy-done,0.003672
matmul_2048x1024x3072,sub,fusion,21.565078
matmul_2048x1024x3072,sub,copy-start,0.0125
matmul_2048x1024x3072,sub,copy-done,0.003672
matmul_2048x1024x3072,sub,fusion,21.25875
matmul_2048x1024x3072,sub,copy-start,0.011406
matmul_2048x1024x3072,sub,copy-done,0.002578
matmul_2048x1024x3072,sub,fusion,21.244922
matmul_2048x1024x3584,main,jit_validation_matrix_multiply(5486813654687072512),37.571328
matmul_2048x1024x3584,main,jit_validation_matrix_multiply(5486813654687072512),26.8875
matmul_2048x1024x3584,main,jit_validation_matrix_multiply(5486813654687072512),26.975
matmul_2048x1024x3584,main,jit_validation_matrix_multiply(5486813654687072512),27.15125
matmul_2048x1024x3584,main,jit_validation_matrix_multiply(5486813654687072512),27.211172
matmul_2048x1024x3584,main,jit_validation_matrix_multiply(5486813654687072512),27.0
matmul_2048x1024x3584,main,jit_validation_matrix_multiply(5486813654687072512),26.966328
matmul_2048x1024x3584,main,jit_validation_matrix_multiply(5486813654687072512),26.883516
matmul_2048x1024x3584,main,jit_validation_matrix_multiply(5486813654687072512),27.128828
matmul_2048x1024x3584,main,jit_validation_matrix_multiply(5486813654687072512),26.981328
matmul_2048x1024x3584,sub,copy-start,0.0125
matmul_2048x1024x3584,sub,copy-done,10.569844
matmul_2048x1024x3584,sub,fusion,26.984922
matmul_2048x1024x3584,sub,copy-start,0.012422
matmul_2048x1024x3584,sub,copy-done,0.002656
matmul_2048x1024x3584,sub,fusion,26.866406
matmul_2048x1024x3584,sub,copy-start,0.012422
matmul_2048x1024x3584,sub,copy-done,0.002578
matmul_2048x1024x3584,sub,fusion,26.95375
matmul_2048x1024x3584,sub,copy-start,0.0125
matmul_2048x1024x3584,sub,copy-done,0.0025
matmul_2048x1024x3584,sub,fusion,27.13125
matmul_2048x1024x3584,sub,copy-start,0.0125
matmul_2048x1024x3584,sub,copy-done,0.002578
matmul_2048x1024x3584,sub,fusion,27.189844
matmul_2048x1024x3584,sub,copy-start,0.012422
matmul_2048x1024x3584,sub,copy-done,0.0025
matmul_2048x1024x3584,sub,fusion,26.979922
matmul_2048x1024x3584,sub,copy-start,0.012422
matmul_2048x1024x3584,sub,copy-done,0.003672
matmul_2048x1024x3584,sub,fusion,26.946172
matmul_2048x1024x3584,sub,copy-start,0.011406
matmul_2048x1024x3584,sub,copy-done,0.002656
matmul_2048x1024x3584,sub,fusion,26.861406
matmul_2048x1024x3584,sub,copy-start,0.0125
matmul_2048x1024x3584,sub,copy-done,0.0025
matmul_2048x1024x3584,sub,fusion,27.10875
matmul_2048x1024x3584,sub,copy-start,0.011406
matmul_2048x1024x3584,sub,copy-done,0.002578
matmul_2048x1024x3584,sub,fusion,26.96125
matmul_2048x1024x4096,main,jit_validation_matrix_multiply(3113379049777548040),40.340078
matmul_2048x1024x4096,main,jit_validation_matrix_multiply(3113379049777548040),28.188828
matmul_2048x1024x4096,main,jit_validation_matrix_multiply(3113379049777548040),28.17375
matmul_2048x1024x4096,main,jit_validation_matrix_multiply(3113379049777548040),28.008594
matmul_2048x1024x4096,main,jit_validation_matrix_multiply(3113379049777548040),27.901328
matmul_2048x1024x4096,main,jit_validation_matrix_multiply(3113379049777548040),28.251172
matmul_2048x1024x4096,main,jit_validation_matrix_multiply(3113379049777548040),28.12125
matmul_2048x1024x4096,main,jit_validation_matrix_multiply(3113379049777548040),28.359922
matmul_2048x1024x4096,main,jit_validation_matrix_multiply(3113379049777548040),28.108828
matmul_2048x1024x4096,main,jit_validation_matrix_multiply(3113379049777548040),28.3225
matmul_2048x1024x4096,sub,copy-start,0.012344
matmul_2048x1024x4096,sub,copy-done,12.122656
matmul_2048x1024x4096,sub,fusion,28.198828
matmul_2048x1024x4096,sub,copy-start,0.011328
matmul_2048x1024x4096,sub,copy-done,0.003672
matmul_2048x1024x4096,sub,fusion,28.1675
matmul_2048x1024x4096,sub,copy-start,0.011328
matmul_2048x1024x4096,sub,copy-done,0.003672
matmul_2048x1024x4096,sub,fusion,28.1525
matmul_2048x1024x4096,sub,copy-start,0.011328
matmul_2048x1024x4096,sub,copy-done,0.00375
matmul_2048x1024x4096,sub,fusion,27.986406
matmul_2048x1024x4096,sub,copy-start,0.012422
matmul_2048x1024x4096,sub,copy-done,0.00375
matmul_2048x1024x4096,sub,fusion,27.881172
matmul_2048x1024x4096,sub,copy-start,0.0125
matmul_2048x1024x4096,sub,copy-done,0.002578
matmul_2048x1024x4096,sub,fusion,28.229922
matmul_2048x1024x4096,sub,copy-start,0.0125
matmul_2048x1024x4096,sub,copy-done,0.003594
matmul_2048x1024x4096,sub,fusion,28.098828
matmul_2048x1024x4096,sub,copy-start,0.012344
matmul_2048x1024x4096,sub,copy-done,0.00375
matmul_2048x1024x4096,sub,fusion,28.338672
matmul_2048x1024x4096,sub,copy-start,0.012344
matmul_2048x1024x4096,sub,copy-done,0.00375
matmul_2048x1024x4096,sub,fusion,28.088672
matmul_2048x1024x4096,sub,copy-start,0.012344
matmul_2048x1024x4096,sub,copy-done,0.002578
matmul_2048x1024x4096,sub,fusion,28.302344
matmul_2048x1536x1024,main,jit_validation_matrix_multiply(10305379916315537871),17.1525
matmul_2048x1536x1024,main,jit_validation_matrix_multiply(10305379916315537871),13.92
matmul_2048x1536x1024,main,jit_validation_matrix_multiply(10305379916315537871),13.688828
matmul_2048x1536x1024,main,jit_validation_matrix_multiply(10305379916315537871),13.7625
matmul_2048x1536x1024,main,jit_validation_matrix_multiply(10305379916315537871),13.668672
matmul_2048x1536x1024,main,jit_validation_matrix_multiply(10305379916315537871),13.625078
matmul_2048x1536x1024,main,jit_validation_matrix_multiply(10305379916315537871),13.697344
matmul_2048x1536x1024,main,jit_validation_matrix_multiply(10305379916315537871),13.858906
matmul_2048x1536x1024,main,jit_validation_matrix_multiply(10305379916315537871),13.812422
matmul_2048x1536x1024,main,jit_validation_matrix_multiply(10305379916315537871),13.676094
matmul_2048x1536x1024,sub,copy-start,0.011328
matmul_2048x1536x1024,sub,copy-done,3.446094
matmul_2048x1536x1024,sub,fusion,13.6875
matmul_2048x1536x1024,sub,copy-start,0.0125
matmul_2048x1536x1024,sub,copy-done,0.0025
matmul_2048x1536x1024,sub,fusion,13.898906
matmul_2048x1536x1024,sub,copy-start,0.011484
matmul_2048x1536x1024,sub,copy-done,0.002578
matmul_2048x1536x1024,sub,fusion,13.66875
matmul_2048x1536x1024,sub,copy-start,0.012422
matmul_2048x1536x1024,sub,copy-done,0.002578
matmul_2048x1536x1024,sub,fusion,13.74125
matmul_2048x1536x1024,sub,copy-start,0.0125
matmul_2048x1536x1024,sub,copy-done,0.0025
matmul_2048x1536x1024,sub,fusion,13.648594
matmul_2048x1536x1024,sub,copy-start,0.011328
matmul_2048x1536x1024,sub,copy-done,0.003594
matmul_2048x1536x1024,sub,fusion,13.605
matmul_2048x1536x1024,sub,copy-start,0.0125
matmul_2048x1536x1024,sub,copy-done,0.003672
matmul_2048x1536x1024,sub,fusion,13.676094
matmul_2048x1536x1024,sub,copy-start,0.0125
matmul_2048x1536x1024,sub,copy-done,0.0025
matmul_2048x1536x1024,sub,fusion,13.838828
matmul_2048x1536x1024,sub,copy-start,0.011328
matmul_2048x1536x1024,sub,copy-done,0.003594
matmul_2048x1536x1024,sub,fusion,13.79125
matmul_2048x1536x1024,sub,copy-start,0.011328
matmul_2048x1536x1024,sub,copy-done,0.003672
matmul_2048x1536x1024,sub,fusion,13.654844
matmul_2048x1536x1536,main,jit_validation_matrix_multiply(10086261636706667304),23.416328
matmul_2048x1536x1536,main,jit_validation_matrix_multiply(10086261636706667304),18.69
matmul_2048x1536x1536,main,jit_validation_matrix_multiply(10086261636706667304),18.427578
matmul_2048x1536x1536,main,jit_validation_matrix_multiply(10086261636706667304),18.392422
matmul_2048x1536x1536,main,jit_validation_matrix_multiply(10086261636706667304),18.622422
matmul_2048x1536x1536,main,jit_validation_matrix_multiply(10086261636706667304),18.216406
matmul_2048x1536x1536,main,jit_validation_matrix_multiply(10086261636706667304),18.235234
matmul_2048x1536x1536,main,jit_validation_matrix_multiply(10086261636706667304),18.408828
matmul_2048x1536x1536,main,jit_validation_matrix_multiply(10086261636706667304),18.290078
matmul_2048x1536x1536,main,jit_validation_matrix_multiply(10086261636706667304),18.36375
matmul_2048x1536x1536,sub,copy-start,0.011328
matmul_2048x1536x1536,sub,copy-done,4.948828
matmul_2048x1536x1536,sub,fusion,18.45
matmul_2048x1536x1536,sub,copy-start,0.011406
matmul_2048x1536x1536,sub,copy-done,0.0025
matmul_2048x1536x1536,sub,fusion,18.66875
matmul_2048x1536x1536,sub,copy-start,0.011328
matmul_2048x1536x1536,sub,copy-done,0.0025
matmul_2048x1536x1536,sub,fusion,18.4075
matmul_2048x1536x1536,sub,copy-start,0.012344
matmul_2048x1536x1536,sub,copy-done,0.0025
matmul_2048x1536x1536,sub,fusion,18.37
matmul_2048x1536x1536,sub,copy-start,0.0125
matmul_2048x1536x1536,sub,copy-done,0.0025
matmul_2048x1536x1536,sub,fusion,18.602344
matmul_2048x1536x1536,sub,copy-start,0.0125
matmul_2048x1536x1536,sub,copy-done,0.003672
matmul_2048x1536x1536,sub,fusion,18.196172
matmul_2048x1536x1536,sub,copy-start,0.011328
matmul_2048x1536x1536,sub,copy-done,0.002578
matmul_2048x1536x1536,sub,fusion,18.215156
matmul_2048x1536x1536,sub,copy-start,0.0125
matmul_2048x1536x1536,sub,copy-done,0.0025
matmul_2048x1536x1536,sub,fusion,18.38875
matmul_2048x1536x1536,sub,copy-start,0.011406
matmul_2048x1536x1536,sub,copy-done,0.0025
matmul_2048x1536x1536,sub,fusion,18.268828
matmul_2048x1536x1536,sub,copy-start,0.012422
matmul_2048x1536x1536,sub,copy-done,0.002578
matmul_2048x1536x1536,sub,fusion,18.3425
matmul_2048x1536x2048,main,jit_validation_matrix_multiply(15150884125102858693),29.667578
matmul_2048x1536x2048,main,jit_validation_matrix_multiply(15150884125102858693),23.38875
matmul_2048x1536x2048,main,jit_validation_matrix_multiply(15150884125102858693),23.296094
matmul_2048x1536x2048,main,jit_validation_matrix_multiply(15150884125102858693),23.025078
matmul_2048x1536x2048,main,jit_validation_matrix_multiply(15150884125102858693),23.444844
matmul_2048x1536x2048,main,jit_validation_matrix_multiply(15150884125102858693),23.231328
matmul_2048x1536x2048,main,jit_validation_matrix_multiply(15150884125102858693),23.175
matmul_2048x1536x2048,main,jit_validation_matrix_multiply(15150884125102858693),23.179922
matmul_2048x1536x2048,main,jit_validation_matrix_multiply(15150884125102858693),23.08875
matmul_2048x1536x2048,main,jit_validation_matrix_multiply(15150884125102858693),23.16625
matmul_2048x1536x2048,sub,copy-start,0.011328
matmul_2048x1536x2048,sub,copy-done,6.460078
matmul_2048x1536x2048,sub,fusion,23.19
matmul_2048x1536x2048,sub,copy-start,0.0125
matmul_2048x1536x2048,sub,copy-done,0.0025
matmul_2048x1536x2048,sub,fusion,23.367656
matmul_2048x1536x2048,sub,copy-start,0.011328
matmul_2048x1536x2048,sub,copy-done,0.003672
matmul_2048x1536x2048,sub,fusion,23.274844
matmul_2048x1536x2048,sub,copy-start,0.011328
matmul_2048x1536x2048,sub,copy-done,0.002656
matmul_2048x1536x2048,sub,fusion,23.005
matmul_2048x1536x2048,sub,copy-start,0.0125
matmul_2048x1536x2048,sub,copy-done,0.003672
matmul_2048x1536x2048,sub,fusion,23.423672
matmul_2048x1536x2048,sub,copy-start,0.012422
matmul_2048x1536x2048,sub,copy-done,0.003672
matmul_2048x1536x2048,sub,fusion,23.211172
matmul_2048x1536x2048,sub,copy-start,0.012344
matmul_2048x1536x2048,sub,copy-done,0.003672
matmul_2048x1536x2048,sub,fusion,23.154922
matmul_2048x1536x2048,sub,copy-start,0.0125
matmul_2048x1536x2048,sub,copy-done,0.0025
matmul_2048x1536x2048,sub,fusion,23.159844
matmul_2048x1536x2048,sub,copy-start,0.012344
matmul_2048x1536x2048,sub,copy-done,0.0025
matmul_2048x1536x2048,sub,fusion,23.068672
matmul_2048x1536x2048,sub,copy-start,0.0125
matmul_2048x1536x2048,sub,copy-done,0.0025
matmul_2048x1536x2048,sub,fusion,23.146172
matmul_2048x1536x2560,main,jit_validation_matrix_multiply(16386666575064751666),33.855078
matmul_2048x1536x2560,main,jit_validation_matrix_multiply(16386666575064751666),25.97125
matmul_2048x1536x2560,main,jit_validation_matrix_multiply(16386666575064751666),25.84875
matmul_2048x1536x2560,main,jit_validation_matrix_multiply(16386666575064751666),26.013828
matmul_2048x1536x2560,main,jit_validation_matrix_multiply(16386666575064751666),26.05625
matmul_2048x1536x2560,main,jit_validation_matrix_multiply(16386666575064751666),25.963594
matmul_2048x1536x2560,main,jit_validation_matrix_multiply(16386666575064751666),25.897422
matmul_2048x1536x2560,main,jit_validation_matrix_multiply(16386666575064751666),26.0025
matmul_2048x1536x2560,main,jit_validation_matrix_multiply(16386666575064751666),25.910078
matmul_2048x1536x2560,main,jit_validation_matrix_multiply(16386666575064751666),25.88625
matmul_2048x1536x2560,sub,copy-start,0.012344
matmul_2048x1536x2560,sub,copy-done,7.789922
matmul_2048x1536x2560,sub,fusion,26.04875
matmul_2048x1536x2560,sub,copy-start,0.012344
matmul_2048x1536x2560,sub,copy-done,0.0025
matmul_2048x1536x2560,sub,fusion,25.95
matmul_2048x1536x2560,sub,copy-start,0.0125
matmul_2048x1536x2560,sub,copy-done,0.0025
matmul_2048x1536x2560,sub,fusion,25.827656
matmul_2048x1536x2560,sub,copy-start,0.012422
matmul_2048x1536x2560,sub,copy-done,0.002578
matmul_2048x1536x2560,sub,fusion,25.99375
matmul_2048x1536x2560,sub,copy-start,0.0125
matmul_2048x1536x2560,sub,copy-done,0.003672
matmul_2048x1536x2560,sub,fusion,26.036094
matmul_2048x1536x2560,sub,copy-start,0.0125
matmul_2048x1536x2560,sub,copy-done,0.0025
matmul_2048x1536x2560,sub,fusion,25.942422
matmul_2048x1536x2560,sub,copy-start,0.012344
matmul_2048x1536x2560,sub,copy-done,0.0025
matmul_2048x1536x2560,sub,fusion,25.87625
matmul_2048x1536x2560,sub,copy-start,0.011328
matmul_2048x1536x2560,sub,copy-done,0.002656
matmul_2048x1536x2560,sub,fusion,25.981406
matmul_2048x1536x2560,sub,copy-start,0.012422
matmul_2048x1536x2560,sub,copy-done,0.002578
matmul_2048x1536x2560,sub,fusion,25.89
matmul_2048x1536x2560,sub,copy-start,0.011328
matmul_2048x1536x2560,sub,copy-done,0.002578
matmul_2048x1536x2560,sub,fusion,25.865078
matmul_2048x1536x3072,main,jit_validation_matrix_multiply(7900702223941783221),39.389922
matmul_2048x1536x3072,main,jit_validation_matrix_multiply(7900702223941783221),29.777422
matmul_2048x1536x3072,main,jit_validation_matrix_multiply(7900702223941783221),30.037344
matmul_2048x1536x3072,main,jit_validation_matrix_multiply(7900702223941783221),29.807578
matmul_2048x1536x3072,main,jit_validation_matrix_multiply(7900702223941783221),29.672344
matmul_2048x1536x3072,main,jit_validation_matrix_multiply(7900702223941783221),29.843672
matmul_2048x1536x3072,main,jit_validation_matrix_multiply(7900702223941783221),30.04625
matmul_2048x1536x3072,main,jit_validation_matrix_multiply(7900702223941783221),29.831094
matmul_2048x1536x3072,main,jit_validation_matrix_multiply(7900702223941783221),29.73125
matmul_2048x1536x3072,main,jit_validation_matrix_multiply(7900702223941783221),29.86625
matmul_2048x1536x3072,sub,copy-start,0.0125
matmul_2048x1536x3072,sub,copy-done,9.534844
matmul_2048x1536x3072,sub,fusion,29.836328
matmul_2048x1536x3072,sub,copy-start,0.0125
matmul_2048x1536x3072,sub,copy-done,0.0025
matmul_2048x1536x3072,sub,fusion,29.75625
matmul_2048x1536x3072,sub,copy-start,0.011328
matmul_2048x1536x3072,sub,copy-done,0.0025
matmul_2048x1536x3072,sub,fusion,30.016406
matmul_2048x1536x3072,sub,copy-start,0.0125
matmul_2048x1536x3072,sub,copy-done,0.003672
matmul_2048x1536x3072,sub,fusion,29.787422
matmul_2048x1536x3072,sub,copy-start,0.011328
matmul_2048x1536x3072,sub,copy-done,0.003672
matmul_2048x1536x3072,sub,fusion,29.65125
matmul_2048x1536x3072,sub,copy-start,0.011406
matmul_2048x1536x3072,sub,copy-done,0.0025
matmul_2048x1536x3072,sub,fusion,29.821406
matmul_2048x1536x3072,sub,copy-start,0.012422
matmul_2048x1536x3072,sub,copy-done,0.003672
matmul_2048x1536x3072,sub,fusion,30.025
matmul_2048x1536x3072,sub,copy-start,0.0125
matmul_2048x1536x3072,sub,copy-done,0.002578
matmul_2048x1536x3072,sub,fusion,29.809844
matmul_2048x1536x3072,sub,copy-start,0.011328
matmul_2048x1536x3072,sub,copy-done,0.002578
matmul_2048x1536x3072,sub,fusion,29.710078
matmul_2048x1536x3072,sub,copy-start,0.0125
matmul_2048x1536x3072,sub,copy-done,0.0025
matmul_2048x1536x3072,sub,fusion,29.845234
matmul_2048x1536x3584,main,jit_validation_matrix_multiply(15102773776870462111),48.28875
matmul_2048x1536x3584,main,jit_validation_matrix_multiply(15102773776870462111),37.853672
matmul_2048x1536x3584,main,jit_validation_matrix_multiply(15102773776870462111),37.60625
matmul_2048x1536x3584,main,jit_validation_matrix_multiply(15102773776870462111),37.73625
matmul_2048x1536x3584,main,jit_validation_matrix_multiply(15102773776870462111),37.917422
matmul_2048x1536x3584,main,jit_validation_matrix_multiply(15102773776870462111),37.986172
matmul_2048x1536x3584,main,jit_validation_matrix_multiply(15102773776870462111),37.683594
matmul_2048x1536x3584,main,jit_validation_matrix_multiply(15102773776870462111),37.983672
matmul_2048x1536x3584,main,jit_validation_matrix_multiply(15102773776870462111),38.0125
matmul_2048x1536x3584,main,jit_validation_matrix_multiply(15102773776870462111),37.939922
matmul_2048x1536x3584,sub,copy-start,0.011328
matmul_2048x1536x3584,sub,copy-done,10.59
matmul_2048x1536x3584,sub,fusion,37.68125
matmul_2048x1536x3584,sub,copy-start,0.011406
matmul_2048x1536x3584,sub,copy-done,0.0025
matmul_2048x1536x3584,sub,fusion,37.831406
matmul_2048x1536x3584,sub,copy-start,0.0125
matmul_2048x1536x3584,sub,copy-done,0.003672
matmul_2048x1536x3584,sub,fusion,37.585078
matmul_2048x1536x3584,sub,copy-start,0.011328
matmul_2048x1536x3584,sub,copy-done,0.003594
matmul_2048x1536x3584,sub,fusion,37.716172
matmul_2048x1536x3584,sub,copy-start,0.011328
matmul_2048x1536x3584,sub,copy-done,0.002578
matmul_2048x1536x3584,sub,fusion,37.897344
matmul_2048x1536x3584,sub,copy-start,0.011328
matmul_2048x1536x3584,sub,copy-done,0.002578
matmul_2048x1536x3584,sub,fusion,37.966094
matmul_2048x1536x3584,sub,copy-start,0.0125
matmul_2048x1536x3584,sub,copy-done,0.0025
matmul_2048x1536x3584,sub,fusion,37.662422
matmul_2048x1536x3584,sub,copy-start,0.0125
matmul_2048x1536x3584,sub,copy-done,0.003672
matmul_2048x1536x3584,sub,fusion,37.962578
matmul_2048x1536x3584,sub,copy-start,0.011328
matmul_2048x1536x3584,sub,copy-done,0.003594
matmul_2048x1536x3584,sub,fusion,37.992422
matmul_2048x1536x3584,sub,copy-start,0.011328
matmul_2048x1536x3584,sub,copy-done,0.003594
matmul_2048x1536x3584,sub,fusion,37.918828
matmul_2048x1536x4096,main,jit_validation_matrix_multiply(6690968628317912841),53.047422
matmul_2048x1536x4096,main,jit_validation_matrix_multiply(6690968628317912841),40.670078
matmul_2048x1536x4096,main,jit_validation_matrix_multiply(6690968628317912841),41.083672
matmul_2048x1536x4096,main,jit_validation_matrix_multiply(6690968628317912841),40.77125
matmul_2048x1536x4096,main,jit_validation_matrix_multiply(6690968628317912841),40.70375
matmul_2048x1536x4096,main,jit_validation_matrix_multiply(6690968628317912841),40.4375
matmul_2048x1536x4096,main,jit_validation_matrix_multiply(6690968628317912841),41.62
matmul_2048x1536x4096,main,jit_validation_matrix_multiply(6690968628317912841),40.571094
matmul_2048x1536x4096,main,jit_validation_matrix_multiply(6690968628317912841),40.885
matmul_2048x1536x4096,main,jit_validation_matrix_multiply(6690968628317912841),40.807344
matmul_2048x1536x4096,sub,copy-start,0.0125
matmul_2048x1536x4096,sub,copy-done,12.1275
matmul_2048x1536x4096,sub,fusion,40.901172
matmul_2048x1536x4096,sub,copy-start,0.0125
matmul_2048x1536x4096,sub,copy-done,0.003672
matmul_2048x1536x4096,sub,fusion,40.648828
matmul_2048x1536x4096,sub,copy-start,0.012344
matmul_2048x1536x4096,sub,copy-done,0.00375
matmul_2048x1536x4096,sub,fusion,41.06125
matmul_2048x1536x4096,sub,copy-start,0.0125
matmul_2048x1536x4096,sub,copy-done,0.003672
matmul_2048x1536x4096,sub,fusion,40.75
matmul_2048x1536x4096,sub,copy-start,0.012422
matmul_2048x1536x4096,sub,copy-done,0.003672
matmul_2048x1536x4096,sub,fusion,40.6825
matmul_2048x1536x4096,sub,copy-start,0.011328
matmul_2048x1536x4096,sub,copy-done,0.003594
matmul_2048x1536x4096,sub,fusion,40.415234
matmul_2048x1536x4096,sub,copy-start,0.0125
matmul_2048x1536x4096,sub,copy-done,0.002578
matmul_2048x1536x4096,sub,fusion,41.598828
matmul_2048x1536x4096,sub,copy-start,0.011328
matmul_2048x1536x4096,sub,copy-done,0.00375
matmul_2048x1536x4096,sub,fusion,40.548828
matmul_2048x1536x4096,sub,copy-start,0.011328
matmul_2048x1536x4096,sub,copy-done,0.003672
matmul_2048x1536x4096,sub,fusion,40.86375
matmul_2048x1536x4096,sub,copy-start,0.011328
matmul_2048x1536x4096,sub,copy-done,0.00375
matmul_2048x1536x4096,sub,fusion,40.785078
matmul_2048x2048x1024,main,jit_validation_matrix_multiply(15475378732619047786),20.677422
matmul_2048x2048x1024,main,jit_validation_matrix_multiply(15475378732619047786),17.213984
matmul_2048x2048x1024,main,jit_validation_matrix_multiply(15475378732619047786),17.228672
matmul_2048x2048x1024,main,jit_validation_matrix_multiply(15475378732619047786),17.430078
matmul_2048x2048x1024,main,jit_validation_matrix_multiply(15475378732619047786),17.348828
matmul_2048x2048x1024,main,jit_validation_matrix_multiply(15475378732619047786),17.2625
matmul_2048x2048x1024,main,jit_validation_matrix_multiply(15475378732619047786),17.287422
matmul_2048x2048x1024,main,jit_validation_matrix_multiply(15475378732619047786),17.2475
matmul_2048x2048x1024,main,jit_validation_matrix_multiply(15475378732619047786),17.283594
matmul_2048x2048x1024,main,jit_validation_matrix_multiply(15475378732619047786),17.218828
matmul_2048x2048x1024,sub,copy-start,0.012344
matmul_2048x2048x1024,sub,copy-done,3.4325
matmul_2048x2048x1024,sub,fusion,17.227422
matmul_2048x2048x1024,sub,copy-start,0.011328
matmul_2048x2048x1024,sub,copy-done,0.003594
matmul_2048x2048x1024,sub,fusion,17.193828
matmul_2048x2048x1024,sub,copy-start,0.0125
matmul_2048x2048x1024,sub,copy-done,0.003672
matmul_2048x2048x1024,sub,fusion,17.208594
matmul_2048x2048x1024,sub,copy-start,0.011328
matmul_2048x2048x1024,sub,copy-done,0.002578
matmul_2048x2048x1024,sub,fusion,17.41
matmul_2048x2048x1024,sub,copy-start,0.012344
matmul_2048x2048x1024,sub,copy-done,0.0025
matmul_2048x2048x1024,sub,fusion,17.32875
matmul_2048x2048x1024,sub,copy-start,0.0125
matmul_2048x2048x1024,sub,copy-done,0.0025
matmul_2048x2048x1024,sub,fusion,17.242422
matmul_2048x2048x1024,sub,copy-start,0.0125
matmul_2048x2048x1024,sub,copy-done,0.003672
matmul_2048x2048x1024,sub,fusion,17.26625
matmul_2048x2048x1024,sub,copy-start,0.011328
matmul_2048x2048x1024,sub,copy-done,0.002656
matmul_2048x2048x1024,sub,fusion,17.22625
matmul_2048x2048x1024,sub,copy-start,0.0125
matmul_2048x2048x1024,sub,copy-done,0.0025
matmul_2048x2048x1024,sub,fusion,17.262422
matmul_2048x2048x1024,sub,copy-start,0.011328
matmul_2048x2048x1024,sub,copy-done,0.0025
matmul_2048x2048x1024,sub,fusion,17.19875
matmul_2048x2048x1536,main,jit_validation_matrix_multiply(12033656607292870801),28.727578
matmul_2048x2048x1536,main,jit_validation_matrix_multiply(12033656607292870801),24.08875
matmul_2048x2048x1536,main,jit_validation_matrix_multiply(12033656607292870801),23.70125
matmul_2048x2048x1536,main,jit_validation_matrix_multiply(12033656607292870801),24.040156
matmul_2048x2048x1536,main,jit_validation_matrix_multiply(12033656607292870801),23.848672
matmul_2048x2048x1536,main,jit_validation_matrix_multiply(12033656607292870801),23.595
matmul_2048x2048x1536,main,jit_validation_matrix_multiply(12033656607292870801),23.766172
matmul_2048x2048x1536,main,jit_validation_matrix_multiply(12033656607292870801),23.88375
matmul_2048x2048x1536,main,jit_validation_matrix_multiply(12033656607292870801),23.953594
matmul_2048x2048x1536,main,jit_validation_matrix_multiply(12033656607292870801),23.436172
matmul_2048x2048x1536,sub,copy-start,0.011328
matmul_2048x2048x1536,sub,copy-done,5.025078
matmul_2048x2048x1536,sub,fusion,23.685
matmul_2048x2048x1536,sub,copy-start,0.0125
matmul_2048x2048x1536,sub,copy-done,0.003672
matmul_2048x2048x1536,sub,fusion,24.068594
matmul_2048x2048x1536,sub,copy-start,0.011328
matmul_2048x2048x1536,sub,copy-done,0.003594
matmul_2048x2048x1536,sub,fusion,23.679922
matmul_2048x2048x1536,sub,copy-start,0.0125
matmul_2048x2048x1536,sub,copy-done,0.003672
matmul_2048x2048x1536,sub,fusion,24.020078
matmul_2048x2048x1536,sub,copy-start,0.0125
matmul_2048x2048x1536,sub,copy-done,0.0025
matmul_2048x2048x1536,sub,fusion,23.828594
matmul_2048x2048x1536,sub,copy-start,0.011328
matmul_2048x2048x1536,sub,copy-done,0.002578
matmul_2048x2048x1536,sub,fusion,23.574922
matmul_2048x2048x1536,sub,copy-start,0.012422
matmul_2048x2048x1536,sub,copy-done,0.002578
matmul_2048x2048x1536,sub,fusion,23.746094
matmul_2048x2048x1536,sub,copy-start,0.011328
matmul_2048x2048x1536,sub,copy-done,0.002578
matmul_2048x2048x1536,sub,fusion,23.862656
matmul_2048x2048x1536,sub,copy-start,0.0125
matmul_2048x2048x1536,sub,copy-done,0.0025
matmul_2048x2048x1536,sub,fusion,23.932344
matmul_2048x2048x1536,sub,copy-start,0.0125
matmul_2048x2048x1536,sub,copy-done,0.003672
matmul_2048x2048x1536,sub,fusion,23.415
matmul_2048x2048x2048,main,jit_validation_matrix_multiply(14151086548304277480),37.113594
matmul_2048x2048x2048,main,jit_validation_matrix_multiply(14151086548304277480),30.3
matmul_2048x2048x2048,main,jit_validation_matrix_multiply(14151086548304277480),30.32375
matmul_2048x2048x2048,main,jit_validation_matrix_multiply(14151086548304277480),30.173672
matmul_2048x2048x2048,main,jit_validation_matrix_multiply(14151086548304277480),30.250156
matmul_2048x2048x2048,main,jit_validation_matrix_multiply(14151086548304277480),29.721172
matmul_2048x2048x2048,main,jit_validation_matrix_multiply(14151086548304277480),30.607422
matmul_2048x2048x2048,main,jit_validation_matrix_multiply(14151086548304277480),30.2825
matmul_2048x2048x2048,main,jit_validation_matrix_multiply(14151086548304277480),30.1575
matmul_2048x2048x2048,main,jit_validation_matrix_multiply(14151086548304277480),30.178906
matmul_2048x2048x2048,sub,copy-start,0.011328
matmul_2048x2048x2048,sub,copy-done,6.508828
matmul_2048x2048x2048,sub,fusion,30.586328
matmul_2048x2048x2048,sub,copy-start,0.011328
matmul_2048x2048x2048,sub,copy-done,0.002578
matmul_2048x2048x2048,sub,fusion,30.279922
matmul_2048x2048x2048,sub,copy-start,0.011328
matmul_2048x2048x2048,sub,copy-done,0.002656
matmul_2048x2048x2048,sub,fusion,30.302578
matmul_2048x2048x2048,sub,copy-start,0.0125
matmul_2048x2048x2048,sub,copy-done,0.0025
matmul_2048x2048x2048,sub,fusion,30.153594
matmul_2048x2048x2048,sub,copy-start,0.011328
matmul_2048x2048x2048,sub,copy-done,0.0025
matmul_2048x2048x2048,sub,fusion,30.230078
matmul_2048x2048x2048,sub,copy-start,0.011406
matmul_2048x2048x2048,sub,copy-done,0.003516
matmul_2048x2048x2048,sub,fusion,29.7
matmul_2048x2048x2048,sub,copy-start,0.0125
matmul_2048x2048x2048,sub,copy-done,0.0025
matmul_2048x2048x2048,sub,fusion,30.587344
matmul_2048x2048x2048,sub,copy-start,0.011328
matmul_2048x2048x2048,sub,copy-done,0.002578
matmul_2048x2048x2048,sub,fusion,30.262422
matmul_2048x2048x2048,sub,copy-start,0.0125
matmul_2048x2048x2048,sub,copy-done,0.003672
matmul_2048x2048x2048,sub,fusion,30.136406
matmul_2048x2048x2048,sub,copy-start,0.011328
matmul_2048x2048x2048,sub,copy-done,0.002656
matmul_2048x2048x2048,sub,fusion,30.158828
matmul_2048x2048x2560,main,jit_validation_matrix_multiply(16930838492831887940),44.497656
matmul_2048x2048x2560,main,jit_validation_matrix_multiply(16930838492831887940),37.15375
matmul_2048x2048x2560,main,jit_validation_matrix_multiply(16930838492831887940),36.966328
matmul_2048x2048x2560,main,jit_validation_matrix_multiply(16930838492831887940),37.16
matmul_2048x2048x2560,main,jit_validation_matrix_multiply(16930838492831887940),37.235
matmul_2048x2048x2560,main,jit_validation_matrix_multiply(16930838492831887940),36.98875
matmul_2048x2048x2560,main,jit_validation_matrix_multiply(16930838492831887940),37.013594
matmul_2048x2048x2560,main,jit_validation_matrix_multiply(16930838492831887940),37.252422
matmul_2048x2048x2560,main,jit_validation_matrix_multiply(16930838492831887940),37.099922
matmul_2048x2048x2560,main,jit_validation_matrix_multiply(16930838492831887940),37.107422
matmul_2048x2048x2560,sub,copy-start,0.011406
matmul_2048x2048x2560,sub,copy-done,7.665078
matmul_2048x2048x2560,sub,fusion,36.816172
matmul_2048x2048x2560,sub,copy-start,0.011328
matmul_2048x2048x2560,sub,copy-done,0.003672
matmul_2048x2048x2560,sub,fusion,37.133672
matmul_2048x2048x2560,sub,copy-start,0.011328
matmul_2048x2048x2560,sub,copy-done,0.002578
matmul_2048x2048x2560,sub,fusion,36.94625
matmul_2048x2048x2560,sub,copy-start,0.0125
matmul_2048x2048x2560,sub,copy-done,0.0025
matmul_2048x2048x2560,sub,fusion,37.138906
matmul_2048x2048x2560,sub,copy-start,0.0125
matmul_2048x2048x2560,sub,copy-done,0.0025
matmul_2048x2048x2560,sub,fusion,37.214922
matmul_2048x2048x2560,sub,copy-start,0.012344
matmul_2048x2048x2560,sub,copy-done,0.0025
matmul_2048x2048x2560,sub,fusion,36.967578
matmul_2048x2048x2560,sub,copy-start,0.011328
matmul_2048x2048x2560,sub,copy-done,0.002578
matmul_2048x2048x2560,sub,fusion,36.992422
matmul_2048x2048x2560,sub,copy-start,0.012344
matmul_2048x2048x2560,sub,copy-done,0.0025
matmul_2048x2048x2560,sub,fusion,37.230078
matmul_2048x2048x2560,sub,copy-start,0.012422
matmul_2048x2048x2560,sub,copy-done,0.003672
matmul_2048x2048x2560,sub,fusion,37.07875
matmul_2048x2048x2560,sub,copy-start,0.011328
matmul_2048x2048x2560,sub,copy-done,0.003672
matmul_2048x2048x2560,sub,fusion,37.087344
matmul_2048x2048x3072,main,jit_validation_matrix_multiply(12571926795120376860),47.6875
matmul_2048x2048x3072,main,jit_validation_matrix_multiply(12571926795120376860),38.51875
matmul_2048x2048x3072,main,jit_validation_matrix_multiply(12571926795120376860),38.637656
matmul_2048x2048x3072,main,jit_validation_matrix_multiply(12571926795120376860),38.737656
matmul_2048x2048x3072,main,jit_validation_matrix_multiply(12571926795120376860),38.672422
matmul_2048x2048x3072,main,jit_validation_matrix_multiply(12571926795120376860),38.675156
matmul_2048x2048x3072,main,jit_validation_matrix_multiply(12571926795120376860),38.748594
matmul_2048x2048x3072,main,jit_validation_matrix_multiply(12571926795120376860),38.52
matmul_2048x2048x3072,main,jit_validation_matrix_multiply(12571926795120376860),38.976328
matmul_2048x2048x3072,main,jit_validation_matrix_multiply(12571926795120376860),38.44625
matmul_2048x2048x3072,sub,copy-start,0.012422
matmul_2048x2048x3072,sub,copy-done,9.11625
matmul_2048x2048x3072,sub,fusion,38.55375
matmul_2048x2048x3072,sub,copy-start,0.0125
matmul_2048x2048x3072,sub,copy-done,0.0025
matmul_2048x2048x3072,sub,fusion,38.497656
matmul_2048x2048x3072,sub,copy-start,0.012344
matmul_2048x2048x3072,sub,copy-done,0.0025
matmul_2048x2048x3072,sub,fusion,38.617578
matmul_2048x2048x3072,sub,copy-start,0.011328
matmul_2048x2048x3072,sub,copy-done,0.002578
matmul_2048x2048x3072,sub,fusion,38.717578
matmul_2048x2048x3072,sub,copy-start,0.012344
matmul_2048x2048x3072,sub,copy-done,0.0025
matmul_2048x2048x3072,sub,fusion,38.651172
matmul_2048x2048x3072,sub,copy-start,0.011328
matmul_2048x2048x3072,sub,copy-done,0.0025
matmul_2048x2048x3072,sub,fusion,38.655078
matmul_2048x2048x3072,sub,copy-start,0.011328
matmul_2048x2048x3072,sub,copy-done,0.003672
matmul_2048x2048x3072,sub,fusion,38.7275
matmul_2048x2048x3072,sub,copy-start,0.0125
matmul_2048x2048x3072,sub,copy-done,0.0025
matmul_2048x2048x3072,sub,fusion,38.498984
matmul_2048x2048x3072,sub,copy-start,0.011328
matmul_2048x2048x3072,sub,copy-done,0.003594
matmul_2048x2048x3072,sub,fusion,38.956172
matmul_2048x2048x3072,sub,copy-start,0.0125
matmul_2048x2048x3072,sub,copy-done,0.0025
matmul_2048x2048x3072,sub,fusion,38.426172
matmul_2048x2048x3584,main,jit_validation_matrix_multiply(4628705155673837314),55.960078
matmul_2048x2048x3584,main,jit_validation_matrix_multiply(4628705155673837314),45.49875
matmul_2048x2048x3584,main,jit_validation_matrix_multiply(4628705155673837314),45.56
matmul_2048x2048x3584,main,jit_validation_matrix_multiply(4628705155673837314),45.42625
matmul_2048x2048x3584,main,jit_validation_matrix_multiply(4628705155673837314),45.73625
matmul_2048x2048x3584,main,jit_validation_matrix_multiply(4628705155673837314),45.627578
matmul_2048x2048x3584,main,jit_validation_matrix_multiply(4628705155673837314),45.204844
matmul_2048x2048x3584,main,jit_validation_matrix_multiply(4628705155673837314),45.299922
matmul_2048x2048x3584,main,jit_validation_matrix_multiply(4628705155673837314),45.4075
matmul_2048x2048x3584,main,jit_validation_matrix_multiply(4628705155673837314),45.559922
matmul_2048x2048x3584,sub,copy-start,0.0125
matmul_2048x2048x3584,sub,copy-done,10.590078
matmul_2048x2048x3584,sub,fusion,45.352578
matmul_2048x2048x3584,sub,copy-start,0.011328
matmul_2048x2048x3584,sub,copy-done,0.003672
matmul_2048x2048x3584,sub,fusion,45.478672
matmul_2048x2048x3584,sub,copy-start,0.0125
matmul_2048x2048x3584,sub,copy-done,0.0025
matmul_2048x2048x3584,sub,fusion,45.539922
matmul_2048x2048x3584,sub,copy-start,0.011328
matmul_2048x2048x3584,sub,copy-done,0.002578
matmul_2048x2048x3584,sub,fusion,45.405
matmul_2048x2048x3584,sub,copy-start,0.0125
matmul_2048x2048x3584,sub,copy-done,0.002578
matmul_2048x2048x3584,sub,fusion,45.715078
matmul_2048x2048x3584,sub,copy-start,0.011328
matmul_2048x2048x3584,sub,copy-done,0.0025
matmul_2048x2048x3584,sub,fusion,45.6075
matmul_2048x2048x3584,sub,copy-start,0.011328
matmul_2048x2048x3584,sub,copy-done,0.003672
matmul_2048x2048x3584,sub,fusion,45.183594
matmul_2048x2048x3584,sub,copy-start,0.011328
matmul_2048x2048x3584,sub,copy-done,0.003594
matmul_2048x2048x3584,sub,fusion,45.278828
matmul_2048x2048x3584,sub,copy-start,0.011328
matmul_2048x2048x3584,sub,copy-done,0.002656
matmul_2048x2048x3584,sub,fusion,45.386406
matmul_2048x2048x3584,sub,copy-start,0.0125
matmul_2048x2048x3584,sub,copy-done,0.0025
matmul_2048x2048x3584,sub,fusion,45.537656
matmul_2048x2048x4096,main,jit_validation_matrix_multiply(12981300749444657550),65.28875
matmul_2048x2048x4096,main,jit_validation_matrix_multiply(12981300749444657550),53.498828
matmul_2048x2048x4096,main,jit_validation_matrix_multiply(12981300749444657550),52.751094
matmul_2048x2048x4096,main,jit_validation_matrix_multiply(12981300749444657550),53.125078
matmul_2048x2048x4096,main,jit_validation_matrix_multiply(12981300749444657550),53.59
matmul_2048x2048x4096,main,jit_validation_matrix_multiply(12981300749444657550),54.2125
matmul_2048x2048x4096,main,jit_validation_matrix_multiply(12981300749444657550),53.01375
matmul_2048x2048x4096,main,jit_validation_matrix_multiply(12981300749444657550),54.133672
matmul_2048x2048x4096,main,jit_validation_matrix_multiply(12981300749444657550),53.183672
matmul_2048x2048x4096,main,jit_validation_matrix_multiply(12981300749444657550),54.075156
matmul_2048x2048x4096,sub,copy-start,0.012344
matmul_2048x2048x4096,sub,copy-done,12.105
matmul_2048x2048x4096,sub,fusion,53.165234
matmul_2048x2048x4096,sub,copy-start,0.0125
matmul_2048x2048x4096,sub,copy-done,0.003594
matmul_2048x2048x4096,sub,fusion,53.4775
matmul_2048x2048x4096,sub,copy-start,0.0125
matmul_2048x2048x4096,sub,copy-done,0.003594
matmul_2048x2048x4096,sub,fusion,52.72875
matmul_2048x2048x4096,sub,copy-start,0.012422
matmul_2048x2048x4096,sub,copy-done,0.00375
matmul_2048x2048x4096,sub,fusion,53.104922
matmul_2048x2048x4096,sub,copy-start,0.011328
matmul_2048x2048x4096,sub,copy-done,0.00375
matmul_2048x2048x4096,sub,fusion,53.568906
matmul_2048x2048x4096,sub,copy-start,0.011328
matmul_2048x2048x4096,sub,copy-done,0.00375
matmul_2048x2048x4096,sub,fusion,54.191328
matmul_2048x2048x4096,sub,copy-start,0.0125
matmul_2048x2048x4096,sub,copy-done,0.00375
matmul_2048x2048x4096,sub,fusion,52.993594
matmul_2048x2048x4096,sub,copy-start,0.0125
matmul_2048x2048x4096,sub,copy-done,0.002578
matmul_2048x2048x4096,sub,fusion,54.1125
matmul_2048x2048x4096,sub,copy-start,0.011328
matmul_2048x2048x4096,sub,copy-done,0.002656
matmul_2048x2048x4096,sub,fusion,53.1625
matmul_2048x2048x4096,sub,copy-start,0.011328
matmul_2048x2048x4096,sub,copy-done,0.00375
matmul_2048x2048x4096,sub,fusion,54.053828
matmul_2048x2560x1024,main,jit_validation_matrix_multiply(8947692157155001345),26.926406
matmul_2048x2560x1024,main,jit_validation_matrix_multiply(8947692157155001345),22.89125
matmul_2048x2560x1024,main,jit_validation_matrix_multiply(8947692157155001345),22.702344
matmul_2048x2560x1024,main,jit_validation_matrix_multiply(8947692157155001345),22.66
matmul_2048x2560x1024,main,jit_validation_matrix_multiply(8947692157155001345),22.663828
matmul_2048x2560x1024,main,jit_validation_matrix_multiply(8947692157155001345),22.6775
matmul_2048x2560x1024,main,jit_validation_matrix_multiply(8947692157155001345),22.45625
matmul_2048x2560x1024,main,jit_validation_matrix_multiply(8947692157155001345),22.527578
matmul_2048x2560x1024,main,jit_validation_matrix_multiply(8947692157155001345),23.306406
matmul_2048x2560x1024,main,jit_validation_matrix_multiply(8947692157155001345),22.75875
matmul_2048x2560x1024,sub,copy-start,0.012422
matmul_2048x2560x1024,sub,copy-done,4.215078
matmul_2048x2560x1024,sub,fusion,22.692656
matmul_2048x2560x1024,sub,copy-start,0.012422
matmul_2048x2560x1024,sub,copy-done,0.002578
matmul_2048x2560x1024,sub,fusion,22.87
matmul_2048x2560x1024,sub,copy-start,0.0125
matmul_2048x2560x1024,sub,copy-done,0.002578
matmul_2048x2560x1024,sub,fusion,22.68
matmul_2048x2560x1024,sub,copy-start,0.011328
matmul_2048x2560x1024,sub,copy-done,0.003594
matmul_2048x2560x1024,sub,fusion,22.638828
matmul_2048x2560x1024,sub,copy-start,0.011328
matmul_2048x2560x1024,sub,copy-done,0.002578
matmul_2048x2560x1024,sub,fusion,22.64375
matmul_2048x2560x1024,sub,copy-start,0.0125
matmul_2048x2560x1024,sub,copy-done,0.0025
matmul_2048x2560x1024,sub,fusion,22.656406
matmul_2048x2560x1024,sub,copy-start,0.0125
matmul_2048x2560x1024,sub,copy-done,0.002578
matmul_2048x2560x1024,sub,fusion,22.436094
matmul_2048x2560x1024,sub,copy-start,0.011328
matmul_2048x2560x1024,sub,copy-done,0.0025
matmul_2048x2560x1024,sub,fusion,22.5075
matmul_2048x2560x1024,sub,copy-start,0.012344
matmul_2048x2560x1024,sub,copy-done,0.003672
matmul_2048x2560x1024,sub,fusion,23.286328
matmul_2048x2560x1024,sub,copy-start,0.012422
matmul_2048x2560x1024,sub,copy-done,0.002578
matmul_2048x2560x1024,sub,fusion,22.737578
matmul_2048x2560x1536,main,jit_validation_matrix_multiply(16078790693202237484),30.584922
matmul_2048x2560x1536,main,jit_validation_matrix_multiply(16078790693202237484),24.593828
matmul_2048x2560x1536,main,jit_validation_matrix_multiply(16078790693202237484),24.703906
matmul_2048x2560x1536,main,jit_validation_matrix_multiply(16078790693202237484),24.79625
matmul_2048x2560x1536,main,jit_validation_matrix_multiply(16078790693202237484),24.553828
matmul_2048x2560x1536,main,jit_validation_matrix_multiply(16078790693202237484),24.886328
matmul_2048x2560x1536,main,jit_validation_matrix_multiply(16078790693202237484),24.769922
matmul_2048x2560x1536,main,jit_validation_matrix_multiply(16078790693202237484),24.723672
matmul_2048x2560x1536,main,jit_validation_matrix_multiply(16078790693202237484),24.868672
matmul_2048x2560x1536,main,jit_validation_matrix_multiply(16078790693202237484),24.536406
matmul_2048x2560x1536,sub,copy-start,0.012344
matmul_2048x2560x1536,sub,copy-done,5.985078
matmul_2048x2560x1536,sub,fusion,24.580156
matmul_2048x2560x1536,sub,copy-start,0.011328
matmul_2048x2560x1536,sub,copy-done,0.002578
matmul_2048x2560x1536,sub,fusion,24.57375
matmul_2048x2560x1536,sub,copy-start,0.012422
matmul_2048x2560x1536,sub,copy-done,0.003672
matmul_2048x2560x1536,sub,fusion,24.68375
matmul_2048x2560x1536,sub,copy-start,0.011406
matmul_2048x2560x1536,sub,copy-done,0.0025
matmul_2048x2560x1536,sub,fusion,24.775156
matmul_2048x2560x1536,sub,copy-start,0.011328
matmul_2048x2560x1536,sub,copy-done,0.0025
matmul_2048x2560x1536,sub,fusion,24.53375
matmul_2048x2560x1536,sub,copy-start,0.011328
matmul_2048x2560x1536,sub,copy-done,0.0025
matmul_2048x2560x1536,sub,fusion,24.86625
matmul_2048x2560x1536,sub,copy-start,0.0125
matmul_2048x2560x1536,sub,copy-done,0.003672
matmul_2048x2560x1536,sub,fusion,24.748672
matmul_2048x2560x1536,sub,copy-start,0.012422
matmul_2048x2560x1536,sub,copy-done,0.0025
matmul_2048x2560x1536,sub,fusion,24.702578
matmul_2048x2560x1536,sub,copy-start,0.0125
matmul_2048x2560x1536,sub,copy-done,0.002578
matmul_2048x2560x1536,sub,fusion,24.847422
matmul_2048x2560x1536,sub,copy-start,0.0125
matmul_2048x2560x1536,sub,copy-done,0.0025
matmul_2048x2560x1536,sub,fusion,24.516328
matmul_2048x2560x2048,main,jit_validation_matrix_multiply(5371639234080089442),39.5175
matmul_2048x2560x2048,main,jit_validation_matrix_multiply(5371639234080089442),32.00625
matmul_2048x2560x2048,main,jit_validation_matrix_multiply(5371639234080089442),31.946328
matmul_2048x2560x2048,main,jit_validation_matrix_multiply(5371639234080089442),31.721172
matmul_2048x2560x2048,main,jit_validation_matrix_multiply(5371639234080089442),31.848594
matmul_2048x2560x2048,main,jit_validation_matrix_multiply(5371639234080089442),32.1075
matmul_2048x2560x2048,main,jit_validation_matrix_multiply(5371639234080089442),31.658594
matmul_2048x2560x2048,main,jit_validation_matrix_multiply(5371639234080089442),31.766328
matmul_2048x2560x2048,main,jit_validation_matrix_multiply(5371639234080089442),31.62
matmul_2048x2560x2048,main,jit_validation_matrix_multiply(5371639234080089442),31.668594
matmul_2048x2560x2048,sub,copy-start,0.0125
matmul_2048x2560x2048,sub,copy-done,8.103672
matmul_2048x2560x2048,sub,fusion,31.395078
matmul_2048x2560x2048,sub,copy-start,0.011328
matmul_2048x2560x2048,sub,copy-done,0.003594
matmul_2048x2560x2048,sub,fusion,31.986172
matmul_2048x2560x2048,sub,copy-start,0.012344
matmul_2048x2560x2048,sub,copy-done,0.0025
matmul_2048x2560x2048,sub,fusion,31.92625
matmul_2048x2560x2048,sub,copy-start,0.012344
matmul_2048x2560x2048,sub,copy-done,0.003672
matmul_2048x2560x2048,sub,fusion,31.700078
matmul_2048x2560x2048,sub,copy-start,0.011328
matmul_2048x2560x2048,sub,copy-done,0.003672
matmul_2048x2560x2048,sub,fusion,31.827578
matmul_2048x2560x2048,sub,copy-start,0.011328
matmul_2048x2560x2048,sub,copy-done,0.002578
matmul_2048x2560x2048,sub,fusion,32.086328
matmul_2048x2560x2048,sub,copy-start,0.0125
matmul_2048x2560x2048,sub,copy-done,0.0025
matmul_2048x2560x2048,sub,fusion,31.637578
matmul_2048x2560x2048,sub,copy-start,0.012344
matmul_2048x2560x2048,sub,copy-done,0.0025
matmul_2048x2560x2048,sub,fusion,31.74625
matmul_2048x2560x2048,sub,copy-start,0.011406
matmul_2048x2560x2048,sub,copy-done,0.002578
matmul_2048x2560x2048,sub,fusion,31.599922
matmul_2048x2560x2048,sub,copy-start,0.011328
matmul_2048x2560x2048,sub,copy-done,0.003672
matmul_2048x2560x2048,sub,fusion,31.647578
matmul_2048x2560x2560,main,jit_validation_matrix_multiply(126500685303497856),49.91875
matmul_2048x2560x2560,main,jit_validation_matrix_multiply(126500685303497856),40.298594
matmul_2048x2560x2560,main,jit_validation_matrix_multiply(126500685303497856),40.173672
matmul_2048x2560x2560,main,jit_validation_matrix_multiply(126500685303497856),40.154844
matmul_2048x2560x2560,main,jit_validation_matrix_multiply(126500685303497856),40.20125
matmul_2048x2560x2560,main,jit_validation_matrix_multiply(126500685303497856),40.327422
matmul_2048x2560x2560,main,jit_validation_matrix_multiply(126500685303497856),40.115078
matmul_2048x2560x2560,main,jit_validation_matrix_multiply(126500685303497856),40.281172
matmul_2048x2560x2560,main,jit_validation_matrix_multiply(126500685303497856),40.104844
matmul_2048x2560x2560,main,jit_validation_matrix_multiply(126500685303497856),40.4525
matmul_2048x2560x2560,sub,copy-start,0.011328
matmul_2048x2560x2560,sub,copy-done,9.624922
matmul_2048x2560x2560,sub,fusion,40.276172
matmul_2048x2560x2560,sub,copy-start,0.0125
matmul_2048x2560x2560,sub,copy-done,0.0025
matmul_2048x2560x2560,sub,fusion,40.277578
matmul_2048x2560x2560,sub,copy-start,0.011328
matmul_2048x2560x2560,sub,copy-done,0.003594
matmul_2048x2560x2560,sub,fusion,40.152656
matmul_2048x2560x2560,sub,copy-start,0.0125
matmul_2048x2560x2560,sub,copy-done,0.002578
matmul_2048x2560x2560,sub,fusion,40.1325
matmul_2048x2560x2560,sub,copy-start,0.011328
matmul_2048x2560x2560,sub,copy-done,0.002578
matmul_2048x2560x2560,sub,fusion,40.180156
matmul_2048x2560x2560,sub,copy-start,0.012422
matmul_2048x2560x2560,sub,copy-done,0.003672
matmul_2048x2560x2560,sub,fusion,40.306328
matmul_2048x2560x2560,sub,copy-start,0.012344
matmul_2048x2560x2560,sub,copy-done,0.003672
matmul_2048x2560x2560,sub,fusion,40.095
matmul_2048x2560x2560,sub,copy-start,0.0125
matmul_2048x2560x2560,sub,copy-done,0.002578
matmul_2048x2560x2560,sub,fusion,40.26
matmul_2048x2560x2560,sub,copy-start,0.011328
matmul_2048x2560x2560,sub,copy-done,0.003672
matmul_2048x2560x2560,sub,fusion,40.083672
matmul_2048x2560x2560,sub,copy-start,0.012422
matmul_2048x2560x2560,sub,copy-done,0.0025
matmul_2048x2560x2560,sub,fusion,40.431406
matmul_2048x2560x3072,main,jit_validation_matrix_multiply(2680726321487690269),57.316172
matmul_2048x2560x3072,main,jit_validation_matrix_multiply(2680726321487690269),46.358594
matmul_2048x2560x3072,main,jit_validation_matrix_multiply(2680726321487690269),46.02375
matmul_2048x2560x3072,main,jit_validation_matrix_multiply(2680726321487690269),46.05625
matmul_2048x2560x3072,main,jit_validation_matrix_multiply(2680726321487690269),45.796094
matmul_2048x2560x3072,main,jit_validation_matrix_multiply(2680726321487690269),46.129922
matmul_2048x2560x3072,main,jit_validation_matrix_multiply(2680726321487690269),45.90125
matmul_2048x2560x3072,main,jit_validation_matrix_multiply(2680726321487690269),46.07875
matmul_2048x2560x3072,main,jit_validation_matrix_multiply(2680726321487690269),45.9675
matmul_2048x2560x3072,main,jit_validation_matrix_multiply(2680726321487690269),45.964922
matmul_2048x2560x3072,sub,copy-start,0.012422
matmul_2048x2560x3072,sub,copy-done,11.351406
matmul_2048x2560x3072,sub,fusion,45.945156
matmul_2048x2560x3072,sub,copy-start,0.0125
matmul_2048x2560x3072,sub,copy-done,0.0025
matmul_2048x2560x3072,sub,fusion,46.337578
matmul_2048x2560x3072,sub,copy-start,0.0125
matmul_2048x2560x3072,sub,copy-done,0.003672
matmul_2048x2560x3072,sub,fusion,46.0025
matmul_2048x2560x3072,sub,copy-start,0.012422
matmul_2048x2560x3072,sub,copy-done,0.002578
matmul_2048x2560x3072,sub,fusion,46.035
matmul_2048x2560x3072,sub,copy-start,0.0125
matmul_2048x2560x3072,sub,copy-done,0.003672
matmul_2048x2560x3072,sub,fusion,45.774922
matmul_2048x2560x3072,sub,copy-start,0.012422
matmul_2048x2560x3072,sub,copy-done,0.0025
matmul_2048x2560x3072,sub,fusion,46.108906
matmul_2048x2560x3072,sub,copy-start,0.0125
matmul_2048x2560x3072,sub,copy-done,0.0025
matmul_2048x2560x3072,sub,fusion,45.880078
matmul_2048x2560x3072,sub,copy-start,0.0125
matmul_2048x2560x3072,sub,copy-done,0.003672
matmul_2048x2560x3072,sub,fusion,46.057656
matmul_2048x2560x3072,sub,copy-start,0.0125
matmul_2048x2560x3072,sub,copy-done,0.002578
matmul_2048x2560x3072,sub,fusion,45.946406
matmul_2048x2560x3072,sub,copy-start,0.0125
matmul_2048x2560x3072,sub,copy-done,0.0025
matmul_2048x2560x3072,sub,fusion,45.94375
matmul_2048x2560x3584,main,jit_validation_matrix_multiply(17144060518325329589),66.5
matmul_2048x2560x3584,main,jit_validation_matrix_multiply(17144060518325329589),53.343672
matmul_2048x2560x3584,main,jit_validation_matrix_multiply(17144060518325329589),53.412422
matmul_2048x2560x3584,main,jit_validation_matrix_multiply(17144060518325329589),53.5275
matmul_2048x2560x3584,main,jit_validation_matrix_multiply(17144060518325329589),53.616328
matmul_2048x2560x3584,main,jit_validation_matrix_multiply(17144060518325329589),53.841328
matmul_2048x2560x3584,main,jit_validation_matrix_multiply(17144060518325329589),53.718984
matmul_2048x2560x3584,main,jit_validation_matrix_multiply(17144060518325329589),53.51375
matmul_2048x2560x3584,main,jit_validation_matrix_multiply(17144060518325329589),53.37875
matmul_2048x2560x3584,main,jit_validation_matrix_multiply(17144060518325329589),54.026094
matmul_2048x2560x3584,sub,copy-start,0.012422
matmul_2048x2560x3584,sub,copy-done,13.18875
matmul_2048x2560x3584,sub,fusion,53.2925
matmul_2048x2560x3584,sub,copy-start,0.0125
matmul_2048x2560x3584,sub,copy-done,0.00375
matmul_2048x2560x3584,sub,fusion,53.322344
matmul_2048x2560x3584,sub,copy-start,0.012422
matmul_2048x2560x3584,sub,copy-done,0.00375
matmul_2048x2560x3584,sub,fusion,53.391172
matmul_2048x2560x3584,sub,copy-start,0.011328
matmul_2048x2560x3584,sub,copy-done,0.003594
matmul_2048x2560x3584,sub,fusion,53.505078
matmul_2048x2560x3584,sub,copy-start,0.0125
matmul_2048x2560x3584,sub,copy-done,0.00375
matmul_2048x2560x3584,sub,fusion,53.596172
matmul_2048x2560x3584,sub,copy-start,0.011328
matmul_2048x2560x3584,sub,copy-done,0.003672
matmul_2048x2560x3584,sub,fusion,53.82
matmul_2048x2560x3584,sub,copy-start,0.012422
matmul_2048x2560x3584,sub,copy-done,0.003672
matmul_2048x2560x3584,sub,fusion,53.698828
matmul_2048x2560x3584,sub,copy-start,0.011328
matmul_2048x2560x3584,sub,copy-done,0.00375
matmul_2048x2560x3584,sub,fusion,53.492578
matmul_2048x2560x3584,sub,copy-start,0.011328
matmul_2048x2560x3584,sub,copy-done,0.003594
matmul_2048x2560x3584,sub,fusion,53.356328
matmul_2048x2560x3584,sub,copy-start,0.0125
matmul_2048x2560x3584,sub,copy-done,0.002578
matmul_2048x2560x3584,sub,fusion,54.00375
matmul_2048x2560x4096,main,jit_validation_matrix_multiply(17117971688367217250),75.175156
matmul_2048x2560x4096,main,jit_validation_matrix_multiply(17117971688367217250),60.573828
matmul_2048x2560x4096,main,jit_validation_matrix_multiply(17117971688367217250),60.637422
matmul_2048x2560x4096,main,jit_validation_matrix_multiply(17117971688367217250),60.02625
matmul_2048x2560x4096,main,jit_validation_matrix_multiply(17117971688367217250),60.408828
matmul_2048x2560x4096,main,jit_validation_matrix_multiply(17117971688367217250),60.587344
matmul_2048x2560x4096,main,jit_validation_matrix_multiply(17117971688367217250),60.00875
matmul_2048x2560x4096,main,jit_validation_matrix_multiply(17117971688367217250),60.288594
matmul_2048x2560x4096,main,jit_validation_matrix_multiply(17117971688367217250),60.330156
matmul_2048x2560x4096,main,jit_validation_matrix_multiply(17117971688367217250),60.30375
matmul_2048x2560x4096,sub,copy-start,0.011328
matmul_2048x2560x4096,sub,copy-done,14.913828
matmul_2048x2560x4096,sub,fusion,60.244922
matmul_2048x2560x4096,sub,copy-start,0.012422
matmul_2048x2560x4096,sub,copy-done,0.002578
matmul_2048x2560x4096,sub,fusion,60.553672
matmul_2048x2560x4096,sub,copy-start,0.011406
matmul_2048x2560x4096,sub,copy-done,0.002578
matmul_2048x2560x4096,sub,fusion,60.615156
matmul_2048x2560x4096,sub,copy-start,0.011328
matmul_2048x2560x4096,sub,copy-done,0.00375
matmul_2048x2560x4096,sub,fusion,60.00375
matmul_2048x2560x4096,sub,copy-start,0.0125
matmul_2048x2560x4096,sub,copy-done,0.00375
matmul_2048x2560x4096,sub,fusion,60.388672
matmul_2048x2560x4096,sub,copy-start,0.011328
matmul_2048x2560x4096,sub,copy-done,0.00375
matmul_2048x2560x4096,sub,fusion,60.565078
matmul_2048x2560x4096,sub,copy-start,0.012422
matmul_2048x2560x4096,sub,copy-done,0.002578
matmul_2048x2560x4096,sub,fusion,59.988594
matmul_2048x2560x4096,sub,copy-start,0.011328
matmul_2048x2560x4096,sub,copy-done,0.002656
matmul_2048x2560x4096,sub,fusion,60.266328
matmul_2048x2560x4096,sub,copy-start,0.012422
matmul_2048x2560x4096,sub,copy-done,0.00375
matmul_2048x2560x4096,sub,fusion,60.308828
matmul_2048x2560x4096,sub,copy-start,0.012344
matmul_2048x2560x4096,sub,copy-done,0.00375
matmul_2048x2560x4096,sub,fusion,60.282578
matmul_2048x3072x1024,main,jit_validation_matrix_multiply(14689070730552102801),28.155078
matmul_2048x3072x1024,main,jit_validation_matrix_multiply(14689070730552102801),23.20125
matmul_2048x3072x1024,main,jit_validation_matrix_multiply(14689070730552102801),23.22
matmul_2048x3072x1024,main,jit_validation_matrix_multiply(14689070730552102801),23.09125
matmul_2048x3072x1024,main,jit_validation_matrix_multiply(14689070730552102801),23.3975
matmul_2048x3072x1024,main,jit_validation_matrix_multiply(14689070730552102801),23.25875
matmul_2048x3072x1024,main,jit_validation_matrix_multiply(14689070730552102801),23.413828
matmul_2048x3072x1024,main,jit_validation_matrix_multiply(14689070730552102801),23.278672
matmul_2048x3072x1024,main,jit_validation_matrix_multiply(14689070730552102801),23.385156
matmul_2048x3072x1024,main,jit_validation_matrix_multiply(14689070730552102801),23.2825
matmul_2048x3072x1024,sub,copy-start,0.0125
matmul_2048x3072x1024,sub,copy-done,4.827578
matmul_2048x3072x1024,sub,fusion,23.308906
matmul_2048x3072x1024,sub,copy-start,0.012422
matmul_2048x3072x1024,sub,copy-done,0.002578
matmul_2048x3072x1024,sub,fusion,23.18
matmul_2048x3072x1024,sub,copy-start,0.011406
matmul_2048x3072x1024,sub,copy-done,0.0025
matmul_2048x3072x1024,sub,fusion,23.19875
matmul_2048x3072x1024,sub,copy-start,0.012344
matmul_2048x3072x1024,sub,copy-done,0.003672
matmul_2048x3072x1024,sub,fusion,23.071172
matmul_2048x3072x1024,sub,copy-start,0.0125
matmul_2048x3072x1024,sub,copy-done,0.003672
matmul_2048x3072x1024,sub,fusion,23.376328
matmul_2048x3072x1024,sub,copy-start,0.012422
matmul_2048x3072x1024,sub,copy-done,0.002578
matmul_2048x3072x1024,sub,fusion,23.2375
matmul_2048x3072x1024,sub,copy-start,0.011328
matmul_2048x3072x1024,sub,copy-done,0.0025
matmul_2048x3072x1024,sub,fusion,23.39375
matmul_2048x3072x1024,sub,copy-start,0.012344
matmul_2048x3072x1024,sub,copy-done,0.0025
matmul_2048x3072x1024,sub,fusion,23.25625
matmul_2048x3072x1024,sub,copy-start,0.0125
matmul_2048x3072x1024,sub,copy-done,0.002578
matmul_2048x3072x1024,sub,fusion,23.365078
matmul_2048x3072x1024,sub,copy-start,0.011328
matmul_2048x3072x1024,sub,copy-done,0.0025
matmul_2048x3072x1024,sub,fusion,23.261328
matmul_2048x3072x1536,main,jit_validation_matrix_multiply(9136034112103617904),46.973672
matmul_2048x3072x1536,main,jit_validation_matrix_multiply(9136034112103617904),40.582344
matmul_2048x3072x1536,main,jit_validation_matrix_multiply(9136034112103617904),40.0025
matmul_2048x3072x1536,main,jit_validation_matrix_multiply(9136034112103617904),40.17625
matmul_2048x3072x1536,main,jit_validation_matrix_multiply(9136034112103617904),39.880234
matmul_2048x3072x1536,main,jit_validation_matrix_multiply(9136034112103617904),39.723828
matmul_2048x3072x1536,main,jit_validation_matrix_multiply(9136034112103617904),39.739922
matmul_2048x3072x1536,main,jit_validation_matrix_multiply(9136034112103617904),39.82125
matmul_2048x3072x1536,main,jit_validation_matrix_multiply(9136034112103617904),39.663906
matmul_2048x3072x1536,main,jit_validation_matrix_multiply(9136034112103617904),40.123828
matmul_2048x3072x1536,sub,copy-start,0.011328
matmul_2048x3072x1536,sub,copy-done,7.103672
matmul_2048x3072x1536,sub,fusion,39.853594
matmul_2048x3072x1536,sub,copy-start,0.0125
matmul_2048x3072x1536,sub,copy-done,0.0025
matmul_2048x3072x1536,sub,fusion,40.561094
matmul_2048x3072x1536,sub,copy-start,0.011328
matmul_2048x3072x1536,sub,copy-done,0.003672
matmul_2048x3072x1536,sub,fusion,39.982422
matmul_2048x3072x1536,sub,copy-start,0.012422
matmul_2048x3072x1536,sub,copy-done,0.003672
matmul_2048x3072x1536,sub,fusion,40.156172
matmul_2048x3072x1536,sub,copy-start,0.0125
matmul_2048x3072x1536,sub,copy-done,0.003672
matmul_2048x3072x1536,sub,fusion,39.860078
matmul_2048x3072x1536,sub,copy-start,0.012344
matmul_2048x3072x1536,sub,copy-done,0.003672
matmul_2048x3072x1536,sub,fusion,39.70375
matmul_2048x3072x1536,sub,copy-start,0.0125
matmul_2048x3072x1536,sub,copy-done,0.0025
matmul_2048x3072x1536,sub,fusion,39.719844
matmul_2048x3072x1536,sub,copy-start,0.0125
matmul_2048x3072x1536,sub,copy-done,0.003672
matmul_2048x3072x1536,sub,fusion,39.801172
matmul_2048x3072x1536,sub,copy-start,0.011328
matmul_2048x3072x1536,sub,copy-done,0.002578
matmul_2048x3072x1536,sub,fusion,39.643828
matmul_2048x3072x1536,sub,copy-start,0.011328
matmul_2048x3072x1536,sub,copy-done,0.0025
matmul_2048x3072x1536,sub,fusion,40.10375
matmul_2048x3072x2048,main,jit_validation_matrix_multiply(3075147636929766595),47.763828
matmul_2048x3072x2048,main,jit_validation_matrix_multiply(3075147636929766595),38.607344
matmul_2048x3072x2048,main,jit_validation_matrix_multiply(3075147636929766595),38.634844
matmul_2048x3072x2048,main,jit_validation_matrix_multiply(3075147636929766595),39.1175
matmul_2048x3072x2048,main,jit_validation_matrix_multiply(3075147636929766595),38.567422
matmul_2048x3072x2048,main,jit_validation_matrix_multiply(3075147636929766595),38.645078
matmul_2048x3072x2048,main,jit_validation_matrix_multiply(3075147636929766595),38.54125
matmul_2048x3072x2048,main,jit_validation_matrix_multiply(3075147636929766595),38.8925
matmul_2048x3072x2048,main,jit_validation_matrix_multiply(3075147636929766595),38.557656
matmul_2048x3072x2048,main,jit_validation_matrix_multiply(3075147636929766595),38.562422
matmul_2048x3072x2048,sub,copy-start,0.011328
matmul_2048x3072x2048,sub,copy-done,9.311328
matmul_2048x3072x2048,sub,fusion,38.436094
matmul_2048x3072x2048,sub,copy-start,0.011328
matmul_2048x3072x2048,sub,copy-done,0.003672
matmul_2048x3072x2048,sub,fusion,38.586172
matmul_2048x3072x2048,sub,copy-start,0.011328
matmul_2048x3072x2048,sub,copy-done,0.003672
matmul_2048x3072x2048,sub,fusion,38.61375
matmul_2048x3072x2048,sub,copy-start,0.011328
matmul_2048x3072x2048,sub,copy-done,0.0025
matmul_2048x3072x2048,sub,fusion,39.096328
matmul_2048x3072x2048,sub,copy-start,0.011406
matmul_2048x3072x2048,sub,copy-done,0.0025
matmul_2048x3072x2048,sub,fusion,38.545
matmul_2048x3072x2048,sub,copy-start,0.012422
matmul_2048x3072x2048,sub,copy-done,0.003672
matmul_2048x3072x2048,sub,fusion,38.625
matmul_2048x3072x2048,sub,copy-start,0.011328
matmul_2048x3072x2048,sub,copy-done,0.002578
matmul_2048x3072x2048,sub,fusion,38.520156
matmul_2048x3072x2048,sub,copy-start,0.0125
matmul_2048x3072x2048,sub,copy-done,0.0025
matmul_2048x3072x2048,sub,fusion,38.871328
matmul_2048x3072x2048,sub,copy-start,0.012422
matmul_2048x3072x2048,sub,copy-done,0.003672
matmul_2048x3072x2048,sub,fusion,38.5375
matmul_2048x3072x2048,sub,copy-start,0.011406
matmul_2048x3072x2048,sub,copy-done,0.0025
matmul_2048x3072x2048,sub,fusion,38.540156
matmul_2048x3072x2560,main,jit_validation_matrix_multiply(8989312508954519419),57.352578
matmul_2048x3072x2560,main,jit_validation_matrix_multiply(8989312508954519419),46.375
matmul_2048x3072x2560,main,jit_validation_matrix_multiply(8989312508954519419),46.312422
matmul_2048x3072x2560,main,jit_validation_matrix_multiply(8989312508954519419),46.348828
matmul_2048x3072x2560,main,jit_validation_matrix_multiply(8989312508954519419),46.165156
matmul_2048x3072x2560,main,jit_validation_matrix_multiply(8989312508954519419),46.376094
matmul_2048x3072x2560,main,jit_validation_matrix_multiply(8989312508954519419),46.236172
matmul_2048x3072x2560,main,jit_validation_matrix_multiply(8989312508954519419),46.442422
matmul_2048x3072x2560,main,jit_validation_matrix_multiply(8989312508954519419),46.355
matmul_2048x3072x2560,main,jit_validation_matrix_multiply(8989312508954519419),46.626094
matmul_2048x3072x2560,sub,copy-start,0.012344
matmul_2048x3072x2560,sub,copy-done,11.357578
matmul_2048x3072x2560,sub,fusion,45.977422
matmul_2048x3072x2560,sub,copy-start,0.012344
matmul_2048x3072x2560,sub,copy-done,0.0025
matmul_2048x3072x2560,sub,fusion,46.353984
matmul_2048x3072x2560,sub,copy-start,0.011328
matmul_2048x3072x2560,sub,copy-done,0.002578
matmul_2048x3072x2560,sub,fusion,46.292344
matmul_2048x3072x2560,sub,copy-start,0.0125
matmul_2048x3072x2560,sub,copy-done,0.003672
matmul_2048x3072x2560,sub,fusion,46.328672
matmul_2048x3072x2560,sub,copy-start,0.011328
matmul_2048x3072x2560,sub,copy-done,0.003672
matmul_2048x3072x2560,sub,fusion,46.144922
matmul_2048x3072x2560,sub,copy-start,0.0125
matmul_2048x3072x2560,sub,copy-done,0.002578
matmul_2048x3072x2560,sub,fusion,46.353828
matmul_2048x3072x2560,sub,copy-start,0.012344
matmul_2048x3072x2560,sub,copy-done,0.003672
matmul_2048x3072x2560,sub,fusion,46.215078
matmul_2048x3072x2560,sub,copy-start,0.0125
matmul_2048x3072x2560,sub,copy-done,0.0025
matmul_2048x3072x2560,sub,fusion,46.421406
matmul_2048x3072x2560,sub,copy-start,0.011328
matmul_2048x3072x2560,sub,copy-done,0.002656
matmul_2048x3072x2560,sub,fusion,46.33375
matmul_2048x3072x2560,sub,copy-start,0.011328
matmul_2048x3072x2560,sub,copy-done,0.003672
matmul_2048x3072x2560,sub,fusion,46.605078
matmul_2048x3072x3072,main,jit_validation_matrix_multiply(4718123248999950732),70.31875
matmul_2048x3072x3072,main,jit_validation_matrix_multiply(4718123248999950732),56.302578
matmul_2048x3072x3072,main,jit_validation_matrix_multiply(4718123248999950732),56.700078
matmul_2048x3072x3072,main,jit_validation_matrix_multiply(4718123248999950732),56.643906
matmul_2048x3072x3072,main,jit_validation_matrix_multiply(4718123248999950732),56.5625
matmul_2048x3072x3072,main,jit_validation_matrix_multiply(4718123248999950732),56.494844
matmul_2048x3072x3072,main,jit_validation_matrix_multiply(4718123248999950732),56.64
matmul_2048x3072x3072,main,jit_validation_matrix_multiply(4718123248999950732),56.62
matmul_2048x3072x3072,main,jit_validation_matrix_multiply(4718123248999950732),56.82375
matmul_2048x3072x3072,main,jit_validation_matrix_multiply(4718123248999950732),56.535078
matmul_2048x3072x3072,sub,copy-start,0.011328
matmul_2048x3072x3072,sub,copy-done,13.745078
matmul_2048x3072x3072,sub,fusion,56.555078
matmul_2048x3072x3072,sub,copy-start,0.0125
matmul_2048x3072x3072,sub,copy-done,0.00375
matmul_2048x3072x3072,sub,fusion,56.282422
matmul_2048x3072x3072,sub,copy-start,0.012344
matmul_2048x3072x3072,sub,copy-done,0.00375
matmul_2048x3072x3072,sub,fusion,56.679922
matmul_2048x3072x3072,sub,copy-start,0.0125
matmul_2048x3072x3072,sub,copy-done,0.003594
matmul_2048x3072x3072,sub,fusion,56.622578
matmul_2048x3072x3072,sub,copy-start,0.011328
matmul_2048x3072x3072,sub,copy-done,0.00375
matmul_2048x3072x3072,sub,fusion,56.54125
matmul_2048x3072x3072,sub,copy-start,0.0125
matmul_2048x3072x3072,sub,copy-done,0.002578
matmul_2048x3072x3072,sub,fusion,56.472734
matmul_2048x3072x3072,sub,copy-start,0.011328
matmul_2048x3072x3072,sub,copy-done,0.003594
matmul_2048x3072x3072,sub,fusion,56.617656
matmul_2048x3072x3072,sub,copy-start,0.012422
matmul_2048x3072x3072,sub,copy-done,0.002578
matmul_2048x3072x3072,sub,fusion,56.599844
matmul_2048x3072x3072,sub,copy-start,0.0125
matmul_2048x3072x3072,sub,copy-done,0.002578
matmul_2048x3072x3072,sub,fusion,56.802578
matmul_2048x3072x3072,sub,copy-start,0.011328
matmul_2048x3072x3072,sub,copy-done,0.00375
matmul_2048x3072x3072,sub,fusion,56.51375
matmul_2048x3072x3584,main,jit_validation_matrix_multiply(14923267130016636244),81.888672
matmul_2048x3072x3584,main,jit_validation_matrix_multiply(14923267130016636244),66.4675
matmul_2048x3072x3584,main,jit_validation_matrix_multiply(14923267130016636244),67.1175
matmul_2048x3072x3584,main,jit_validation_matrix_multiply(14923267130016636244),66.377422
matmul_2048x3072x3584,main,jit_validation_matrix_multiply(14923267130016636244),66.115078
matmul_2048x3072x3584,main,jit_validation_matrix_multiply(14923267130016636244),66.841094
matmul_2048x3072x3584,main,jit_validation_matrix_multiply(14923267130016636244),66.470078
matmul_2048x3072x3584,main,jit_validation_matrix_multiply(14923267130016636244),66.55125
matmul_2048x3072x3584,main,jit_validation_matrix_multiply(14923267130016636244),66.7375
matmul_2048x3072x3584,main,jit_validation_matrix_multiply(14923267130016636244),66.657422
matmul_2048x3072x3584,sub,copy-start,0.0125
matmul_2048x3072x3584,sub,copy-done,15.617422
matmul_2048x3072x3584,sub,fusion,66.2525
matmul_2048x3072x3584,sub,copy-start,0.0125
matmul_2048x3072x3584,sub,copy-done,0.003672
matmul_2048x3072x3584,sub,fusion,66.447344
matmul_2048x3072x3584,sub,copy-start,0.011328
matmul_2048x3072x3584,sub,copy-done,0.00375
matmul_2048x3072x3584,sub,fusion,67.09625
matmul_2048x3072x3584,sub,copy-start,0.012422
matmul_2048x3072x3584,sub,copy-done,0.00375
matmul_2048x3072x3584,sub,fusion,66.356328
matmul_2048x3072x3584,sub,copy-start,0.011328
matmul_2048x3072x3584,sub,copy-done,0.00375
matmul_2048x3072x3584,sub,fusion,66.09375
matmul_2048x3072x3584,sub,copy-start,0.011328
matmul_2048x3072x3584,sub,copy-done,0.002656
matmul_2048x3072x3584,sub,fusion,66.818984
matmul_2048x3072x3584,sub,copy-start,0.011406
matmul_2048x3072x3584,sub,copy-done,0.00375
matmul_2048x3072x3584,sub,fusion,66.44875
matmul_2048x3072x3584,sub,copy-start,0.0125
matmul_2048x3072x3584,sub,copy-done,0.002578
matmul_2048x3072x3584,sub,fusion,66.530078
matmul_2048x3072x3584,sub,copy-start,0.0125
matmul_2048x3072x3584,sub,copy-done,0.002656
matmul_2048x3072x3584,sub,fusion,66.717266
matmul_2048x3072x3584,sub,copy-start,0.011406
matmul_2048x3072x3584,sub,copy-done,0.00375
matmul_2048x3072x3584,sub,fusion,66.635078
matmul_2048x3072x4096,main,jit_validation_matrix_multiply(12990967256798857057),91.52375
matmul_2048x3072x4096,main,jit_validation_matrix_multiply(12990967256798857057),74.136406
matmul_2048x3072x4096,main,jit_validation_matrix_multiply(12990967256798857057),73.961172
matmul_2048x3072x4096,main,jit_validation_matrix_multiply(12990967256798857057),73.725156
matmul_2048x3072x4096,main,jit_validation_matrix_multiply(12990967256798857057),73.658594
matmul_2048x3072x4096,main,jit_validation_matrix_multiply(12990967256798857057),74.032656
matmul_2048x3072x4096,main,jit_validation_matrix_multiply(12990967256798857057),73.930234
matmul_2048x3072x4096,main,jit_validation_matrix_multiply(12990967256798857057),73.937578
matmul_2048x3072x4096,main,jit_validation_matrix_multiply(12990967256798857057),73.758672
matmul_2048x3072x4096,main,jit_validation_matrix_multiply(12990967256798857057),73.51
matmul_2048x3072x4096,sub,copy-start,0.0125
matmul_2048x3072x4096,sub,copy-done,17.717578
matmul_2048x3072x4096,sub,fusion,73.787578
matmul_2048x3072x4096,sub,copy-start,0.011406
matmul_2048x3072x4096,sub,copy-done,0.00375
matmul_2048x3072x4096,sub,fusion,74.115078
matmul_2048x3072x4096,sub,copy-start,0.0125
matmul_2048x3072x4096,sub,copy-done,0.002578
matmul_2048x3072x4096,sub,fusion,73.94
matmul_2048x3072x4096,sub,copy-start,0.0125
matmul_2048x3072x4096,sub,copy-done,0.003594
matmul_2048x3072x4096,sub,fusion,73.703828
matmul_2048x3072x4096,sub,copy-start,0.0125
matmul_2048x3072x4096,sub,copy-done,0.002578
matmul_2048x3072x4096,sub,fusion,73.636484
matmul_2048x3072x4096,sub,copy-start,0.011328
matmul_2048x3072x4096,sub,copy-done,0.00375
matmul_2048x3072x4096,sub,fusion,74.0125
matmul_2048x3072x4096,sub,copy-start,0.011328
matmul_2048x3072x4096,sub,copy-done,0.00375
matmul_2048x3072x4096,sub,fusion,73.908906
matmul_2048x3072x4096,sub,copy-start,0.012422
matmul_2048x3072x4096,sub,copy-done,0.003672
matmul_2048x3072x4096,sub,fusion,73.917422
matmul_2048x3072x4096,sub,copy-start,0.011328
matmul_2048x3072x4096,sub,copy-done,0.003672
matmul_2048x3072x4096,sub,fusion,73.736328
matmul_2048x3072x4096,sub,copy-start,0.011328
matmul_2048x3072x4096,sub,copy-done,0.00375
matmul_2048x3072x4096,sub,fusion,73.488828
matmul_2048x3584x1024,main,jit_validation_matrix_multiply(14731237655704718038),33.906094
matmul_2048x3584x1024,main,jit_validation_matrix_multiply(14731237655704718038),28.563594
matmul_2048x3584x1024,main,jit_validation_matrix_multiply(14731237655704718038),28.39125
matmul_2048x3584x1024,main,jit_validation_matrix_multiply(14731237655704718038),28.486172
matmul_2048x3584x1024,main,jit_validation_matrix_multiply(14731237655704718038),28.322422
matmul_2048x3584x1024,main,jit_validation_matrix_multiply(14731237655704718038),28.4025
matmul_2048x3584x1024,main,jit_validation_matrix_multiply(14731237655704718038),28.132656
matmul_2048x3584x1024,main,jit_validation_matrix_multiply(14731237655704718038),28.938672
matmul_2048x3584x1024,main,jit_validation_matrix_multiply(14731237655704718038),28.626172
matmul_2048x3584x1024,main,jit_validation_matrix_multiply(14731237655704718038),28.686094
matmul_2048x3584x1024,sub,copy-start,0.0125
matmul_2048x3584x1024,sub,copy-done,5.583672
matmul_2048x3584x1024,sub,fusion,28.30375
matmul_2048x3584x1024,sub,copy-start,0.0125
matmul_2048x3584x1024,sub,copy-done,0.002578
matmul_2048x3584x1024,sub,fusion,28.5425
matmul_2048x3584x1024,sub,copy-start,0.0125
matmul_2048x3584x1024,sub,copy-done,0.002578
matmul_2048x3584x1024,sub,fusion,28.370156
matmul_2048x3584x1024,sub,copy-start,0.0125
matmul_2048x3584x1024,sub,copy-done,0.0025
matmul_2048x3584x1024,sub,fusion,28.466094
matmul_2048x3584x1024,sub,copy-start,0.012344
matmul_2048x3584x1024,sub,copy-done,0.003672
matmul_2048x3584x1024,sub,fusion,28.301172
matmul_2048x3584x1024,sub,copy-start,0.011406
matmul_2048x3584x1024,sub,copy-done,0.0025
matmul_2048x3584x1024,sub,fusion,28.38125
matmul_2048x3584x1024,sub,copy-start,0.011406
matmul_2048x3584x1024,sub,copy-done,0.002578
matmul_2048x3584x1024,sub,fusion,28.112578
matmul_2048x3584x1024,sub,copy-start,0.0125
matmul_2048x3584x1024,sub,copy-done,0.002578
matmul_2048x3584x1024,sub,fusion,28.9175
matmul_2048x3584x1024,sub,copy-start,0.012422
matmul_2048x3584x1024,sub,copy-done,0.002578
matmul_2048x3584x1024,sub,fusion,28.604844
matmul_2048x3584x1024,sub,copy-start,0.0125
matmul_2048x3584x1024,sub,copy-done,0.0025
matmul_2048x3584x1024,sub,fusion,28.665
matmul_2048x3584x1536,main,jit_validation_matrix_multiply(7940990027756088846),41.265
matmul_2048x3584x1536,main,jit_validation_matrix_multiply(7940990027756088846),33.123672
matmul_2048x3584x1536,main,jit_validation_matrix_multiply(7940990027756088846),33.177422
matmul_2048x3584x1536,main,jit_validation_matrix_multiply(7940990027756088846),32.821172
matmul_2048x3584x1536,main,jit_validation_matrix_multiply(7940990027756088846),33.088672
matmul_2048x3584x1536,main,jit_validation_matrix_multiply(7940990027756088846),33.26125
matmul_2048x3584x1536,main,jit_validation_matrix_multiply(7940990027756088846),33.18125
matmul_2048x3584x1536,main,jit_validation_matrix_multiply(7940990027756088846),33.138594
matmul_2048x3584x1536,main,jit_validation_matrix_multiply(7940990027756088846),32.947656
matmul_2048x3584x1536,main,jit_validation_matrix_multiply(7940990027756088846),33.095078
matmul_2048x3584x1536,sub,copy-start,0.011328
matmul_2048x3584x1536,sub,copy-done,8.208828
matmul_2048x3584x1536,sub,fusion,33.037578
matmul_2048x3584x1536,sub,copy-start,0.0125
matmul_2048x3584x1536,sub,copy-done,0.003672
matmul_2048x3584x1536,sub,fusion,33.102656
matmul_2048x3584x1536,sub,copy-start,0.011406
matmul_2048x3584x1536,sub,copy-done,0.0025
matmul_2048x3584x1536,sub,fusion,33.155234
matmul_2048x3584x1536,sub,copy-start,0.0125
matmul_2048x3584x1536,sub,copy-done,0.003672
matmul_2048x3584x1536,sub,fusion,32.800078
matmul_2048x3584x1536,sub,copy-start,0.011328
matmul_2048x3584x1536,sub,copy-done,0.002578
matmul_2048x3584x1536,sub,fusion,33.068594
matmul_2048x3584x1536,sub,copy-start,0.0125
matmul_2048x3584x1536,sub,copy-done,0.003672
matmul_2048x3584x1536,sub,fusion,33.239922
matmul_2048x3584x1536,sub,copy-start,0.012422
matmul_2048x3584x1536,sub,copy-done,0.003672
matmul_2048x3584x1536,sub,fusion,33.159922
matmul_2048x3584x1536,sub,copy-start,0.0125
matmul_2048x3584x1536,sub,copy-done,0.0025
matmul_2048x3584x1536,sub,fusion,33.117422
matmul_2048x3584x1536,sub,copy-start,0.011328
matmul_2048x3584x1536,sub,copy-done,0.002578
matmul_2048x3584x1536,sub,fusion,32.927578
matmul_2048x3584x1536,sub,copy-start,0.012422
matmul_2048x3584x1536,sub,copy-done,0.0025
matmul_2048x3584x1536,sub,fusion,33.075
matmul_2048x3584x2048,main,jit_validation_matrix_multiply(16783819353199708535),54.342422
matmul_2048x3584x2048,main,jit_validation_matrix_multiply(16783819353199708535),43.922656
matmul_2048x3584x2048,main,jit_validation_matrix_multiply(16783819353199708535),44.046172
matmul_2048x3584x2048,main,jit_validation_matrix_multiply(16783819353199708535),43.99125
matmul_2048x3584x2048,main,jit_validation_matrix_multiply(16783819353199708535),44.193594
matmul_2048x3584x2048,main,jit_validation_matrix_multiply(16783819353199708535),44.190078
matmul_2048x3584x2048,main,jit_validation_matrix_multiply(16783819353199708535),43.813672
matmul_2048x3584x2048,main,jit_validation_matrix_multiply(16783819353199708535),44.257422
matmul_2048x3584x2048,main,jit_validation_matrix_multiply(16783819353199708535),44.344844
matmul_2048x3584x2048,main,jit_validation_matrix_multiply(16783819353199708535),44.03125
matmul_2048x3584x2048,sub,copy-start,0.0125
matmul_2048x3584x2048,sub,copy-done,10.62375
matmul_2048x3584x2048,sub,fusion,43.701172
matmul_2048x3584x2048,sub,copy-start,0.0125
matmul_2048x3584x2048,sub,copy-done,0.003672
matmul_2048x3584x2048,sub,fusion,43.9025
matmul_2048x3584x2048,sub,copy-start,0.0125
matmul_2048x3584x2048,sub,copy-done,0.0025
matmul_2048x3584x2048,sub,fusion,44.026094
matmul_2048x3584x2048,sub,copy-start,0.0125
matmul_2048x3584x2048,sub,copy-done,0.0025
matmul_2048x3584x2048,sub,fusion,43.970234
matmul_2048x3584x2048,sub,copy-start,0.0125
matmul_2048x3584x2048,sub,copy-done,0.0025
matmul_2048x3584x2048,sub,fusion,44.172344
matmul_2048x3584x2048,sub,copy-start,0.011328
matmul_2048x3584x2048,sub,copy-done,0.0025
matmul_2048x3584x2048,sub,fusion,44.17
matmul_2048x3584x2048,sub,copy-start,0.011328
matmul_2048x3584x2048,sub,copy-done,0.002578
matmul_2048x3584x2048,sub,fusion,43.793594
matmul_2048x3584x2048,sub,copy-start,0.0125
matmul_2048x3584x2048,sub,copy-done,0.0025
matmul_2048x3584x2048,sub,fusion,44.2375
matmul_2048x3584x2048,sub,copy-start,0.0125
matmul_2048x3584x2048,sub,copy-done,0.002578
matmul_2048x3584x2048,sub,fusion,44.323594
matmul_2048x3584x2048,sub,copy-start,0.012344
matmul_2048x3584x2048,sub,copy-done,0.0025
matmul_2048x3584x2048,sub,fusion,44.011172
matmul_2048x3584x2560,main,jit_validation_matrix_multiply(3311872191125275179),67.715
matmul_2048x3584x2560,main,jit_validation_matrix_multiply(3311872191125275179),54.52375
matmul_2048x3584x2560,main,jit_validation_matrix_multiply(3311872191125275179),55.04
matmul_2048x3584x2560,main,jit_validation_matrix_multiply(3311872191125275179),54.995078
matmul_2048x3584x2560,main,jit_validation_matrix_multiply(3311872191125275179),54.871172
matmul_2048x3584x2560,main,jit_validation_matrix_multiply(3311872191125275179),54.7525
matmul_2048x3584x2560,main,jit_validation_matrix_multiply(3311872191125275179),54.91125
matmul_2048x3584x2560,main,jit_validation_matrix_multiply(3311872191125275179),54.547734
matmul_2048x3584x2560,main,jit_validation_matrix_multiply(3311872191125275179),55.014922
matmul_2048x3584x2560,main,jit_validation_matrix_multiply(3311872191125275179),55.05875
matmul_2048x3584x2560,sub,copy-start,0.011328
matmul_2048x3584x2560,sub,copy-done,13.092656
matmul_2048x3584x2560,sub,fusion,54.603828
matmul_2048x3584x2560,sub,copy-start,0.0125
matmul_2048x3584x2560,sub,copy-done,0.00375
matmul_2048x3584x2560,sub,fusion,54.502578
matmul_2048x3584x2560,sub,copy-start,0.011328
matmul_2048x3584x2560,sub,copy-done,0.00375
matmul_2048x3584x2560,sub,fusion,55.018672
matmul_2048x3584x2560,sub,copy-start,0.011328
matmul_2048x3584x2560,sub,copy-done,0.00375
matmul_2048x3584x2560,sub,fusion,54.97375
matmul_2048x3584x2560,sub,copy-start,0.011328
matmul_2048x3584x2560,sub,copy-done,0.00375
matmul_2048x3584x2560,sub,fusion,54.85
matmul_2048x3584x2560,sub,copy-start,0.012344
matmul_2048x3584x2560,sub,copy-done,0.00375
matmul_2048x3584x2560,sub,fusion,54.731406
matmul_2048x3584x2560,sub,copy-start,0.012422
matmul_2048x3584x2560,sub,copy-done,0.00375
matmul_2048x3584x2560,sub,fusion,54.889922
matmul_2048x3584x2560,sub,copy-start,0.0125
matmul_2048x3584x2560,sub,copy-done,0.003594
matmul_2048x3584x2560,sub,fusion,54.526406
matmul_2048x3584x2560,sub,copy-start,0.011328
matmul_2048x3584x2560,sub,copy-done,0.003672
matmul_2048x3584x2560,sub,fusion,54.992656
matmul_2048x3584x2560,sub,copy-start,0.0125
matmul_2048x3584x2560,sub,copy-done,0.00375
matmul_2048x3584x2560,sub,fusion,55.038594
matmul_2048x3584x3072,main,jit_validation_matrix_multiply(6358383073181439796),80.856328
matmul_2048x3584x3072,main,jit_validation_matrix_multiply(6358383073181439796),65.603594
matmul_2048x3584x3072,main,jit_validation_matrix_multiply(6358383073181439796),65.541094
matmul_2048x3584x3072,main,jit_validation_matrix_multiply(6358383073181439796),65.479922
matmul_2048x3584x3072,main,jit_validation_matrix_multiply(6358383073181439796),65.361172
matmul_2048x3584x3072,main,jit_validation_matrix_multiply(6358383073181439796),65.49375
matmul_2048x3584x3072,main,jit_validation_matrix_multiply(6358383073181439796),65.625156
matmul_2048x3584x3072,main,jit_validation_matrix_multiply(6358383073181439796),65.49
matmul_2048x3584x3072,main,jit_validation_matrix_multiply(6358383073181439796),65.8025
matmul_2048x3584x3072,main,jit_validation_matrix_multiply(6358383073181439796),65.242656
matmul_2048x3584x3072,sub,copy-start,0.012422
matmul_2048x3584x3072,sub,copy-done,15.517578
matmul_2048x3584x3072,sub,fusion,65.321328
matmul_2048x3584x3072,sub,copy-start,0.0125
matmul_2048x3584x3072,sub,copy-done,0.002578
matmul_2048x3584x3072,sub,fusion,65.581484
matmul_2048x3584x3072,sub,copy-start,0.0125
matmul_2048x3584x3072,sub,copy-done,0.002578
matmul_2048x3584x3072,sub,fusion,65.518906
matmul_2048x3584x3072,sub,copy-start,0.012344
matmul_2048x3584x3072,sub,copy-done,0.00375
matmul_2048x3584x3072,sub,fusion,65.458672
matmul_2048x3584x3072,sub,copy-start,0.011328
matmul_2048x3584x3072,sub,copy-done,0.003672
matmul_2048x3584x3072,sub,fusion,65.338828
matmul_2048x3584x3072,sub,copy-start,0.0125
matmul_2048x3584x3072,sub,copy-done,0.00375
matmul_2048x3584x3072,sub,fusion,65.473594
matmul_2048x3584x3072,sub,copy-start,0.012422
matmul_2048x3584x3072,sub,copy-done,0.00375
matmul_2048x3584x3072,sub,fusion,65.605
matmul_2048x3584x3072,sub,copy-start,0.0125
matmul_2048x3584x3072,sub,copy-done,0.003672
matmul_2048x3584x3072,sub,fusion,65.467578
matmul_2048x3584x3072,sub,copy-start,0.0125
matmul_2048x3584x3072,sub,copy-done,0.00375
matmul_2048x3584x3072,sub,fusion,65.781172
matmul_2048x3584x3072,sub,copy-start,0.012422
matmul_2048x3584x3072,sub,copy-done,0.00375
matmul_2048x3584x3072,sub,fusion,65.2225
matmul_2048x3584x3584,main,jit_validation_matrix_multiply(10057064946764611941),93.573828
matmul_2048x3584x3584,main,jit_validation_matrix_multiply(10057064946764611941),75.82875
matmul_2048x3584x3584,main,jit_validation_matrix_multiply(10057064946764611941),75.67
matmul_2048x3584x3584,main,jit_validation_matrix_multiply(10057064946764611941),75.86
matmul_2048x3584x3584,main,jit_validation_matrix_multiply(10057064946764611941),75.516328
matmul_2048x3584x3584,main,jit_validation_matrix_multiply(10057064946764611941),75.548828
matmul_2048x3584x3584,main,jit_validation_matrix_multiply(10057064946764611941),75.44
matmul_2048x3584x3584,main,jit_validation_matrix_multiply(10057064946764611941),75.5025
matmul_2048x3584x3584,main,jit_validation_matrix_multiply(10057064946764611941),75.570156
matmul_2048x3584x3584,main,jit_validation_matrix_multiply(10057064946764611941),75.58
matmul_2048x3584x3584,sub,copy-start,0.012344
matmul_2048x3584x3584,sub,copy-done,18.016328
matmul_2048x3584x3584,sub,fusion,75.54
matmul_2048x3584x3584,sub,copy-start,0.012422
matmul_2048x3584x3584,sub,copy-done,0.003672
matmul_2048x3584x3584,sub,fusion,75.806406
matmul_2048x3584x3584,sub,copy-start,0.0125
matmul_2048x3584x3584,sub,copy-done,0.003594
matmul_2048x3584x3584,sub,fusion,75.647578
matmul_2048x3584x3584,sub,copy-start,0.011328
matmul_2048x3584x3584,sub,copy-done,0.00375
matmul_2048x3584x3584,sub,fusion,75.838828
matmul_2048x3584x3584,sub,copy-start,0.011328
matmul_2048x3584x3584,sub,copy-done,0.003672
matmul_2048x3584x3584,sub,fusion,75.495078
matmul_2048x3584x3584,sub,copy-start,0.0125
matmul_2048x3584x3584,sub,copy-done,0.00375
matmul_2048x3584x3584,sub,fusion,75.528672
matmul_2048x3584x3584,sub,copy-start,0.012422
matmul_2048x3584x3584,sub,copy-done,0.00375
matmul_2048x3584x3584,sub,fusion,75.41875
matmul_2048x3584x3584,sub,copy-start,0.0125
matmul_2048x3584x3584,sub,copy-done,0.00375
matmul_2048x3584x3584,sub,fusion,75.481172
matmul_2048x3584x3584,sub,copy-start,0.011328
matmul_2048x3584x3584,sub,copy-done,0.003594
matmul_2048x3584x3584,sub,fusion,75.548828
matmul_2048x3584x3584,sub,copy-start,0.0125
matmul_2048x3584x3584,sub,copy-done,0.002578
matmul_2048x3584x3584,sub,fusion,75.559844
matmul_2048x3584x4096,main,jit_validation_matrix_multiply(14924126581184200600),105.028672
matmul_2048x3584x4096,main,jit_validation_matrix_multiply(14924126581184200600),84.74375
matmul_2048x3584x4096,main,jit_validation_matrix_multiply(14924126581184200600),84.668672
matmul_2048x3584x4096,main,jit_validation_matrix_multiply(14924126581184200600),84.461406
matmul_2048x3584x4096,main,jit_validation_matrix_multiply(14924126581184200600),84.537422
matmul_2048x3584x4096,main,jit_validation_matrix_multiply(14924126581184200600),84.57625
matmul_2048x3584x4096,main,jit_validation_matrix_multiply(14924126581184200600),84.33875
matmul_2048x3584x4096,main,jit_validation_matrix_multiply(14924126581184200600),84.561328
matmul_2048x3584x4096,main,jit_validation_matrix_multiply(14924126581184200600),84.38125
matmul_2048x3584x4096,main,jit_validation_matrix_multiply(14924126581184200600),84.375
matmul_2048x3584x4096,sub,copy-start,0.011406
matmul_2048x3584x4096,sub,copy-done,20.592578
matmul_2048x3584x4096,sub,fusion,84.4175
matmul_2048x3584x4096,sub,copy-start,0.011328
matmul_2048x3584x4096,sub,copy-done,0.003594
matmul_2048x3584x4096,sub,fusion,84.721406
matmul_2048x3584x4096,sub,copy-start,0.0125
matmul_2048x3584x4096,sub,copy-done,0.00375
matmul_2048x3584x4096,sub,fusion,84.647422
matmul_2048x3584x4096,sub,copy-start,0.0125
matmul_2048x3584x4096,sub,copy-done,0.003594
matmul_2048x3584x4096,sub,fusion,84.44125
matmul_2048x3584x4096,sub,copy-start,0.0125
matmul_2048x3584x4096,sub,copy-done,0.00375
matmul_2048x3584x4096,sub,fusion,84.51625
matmul_2048x3584x4096,sub,copy-start,0.011328
matmul_2048x3584x4096,sub,copy-done,0.00375
matmul_2048x3584x4096,sub,fusion,84.553906
matmul_2048x3584x4096,sub,copy-start,0.0125
matmul_2048x3584x4096,sub,copy-done,0.00375
matmul_2048x3584x4096,sub,fusion,84.318594
matmul_2048x3584x4096,sub,copy-start,0.011406
matmul_2048x3584x4096,sub,copy-done,0.00375
matmul_2048x3584x4096,sub,fusion,84.54
matmul_2048x3584x4096,sub,copy-start,0.0125
matmul_2048x3584x4096,sub,copy-done,0.003672
matmul_2048x3584x4096,sub,fusion,84.35875
matmul_2048x3584x4096,sub,copy-start,0.012422
matmul_2048x3584x4096,sub,copy-done,0.00375
matmul_2048x3584x4096,sub,fusion,84.353828
matmul_2048x4096x1024,main,jit_validation_matrix_multiply(4808973945851441659),35.535
matmul_2048x4096x1024,main,jit_validation_matrix_multiply(4808973945851441659),29.12625
matmul_2048x4096x1024,main,jit_validation_matrix_multiply(4808973945851441659),28.815
matmul_2048x4096x1024,main,jit_validation_matrix_multiply(4808973945851441659),29.016484
matmul_2048x4096x1024,main,jit_validation_matrix_multiply(4808973945851441659),29.21625
matmul_2048x4096x1024,main,jit_validation_matrix_multiply(4808973945851441659),28.984922
matmul_2048x4096x1024,main,jit_validation_matrix_multiply(4808973945851441659),28.79
matmul_2048x4096x1024,main,jit_validation_matrix_multiply(4808973945851441659),29.019922
matmul_2048x4096x1024,main,jit_validation_matrix_multiply(4808973945851441659),29.163594
matmul_2048x4096x1024,main,jit_validation_matrix_multiply(4808973945851441659),29.0225
matmul_2048x4096x1024,sub,copy-start,0.011406
matmul_2048x4096x1024,sub,copy-done,6.356406
matmul_2048x4096x1024,sub,fusion,29.16
matmul_2048x4096x1024,sub,copy-start,0.0125
matmul_2048x4096x1024,sub,copy-done,0.0025
matmul_2048x4096x1024,sub,fusion,29.106172
matmul_2048x4096x1024,sub,copy-start,0.011328
matmul_2048x4096x1024,sub,copy-done,0.003594
matmul_2048x4096x1024,sub,fusion,28.79375
matmul_2048x4096x1024,sub,copy-start,0.012422
matmul_2048x4096x1024,sub,copy-done,0.002578
matmul_2048x4096x1024,sub,fusion,28.996406
matmul_2048x4096x1024,sub,copy-start,0.0125
matmul_2048x4096x1024,sub,copy-done,0.0025
matmul_2048x4096x1024,sub,fusion,29.195
matmul_2048x4096x1024,sub,copy-start,0.0125
matmul_2048x4096x1024,sub,copy-done,0.0025
matmul_2048x4096x1024,sub,fusion,28.964844
matmul_2048x4096x1024,sub,copy-start,0.0125
matmul_2048x4096x1024,sub,copy-done,0.003672
matmul_2048x4096x1024,sub,fusion,28.76875
matmul_2048x4096x1024,sub,copy-start,0.011328
matmul_2048x4096x1024,sub,copy-done,0.002578
matmul_2048x4096x1024,sub,fusion,28.999844
matmul_2048x4096x1024,sub,copy-start,0.0125
matmul_2048x4096x1024,sub,copy-done,0.0025
matmul_2048x4096x1024,sub,fusion,29.142344
matmul_2048x4096x1024,sub,copy-start,0.011328
matmul_2048x4096x1024,sub,copy-done,0.002578
matmul_2048x4096x1024,sub,fusion,29.00125
matmul_2048x4096x1536,main,jit_validation_matrix_multiply(8603038316837094517),60.886094
matmul_2048x4096x1536,main,jit_validation_matrix_multiply(8603038316837094517),51.985234
matmul_2048x4096x1536,main,jit_validation_matrix_multiply(8603038316837094517),51.802422
matmul_2048x4096x1536,main,jit_validation_matrix_multiply(8603038316837094517),51.990078
matmul_2048x4096x1536,main,jit_validation_matrix_multiply(8603038316837094517),51.648984
matmul_2048x4096x1536,main,jit_validation_matrix_multiply(8603038316837094517),51.85875
matmul_2048x4096x1536,main,jit_validation_matrix_multiply(8603038316837094517),51.702422
matmul_2048x4096x1536,main,jit_validation_matrix_multiply(8603038316837094517),51.829844
matmul_2048x4096x1536,main,jit_validation_matrix_multiply(8603038316837094517),51.503906
matmul_2048x4096x1536,main,jit_validation_matrix_multiply(8603038316837094517),51.95875
matmul_2048x4096x1536,sub,copy-start,0.011328
matmul_2048x4096x1536,sub,copy-done,9.129922
matmul_2048x4096x1536,sub,fusion,51.737656
matmul_2048x4096x1536,sub,copy-start,0.011328
matmul_2048x4096x1536,sub,copy-done,0.002578
matmul_2048x4096x1536,sub,fusion,51.96625
matmul_2048x4096x1536,sub,copy-start,0.012344
matmul_2048x4096x1536,sub,copy-done,0.002578
matmul_2048x4096x1536,sub,fusion,51.782344
matmul_2048x4096x1536,sub,copy-start,0.012422
matmul_2048x4096x1536,sub,copy-done,0.003672
matmul_2048x4096x1536,sub,fusion,51.969922
matmul_2048x4096x1536,sub,copy-start,0.012422
matmul_2048x4096x1536,sub,copy-done,0.002578
matmul_2048x4096x1536,sub,fusion,51.628906
matmul_2048x4096x1536,sub,copy-start,0.0125
matmul_2048x4096x1536,sub,copy-done,0.0025
matmul_2048x4096x1536,sub,fusion,51.8375
matmul_2048x4096x1536,sub,copy-start,0.012344
matmul_2048x4096x1536,sub,copy-done,0.0025
matmul_2048x4096x1536,sub,fusion,51.680156
matmul_2048x4096x1536,sub,copy-start,0.011328
matmul_2048x4096x1536,sub,copy-done,0.002578
matmul_2048x4096x1536,sub,fusion,51.80875
matmul_2048x4096x1536,sub,copy-start,0.012422
matmul_2048x4096x1536,sub,copy-done,0.003672
matmul_2048x4096x1536,sub,fusion,51.48375
matmul_2048x4096x1536,sub,copy-start,0.011406
matmul_2048x4096x1536,sub,copy-done,0.0025
matmul_2048x4096x1536,sub,fusion,51.9375
matmul_2048x4096x2048,main,jit_validation_matrix_multiply(1378787270200054305),61.016406
matmul_2048x4096x2048,main,jit_validation_matrix_multiply(1378787270200054305),48.748672
matmul_2048x4096x2048,main,jit_validation_matrix_multiply(1378787270200054305),49.216406
matmul_2048x4096x2048,main,jit_validation_matrix_multiply(1378787270200054305),49.009922
matmul_2048x4096x2048,main,jit_validation_matrix_multiply(1378787270200054305),49.007422
matmul_2048x4096x2048,main,jit_validation_matrix_multiply(1378787270200054305),48.931406
matmul_2048x4096x2048,main,jit_validation_matrix_multiply(1378787270200054305),48.95125
matmul_2048x4096x2048,main,jit_validation_matrix_multiply(1378787270200054305),49.04125
matmul_2048x4096x2048,main,jit_validation_matrix_multiply(1378787270200054305),49.033672
matmul_2048x4096x2048,main,jit_validation_matrix_multiply(1378787270200054305),49.383672
matmul_2048x4096x2048,sub,copy-start,0.012344
matmul_2048x4096x2048,sub,copy-done,12.017656
matmul_2048x4096x2048,sub,fusion,48.981328
matmul_2048x4096x2048,sub,copy-start,0.0125
matmul_2048x4096x2048,sub,copy-done,0.002578
matmul_2048x4096x2048,sub,fusion,48.727422
matmul_2048x4096x2048,sub,copy-start,0.0125
matmul_2048x4096x2048,sub,copy-done,0.00375
matmul_2048x4096x2048,sub,fusion,49.196172
matmul_2048x4096x2048,sub,copy-start,0.0125
matmul_2048x4096x2048,sub,copy-done,0.00375
matmul_2048x4096x2048,sub,fusion,48.987656
matmul_2048x4096x2048,sub,copy-start,0.012344
matmul_2048x4096x2048,sub,copy-done,0.00375
matmul_2048x4096x2048,sub,fusion,48.98625
matmul_2048x4096x2048,sub,copy-start,0.0125
matmul_2048x4096x2048,sub,copy-done,0.00375
matmul_2048x4096x2048,sub,fusion,48.911172
matmul_2048x4096x2048,sub,copy-start,0.011328
matmul_2048x4096x2048,sub,copy-done,0.003672
matmul_2048x4096x2048,sub,fusion,48.928906
matmul_2048x4096x2048,sub,copy-start,0.012422
matmul_2048x4096x2048,sub,copy-done,0.00375
matmul_2048x4096x2048,sub,fusion,49.01875
matmul_2048x4096x2048,sub,copy-start,0.011328
matmul_2048x4096x2048,sub,copy-done,0.003594
matmul_2048x4096x2048,sub,fusion,49.0125
matmul_2048x4096x2048,sub,copy-start,0.011406
matmul_2048x4096x2048,sub,copy-done,0.002578
matmul_2048x4096x2048,sub,fusion,49.361328
matmul_2048x4096x2560,main,jit_validation_matrix_multiply(16068031504319211955),75.718672
matmul_2048x4096x2560,main,jit_validation_matrix_multiply(16068031504319211955),60.662578
matmul_2048x4096x2560,main,jit_validation_matrix_multiply(16068031504319211955),60.865
matmul_2048x4096x2560,main,jit_validation_matrix_multiply(16068031504319211955),60.49375
matmul_2048x4096x2560,main,jit_validation_matrix_multiply(16068031504319211955),60.7375
matmul_2048x4096x2560,main,jit_validation_matrix_multiply(16068031504319211955),60.740156
matmul_2048x4096x2560,main,jit_validation_matrix_multiply(16068031504319211955),60.457578
matmul_2048x4096x2560,main,jit_validation_matrix_multiply(16068031504319211955),60.6175
matmul_2048x4096x2560,main,jit_validation_matrix_multiply(16068031504319211955),60.888672
matmul_2048x4096x2560,main,jit_validation_matrix_multiply(16068031504319211955),60.391172
matmul_2048x4096x2560,sub,copy-start,0.011328
matmul_2048x4096x2560,sub,copy-done,14.951172
matmul_2048x4096x2560,sub,fusion,60.749844
matmul_2048x4096x2560,sub,copy-start,0.011328
matmul_2048x4096x2560,sub,copy-done,0.003594
matmul_2048x4096x2560,sub,fusion,60.64125
matmul_2048x4096x2560,sub,copy-start,0.011328
matmul_2048x4096x2560,sub,copy-done,0.003672
matmul_2048x4096x2560,sub,fusion,60.842578
matmul_2048x4096x2560,sub,copy-start,0.0125
matmul_2048x4096x2560,sub,copy-done,0.003594
matmul_2048x4096x2560,sub,fusion,60.471406
matmul_2048x4096x2560,sub,copy-start,0.011328
matmul_2048x4096x2560,sub,copy-done,0.00375
matmul_2048x4096x2560,sub,fusion,60.71625
matmul_2048x4096x2560,sub,copy-start,0.012344
matmul_2048x4096x2560,sub,copy-done,0.00375
matmul_2048x4096x2560,sub,fusion,60.72
matmul_2048x4096x2560,sub,copy-start,0.011328
matmul_2048x4096x2560,sub,copy-done,0.002656
matmul_2048x4096x2560,sub,fusion,60.436406
matmul_2048x4096x2560,sub,copy-start,0.011328
matmul_2048x4096x2560,sub,copy-done,0.00375
matmul_2048x4096x2560,sub,fusion,60.59625
matmul_2048x4096x2560,sub,copy-start,0.011328
matmul_2048x4096x2560,sub,copy-done,0.002656
matmul_2048x4096x2560,sub,fusion,60.8675
matmul_2048x4096x2560,sub,copy-start,0.011328
matmul_2048x4096x2560,sub,copy-done,0.002656
matmul_2048x4096x2560,sub,fusion,60.37
matmul_2048x4096x3072,main,jit_validation_matrix_multiply(9355850776648878818),90.606328
matmul_2048x4096x3072,main,jit_validation_matrix_multiply(9355850776648878818),73.261094
matmul_2048x4096x3072,main,jit_validation_matrix_multiply(9355850776648878818),73.39875
matmul_2048x4096x3072,main,jit_validation_matrix_multiply(9355850776648878818),73.593672
matmul_2048x4096x3072,main,jit_validation_matrix_multiply(9355850776648878818),73.009922
matmul_2048x4096x3072,main,jit_validation_matrix_multiply(9355850776648878818),73.165078
matmul_2048x4096x3072,main,jit_validation_matrix_multiply(9355850776648878818),73.272422
matmul_2048x4096x3072,main,jit_validation_matrix_multiply(9355850776648878818),73.352656
matmul_2048x4096x3072,main,jit_validation_matrix_multiply(9355850776648878818),73.18625
matmul_2048x4096x3072,main,jit_validation_matrix_multiply(9355850776648878818),73.285156
matmul_2048x4096x3072,sub,copy-start,0.011328
matmul_2048x4096x3072,sub,copy-done,17.80625
matmul_2048x4096x3072,sub,fusion,72.783672
matmul_2048x4096x3072,sub,copy-start,0.011328
matmul_2048x4096x3072,sub,copy-done,0.002656
matmul_2048x4096x3072,sub,fusion,73.238906
matmul_2048x4096x3072,sub,copy-start,0.011328
matmul_2048x4096x3072,sub,copy-done,0.00375
matmul_2048x4096x3072,sub,fusion,73.377578
matmul_2048x4096x3072,sub,copy-start,0.011328
matmul_2048x4096x3072,sub,copy-done,0.003672
matmul_2048x4096x3072,sub,fusion,73.571328
matmul_2048x4096x3072,sub,copy-start,0.012344
matmul_2048x4096x3072,sub,copy-done,0.002578
matmul_2048x4096x3072,sub,fusion,72.988828
matmul_2048x4096x3072,sub,copy-start,0.012422
matmul_2048x4096x3072,sub,copy-done,0.003672
matmul_2048x4096x3072,sub,fusion,73.144922
matmul_2048x4096x3072,sub,copy-start,0.012422
matmul_2048x4096x3072,sub,copy-done,0.002578
matmul_2048x4096x3072,sub,fusion,73.25125
matmul_2048x4096x3072,sub,copy-start,0.011328
matmul_2048x4096x3072,sub,copy-done,0.00375
matmul_2048x4096x3072,sub,fusion,73.3325
matmul_2048x4096x3072,sub,copy-start,0.0125
matmul_2048x4096x3072,sub,copy-done,0.003594
matmul_2048x4096x3072,sub,fusion,73.163906
matmul_2048x4096x3072,sub,copy-start,0.011328
matmul_2048x4096x3072,sub,copy-done,0.002656
matmul_2048x4096x3072,sub,fusion,73.265078
matmul_2048x4096x3584,main,jit_validation_matrix_multiply(17261049557619170916),105.25
matmul_2048x4096x3584,main,jit_validation_matrix_multiply(17261049557619170916),85.11
matmul_2048x4096x3584,main,jit_validation_matrix_multiply(17261049557619170916),84.8125
matmul_2048x4096x3584,main,jit_validation_matrix_multiply(17261049557619170916),85.09125
matmul_2048x4096x3584,main,jit_validation_matrix_multiply(17261049557619170916),84.928594
matmul_2048x4096x3584,main,jit_validation_matrix_multiply(17261049557619170916),85.233828
matmul_2048x4096x3584,main,jit_validation_matrix_multiply(17261049557619170916),84.98625
matmul_2048x4096x3584,main,jit_validation_matrix_multiply(17261049557619170916),85.1175
matmul_2048x4096x3584,main,jit_validation_matrix_multiply(17261049557619170916),84.96625
matmul_2048x4096x3584,main,jit_validation_matrix_multiply(17261049557619170916),84.878828
matmul_2048x4096x3584,sub,copy-start,0.011328
matmul_2048x4096x3584,sub,copy-done,20.660078
matmul_2048x4096x3584,sub,fusion,84.571328
matmul_2048x4096x3584,sub,copy-start,0.011328
matmul_2048x4096x3584,sub,copy-done,0.00375
matmul_2048x4096x3584,sub,fusion,85.088828
matmul_2048x4096x3584,sub,copy-start,0.0125
matmul_2048x4096x3584,sub,copy-done,0.003594
matmul_2048x4096x3584,sub,fusion,84.790078
matmul_2048x4096x3584,sub,copy-start,0.0125
matmul_2048x4096x3584,sub,copy-done,0.003672
matmul_2048x4096x3584,sub,fusion,85.07
matmul_2048x4096x3584,sub,copy-start,0.011328
matmul_2048x4096x3584,sub,copy-done,0.00375
matmul_2048x4096x3584,sub,fusion,84.906406
matmul_2048x4096x3584,sub,copy-start,0.012422
matmul_2048x4096x3584,sub,copy-done,0.00375
matmul_2048x4096x3584,sub,fusion,85.213672
matmul_2048x4096x3584,sub,copy-start,0.011328
matmul_2048x4096x3584,sub,copy-done,0.002656
matmul_2048x4096x3584,sub,fusion,84.965078
matmul_2048x4096x3584,sub,copy-start,0.012344
matmul_2048x4096x3584,sub,copy-done,0.00375
matmul_2048x4096x3584,sub,fusion,85.09625
matmul_2048x4096x3584,sub,copy-start,0.012344
matmul_2048x4096x3584,sub,copy-done,0.00375
matmul_2048x4096x3584,sub,fusion,84.946094
matmul_2048x4096x3584,sub,copy-start,0.012344
matmul_2048x4096x3584,sub,copy-done,0.00375
matmul_2048x4096x3584,sub,fusion,84.857578
matmul_2048x4096x4096,main,jit_validation_matrix_multiply(3197166632843669586),119.452656
matmul_2048x4096x4096,main,jit_validation_matrix_multiply(3197166632843669586),96.5025
matmul_2048x4096x4096,main,jit_validation_matrix_multiply(3197166632843669586),96.913672
matmul_2048x4096x4096,main,jit_validation_matrix_multiply(3197166632843669586),96.225078
matmul_2048x4096x4096,main,jit_validation_matrix_multiply(3197166632843669586),96.262344
matmul_2048x4096x4096,main,jit_validation_matrix_multiply(3197166632843669586),96.33875
matmul_2048x4096x4096,main,jit_validation_matrix_multiply(3197166632843669586),96.6475
matmul_2048x4096x4096,main,jit_validation_matrix_multiply(3197166632843669586),96.517656
matmul_2048x4096x4096,main,jit_validation_matrix_multiply(3197166632843669586),96.299844
matmul_2048x4096x4096,main,jit_validation_matrix_multiply(3197166632843669586),96.615
matmul_2048x4096x4096,sub,copy-start,0.011328
matmul_2048x4096x4096,sub,copy-done,23.426328
matmul_2048x4096x4096,sub,fusion,96.008828
matmul_2048x4096x4096,sub,copy-start,0.0125
matmul_2048x4096x4096,sub,copy-done,0.003594
matmul_2048x4096x4096,sub,fusion,96.480156
matmul_2048x4096x4096,sub,copy-start,0.0125
matmul_2048x4096x4096,sub,copy-done,0.002578
matmul_2048x4096x4096,sub,fusion,96.892422
matmul_2048x4096x4096,sub,copy-start,0.011406
matmul_2048x4096x4096,sub,copy-done,0.002578
matmul_2048x4096x4096,sub,fusion,96.203828
matmul_2048x4096x4096,sub,copy-start,0.011328
matmul_2048x4096x4096,sub,copy-done,0.002656
matmul_2048x4096x4096,sub,fusion,96.240078
matmul_2048x4096x4096,sub,copy-start,0.011328
matmul_2048x4096x4096,sub,copy-done,0.00375
matmul_2048x4096x4096,sub,fusion,96.317656
matmul_2048x4096x4096,sub,copy-start,0.0125
matmul_2048x4096x4096,sub,copy-done,0.00375
matmul_2048x4096x4096,sub,fusion,96.627344
matmul_2048x4096x4096,sub,copy-start,0.011328
matmul_2048x4096x4096,sub,copy-done,0.00375
matmul_2048x4096x4096,sub,fusion,96.4975
matmul_2048x4096x4096,sub,copy-start,0.0125
matmul_2048x4096x4096,sub,copy-done,0.002578
matmul_2048x4096x4096,sub,fusion,96.2775
matmul_2048x4096x4096,sub,copy-start,0.011328
matmul_2048x4096x4096,sub,copy-done,0.00375
matmul_2048x4096x4096,sub,fusion,96.593828
matmul_2560x1024x1024,main,jit_validation_matrix_multiply(8522810392674269586),15.693906
matmul_2560x1024x1024,main,jit_validation_matrix_multiply(8522810392674269586),11.48625
matmul_2560x1024x1024,main,jit_validation_matrix_multiply(8522810392674269586),11.496172
matmul_2560x1024x1024,main,jit_validation_matrix_multiply(8522810392674269586),11.385
matmul_2560x1024x1024,main,jit_validation_matrix_multiply(8522810392674269586),11.39625
matmul_2560x1024x1024,main,jit_validation_matrix_multiply(8522810392674269586),11.36
matmul_2560x1024x1024,main,jit_validation_matrix_multiply(8522810392674269586),11.623906
matmul_2560x1024x1024,main,jit_validation_matrix_multiply(8522810392674269586),11.391328
matmul_2560x1024x1024,main,jit_validation_matrix_multiply(8522810392674269586),11.220078
matmul_2560x1024x1024,main,jit_validation_matrix_multiply(8522810392674269586),11.773672
matmul_2560x1024x1024,sub,copy-start,0.0125
matmul_2560x1024x1024,sub,copy-done,4.1725
matmul_2560x1024x1024,sub,fusion,11.504922
matmul_2560x1024x1024,sub,copy-start,0.0125
matmul_2560x1024x1024,sub,copy-done,0.0025
matmul_2560x1024x1024,sub,fusion,11.466172
matmul_2560x1024x1024,sub,copy-start,0.011406
matmul_2560x1024x1024,sub,copy-done,0.0025
matmul_2560x1024x1024,sub,fusion,11.47375
matmul_2560x1024x1024,sub,copy-start,0.0125
matmul_2560x1024x1024,sub,copy-done,0.002578
matmul_2560x1024x1024,sub,fusion,11.363828
matmul_2560x1024x1024,sub,copy-start,0.011328
matmul_2560x1024x1024,sub,copy-done,0.003672
matmul_2560x1024x1024,sub,fusion,11.376172
matmul_2560x1024x1024,sub,copy-start,0.011328
matmul_2560x1024x1024,sub,copy-done,0.002578
matmul_2560x1024x1024,sub,fusion,11.339922
matmul_2560x1024x1024,sub,copy-start,0.012422
matmul_2560x1024x1024,sub,copy-done,0.0025
matmul_2560x1024x1024,sub,fusion,11.603828
matmul_2560x1024x1024,sub,copy-start,0.0125
matmul_2560x1024x1024,sub,copy-done,0.002578
matmul_2560x1024x1024,sub,fusion,11.371172
matmul_2560x1024x1024,sub,copy-start,0.011328
matmul_2560x1024x1024,sub,copy-done,0.002578
matmul_2560x1024x1024,sub,fusion,11.2
matmul_2560x1024x1024,sub,copy-start,0.0125
matmul_2560x1024x1024,sub,copy-done,0.002578
matmul_2560x1024x1024,sub,fusion,11.752344
matmul_2560x1024x1536,main,jit_validation_matrix_multiply(7637457496395289138),21.230156
matmul_2560x1024x1536,main,jit_validation_matrix_multiply(7637457496395289138),15.34875
matmul_2560x1024x1536,main,jit_validation_matrix_multiply(7637457496395289138),15.311328
matmul_2560x1024x1536,main,jit_validation_matrix_multiply(7637457496395289138),15.316328
matmul_2560x1024x1536,main,jit_validation_matrix_multiply(7637457496395289138),15.395
matmul_2560x1024x1536,main,jit_validation_matrix_multiply(7637457496395289138),15.347422
matmul_2560x1024x1536,main,jit_validation_matrix_multiply(7637457496395289138),15.377422
matmul_2560x1024x1536,main,jit_validation_matrix_multiply(7637457496395289138),15.3625
matmul_2560x1024x1536,main,jit_validation_matrix_multiply(7637457496395289138),15.481172
matmul_2560x1024x1536,main,jit_validation_matrix_multiply(7637457496395289138),15.18625
matmul_2560x1024x1536,sub,copy-start,0.011328
matmul_2560x1024x1536,sub,copy-done,5.956094
matmul_2560x1024x1536,sub,fusion,15.257578
matmul_2560x1024x1536,sub,copy-start,0.012344
matmul_2560x1024x1536,sub,copy-done,0.0025
matmul_2560x1024x1536,sub,fusion,15.3275
matmul_2560x1024x1536,sub,copy-start,0.0125
matmul_2560x1024x1536,sub,copy-done,0.002578
matmul_2560x1024x1536,sub,fusion,15.291172
matmul_2560x1024x1536,sub,copy-start,0.011328
matmul_2560x1024x1536,sub,copy-done,0.0025
matmul_2560x1024x1536,sub,fusion,15.29625
matmul_2560x1024x1536,sub,copy-start,0.012344
matmul_2560x1024x1536,sub,copy-done,0.0025
matmul_2560x1024x1536,sub,fusion,15.373906
matmul_2560x1024x1536,sub,copy-start,0.012422
matmul_2560x1024x1536,sub,copy-done,0.003672
matmul_2560x1024x1536,sub,fusion,15.326328
matmul_2560x1024x1536,sub,copy-start,0.0125
matmul_2560x1024x1536,sub,copy-done,0.002578
matmul_2560x1024x1536,sub,fusion,15.35625
matmul_2560x1024x1536,sub,copy-start,0.0125
matmul_2560x1024x1536,sub,copy-done,0.0025
matmul_2560x1024x1536,sub,fusion,15.341328
matmul_2560x1024x1536,sub,copy-start,0.012344
matmul_2560x1024x1536,sub,copy-done,0.0025
matmul_2560x1024x1536,sub,fusion,15.460078
matmul_2560x1024x1536,sub,copy-start,0.011328
matmul_2560x1024x1536,sub,copy-done,0.003594
matmul_2560x1024x1536,sub,fusion,15.165078
matmul_2560x1024x2048,main,jit_validation_matrix_multiply(8249539980801455713),27.07375
matmul_2560x1024x2048,main,jit_validation_matrix_multiply(8249539980801455713),19.047578
matmul_2560x1024x2048,main,jit_validation_matrix_multiply(8249539980801455713),19.299844
matmul_2560x1024x2048,main,jit_validation_matrix_multiply(8249539980801455713),19.042578
matmul_2560x1024x2048,main,jit_validation_matrix_multiply(8249539980801455713),19.207578
matmul_2560x1024x2048,main,jit_validation_matrix_multiply(8249539980801455713),19.098906
matmul_2560x1024x2048,main,jit_validation_matrix_multiply(8249539980801455713),19.207422
matmul_2560x1024x2048,main,jit_validation_matrix_multiply(8249539980801455713),18.893828
matmul_2560x1024x2048,main,jit_validation_matrix_multiply(8249539980801455713),18.885156
matmul_2560x1024x2048,main,jit_validation_matrix_multiply(8249539980801455713),19.078828
matmul_2560x1024x2048,sub,copy-start,0.0125
matmul_2560x1024x2048,sub,copy-done,7.9025
matmul_2560x1024x2048,sub,fusion,19.152656
matmul_2560x1024x2048,sub,copy-start,0.011328
matmul_2560x1024x2048,sub,copy-done,0.002656
matmul_2560x1024x2048,sub,fusion,19.0275
matmul_2560x1024x2048,sub,copy-start,0.011328
matmul_2560x1024x2048,sub,copy-done,0.003594
matmul_2560x1024x2048,sub,fusion,19.278828
matmul_2560x1024x2048,sub,copy-start,0.011328
matmul_2560x1024x2048,sub,copy-done,0.003672
matmul_2560x1024x2048,sub,fusion,19.0225
matmul_2560x1024x2048,sub,copy-start,0.011406
matmul_2560x1024x2048,sub,copy-done,0.002578
matmul_2560x1024x2048,sub,fusion,19.1875
matmul_2560x1024x2048,sub,copy-start,0.012422
matmul_2560x1024x2048,sub,copy-done,0.002578
matmul_2560x1024x2048,sub,fusion,19.078828
matmul_2560x1024x2048,sub,copy-start,0.012344
matmul_2560x1024x2048,sub,copy-done,0.003672
matmul_2560x1024x2048,sub,fusion,19.186328
matmul_2560x1024x2048,sub,copy-start,0.011328
matmul_2560x1024x2048,sub,copy-done,0.0025
matmul_2560x1024x2048,sub,fusion,18.87375
matmul_2560x1024x2048,sub,copy-start,0.0125
matmul_2560x1024x2048,sub,copy-done,0.002578
matmul_2560x1024x2048,sub,fusion,18.865078
matmul_2560x1024x2048,sub,copy-start,0.011328
matmul_2560x1024x2048,sub,copy-done,0.002578
matmul_2560x1024x2048,sub,fusion,19.05875
matmul_2560x1024x2560,main,jit_validation_matrix_multiply(10677949290273678416),32.82125
matmul_2560x1024x2560,main,jit_validation_matrix_multiply(10677949290273678416),23.236094
matmul_2560x1024x2560,main,jit_validation_matrix_multiply(10677949290273678416),23.263672
matmul_2560x1024x2560,main,jit_validation_matrix_multiply(10677949290273678416),23.287422
matmul_2560x1024x2560,main,jit_validation_matrix_multiply(10677949290273678416),23.155
matmul_2560x1024x2560,main,jit_validation_matrix_multiply(10677949290273678416),23.3675
matmul_2560x1024x2560,main,jit_validation_matrix_multiply(10677949290273678416),23.261094
matmul_2560x1024x2560,main,jit_validation_matrix_multiply(10677949290273678416),23.146172
matmul_2560x1024x2560,main,jit_validation_matrix_multiply(10677949290273678416),23.442344
matmul_2560x1024x2560,main,jit_validation_matrix_multiply(10677949290273678416),23.103516
matmul_2560x1024x2560,sub,copy-start,0.012344
matmul_2560x1024x2560,sub,copy-done,9.621172
matmul_2560x1024x2560,sub,fusion,23.183672
matmul_2560x1024x2560,sub,copy-start,0.011328
matmul_2560x1024x2560,sub,copy-done,0.003672
matmul_2560x1024x2560,sub,fusion,23.214922
matmul_2560x1024x2560,sub,copy-start,0.011328
matmul_2560x1024x2560,sub,copy-done,0.002578
matmul_2560x1024x2560,sub,fusion,23.243594
matmul_2560x1024x2560,sub,copy-start,0.011328
matmul_2560x1024x2560,sub,copy-done,0.002578
matmul_2560x1024x2560,sub,fusion,23.267344
matmul_2560x1024x2560,sub,copy-start,0.0125
matmul_2560x1024x2560,sub,copy-done,0.003594
matmul_2560x1024x2560,sub,fusion,23.134922
matmul_2560x1024x2560,sub,copy-start,0.0125
matmul_2560x1024x2560,sub,copy-done,0.003672
matmul_2560x1024x2560,sub,fusion,23.34625
matmul_2560x1024x2560,sub,copy-start,0.011328
matmul_2560x1024x2560,sub,copy-done,0.003672
matmul_2560x1024x2560,sub,fusion,23.24
matmul_2560x1024x2560,sub,copy-start,0.0125
matmul_2560x1024x2560,sub,copy-done,0.003672
matmul_2560x1024x2560,sub,fusion,23.125078
matmul_2560x1024x2560,sub,copy-start,0.011328
matmul_2560x1024x2560,sub,copy-done,0.002578
matmul_2560x1024x2560,sub,fusion,23.421094
matmul_2560x1024x2560,sub,copy-start,0.0125
matmul_2560x1024x2560,sub,copy-done,0.002578
matmul_2560x1024x2560,sub,fusion,23.08125
matmul_2560x1024x3072,main,jit_validation_matrix_multiply(9835488985736270115),38.3875
matmul_2560x1024x3072,main,jit_validation_matrix_multiply(9835488985736270115),27.008906
matmul_2560x1024x3072,main,jit_validation_matrix_multiply(9835488985736270115),27.134922
matmul_2560x1024x3072,main,jit_validation_matrix_multiply(9835488985736270115),27.0825
matmul_2560x1024x3072,main,jit_validation_matrix_multiply(9835488985736270115),26.98625
matmul_2560x1024x3072,main,jit_validation_matrix_multiply(9835488985736270115),26.982578
matmul_2560x1024x3072,main,jit_validation_matrix_multiply(9835488985736270115),26.983828
matmul_2560x1024x3072,main,jit_validation_matrix_multiply(9835488985736270115),27.036172
matmul_2560x1024x3072,main,jit_validation_matrix_multiply(9835488985736270115),27.010234
matmul_2560x1024x3072,main,jit_validation_matrix_multiply(9835488985736270115),27.506328
matmul_2560x1024x3072,sub,copy-start,0.012344
matmul_2560x1024x3072,sub,copy-done,11.39125
matmul_2560x1024x3072,sub,fusion,26.978672
matmul_2560x1024x3072,sub,copy-start,0.0125
matmul_2560x1024x3072,sub,copy-done,0.003672
matmul_2560x1024x3072,sub,fusion,26.98875
matmul_2560x1024x3072,sub,copy-start,0.0125
matmul_2560x1024x3072,sub,copy-done,0.003672
matmul_2560x1024x3072,sub,fusion,27.114844
matmul_2560x1024x3072,sub,copy-start,0.0125
matmul_2560x1024x3072,sub,copy-done,0.0025
matmul_2560x1024x3072,sub,fusion,27.06125
matmul_2560x1024x3072,sub,copy-start,0.012422
matmul_2560x1024x3072,sub,copy-done,0.002578
matmul_2560x1024x3072,sub,fusion,26.966172
matmul_2560x1024x3072,sub,copy-start,0.0125
matmul_2560x1024x3072,sub,copy-done,0.0025
matmul_2560x1024x3072,sub,fusion,26.9625
matmul_2560x1024x3072,sub,copy-start,0.011328
matmul_2560x1024x3072,sub,copy-done,0.002578
matmul_2560x1024x3072,sub,fusion,26.96375
matmul_2560x1024x3072,sub,copy-start,0.011328
matmul_2560x1024x3072,sub,copy-done,0.003672
matmul_2560x1024x3072,sub,fusion,27.016094
matmul_2560x1024x3072,sub,copy-start,0.011328
matmul_2560x1024x3072,sub,copy-done,0.003594
matmul_2560x1024x3072,sub,fusion,26.990078
matmul_2560x1024x3072,sub,copy-start,0.011328
matmul_2560x1024x3072,sub,copy-done,0.0025
matmul_2560x1024x3072,sub,fusion,27.48625
matmul_2560x1024x3584,main,jit_validation_matrix_multiply(16371344675462918972),43.10375
matmul_2560x1024x3584,main,jit_validation_matrix_multiply(16371344675462918972),30.460078
matmul_2560x1024x3584,main,jit_validation_matrix_multiply(16371344675462918972),30.243594
matmul_2560x1024x3584,main,jit_validation_matrix_multiply(16371344675462918972),30.193828
matmul_2560x1024x3584,main,jit_validation_matrix_multiply(16371344675462918972),30.003672
matmul_2560x1024x3584,main,jit_validation_matrix_multiply(16371344675462918972),30.35375
matmul_2560x1024x3584,main,jit_validation_matrix_multiply(16371344675462918972),30.16875
matmul_2560x1024x3584,main,jit_validation_matrix_multiply(16371344675462918972),30.30875
matmul_2560x1024x3584,main,jit_validation_matrix_multiply(16371344675462918972),29.908672
matmul_2560x1024x3584,main,jit_validation_matrix_multiply(16371344675462918972),30.128672
matmul_2560x1024x3584,sub,copy-start,0.011328
matmul_2560x1024x3584,sub,copy-done,13.2225
matmul_2560x1024x3584,sub,fusion,29.86375
matmul_2560x1024x3584,sub,copy-start,0.012344
matmul_2560x1024x3584,sub,copy-done,0.002578
matmul_2560x1024x3584,sub,fusion,30.439922
matmul_2560x1024x3584,sub,copy-start,0.0125
matmul_2560x1024x3584,sub,copy-done,0.002578
matmul_2560x1024x3584,sub,fusion,30.221484
matmul_2560x1024x3584,sub,copy-start,0.011328
matmul_2560x1024x3584,sub,copy-done,0.003672
matmul_2560x1024x3584,sub,fusion,30.172578
matmul_2560x1024x3584,sub,copy-start,0.011328
matmul_2560x1024x3584,sub,copy-done,0.002656
matmul_2560x1024x3584,sub,fusion,29.9825
matmul_2560x1024x3584,sub,copy-start,0.0125
matmul_2560x1024x3584,sub,copy-done,0.003672
matmul_2560x1024x3584,sub,fusion,30.332578
matmul_2560x1024x3584,sub,copy-start,0.0125
matmul_2560x1024x3584,sub,copy-done,0.00375
matmul_2560x1024x3584,sub,fusion,30.147422
matmul_2560x1024x3584,sub,copy-start,0.0125
matmul_2560x1024x3584,sub,copy-done,0.003672
matmul_2560x1024x3584,sub,fusion,30.2875
matmul_2560x1024x3584,sub,copy-start,0.0125
matmul_2560x1024x3584,sub,copy-done,0.002656
matmul_2560x1024x3584,sub,fusion,29.886328
matmul_2560x1024x3584,sub,copy-start,0.0125
matmul_2560x1024x3584,sub,copy-done,0.002578
matmul_2560x1024x3584,sub,fusion,30.1075
matmul_2560x1024x4096,main,jit_validation_matrix_multiply(18433813773021093384),46.642422
matmul_2560x1024x4096,main,jit_validation_matrix_multiply(18433813773021093384),31.381406
matmul_2560x1024x4096,main,jit_validation_matrix_multiply(18433813773021093384),31.622422
matmul_2560x1024x4096,main,jit_validation_matrix_multiply(18433813773021093384),31.670156
matmul_2560x1024x4096,main,jit_validation_matrix_multiply(18433813773021093384),31.823672
matmul_2560x1024x4096,main,jit_validation_matrix_multiply(18433813773021093384),31.907422
matmul_2560x1024x4096,main,jit_validation_matrix_multiply(18433813773021093384),31.721172
matmul_2560x1024x4096,main,jit_validation_matrix_multiply(18433813773021093384),31.76625
matmul_2560x1024x4096,main,jit_validation_matrix_multiply(18433813773021093384),31.7875
matmul_2560x1024x4096,main,jit_validation_matrix_multiply(18433813773021093384),31.783828
matmul_2560x1024x4096,sub,copy-start,0.012344
matmul_2560x1024x4096,sub,copy-done,14.981328
matmul_2560x1024x4096,sub,fusion,31.642578
matmul_2560x1024x4096,sub,copy-start,0.012422
matmul_2560x1024x4096,sub,copy-done,0.003672
matmul_2560x1024x4096,sub,fusion,31.36125
matmul_2560x1024x4096,sub,copy-start,0.011328
matmul_2560x1024x4096,sub,copy-done,0.00375
matmul_2560x1024x4096,sub,fusion,31.60125
matmul_2560x1024x4096,sub,copy-start,0.011328
matmul_2560x1024x4096,sub,copy-done,0.00375
matmul_2560x1024x4096,sub,fusion,31.65
matmul_2560x1024x4096,sub,copy-start,0.0125
matmul_2560x1024x4096,sub,copy-done,0.002578
matmul_2560x1024x4096,sub,fusion,31.8025
matmul_2560x1024x4096,sub,copy-start,0.0125
matmul_2560x1024x4096,sub,copy-done,0.002656
matmul_2560x1024x4096,sub,fusion,31.885078
matmul_2560x1024x4096,sub,copy-start,0.0125
matmul_2560x1024x4096,sub,copy-done,0.003672
matmul_2560x1024x4096,sub,fusion,31.699922
matmul_2560x1024x4096,sub,copy-start,0.0125
matmul_2560x1024x4096,sub,copy-done,0.00375
matmul_2560x1024x4096,sub,fusion,31.745
matmul_2560x1024x4096,sub,copy-start,0.011328
matmul_2560x1024x4096,sub,copy-done,0.00375
matmul_2560x1024x4096,sub,fusion,31.765234
matmul_2560x1024x4096,sub,copy-start,0.0125
matmul_2560x1024x4096,sub,copy-done,0.003594
matmul_2560x1024x4096,sub,fusion,31.7625
matmul_2560x1536x1024,main,jit_validation_matrix_multiply(14264169714891086987),19.81375
matmul_2560x1536x1024,main,jit_validation_matrix_multiply(14264169714891086987),15.854844
matmul_2560x1536x1024,main,jit_validation_matrix_multiply(14264169714891086987),15.970078
matmul_2560x1536x1024,main,jit_validation_matrix_multiply(14264169714891086987),15.7975
matmul_2560x1536x1024,main,jit_validation_matrix_multiply(14264169714891086987),15.76125
matmul_2560x1536x1024,main,jit_validation_matrix_multiply(14264169714891086987),15.882578
matmul_2560x1536x1024,main,jit_validation_matrix_multiply(14264169714891086987),15.803906
matmul_2560x1536x1024,main,jit_validation_matrix_multiply(14264169714891086987),15.847422
matmul_2560x1536x1024,main,jit_validation_matrix_multiply(14264169714891086987),15.914922
matmul_2560x1536x1024,main,jit_validation_matrix_multiply(14264169714891086987),15.7675
matmul_2560x1536x1024,sub,copy-start,0.0125
matmul_2560x1536x1024,sub,copy-done,4.121172
matmul_2560x1536x1024,sub,fusion,15.676172
matmul_2560x1536x1024,sub,copy-start,0.011328
matmul_2560x1536x1024,sub,copy-done,0.003672
matmul_2560x1536x1024,sub,fusion,15.83375
matmul_2560x1536x1024,sub,copy-start,0.012422
matmul_2560x1536x1024,sub,copy-done,0.003672
matmul_2560x1536x1024,sub,fusion,15.949922
matmul_2560x1536x1024,sub,copy-start,0.011406
matmul_2560x1536x1024,sub,copy-done,0.002656
matmul_2560x1536x1024,sub,fusion,15.77625
matmul_2560x1536x1024,sub,copy-start,0.0125
matmul_2560x1536x1024,sub,copy-done,0.0025
matmul_2560x1536x1024,sub,fusion,15.74
matmul_2560x1536x1024,sub,copy-start,0.0125
matmul_2560x1536x1024,sub,copy-done,0.0025
matmul_2560x1536x1024,sub,fusion,15.8625
matmul_2560x1536x1024,sub,copy-start,0.012422
matmul_2560x1536x1024,sub,copy-done,0.003672
matmul_2560x1536x1024,sub,fusion,15.783828
matmul_2560x1536x1024,sub,copy-start,0.011328
matmul_2560x1536x1024,sub,copy-done,0.003672
matmul_2560x1536x1024,sub,fusion,15.827344
matmul_2560x1536x1024,sub,copy-start,0.012422
matmul_2560x1536x1024,sub,copy-done,0.003672
matmul_2560x1536x1024,sub,fusion,15.89375
matmul_2560x1536x1024,sub,copy-start,0.0125
matmul_2560x1536x1024,sub,copy-done,0.0025
matmul_2560x1536x1024,sub,fusion,15.746406
matmul_2560x1536x1536,main,jit_validation_matrix_multiply(10237029647634349642),27.3925
matmul_2560x1536x1536,main,jit_validation_matrix_multiply(10237029647634349642),21.355078
matmul_2560x1536x1536,main,jit_validation_matrix_multiply(10237029647634349642),21.560078
matmul_2560x1536x1536,main,jit_validation_matrix_multiply(10237029647634349642),21.544922
matmul_2560x1536x1536,main,jit_validation_matrix_multiply(10237029647634349642),21.46125
matmul_2560x1536x1536,main,jit_validation_matrix_multiply(10237029647634349642),21.58125
matmul_2560x1536x1536,main,jit_validation_matrix_multiply(10237029647634349642),21.577578
matmul_2560x1536x1536,main,jit_validation_matrix_multiply(10237029647634349642),21.681406
matmul_2560x1536x1536,main,jit_validation_matrix_multiply(10237029647634349642),21.5275
matmul_2560x1536x1536,main,jit_validation_matrix_multiply(10237029647634349642),21.522344
matmul_2560x1536x1536,sub,copy-start,0.0125
matmul_2560x1536x1536,sub,copy-done,5.96625
matmul_2560x1536x1536,sub,fusion,21.409844
matmul_2560x1536x1536,sub,copy-start,0.012422
matmul_2560x1536x1536,sub,copy-done,0.003594
matmul_2560x1536x1536,sub,fusion,21.335
matmul_2560x1536x1536,sub,copy-start,0.011328
matmul_2560x1536x1536,sub,copy-done,0.002578
matmul_2560x1536x1536,sub,fusion,21.54
matmul_2560x1536x1536,sub,copy-start,0.0125
matmul_2560x1536x1536,sub,copy-done,0.0025
matmul_2560x1536x1536,sub,fusion,21.524844
matmul_2560x1536x1536,sub,copy-start,0.0125
matmul_2560x1536x1536,sub,copy-done,0.0025
matmul_2560x1536x1536,sub,fusion,21.44
matmul_2560x1536x1536,sub,copy-start,0.012344
matmul_2560x1536x1536,sub,copy-done,0.0025
matmul_2560x1536x1536,sub,fusion,21.560156
matmul_2560x1536x1536,sub,copy-start,0.0125
matmul_2560x1536x1536,sub,copy-done,0.0025
matmul_2560x1536x1536,sub,fusion,21.5575
matmul_2560x1536x1536,sub,copy-start,0.012344
matmul_2560x1536x1536,sub,copy-done,0.0025
matmul_2560x1536x1536,sub,fusion,21.660156
matmul_2560x1536x1536,sub,copy-start,0.011328
matmul_2560x1536x1536,sub,copy-done,0.002578
matmul_2560x1536x1536,sub,fusion,21.506406
matmul_2560x1536x1536,sub,copy-start,0.0125
matmul_2560x1536x1536,sub,copy-done,0.0025
matmul_2560x1536x1536,sub,fusion,21.501094
matmul_2560x1536x2048,main,jit_validation_matrix_multiply(3523161698430888087),35.09375
matmul_2560x1536x2048,main,jit_validation_matrix_multiply(3523161698430888087),27.562422
matmul_2560x1536x2048,main,jit_validation_matrix_multiply(3523161698430888087),27.362734
matmul_2560x1536x2048,main,jit_validation_matrix_multiply(3523161698430888087),27.314922
matmul_2560x1536x2048,main,jit_validation_matrix_multiply(3523161698430888087),27.0675
matmul_2560x1536x2048,main,jit_validation_matrix_multiply(3523161698430888087),27.201328
matmul_2560x1536x2048,main,jit_validation_matrix_multiply(3523161698430888087),27.381328
matmul_2560x1536x2048,main,jit_validation_matrix_multiply(3523161698430888087),27.451328
matmul_2560x1536x2048,main,jit_validation_matrix_multiply(3523161698430888087),27.556172
matmul_2560x1536x2048,main,jit_validation_matrix_multiply(3523161698430888087),27.42
matmul_2560x1536x2048,sub,copy-start,0.0125
matmul_2560x1536x2048,sub,copy-done,7.767422
matmul_2560x1536x2048,sub,fusion,27.30875
matmul_2560x1536x2048,sub,copy-start,0.0125
matmul_2560x1536x2048,sub,copy-done,0.0025
matmul_2560x1536x2048,sub,fusion,27.542344
matmul_2560x1536x2048,sub,copy-start,0.011328
matmul_2560x1536x2048,sub,copy-done,0.002578
matmul_2560x1536x2048,sub,fusion,27.342656
matmul_2560x1536x2048,sub,copy-start,0.011328
matmul_2560x1536x2048,sub,copy-done,0.003672
matmul_2560x1536x2048,sub,fusion,27.294844
matmul_2560x1536x2048,sub,copy-start,0.012422
matmul_2560x1536x2048,sub,copy-done,0.0025
matmul_2560x1536x2048,sub,fusion,27.047422
matmul_2560x1536x2048,sub,copy-start,0.011406
matmul_2560x1536x2048,sub,copy-done,0.002578
matmul_2560x1536x2048,sub,fusion,27.18125
matmul_2560x1536x2048,sub,copy-start,0.011328
matmul_2560x1536x2048,sub,copy-done,0.0025
matmul_2560x1536x2048,sub,fusion,27.36125
matmul_2560x1536x2048,sub,copy-start,0.012422
matmul_2560x1536x2048,sub,copy-done,0.0025
matmul_2560x1536x2048,sub,fusion,27.43125
matmul_2560x1536x2048,sub,copy-start,0.0125
matmul_2560x1536x2048,sub,copy-done,0.002578
matmul_2560x1536x2048,sub,fusion,27.535
matmul_2560x1536x2048,sub,copy-start,0.011328
matmul_2560x1536x2048,sub,copy-done,0.003672
matmul_2560x1536x2048,sub,fusion,27.399922
matmul_2560x1536x2560,main,jit_validation_matrix_multiply(5540815942669259469),39.952344
matmul_2560x1536x2560,main,jit_validation_matrix_multiply(5540815942669259469),30.738828
matmul_2560x1536x2560,main,jit_validation_matrix_multiply(5540815942669259469),30.67
matmul_2560x1536x2560,main,jit_validation_matrix_multiply(5540815942669259469),30.44
matmul_2560x1536x2560,main,jit_validation_matrix_multiply(5540815942669259469),30.536406
matmul_2560x1536x2560,main,jit_validation_matrix_multiply(5540815942669259469),30.5575
matmul_2560x1536x2560,main,jit_validation_matrix_multiply(5540815942669259469),30.505
matmul_2560x1536x2560,main,jit_validation_matrix_multiply(5540815942669259469),30.192344
matmul_2560x1536x2560,main,jit_validation_matrix_multiply(5540815942669259469),30.544844
matmul_2560x1536x2560,main,jit_validation_matrix_multiply(5540815942669259469),30.502656
matmul_2560x1536x2560,sub,copy-start,0.0125
matmul_2560x1536x2560,sub,copy-done,9.46125
matmul_2560x1536x2560,sub,fusion,30.471406
matmul_2560x1536x2560,sub,copy-start,0.012422
matmul_2560x1536x2560,sub,copy-done,0.002578
matmul_2560x1536x2560,sub,fusion,30.71875
matmul_2560x1536x2560,sub,copy-start,0.0125
matmul_2560x1536x2560,sub,copy-done,0.0025
matmul_2560x1536x2560,sub,fusion,30.648828
matmul_2560x1536x2560,sub,copy-start,0.011328
matmul_2560x1536x2560,sub,copy-done,0.002578
matmul_2560x1536x2560,sub,fusion,30.41875
matmul_2560x1536x2560,sub,copy-start,0.012344
matmul_2560x1536x2560,sub,copy-done,0.0025
matmul_2560x1536x2560,sub,fusion,30.516328
matmul_2560x1536x2560,sub,copy-start,0.011328
matmul_2560x1536x2560,sub,copy-done,0.002578
matmul_2560x1536x2560,sub,fusion,30.536328
matmul_2560x1536x2560,sub,copy-start,0.011328
matmul_2560x1536x2560,sub,copy-done,0.0025
matmul_2560x1536x2560,sub,fusion,30.483906
matmul_2560x1536x2560,sub,copy-start,0.0125
matmul_2560x1536x2560,sub,copy-done,0.0025
matmul_2560x1536x2560,sub,fusion,30.17125
matmul_2560x1536x2560,sub,copy-start,0.011328
matmul_2560x1536x2560,sub,copy-done,0.003672
matmul_2560x1536x2560,sub,fusion,30.523672
matmul_2560x1536x2560,sub,copy-start,0.011328
matmul_2560x1536x2560,sub,copy-done,0.002578
matmul_2560x1536x2560,sub,fusion,30.482578
matmul_2560x1536x3072,main,jit_validation_matrix_multiply(3911580110780811554),50.602422
matmul_2560x1536x3072,main,jit_validation_matrix_multiply(3911580110780811554),38.751328
matmul_2560x1536x3072,main,jit_validation_matrix_multiply(3911580110780811554),39.271094
matmul_2560x1536x3072,main,jit_validation_matrix_multiply(3911580110780811554),38.847656
matmul_2560x1536x3072,main,jit_validation_matrix_multiply(3911580110780811554),38.779922
matmul_2560x1536x3072,main,jit_validation_matrix_multiply(3911580110780811554),38.92
matmul_2560x1536x3072,main,jit_validation_matrix_multiply(3911580110780811554),39.051094
matmul_2560x1536x3072,main,jit_validation_matrix_multiply(3911580110780811554),38.73
matmul_2560x1536x3072,main,jit_validation_matrix_multiply(3911580110780811554),38.81125
matmul_2560x1536x3072,main,jit_validation_matrix_multiply(3911580110780811554),38.86
matmul_2560x1536x3072,sub,copy-start,0.011328
matmul_2560x1536x3072,sub,copy-done,11.331172
matmul_2560x1536x3072,sub,fusion,39.253594
matmul_2560x1536x3072,sub,copy-start,0.0125
matmul_2560x1536x3072,sub,copy-done,0.003672
matmul_2560x1536x3072,sub,fusion,38.731172
matmul_2560x1536x3072,sub,copy-start,0.012344
matmul_2560x1536x3072,sub,copy-done,0.002578
matmul_2560x1536x3072,sub,fusion,39.249922
matmul_2560x1536x3072,sub,copy-start,0.0125
matmul_2560x1536x3072,sub,copy-done,0.0025
matmul_2560x1536x3072,sub,fusion,38.827578
matmul_2560x1536x3072,sub,copy-start,0.0125
matmul_2560x1536x3072,sub,copy-done,0.002578
matmul_2560x1536x3072,sub,fusion,38.758672
matmul_2560x1536x3072,sub,copy-start,0.0125
matmul_2560x1536x3072,sub,copy-done,0.0025
matmul_2560x1536x3072,sub,fusion,38.898984
matmul_2560x1536x3072,sub,copy-start,0.011328
matmul_2560x1536x3072,sub,copy-done,0.002578
matmul_2560x1536x3072,sub,fusion,39.029922
matmul_2560x1536x3072,sub,copy-start,0.011328
matmul_2560x1536x3072,sub,copy-done,0.002656
matmul_2560x1536x3072,sub,fusion,38.708828
matmul_2560x1536x3072,sub,copy-start,0.012422
matmul_2560x1536x3072,sub,copy-done,0.0025
matmul_2560x1536x3072,sub,fusion,38.790078
matmul_2560x1536x3072,sub,copy-start,0.0125
matmul_2560x1536x3072,sub,copy-done,0.0025
matmul_2560x1536x3072,sub,fusion,38.838984
matmul_2560x1536x3584,main,jit_validation_matrix_multiply(5773873817376565395),55.412422
matmul_2560x1536x3584,main,jit_validation_matrix_multiply(5773873817376565395),42.421172
matmul_2560x1536x3584,main,jit_validation_matrix_multiply(5773873817376565395),42.439922
matmul_2560x1536x3584,main,jit_validation_matrix_multiply(5773873817376565395),42.4925
matmul_2560x1536x3584,main,jit_validation_matrix_multiply(5773873817376565395),41.992422
matmul_2560x1536x3584,main,jit_validation_matrix_multiply(5773873817376565395),42.313906
matmul_2560x1536x3584,main,jit_validation_matrix_multiply(5773873817376565395),42.18875
matmul_2560x1536x3584,main,jit_validation_matrix_multiply(5773873817376565395),42.29375
matmul_2560x1536x3584,main,jit_validation_matrix_multiply(5773873817376565395),42.382422
matmul_2560x1536x3584,main,jit_validation_matrix_multiply(5773873817376565395),42.2925
matmul_2560x1536x3584,sub,copy-start,0.011406
matmul_2560x1536x3584,sub,copy-done,12.987656
matmul_2560x1536x3584,sub,fusion,42.405078
matmul_2560x1536x3584,sub,copy-start,0.012344
matmul_2560x1536x3584,sub,copy-done,0.002578
matmul_2560x1536x3584,sub,fusion,42.4
matmul_2560x1536x3584,sub,copy-start,0.0125
matmul_2560x1536x3584,sub,copy-done,0.002578
matmul_2560x1536x3584,sub,fusion,42.418672
matmul_2560x1536x3584,sub,copy-start,0.012422
matmul_2560x1536x3584,sub,copy-done,0.003672
matmul_2560x1536x3584,sub,fusion,42.471172
matmul_2560x1536x3584,sub,copy-start,0.012344
matmul_2560x1536x3584,sub,copy-done,0.00375
matmul_2560x1536x3584,sub,fusion,41.97
matmul_2560x1536x3584,sub,copy-start,0.011328
matmul_2560x1536x3584,sub,copy-done,0.003672
matmul_2560x1536x3584,sub,fusion,42.292578
matmul_2560x1536x3584,sub,copy-start,0.012422
matmul_2560x1536x3584,sub,copy-done,0.00375
matmul_2560x1536x3584,sub,fusion,42.167422
matmul_2560x1536x3584,sub,copy-start,0.011328
matmul_2560x1536x3584,sub,copy-done,0.00375
matmul_2560x1536x3584,sub,fusion,42.2725
matmul_2560x1536x3584,sub,copy-start,0.011328
matmul_2560x1536x3584,sub,copy-done,0.003672
matmul_2560x1536x3584,sub,fusion,42.36
matmul_2560x1536x3584,sub,copy-start,0.011328
matmul_2560x1536x3584,sub,copy-done,0.00375
matmul_2560x1536x3584,sub,fusion,42.270078
matmul_2560x1536x4096,main,jit_validation_matrix_multiply(17050302916393072905),60.337656
matmul_2560x1536x4096,main,jit_validation_matrix_multiply(17050302916393072905),45.972656
matmul_2560x1536x4096,main,jit_validation_matrix_multiply(17050302916393072905),45.933594
matmul_2560x1536x4096,main,jit_validation_matrix_multiply(17050302916393072905),45.6225
matmul_2560x1536x4096,main,jit_validation_matrix_multiply(17050302916393072905),45.693828
matmul_2560x1536x4096,main,jit_validation_matrix_multiply(17050302916393072905),45.518906
matmul_2560x1536x4096,main,jit_validation_matrix_multiply(17050302916393072905),45.5875
matmul_2560x1536x4096,main,jit_validation_matrix_multiply(17050302916393072905),45.925
matmul_2560x1536x4096,main,jit_validation_matrix_multiply(17050302916393072905),45.4475
matmul_2560x1536x4096,main,jit_validation_matrix_multiply(17050302916393072905),45.773594
matmul_2560x1536x4096,sub,copy-start,0.011328
matmul_2560x1536x4096,sub,copy-done,14.852656
matmul_2560x1536x4096,sub,fusion,45.467578
matmul_2560x1536x4096,sub,copy-start,0.0125
matmul_2560x1536x4096,sub,copy-done,0.003594
matmul_2560x1536x4096,sub,fusion,45.951328
matmul_2560x1536x4096,sub,copy-start,0.011328
matmul_2560x1536x4096,sub,copy-done,0.00375
matmul_2560x1536x4096,sub,fusion,45.911328
matmul_2560x1536x4096,sub,copy-start,0.011328
matmul_2560x1536x4096,sub,copy-done,0.00375
matmul_2560x1536x4096,sub,fusion,45.600156
matmul_2560x1536x4096,sub,copy-start,0.012422
matmul_2560x1536x4096,sub,copy-done,0.003672
matmul_2560x1536x4096,sub,fusion,45.6725
matmul_2560x1536x4096,sub,copy-start,0.0125
matmul_2560x1536x4096,sub,copy-done,0.003594
matmul_2560x1536x4096,sub,fusion,45.497578
matmul_2560x1536x4096,sub,copy-start,0.0125
matmul_2560x1536x4096,sub,copy-done,0.003594
matmul_2560x1536x4096,sub,fusion,45.566172
matmul_2560x1536x4096,sub,copy-start,0.012422
matmul_2560x1536x4096,sub,copy-done,0.003672
matmul_2560x1536x4096,sub,fusion,45.90375
matmul_2560x1536x4096,sub,copy-start,0.011328
matmul_2560x1536x4096,sub,copy-done,0.003672
matmul_2560x1536x4096,sub,fusion,45.42625
matmul_2560x1536x4096,sub,copy-start,0.0125
matmul_2560x1536x4096,sub,copy-done,0.002578
matmul_2560x1536x4096,sub,fusion,45.751328
matmul_2560x2048x1024,main,jit_validation_matrix_multiply(2135696783790623750),24.241172
matmul_2560x2048x1024,main,jit_validation_matrix_multiply(2135696783790623750),20.2425
matmul_2560x2048x1024,main,jit_validation_matrix_multiply(2135696783790623750),19.953828
matmul_2560x2048x1024,main,jit_validation_matrix_multiply(2135696783790623750),20.1875
matmul_2560x2048x1024,main,jit_validation_matrix_multiply(2135696783790623750),19.936484
matmul_2560x2048x1024,main,jit_validation_matrix_multiply(2135696783790623750),20.153672
matmul_2560x2048x1024,main,jit_validation_matrix_multiply(2135696783790623750),20.111406
matmul_2560x2048x1024,main,jit_validation_matrix_multiply(2135696783790623750),20.242422
matmul_2560x2048x1024,main,jit_validation_matrix_multiply(2135696783790623750),20.10875
matmul_2560x2048x1024,main,jit_validation_matrix_multiply(2135696783790623750),20.305
matmul_2560x2048x1024,sub,copy-start,0.012344
matmul_2560x2048x1024,sub,copy-done,4.14375
matmul_2560x2048x1024,sub,fusion,20.078672
matmul_2560x2048x1024,sub,copy-start,0.011328
matmul_2560x2048x1024,sub,copy-done,0.003672
matmul_2560x2048x1024,sub,fusion,20.222344
matmul_2560x2048x1024,sub,copy-start,0.011328
matmul_2560x2048x1024,sub,copy-done,0.002656
matmul_2560x2048x1024,sub,fusion,19.93375
matmul_2560x2048x1024,sub,copy-start,0.011328
matmul_2560x2048x1024,sub,copy-done,0.002578
matmul_2560x2048x1024,sub,fusion,20.166406
matmul_2560x2048x1024,sub,copy-start,0.011328
matmul_2560x2048x1024,sub,copy-done,0.0025
matmul_2560x2048x1024,sub,fusion,19.916406
matmul_2560x2048x1024,sub,copy-start,0.012422
matmul_2560x2048x1024,sub,copy-done,0.0025
matmul_2560x2048x1024,sub,fusion,20.132422
matmul_2560x2048x1024,sub,copy-start,0.012344
matmul_2560x2048x1024,sub,copy-done,0.0025
matmul_2560x2048x1024,sub,fusion,20.091328
matmul_2560x2048x1024,sub,copy-start,0.011328
matmul_2560x2048x1024,sub,copy-done,0.003672
matmul_2560x2048x1024,sub,fusion,20.222344
matmul_2560x2048x1024,sub,copy-start,0.011406
matmul_2560x2048x1024,sub,copy-done,0.002578
matmul_2560x2048x1024,sub,fusion,20.0875
matmul_2560x2048x1024,sub,copy-start,0.011328
matmul_2560x2048x1024,sub,copy-done,0.002578
matmul_2560x2048x1024,sub,fusion,20.283828
matmul_2560x2048x1536,main,jit_validation_matrix_multiply(9645344419169265552),33.78875
matmul_2560x2048x1536,main,jit_validation_matrix_multiply(9645344419169265552),27.683672
matmul_2560x2048x1536,main,jit_validation_matrix_multiply(9645344419169265552),27.880156
matmul_2560x2048x1536,main,jit_validation_matrix_multiply(9645344419169265552),27.69125
matmul_2560x2048x1536,main,jit_validation_matrix_multiply(9645344419169265552),27.736172
matmul_2560x2048x1536,main,jit_validation_matrix_multiply(9645344419169265552),27.8025
matmul_2560x2048x1536,main,jit_validation_matrix_multiply(9645344419169265552),27.902422
matmul_2560x2048x1536,main,jit_validation_matrix_multiply(9645344419169265552),27.86375
matmul_2560x2048x1536,main,jit_validation_matrix_multiply(9645344419169265552),28.010078
matmul_2560x2048x1536,main,jit_validation_matrix_multiply(9645344419169265552),27.769922
matmul_2560x2048x1536,sub,copy-start,0.0125
matmul_2560x2048x1536,sub,copy-done,5.965
matmul_2560x2048x1536,sub,fusion,27.805
matmul_2560x2048x1536,sub,copy-start,0.012344
matmul_2560x2048x1536,sub,copy-done,0.003672
matmul_2560x2048x1536,sub,fusion,27.6625
matmul_2560x2048x1536,sub,copy-start,0.012422
matmul_2560x2048x1536,sub,copy-done,0.003672
matmul_2560x2048x1536,sub,fusion,27.860078
matmul_2560x2048x1536,sub,copy-start,0.012344
matmul_2560x2048x1536,sub,copy-done,0.0025
matmul_2560x2048x1536,sub,fusion,27.671172
matmul_2560x2048x1536,sub,copy-start,0.012422
matmul_2560x2048x1536,sub,copy-done,0.002578
matmul_2560x2048x1536,sub,fusion,27.715
matmul_2560x2048x1536,sub,copy-start,0.0125
matmul_2560x2048x1536,sub,copy-done,0.0025
matmul_2560x2048x1536,sub,fusion,27.781406
matmul_2560x2048x1536,sub,copy-start,0.0125
matmul_2560x2048x1536,sub,copy-done,0.0025
matmul_2560x2048x1536,sub,fusion,27.882344
matmul_2560x2048x1536,sub,copy-start,0.011328
matmul_2560x2048x1536,sub,copy-done,0.002578
matmul_2560x2048x1536,sub,fusion,27.843672
matmul_2560x2048x1536,sub,copy-start,0.011328
matmul_2560x2048x1536,sub,copy-done,0.002656
matmul_2560x2048x1536,sub,fusion,27.99
matmul_2560x2048x1536,sub,copy-start,0.011328
matmul_2560x2048x1536,sub,copy-done,0.003672
matmul_2560x2048x1536,sub,fusion,27.749844
matmul_2560x2048x2048,main,jit_validation_matrix_multiply(13108425262705043815),41.800156
matmul_2560x2048x2048,main,jit_validation_matrix_multiply(13108425262705043815),33.712656
matmul_2560x2048x2048,main,jit_validation_matrix_multiply(13108425262705043815),34.378828
matmul_2560x2048x2048,main,jit_validation_matrix_multiply(13108425262705043815),33.941094
matmul_2560x2048x2048,main,jit_validation_matrix_multiply(13108425262705043815),35.279844
matmul_2560x2048x2048,main,jit_validation_matrix_multiply(13108425262705043815),33.8875
matmul_2560x2048x2048,main,jit_validation_matrix_multiply(13108425262705043815),34.8925
matmul_2560x2048x2048,main,jit_validation_matrix_multiply(13108425262705043815),34.164922
matmul_2560x2048x2048,main,jit_validation_matrix_multiply(13108425262705043815),34.771172
matmul_2560x2048x2048,main,jit_validation_matrix_multiply(13108425262705043815),33.758672
matmul_2560x2048x2048,sub,copy-start,0.012344
matmul_2560x2048x2048,sub,copy-done,7.775078
matmul_2560x2048x2048,sub,fusion,34.008672
matmul_2560x2048x2048,sub,copy-start,0.011328
matmul_2560x2048x2048,sub,copy-done,0.002578
matmul_2560x2048x2048,sub,fusion,33.692578
matmul_2560x2048x2048,sub,copy-start,0.011406
matmul_2560x2048x2048,sub,copy-done,0.002578
matmul_2560x2048x2048,sub,fusion,34.35875
matmul_2560x2048x2048,sub,copy-start,0.011328
matmul_2560x2048x2048,sub,copy-done,0.003594
matmul_2560x2048x2048,sub,fusion,33.92
matmul_2560x2048x2048,sub,copy-start,0.011328
matmul_2560x2048x2048,sub,copy-done,0.003672
matmul_2560x2048x2048,sub,fusion,35.25875
matmul_2560x2048x2048,sub,copy-start,0.011406
matmul_2560x2048x2048,sub,copy-done,0.002656
matmul_2560x2048x2048,sub,fusion,33.866328
matmul_2560x2048x2048,sub,copy-start,0.011328
matmul_2560x2048x2048,sub,copy-done,0.002578
matmul_2560x2048x2048,sub,fusion,34.871406
matmul_2560x2048x2048,sub,copy-start,0.012422
matmul_2560x2048x2048,sub,copy-done,0.003672
matmul_2560x2048x2048,sub,fusion,34.143672
matmul_2560x2048x2048,sub,copy-start,0.012344
matmul_2560x2048x2048,sub,copy-done,0.0025
matmul_2560x2048x2048,sub,fusion,34.75
matmul_2560x2048x2048,sub,copy-start,0.0125
matmul_2560x2048x2048,sub,copy-done,0.003672
matmul_2560x2048x2048,sub,fusion,33.737578
matmul_2560x2048x2560,main,jit_validation_matrix_multiply(7078625416178417524),52.286328
matmul_2560x2048x2560,main,jit_validation_matrix_multiply(7078625416178417524),43.696094
matmul_2560x2048x2560,main,jit_validation_matrix_multiply(7078625416178417524),43.007344
matmul_2560x2048x2560,main,jit_validation_matrix_multiply(7078625416178417524),43.673672
matmul_2560x2048x2560,main,jit_validation_matrix_multiply(7078625416178417524),42.798906
matmul_2560x2048x2560,main,jit_validation_matrix_multiply(7078625416178417524),43.89
matmul_2560x2048x2560,main,jit_validation_matrix_multiply(7078625416178417524),43.016094
matmul_2560x2048x2560,main,jit_validation_matrix_multiply(7078625416178417524),43.611328
matmul_2560x2048x2560,main,jit_validation_matrix_multiply(7078625416178417524),42.81875
matmul_2560x2048x2560,main,jit_validation_matrix_multiply(7078625416178417524),43.480078
matmul_2560x2048x2560,sub,copy-start,0.012344
matmul_2560x2048x2560,sub,copy-done,9.728672
matmul_2560x2048x2560,sub,fusion,42.54125
matmul_2560x2048x2560,sub,copy-start,0.0125
matmul_2560x2048x2560,sub,copy-done,0.003672
matmul_2560x2048x2560,sub,fusion,43.673828
matmul_2560x2048x2560,sub,copy-start,0.011328
matmul_2560x2048x2560,sub,copy-done,0.002578
matmul_2560x2048x2560,sub,fusion,42.986328
matmul_2560x2048x2560,sub,copy-start,0.012344
matmul_2560x2048x2560,sub,copy-done,0.0025
matmul_2560x2048x2560,sub,fusion,43.651406
matmul_2560x2048x2560,sub,copy-start,0.0125
matmul_2560x2048x2560,sub,copy-done,0.003594
matmul_2560x2048x2560,sub,fusion,42.77875
matmul_2560x2048x2560,sub,copy-start,0.0125
matmul_2560x2048x2560,sub,copy-done,0.0025
matmul_2560x2048x2560,sub,fusion,43.868828
matmul_2560x2048x2560,sub,copy-start,0.0125
matmul_2560x2048x2560,sub,copy-done,0.0025
matmul_2560x2048x2560,sub,fusion,42.995
matmul_2560x2048x2560,sub,copy-start,0.012344
matmul_2560x2048x2560,sub,copy-done,0.003672
matmul_2560x2048x2560,sub,fusion,43.59125
matmul_2560x2048x2560,sub,copy-start,0.011328
matmul_2560x2048x2560,sub,copy-done,0.002656
matmul_2560x2048x2560,sub,fusion,42.7975
matmul_2560x2048x2560,sub,copy-start,0.011328
matmul_2560x2048x2560,sub,copy-done,0.002578
matmul_2560x2048x2560,sub,fusion,43.46
matmul_2560x2048x3072,main,jit_validation_matrix_multiply(15862545186091156355),59.126094
matmul_2560x2048x3072,main,jit_validation_matrix_multiply(15862545186091156355),47.782344
matmul_2560x2048x3072,main,jit_validation_matrix_multiply(15862545186091156355),47.605
matmul_2560x2048x3072,main,jit_validation_matrix_multiply(15862545186091156355),47.9525
matmul_2560x2048x3072,main,jit_validation_matrix_multiply(15862545186091156355),47.6575
matmul_2560x2048x3072,main,jit_validation_matrix_multiply(15862545186091156355),47.7225
matmul_2560x2048x3072,main,jit_validation_matrix_multiply(15862545186091156355),47.869922
matmul_2560x2048x3072,main,jit_validation_matrix_multiply(15862545186091156355),48.05375
matmul_2560x2048x3072,main,jit_validation_matrix_multiply(15862545186091156355),47.8025
matmul_2560x2048x3072,main,jit_validation_matrix_multiply(15862545186091156355),47.713672
matmul_2560x2048x3072,sub,copy-start,0.011328
matmul_2560x2048x3072,sub,copy-done,11.388984
matmul_2560x2048x3072,sub,fusion,47.717578
matmul_2560x2048x3072,sub,copy-start,0.0125
matmul_2560x2048x3072,sub,copy-done,0.002578
matmul_2560x2048x3072,sub,fusion,47.760078
matmul_2560x2048x3072,sub,copy-start,0.012422
matmul_2560x2048x3072,sub,copy-done,0.002578
matmul_2560x2048x3072,sub,fusion,47.58375
matmul_2560x2048x3072,sub,copy-start,0.0125
matmul_2560x2048x3072,sub,copy-done,0.0025
matmul_2560x2048x3072,sub,fusion,47.931328
matmul_2560x2048x3072,sub,copy-start,0.011328
matmul_2560x2048x3072,sub,copy-done,0.0025
matmul_2560x2048x3072,sub,fusion,47.636328
matmul_2560x2048x3072,sub,copy-start,0.011328
matmul_2560x2048x3072,sub,copy-done,0.002578
matmul_2560x2048x3072,sub,fusion,47.701328
matmul_2560x2048x3072,sub,copy-start,0.011328
matmul_2560x2048x3072,sub,copy-done,0.003594
matmul_2560x2048x3072,sub,fusion,47.84875
matmul_2560x2048x3072,sub,copy-start,0.011406
matmul_2560x2048x3072,sub,copy-done,0.0025
matmul_2560x2048x3072,sub,fusion,48.032656
matmul_2560x2048x3072,sub,copy-start,0.011328
matmul_2560x2048x3072,sub,copy-done,0.002578
matmul_2560x2048x3072,sub,fusion,47.782422
matmul_2560x2048x3072,sub,copy-start,0.0125
matmul_2560x2048x3072,sub,copy-done,0.0025
matmul_2560x2048x3072,sub,fusion,47.692422
matmul_2560x2048x3584,main,jit_validation_matrix_multiply(6332816280336847466),67.476094
matmul_2560x2048x3584,main,jit_validation_matrix_multiply(6332816280336847466),54.473906
matmul_2560x2048x3584,main,jit_validation_matrix_multiply(6332816280336847466),54.688594
matmul_2560x2048x3584,main,jit_validation_matrix_multiply(6332816280336847466),54.2225
matmul_2560x2048x3584,main,jit_validation_matrix_multiply(6332816280336847466),54.293672
matmul_2560x2048x3584,main,jit_validation_matrix_multiply(6332816280336847466),54.391406
matmul_2560x2048x3584,main,jit_validation_matrix_multiply(6332816280336847466),54.635
matmul_2560x2048x3584,main,jit_validation_matrix_multiply(6332816280336847466),54.591172
matmul_2560x2048x3584,main,jit_validation_matrix_multiply(6332816280336847466),54.29875
matmul_2560x2048x3584,main,jit_validation_matrix_multiply(6332816280336847466),54.962422
matmul_2560x2048x3584,sub,copy-start,0.012344
matmul_2560x2048x3584,sub,copy-done,13.12625
matmul_2560x2048x3584,sub,fusion,54.331406
matmul_2560x2048x3584,sub,copy-start,0.011328
matmul_2560x2048x3584,sub,copy-done,0.003672
matmul_2560x2048x3584,sub,fusion,54.452578
matmul_2560x2048x3584,sub,copy-start,0.011328
matmul_2560x2048x3584,sub,copy-done,0.002656
matmul_2560x2048x3584,sub,fusion,54.666328
matmul_2560x2048x3584,sub,copy-start,0.0125
matmul_2560x2048x3584,sub,copy-done,0.003672
matmul_2560x2048x3584,sub,fusion,54.20125
matmul_2560x2048x3584,sub,copy-start,0.011328
matmul_2560x2048x3584,sub,copy-done,0.003672
matmul_2560x2048x3584,sub,fusion,54.271406
matmul_2560x2048x3584,sub,copy-start,0.011328
matmul_2560x2048x3584,sub,copy-done,0.00375
matmul_2560x2048x3584,sub,fusion,54.37125
matmul_2560x2048x3584,sub,copy-start,0.011328
matmul_2560x2048x3584,sub,copy-done,0.00375
matmul_2560x2048x3584,sub,fusion,54.61375
matmul_2560x2048x3584,sub,copy-start,0.011328
matmul_2560x2048x3584,sub,copy-done,0.003672
matmul_2560x2048x3584,sub,fusion,54.568906
matmul_2560x2048x3584,sub,copy-start,0.011328
matmul_2560x2048x3584,sub,copy-done,0.003672
matmul_2560x2048x3584,sub,fusion,54.276328
matmul_2560x2048x3584,sub,copy-start,0.011328
matmul_2560x2048x3584,sub,copy-done,0.00375
matmul_2560x2048x3584,sub,fusion,54.94125
matmul_2560x2048x4096,main,jit_validation_matrix_multiply(1601475615425637998),73.806406
matmul_2560x2048x4096,main,jit_validation_matrix_multiply(1601475615425637998),59.257422
matmul_2560x2048x4096,main,jit_validation_matrix_multiply(1601475615425637998),59.17875
matmul_2560x2048x4096,main,jit_validation_matrix_multiply(1601475615425637998),59.562422
matmul_2560x2048x4096,main,jit_validation_matrix_multiply(1601475615425637998),59.3125
matmul_2560x2048x4096,main,jit_validation_matrix_multiply(1601475615425637998),59.354844
matmul_2560x2048x4096,main,jit_validation_matrix_multiply(1601475615425637998),59.18375
matmul_2560x2048x4096,main,jit_validation_matrix_multiply(1601475615425637998),59.492344
matmul_2560x2048x4096,main,jit_validation_matrix_multiply(1601475615425637998),59.159922
matmul_2560x2048x4096,main,jit_validation_matrix_multiply(1601475615425637998),59.256172
matmul_2560x2048x4096,sub,copy-start,0.012422
matmul_2560x2048x4096,sub,copy-done,14.958828
matmul_2560x2048x4096,sub,fusion,58.831172
matmul_2560x2048x4096,sub,copy-start,0.0125
matmul_2560x2048x4096,sub,copy-done,0.00375
matmul_2560x2048x4096,sub,fusion,59.236094
matmul_2560x2048x4096,sub,copy-start,0.0125
matmul_2560x2048x4096,sub,copy-done,0.003672
matmul_2560x2048x4096,sub,fusion,59.15625
matmul_2560x2048x4096,sub,copy-start,0.0125
matmul_2560x2048x4096,sub,copy-done,0.00375
matmul_2560x2048x4096,sub,fusion,59.541094
matmul_2560x2048x4096,sub,copy-start,0.0125
matmul_2560x2048x4096,sub,copy-done,0.003594
matmul_2560x2048x4096,sub,fusion,59.290078
matmul_2560x2048x4096,sub,copy-start,0.011328
matmul_2560x2048x4096,sub,copy-done,0.00375
matmul_2560x2048x4096,sub,fusion,59.332656
matmul_2560x2048x4096,sub,copy-start,0.012422
matmul_2560x2048x4096,sub,copy-done,0.002656
matmul_2560x2048x4096,sub,fusion,59.162578
matmul_2560x2048x4096,sub,copy-start,0.0125
matmul_2560x2048x4096,sub,copy-done,0.002578
matmul_2560x2048x4096,sub,fusion,59.470234
matmul_2560x2048x4096,sub,copy-start,0.0125
matmul_2560x2048x4096,sub,copy-done,0.002656
matmul_2560x2048x4096,sub,fusion,59.13875
matmul_2560x2048x4096,sub,copy-start,0.012344
matmul_2560x2048x4096,sub,copy-done,0.002578
matmul_2560x2048x4096,sub,fusion,59.235
matmul_2560x2560x1024,main,jit_validation_matrix_multiply(15812356983424170717),28.548828
matmul_2560x2560x1024,main,jit_validation_matrix_multiply(15812356983424170717),23.97125
matmul_2560x2560x1024,main,jit_validation_matrix_multiply(15812356983424170717),24.114844
matmul_2560x2560x1024,main,jit_validation_matrix_multiply(15812356983424170717),24.019922
matmul_2560x2560x1024,main,jit_validation_matrix_multiply(15812356983424170717),24.398828
matmul_2560x2560x1024,main,jit_validation_matrix_multiply(15812356983424170717),24.315234
matmul_2560x2560x1024,main,jit_validation_matrix_multiply(15812356983424170717),24.088672
matmul_2560x2560x1024,main,jit_validation_matrix_multiply(15812356983424170717),24.34875
matmul_2560x2560x1024,main,jit_validation_matrix_multiply(15812356983424170717),24.2425
matmul_2560x2560x1024,main,jit_validation_matrix_multiply(15812356983424170717),24.22875
matmul_2560x2560x1024,sub,copy-start,0.012422
matmul_2560x2560x1024,sub,copy-done,4.29
matmul_2560x2560x1024,sub,fusion,24.242344
matmul_2560x2560x1024,sub,copy-start,0.012422
matmul_2560x2560x1024,sub,copy-done,0.003672
matmul_2560x2560x1024,sub,fusion,23.951172
matmul_2560x2560x1024,sub,copy-start,0.0125
matmul_2560x2560x1024,sub,copy-done,0.0025
matmul_2560x2560x1024,sub,fusion,24.093594
matmul_2560x2560x1024,sub,copy-start,0.0125
matmul_2560x2560x1024,sub,copy-done,0.003672
matmul_2560x2560x1024,sub,fusion,23.998672
matmul_2560x2560x1024,sub,copy-start,0.011328
matmul_2560x2560x1024,sub,copy-done,0.003594
matmul_2560x2560x1024,sub,fusion,24.37875
matmul_2560x2560x1024,sub,copy-start,0.011328
matmul_2560x2560x1024,sub,copy-done,0.002578
matmul_2560x2560x1024,sub,fusion,24.295156
matmul_2560x2560x1024,sub,copy-start,0.012422
matmul_2560x2560x1024,sub,copy-done,0.0025
matmul_2560x2560x1024,sub,fusion,24.067422
matmul_2560x2560x1024,sub,copy-start,0.012422
matmul_2560x2560x1024,sub,copy-done,0.003672
matmul_2560x2560x1024,sub,fusion,24.327422
matmul_2560x2560x1024,sub,copy-start,0.011328
matmul_2560x2560x1024,sub,copy-done,0.002656
matmul_2560x2560x1024,sub,fusion,24.221406
matmul_2560x2560x1024,sub,copy-start,0.011328
matmul_2560x2560x1024,sub,copy-done,0.002578
matmul_2560x2560x1024,sub,fusion,24.207656
matmul_2560x2560x1536,main,jit_validation_matrix_multiply(5885100199062921531),38.853594
matmul_2560x2560x1536,main,jit_validation_matrix_multiply(5885100199062921531),32.853672
matmul_2560x2560x1536,main,jit_validation_matrix_multiply(5885100199062921531),34.3225
matmul_2560x2560x1536,main,jit_validation_matrix_multiply(5885100199062921531),33.096172
matmul_2560x2560x1536,main,jit_validation_matrix_multiply(5885100199062921531),33.36
matmul_2560x2560x1536,main,jit_validation_matrix_multiply(5885100199062921531),32.94875
matmul_2560x2560x1536,main,jit_validation_matrix_multiply(5885100199062921531),33.089844
matmul_2560x2560x1536,main,jit_validation_matrix_multiply(5885100199062921531),32.886172
matmul_2560x2560x1536,main,jit_validation_matrix_multiply(5885100199062921531),33.912656
matmul_2560x2560x1536,main,jit_validation_matrix_multiply(5885100199062921531),32.986172
matmul_2560x2560x1536,sub,copy-start,0.0125
matmul_2560x2560x1536,sub,copy-done,6.067578
matmul_2560x2560x1536,sub,fusion,32.767422
matmul_2560x2560x1536,sub,copy-start,0.0125
matmul_2560x2560x1536,sub,copy-done,0.003672
matmul_2560x2560x1536,sub,fusion,32.8325
matmul_2560x2560x1536,sub,copy-start,0.012422
matmul_2560x2560x1536,sub,copy-done,0.003672
matmul_2560x2560x1536,sub,fusion,34.301406
matmul_2560x2560x1536,sub,copy-start,0.012344
matmul_2560x2560x1536,sub,copy-done,0.0025
matmul_2560x2560x1536,sub,fusion,33.075078
matmul_2560x2560x1536,sub,copy-start,0.011406
matmul_2560x2560x1536,sub,copy-done,0.002656
matmul_2560x2560x1536,sub,fusion,33.338984
matmul_2560x2560x1536,sub,copy-start,0.011328
matmul_2560x2560x1536,sub,copy-done,0.002578
matmul_2560x2560x1536,sub,fusion,32.928672
matmul_2560x2560x1536,sub,copy-start,0.011328
matmul_2560x2560x1536,sub,copy-done,0.003672
matmul_2560x2560x1536,sub,fusion,33.068828
matmul_2560x2560x1536,sub,copy-start,0.012344
matmul_2560x2560x1536,sub,copy-done,0.0025
matmul_2560x2560x1536,sub,fusion,32.865
matmul_2560x2560x1536,sub,copy-start,0.012422
matmul_2560x2560x1536,sub,copy-done,0.002578
matmul_2560x2560x1536,sub,fusion,33.892578
matmul_2560x2560x1536,sub,copy-start,0.0125
matmul_2560x2560x1536,sub,copy-done,0.0025
matmul_2560x2560x1536,sub,fusion,32.966094
matmul_2560x2560x2048,main,jit_validation_matrix_multiply(16172260107108576311),51.294922
matmul_2560x2560x2048,main,jit_validation_matrix_multiply(16172260107108576311),43.390156
matmul_2560x2560x2048,main,jit_validation_matrix_multiply(16172260107108576311),44.100078
matmul_2560x2560x2048,main,jit_validation_matrix_multiply(16172260107108576311),43.60125
matmul_2560x2560x2048,main,jit_validation_matrix_multiply(16172260107108576311),43.704844
matmul_2560x2560x2048,main,jit_validation_matrix_multiply(16172260107108576311),43.44
matmul_2560x2560x2048,main,jit_validation_matrix_multiply(16172260107108576311),43.300078
matmul_2560x2560x2048,main,jit_validation_matrix_multiply(16172260107108576311),43.7575
matmul_2560x2560x2048,main,jit_validation_matrix_multiply(16172260107108576311),43.494922
matmul_2560x2560x2048,main,jit_validation_matrix_multiply(16172260107108576311),43.716406
matmul_2560x2560x2048,sub,copy-start,0.0125
matmul_2560x2560x2048,sub,copy-done,7.672578
matmul_2560x2560x2048,sub,fusion,43.602734
matmul_2560x2560x2048,sub,copy-start,0.011328
matmul_2560x2560x2048,sub,copy-done,0.002656
matmul_2560x2560x2048,sub,fusion,43.370078
matmul_2560x2560x2048,sub,copy-start,0.0125
matmul_2560x2560x2048,sub,copy-done,0.003672
matmul_2560x2560x2048,sub,fusion,44.08
matmul_2560x2560x2048,sub,copy-start,0.011328
matmul_2560x2560x2048,sub,copy-done,0.002578
matmul_2560x2560x2048,sub,fusion,43.580156
matmul_2560x2560x2048,sub,copy-start,0.0125
matmul_2560x2560x2048,sub,copy-done,0.0025
matmul_2560x2560x2048,sub,fusion,43.683672
matmul_2560x2560x2048,sub,copy-start,0.011328
matmul_2560x2560x2048,sub,copy-done,0.002578
matmul_2560x2560x2048,sub,fusion,43.419922
matmul_2560x2560x2048,sub,copy-start,0.0125
matmul_2560x2560x2048,sub,copy-done,0.0025
matmul_2560x2560x2048,sub,fusion,43.28
matmul_2560x2560x2048,sub,copy-start,0.012422
matmul_2560x2560x2048,sub,copy-done,0.003672
matmul_2560x2560x2048,sub,fusion,43.737422
matmul_2560x2560x2048,sub,copy-start,0.011328
matmul_2560x2560x2048,sub,copy-done,0.003594
matmul_2560x2560x2048,sub,fusion,43.473906
matmul_2560x2560x2048,sub,copy-start,0.012344
matmul_2560x2560x2048,sub,copy-done,0.0025
matmul_2560x2560x2048,sub,fusion,43.696328
matmul_2560x2560x2560,main,jit_validation_matrix_multiply(15047904366462623923),57.281094
matmul_2560x2560x2560,main,jit_validation_matrix_multiply(15047904366462623923),47.923672
matmul_2560x2560x2560,main,jit_validation_matrix_multiply(15047904366462623923),47.7475
matmul_2560x2560x2560,main,jit_validation_matrix_multiply(15047904366462623923),47.932422
matmul_2560x2560x2560,main,jit_validation_matrix_multiply(15047904366462623923),47.90625
matmul_2560x2560x2560,main,jit_validation_matrix_multiply(15047904366462623923),48.007344
matmul_2560x2560x2560,main,jit_validation_matrix_multiply(15047904366462623923),47.9525
matmul_2560x2560x2560,main,jit_validation_matrix_multiply(15047904366462623923),47.728828
matmul_2560x2560x2560,main,jit_validation_matrix_multiply(15047904366462623923),48.018906
matmul_2560x2560x2560,main,jit_validation_matrix_multiply(15047904366462623923),47.6975
matmul_2560x2560x2560,sub,copy-start,0.011328
matmul_2560x2560x2560,sub,copy-done,9.63125
matmul_2560x2560x2560,sub,fusion,47.631328
matmul_2560x2560x2560,sub,copy-start,0.0125
matmul_2560x2560x2560,sub,copy-done,0.0025
matmul_2560x2560x2560,sub,fusion,47.902578
matmul_2560x2560x2560,sub,copy-start,0.011406
matmul_2560x2560x2560,sub,copy-done,0.002656
matmul_2560x2560x2560,sub,fusion,47.726484
matmul_2560x2560x2560,sub,copy-start,0.012422
matmul_2560x2560x2560,sub,copy-done,0.003594
matmul_2560x2560x2560,sub,fusion,47.91125
matmul_2560x2560x2560,sub,copy-start,0.011328
matmul_2560x2560x2560,sub,copy-done,0.002578
matmul_2560x2560x2560,sub,fusion,47.885078
matmul_2560x2560x2560,sub,copy-start,0.011328
matmul_2560x2560x2560,sub,copy-done,0.003672
matmul_2560x2560x2560,sub,fusion,47.986172
matmul_2560x2560x2560,sub,copy-start,0.012422
matmul_2560x2560x2560,sub,copy-done,0.003672
matmul_2560x2560x2560,sub,fusion,47.931328
matmul_2560x2560x2560,sub,copy-start,0.0125
matmul_2560x2560x2560,sub,copy-done,0.003672
matmul_2560x2560x2560,sub,fusion,47.70875
matmul_2560x2560x2560,sub,copy-start,0.011328
matmul_2560x2560x2560,sub,copy-done,0.0025
matmul_2560x2560x2560,sub,fusion,47.998828
matmul_2560x2560x2560,sub,copy-start,0.0125
matmul_2560x2560x2560,sub,copy-done,0.002578
matmul_2560x2560x2560,sub,fusion,47.676328
matmul_2560x2560x3072,main,jit_validation_matrix_multiply(8241239114881733990),70.145156
matmul_2560x2560x3072,main,jit_validation_matrix_multiply(8241239114881733990),58.2575
matmul_2560x2560x3072,main,jit_validation_matrix_multiply(8241239114881733990),58.5375
matmul_2560x2560x3072,main,jit_validation_matrix_multiply(8241239114881733990),58.365
matmul_2560x2560x3072,main,jit_validation_matrix_multiply(8241239114881733990),58.3375
matmul_2560x2560x3072,main,jit_validation_matrix_multiply(8241239114881733990),58.471094
matmul_2560x2560x3072,main,jit_validation_matrix_multiply(8241239114881733990),58.4225
matmul_2560x2560x3072,main,jit_validation_matrix_multiply(8241239114881733990),58.964844
matmul_2560x2560x3072,main,jit_validation_matrix_multiply(8241239114881733990),58.453672
matmul_2560x2560x3072,main,jit_validation_matrix_multiply(8241239114881733990),58.81625
matmul_2560x2560x3072,sub,copy-start,0.0125
matmul_2560x2560x3072,sub,copy-done,11.455
matmul_2560x2560x3072,sub,fusion,58.672578
matmul_2560x2560x3072,sub,copy-start,0.0125
matmul_2560x2560x3072,sub,copy-done,0.002578
matmul_2560x2560x3072,sub,fusion,58.237344
matmul_2560x2560x3072,sub,copy-start,0.011328
matmul_2560x2560x3072,sub,copy-done,0.002578
matmul_2560x2560x3072,sub,fusion,58.516328
matmul_2560x2560x3072,sub,copy-start,0.011328
matmul_2560x2560x3072,sub,copy-done,0.003672
matmul_2560x2560x3072,sub,fusion,58.343672
matmul_2560x2560x3072,sub,copy-start,0.012422
matmul_2560x2560x3072,sub,copy-done,0.002578
matmul_2560x2560x3072,sub,fusion,58.316406
matmul_2560x2560x3072,sub,copy-start,0.012422
matmul_2560x2560x3072,sub,copy-done,0.002578
matmul_2560x2560x3072,sub,fusion,58.449922
matmul_2560x2560x3072,sub,copy-start,0.011328
matmul_2560x2560x3072,sub,copy-done,0.0025
matmul_2560x2560x3072,sub,fusion,58.401484
matmul_2560x2560x3072,sub,copy-start,0.0125
matmul_2560x2560x3072,sub,copy-done,0.0025
matmul_2560x2560x3072,sub,fusion,58.943672
matmul_2560x2560x3072,sub,copy-start,0.0125
matmul_2560x2560x3072,sub,copy-done,0.003672
matmul_2560x2560x3072,sub,fusion,58.432422
matmul_2560x2560x3072,sub,copy-start,0.0125
matmul_2560x2560x3072,sub,copy-done,0.003672
matmul_2560x2560x3072,sub,fusion,58.795
matmul_2560x2560x3584,main,jit_validation_matrix_multiply(2423014032376629369),79.567344
matmul_2560x2560x3584,main,jit_validation_matrix_multiply(2423014032376629369),67.187578
matmul_2560x2560x3584,main,jit_validation_matrix_multiply(2423014032376629369),66.985
matmul_2560x2560x3584,main,jit_validation_matrix_multiply(2423014032376629369),67.305
matmul_2560x2560x3584,main,jit_validation_matrix_multiply(2423014032376629369),66.922422
matmul_2560x2560x3584,main,jit_validation_matrix_multiply(2423014032376629369),67.275
matmul_2560x2560x3584,main,jit_validation_matrix_multiply(2423014032376629369),66.903828
matmul_2560x2560x3584,main,jit_validation_matrix_multiply(2423014032376629369),66.63125
matmul_2560x2560x3584,main,jit_validation_matrix_multiply(2423014032376629369),67.1575
matmul_2560x2560x3584,main,jit_validation_matrix_multiply(2423014032376629369),67.157422
matmul_2560x2560x3584,sub,copy-start,0.0125
matmul_2560x2560x3584,sub,copy-done,13.048828
matmul_2560x2560x3584,sub,fusion,66.498906
matmul_2560x2560x3584,sub,copy-start,0.011406
matmul_2560x2560x3584,sub,copy-done,0.00375
matmul_2560x2560x3584,sub,fusion,67.16625
matmul_2560x2560x3584,sub,copy-start,0.0125
matmul_2560x2560x3584,sub,copy-done,0.003594
matmul_2560x2560x3584,sub,fusion,66.963906
matmul_2560x2560x3584,sub,copy-start,0.0125
matmul_2560x2560x3584,sub,copy-done,0.003594
matmul_2560x2560x3584,sub,fusion,67.2825
matmul_2560x2560x3584,sub,copy-start,0.011328
matmul_2560x2560x3584,sub,copy-done,0.003672
matmul_2560x2560x3584,sub,fusion,66.900156
matmul_2560x2560x3584,sub,copy-start,0.012344
matmul_2560x2560x3584,sub,copy-done,0.00375
matmul_2560x2560x3584,sub,fusion,67.253906
matmul_2560x2560x3584,sub,copy-start,0.012422
matmul_2560x2560x3584,sub,copy-done,0.00375
matmul_2560x2560x3584,sub,fusion,66.8825
matmul_2560x2560x3584,sub,copy-start,0.011328
matmul_2560x2560x3584,sub,copy-done,0.00375
matmul_2560x2560x3584,sub,fusion,66.609922
matmul_2560x2560x3584,sub,copy-start,0.012422
matmul_2560x2560x3584,sub,copy-done,0.002578
matmul_2560x2560x3584,sub,fusion,67.137344
matmul_2560x2560x3584,sub,copy-start,0.012422
matmul_2560x2560x3584,sub,copy-done,0.002578
matmul_2560x2560x3584,sub,fusion,67.136094
matmul_2560x2560x4096,main,jit_validation_matrix_multiply(14901363000052168840),87.901172
matmul_2560x2560x4096,main,jit_validation_matrix_multiply(14901363000052168840),73.489844
matmul_2560x2560x4096,main,jit_validation_matrix_multiply(14901363000052168840),73.378672
matmul_2560x2560x4096,main,jit_validation_matrix_multiply(14901363000052168840),73.950156
matmul_2560x2560x4096,main,jit_validation_matrix_multiply(14901363000052168840),73.83375
matmul_2560x2560x4096,main,jit_validation_matrix_multiply(14901363000052168840),73.5075
matmul_2560x2560x4096,main,jit_validation_matrix_multiply(14901363000052168840),73.281406
matmul_2560x2560x4096,main,jit_validation_matrix_multiply(14901363000052168840),73.494844
matmul_2560x2560x4096,main,jit_validation_matrix_multiply(14901363000052168840),73.3625
matmul_2560x2560x4096,main,jit_validation_matrix_multiply(14901363000052168840),73.6525
matmul_2560x2560x4096,sub,copy-start,0.012344
matmul_2560x2560x4096,sub,copy-done,14.963828
matmul_2560x2560x4096,sub,fusion,72.918906
matmul_2560x2560x4096,sub,copy-start,0.0125
matmul_2560x2560x4096,sub,copy-done,0.002578
matmul_2560x2560x4096,sub,fusion,73.467734
matmul_2560x2560x4096,sub,copy-start,0.0125
matmul_2560x2560x4096,sub,copy-done,0.00375
matmul_2560x2560x4096,sub,fusion,73.3575
matmul_2560x2560x4096,sub,copy-start,0.011328
matmul_2560x2560x4096,sub,copy-done,0.003594
matmul_2560x2560x4096,sub,fusion,73.928828
matmul_2560x2560x4096,sub,copy-start,0.011328
matmul_2560x2560x4096,sub,copy-done,0.00375
matmul_2560x2560x4096,sub,fusion,73.811406
matmul_2560x2560x4096,sub,copy-start,0.0125
matmul_2560x2560x4096,sub,copy-done,0.003672
matmul_2560x2560x4096,sub,fusion,73.48625
matmul_2560x2560x4096,sub,copy-start,0.012422
matmul_2560x2560x4096,sub,copy-done,0.00375
matmul_2560x2560x4096,sub,fusion,73.260078
matmul_2560x2560x4096,sub,copy-start,0.0125
matmul_2560x2560x4096,sub,copy-done,0.002656
matmul_2560x2560x4096,sub,fusion,73.4725
matmul_2560x2560x4096,sub,copy-start,0.0125
matmul_2560x2560x4096,sub,copy-done,0.003672
matmul_2560x2560x4096,sub,fusion,73.340156
matmul_2560x2560x4096,sub,copy-start,0.011328
matmul_2560x2560x4096,sub,copy-done,0.00375
matmul_2560x2560x4096,sub,fusion,73.630078
matmul_2560x3072x1024,main,jit_validation_matrix_multiply(18173413645621430369),32.561172
matmul_2560x3072x1024,main,jit_validation_matrix_multiply(18173413645621430369),27.826328
matmul_2560x3072x1024,main,jit_validation_matrix_multiply(18173413645621430369),27.5775
matmul_2560x3072x1024,main,jit_validation_matrix_multiply(18173413645621430369),27.9125
matmul_2560x3072x1024,main,jit_validation_matrix_multiply(18173413645621430369),27.877578
matmul_2560x3072x1024,main,jit_validation_matrix_multiply(18173413645621430369),27.67875
matmul_2560x3072x1024,main,jit_validation_matrix_multiply(18173413645621430369),27.723828
matmul_2560x3072x1024,main,jit_validation_matrix_multiply(18173413645621430369),27.595
matmul_2560x3072x1024,main,jit_validation_matrix_multiply(18173413645621430369),28.04125
matmul_2560x3072x1024,main,jit_validation_matrix_multiply(18173413645621430369),27.657422
matmul_2560x3072x1024,sub,copy-start,0.0125
matmul_2560x3072x1024,sub,copy-done,4.8875
matmul_2560x3072x1024,sub,fusion,27.656094
matmul_2560x3072x1024,sub,copy-start,0.0125
matmul_2560x3072x1024,sub,copy-done,0.0025
matmul_2560x3072x1024,sub,fusion,27.80625
matmul_2560x3072x1024,sub,copy-start,0.012422
matmul_2560x3072x1024,sub,copy-done,0.002578
matmul_2560x3072x1024,sub,fusion,27.556406
matmul_2560x3072x1024,sub,copy-start,0.012422
matmul_2560x3072x1024,sub,copy-done,0.003672
matmul_2560x3072x1024,sub,fusion,27.891172
matmul_2560x3072x1024,sub,copy-start,0.011328
matmul_2560x3072x1024,sub,copy-done,0.003594
matmul_2560x3072x1024,sub,fusion,27.857422
matmul_2560x3072x1024,sub,copy-start,0.011328
matmul_2560x3072x1024,sub,copy-done,0.003594
matmul_2560x3072x1024,sub,fusion,27.658672
matmul_2560x3072x1024,sub,copy-start,0.011328
matmul_2560x3072x1024,sub,copy-done,0.002656
matmul_2560x3072x1024,sub,fusion,27.70375
matmul_2560x3072x1024,sub,copy-start,0.011328
matmul_2560x3072x1024,sub,copy-done,0.003594
matmul_2560x3072x1024,sub,fusion,27.574922
matmul_2560x3072x1024,sub,copy-start,0.011328
matmul_2560x3072x1024,sub,copy-done,0.003594
matmul_2560x3072x1024,sub,fusion,28.019922
matmul_2560x3072x1024,sub,copy-start,0.0125
matmul_2560x3072x1024,sub,copy-done,0.003672
matmul_2560x3072x1024,sub,fusion,27.636172
matmul_2560x3072x1536,main,jit_validation_matrix_multiply(17338587713453369000),42.18
matmul_2560x3072x1536,main,jit_validation_matrix_multiply(17338587713453369000),35.09
matmul_2560x3072x1536,main,jit_validation_matrix_multiply(17338587713453369000),35.04875
matmul_2560x3072x1536,main,jit_validation_matrix_multiply(17338587713453369000),35.106094
matmul_2560x3072x1536,main,jit_validation_matrix_multiply(17338587713453369000),34.846094
matmul_2560x3072x1536,main,jit_validation_matrix_multiply(17338587713453369000),34.987656
matmul_2560x3072x1536,main,jit_validation_matrix_multiply(17338587713453369000),34.975078
matmul_2560x3072x1536,main,jit_validation_matrix_multiply(17338587713453369000),35.14125
matmul_2560x3072x1536,main,jit_validation_matrix_multiply(17338587713453369000),34.927422
matmul_2560x3072x1536,main,jit_validation_matrix_multiply(17338587713453369000),35.10625
matmul_2560x3072x1536,sub,copy-start,0.012422
matmul_2560x3072x1536,sub,copy-done,7.07625
matmul_2560x3072x1536,sub,fusion,35.085
matmul_2560x3072x1536,sub,copy-start,0.0125
matmul_2560x3072x1536,sub,copy-done,0.0025
matmul_2560x3072x1536,sub,fusion,35.068906
matmul_2560x3072x1536,sub,copy-start,0.0125
matmul_2560x3072x1536,sub,copy-done,0.003672
matmul_2560x3072x1536,sub,fusion,35.0275
matmul_2560x3072x1536,sub,copy-start,0.0125
matmul_2560x3072x1536,sub,copy-done,0.0025
matmul_2560x3072x1536,sub,fusion,35.085078
matmul_2560x3072x1536,sub,copy-start,0.011328
matmul_2560x3072x1536,sub,copy-done,0.003594
matmul_2560x3072x1536,sub,fusion,34.825156
matmul_2560x3072x1536,sub,copy-start,0.0125
matmul_2560x3072x1536,sub,copy-done,0.0025
matmul_2560x3072x1536,sub,fusion,34.967578
matmul_2560x3072x1536,sub,copy-start,0.0125
matmul_2560x3072x1536,sub,copy-done,0.003594
matmul_2560x3072x1536,sub,fusion,34.954922
matmul_2560x3072x1536,sub,copy-start,0.011406
matmul_2560x3072x1536,sub,copy-done,0.002656
matmul_2560x3072x1536,sub,fusion,35.120078
matmul_2560x3072x1536,sub,copy-start,0.0125
matmul_2560x3072x1536,sub,copy-done,0.003672
matmul_2560x3072x1536,sub,fusion,34.90625
matmul_2560x3072x1536,sub,copy-start,0.012422
matmul_2560x3072x1536,sub,copy-done,0.0025
matmul_2560x3072x1536,sub,fusion,35.086328
matmul_2560x3072x2048,main,jit_validation_matrix_multiply(3143138179717851926),55.545
matmul_2560x3072x2048,main,jit_validation_matrix_multiply(3143138179717851926),46.506094
matmul_2560x3072x2048,main,jit_validation_matrix_multiply(3143138179717851926),46.339922
matmul_2560x3072x2048,main,jit_validation_matrix_multiply(3143138179717851926),46.56875
matmul_2560x3072x2048,main,jit_validation_matrix_multiply(3143138179717851926),46.549844
matmul_2560x3072x2048,main,jit_validation_matrix_multiply(3143138179717851926),46.308828
matmul_2560x3072x2048,main,jit_validation_matrix_multiply(3143138179717851926),46.509844
matmul_2560x3072x2048,main,jit_validation_matrix_multiply(3143138179717851926),46.454844
matmul_2560x3072x2048,main,jit_validation_matrix_multiply(3143138179717851926),46.556172
matmul_2560x3072x2048,main,jit_validation_matrix_multiply(3143138179717851926),46.446172
matmul_2560x3072x2048,sub,copy-start,0.011328
matmul_2560x3072x2048,sub,copy-done,9.130078
matmul_2560x3072x2048,sub,fusion,46.397344
matmul_2560x3072x2048,sub,copy-start,0.0125
matmul_2560x3072x2048,sub,copy-done,0.003672
matmul_2560x3072x2048,sub,fusion,46.485
matmul_2560x3072x2048,sub,copy-start,0.0125
matmul_2560x3072x2048,sub,copy-done,0.0025
matmul_2560x3072x2048,sub,fusion,46.318828
matmul_2560x3072x2048,sub,copy-start,0.0125
matmul_2560x3072x2048,sub,copy-done,0.003672
matmul_2560x3072x2048,sub,fusion,46.548672
matmul_2560x3072x2048,sub,copy-start,0.0125
matmul_2560x3072x2048,sub,copy-done,0.0025
matmul_2560x3072x2048,sub,fusion,46.528828
matmul_2560x3072x2048,sub,copy-start,0.0125
matmul_2560x3072x2048,sub,copy-done,0.0025
matmul_2560x3072x2048,sub,fusion,46.28875
matmul_2560x3072x2048,sub,copy-start,0.011328
matmul_2560x3072x2048,sub,copy-done,0.003672
matmul_2560x3072x2048,sub,fusion,46.488594
matmul_2560x3072x2048,sub,copy-start,0.0125
matmul_2560x3072x2048,sub,copy-done,0.002578
matmul_2560x3072x2048,sub,fusion,46.433672
matmul_2560x3072x2048,sub,copy-start,0.011328
matmul_2560x3072x2048,sub,copy-done,0.003594
matmul_2560x3072x2048,sub,fusion,46.535
matmul_2560x3072x2048,sub,copy-start,0.012422
matmul_2560x3072x2048,sub,copy-done,0.003672
matmul_2560x3072x2048,sub,fusion,46.425156
matmul_2560x3072x2560,main,jit_validation_matrix_multiply(16984978561686721993),68.1175
matmul_2560x3072x2560,main,jit_validation_matrix_multiply(16984978561686721993),57.09875
matmul_2560x3072x2560,main,jit_validation_matrix_multiply(16984978561686721993),56.875078
matmul_2560x3072x2560,main,jit_validation_matrix_multiply(16984978561686721993),56.960078
matmul_2560x3072x2560,main,jit_validation_matrix_multiply(16984978561686721993),57.169922
matmul_2560x3072x2560,main,jit_validation_matrix_multiply(16984978561686721993),56.96125
matmul_2560x3072x2560,main,jit_validation_matrix_multiply(16984978561686721993),56.825
matmul_2560x3072x2560,main,jit_validation_matrix_multiply(16984978561686721993),56.731172
matmul_2560x3072x2560,main,jit_validation_matrix_multiply(16984978561686721993),56.71625
matmul_2560x3072x2560,main,jit_validation_matrix_multiply(16984978561686721993),56.969844
matmul_2560x3072x2560,sub,copy-start,0.012422
matmul_2560x3072x2560,sub,copy-done,11.23
matmul_2560x3072x2560,sub,fusion,56.868906
matmul_2560x3072x2560,sub,copy-start,0.012344
matmul_2560x3072x2560,sub,copy-done,0.0025
matmul_2560x3072x2560,sub,fusion,57.077656
matmul_2560x3072x2560,sub,copy-start,0.0125
matmul_2560x3072x2560,sub,copy-done,0.0025
matmul_2560x3072x2560,sub,fusion,56.855
matmul_2560x3072x2560,sub,copy-start,0.0125
matmul_2560x3072x2560,sub,copy-done,0.0025
matmul_2560x3072x2560,sub,fusion,56.94
matmul_2560x3072x2560,sub,copy-start,0.012344
matmul_2560x3072x2560,sub,copy-done,0.0025
matmul_2560x3072x2560,sub,fusion,57.148906
matmul_2560x3072x2560,sub,copy-start,0.011328
matmul_2560x3072x2560,sub,copy-done,0.0025
matmul_2560x3072x2560,sub,fusion,56.940078
matmul_2560x3072x2560,sub,copy-start,0.011328
matmul_2560x3072x2560,sub,copy-done,0.002656
matmul_2560x3072x2560,sub,fusion,56.803984
matmul_2560x3072x2560,sub,copy-start,0.0125
matmul_2560x3072x2560,sub,copy-done,0.0025
matmul_2560x3072x2560,sub,fusion,56.711094
matmul_2560x3072x2560,sub,copy-start,0.012422
matmul_2560x3072x2560,sub,copy-done,0.002578
matmul_2560x3072x2560,sub,fusion,56.695078
matmul_2560x3072x2560,sub,copy-start,0.011328
matmul_2560x3072x2560,sub,copy-done,0.002578
matmul_2560x3072x2560,sub,fusion,56.948828
matmul_2560x3072x3072,main,jit_validation_matrix_multiply(3663842333625555467),82.022656
matmul_2560x3072x3072,main,jit_validation_matrix_multiply(3663842333625555467),68.512734
matmul_2560x3072x3072,main,jit_validation_matrix_multiply(3663842333625555467),68.882578
matmul_2560x3072x3072,main,jit_validation_matrix_multiply(3663842333625555467),69.105
matmul_2560x3072x3072,main,jit_validation_matrix_multiply(3663842333625555467),68.745
matmul_2560x3072x3072,main,jit_validation_matrix_multiply(3663842333625555467),68.65125
matmul_2560x3072x3072,main,jit_validation_matrix_multiply(3663842333625555467),68.524844
matmul_2560x3072x3072,main,jit_validation_matrix_multiply(3663842333625555467),68.6
matmul_2560x3072x3072,main,jit_validation_matrix_multiply(3663842333625555467),68.78375
matmul_2560x3072x3072,main,jit_validation_matrix_multiply(3663842333625555467),68.71625
matmul_2560x3072x3072,sub,copy-start,0.012344
matmul_2560x3072x3072,sub,copy-done,13.46625
matmul_2560x3072x3072,sub,fusion,68.54
matmul_2560x3072x3072,sub,copy-start,0.012422
matmul_2560x3072x3072,sub,copy-done,0.003672
matmul_2560x3072x3072,sub,fusion,68.492578
matmul_2560x3072x3072,sub,copy-start,0.012422
matmul_2560x3072x3072,sub,copy-done,0.002578
matmul_2560x3072x3072,sub,fusion,68.862422
matmul_2560x3072x3072,sub,copy-start,0.0125
matmul_2560x3072x3072,sub,copy-done,0.003594
matmul_2560x3072x3072,sub,fusion,69.082734
matmul_2560x3072x3072,sub,copy-start,0.012422
matmul_2560x3072x3072,sub,copy-done,0.00375
matmul_2560x3072x3072,sub,fusion,68.722656
matmul_2560x3072x3072,sub,copy-start,0.0125
matmul_2560x3072x3072,sub,copy-done,0.003594
matmul_2560x3072x3072,sub,fusion,68.628906
matmul_2560x3072x3072,sub,copy-start,0.0125
matmul_2560x3072x3072,sub,copy-done,0.002578
matmul_2560x3072x3072,sub,fusion,68.502578
matmul_2560x3072x3072,sub,copy-start,0.011328
matmul_2560x3072x3072,sub,copy-done,0.00375
matmul_2560x3072x3072,sub,fusion,68.578828
matmul_2560x3072x3072,sub,copy-start,0.012422
matmul_2560x3072x3072,sub,copy-done,0.00375
matmul_2560x3072x3072,sub,fusion,68.762578
matmul_2560x3072x3072,sub,copy-start,0.011328
matmul_2560x3072x3072,sub,copy-done,0.00375
matmul_2560x3072x3072,sub,fusion,68.695078
matmul_2560x3072x3584,main,jit_validation_matrix_multiply(15629148610323512937),97.308672
matmul_2560x3072x3584,main,jit_validation_matrix_multiply(15629148610323512937),81.742578
matmul_2560x3072x3584,main,jit_validation_matrix_multiply(15629148610323512937),82.189844
matmul_2560x3072x3584,main,jit_validation_matrix_multiply(15629148610323512937),82.2275
matmul_2560x3072x3584,main,jit_validation_matrix_multiply(15629148610323512937),81.927422
matmul_2560x3072x3584,main,jit_validation_matrix_multiply(15629148610323512937),82.363672
matmul_2560x3072x3584,main,jit_validation_matrix_multiply(15629148610323512937),82.192656
matmul_2560x3072x3584,main,jit_validation_matrix_multiply(15629148610323512937),81.654922
matmul_2560x3072x3584,main,jit_validation_matrix_multiply(15629148610323512937),82.373594
matmul_2560x3072x3584,main,jit_validation_matrix_multiply(15629148610323512937),82.05125
matmul_2560x3072x3584,sub,copy-start,0.012344
matmul_2560x3072x3584,sub,copy-done,15.737656
matmul_2560x3072x3584,sub,fusion,81.551328
matmul_2560x3072x3584,sub,copy-start,0.012344
matmul_2560x3072x3584,sub,copy-done,0.002578
matmul_2560x3072x3584,sub,fusion,81.722422
matmul_2560x3072x3584,sub,copy-start,0.0125
matmul_2560x3072x3584,sub,copy-done,0.002578
matmul_2560x3072x3584,sub,fusion,82.167734
matmul_2560x3072x3584,sub,copy-start,0.011328
matmul_2560x3072x3584,sub,copy-done,0.00375
matmul_2560x3072x3584,sub,fusion,82.206328
matmul_2560x3072x3584,sub,copy-start,0.012422
matmul_2560x3072x3584,sub,copy-done,0.002578
matmul_2560x3072x3584,sub,fusion,81.906328
matmul_2560x3072x3584,sub,copy-start,0.012422
matmul_2560x3072x3584,sub,copy-done,0.002656
matmul_2560x3072x3584,sub,fusion,82.3425
matmul_2560x3072x3584,sub,copy-start,0.011328
matmul_2560x3072x3584,sub,copy-done,0.00375
matmul_2560x3072x3584,sub,fusion,82.1725
matmul_2560x3072x3584,sub,copy-start,0.0125
matmul_2560x3072x3584,sub,copy-done,0.002578
matmul_2560x3072x3584,sub,fusion,81.633906
matmul_2560x3072x3584,sub,copy-start,0.011328
matmul_2560x3072x3584,sub,copy-done,0.002656
matmul_2560x3072x3584,sub,fusion,82.35125
matmul_2560x3072x3584,sub,copy-start,0.012422
matmul_2560x3072x3584,sub,copy-done,0.003672
matmul_2560x3072x3584,sub,fusion,82.028828
matmul_2560x3072x4096,main,jit_validation_matrix_multiply(15066475699106329209),107.844922
matmul_2560x3072x4096,main,jit_validation_matrix_multiply(15066475699106329209),90.163672
matmul_2560x3072x4096,main,jit_validation_matrix_multiply(15066475699106329209),90.176172
matmul_2560x3072x4096,main,jit_validation_matrix_multiply(15066475699106329209),90.074922
matmul_2560x3072x4096,main,jit_validation_matrix_multiply(15066475699106329209),90.062656
matmul_2560x3072x4096,main,jit_validation_matrix_multiply(15066475699106329209),90.359844
matmul_2560x3072x4096,main,jit_validation_matrix_multiply(15066475699106329209),90.2675
matmul_2560x3072x4096,main,jit_validation_matrix_multiply(15066475699106329209),90.406172
matmul_2560x3072x4096,main,jit_validation_matrix_multiply(15066475699106329209),90.183672
matmul_2560x3072x4096,main,jit_validation_matrix_multiply(15066475699106329209),90.498672
matmul_2560x3072x4096,sub,copy-start,0.012344
matmul_2560x3072x4096,sub,copy-done,17.688828
matmul_2560x3072x4096,sub,fusion,90.1375
matmul_2560x3072x4096,sub,copy-start,0.011328
matmul_2560x3072x4096,sub,copy-done,0.002656
matmul_2560x3072x4096,sub,fusion,90.1425
matmul_2560x3072x4096,sub,copy-start,0.0125
matmul_2560x3072x4096,sub,copy-done,0.002578
matmul_2560x3072x4096,sub,fusion,90.154922
matmul_2560x3072x4096,sub,copy-start,0.012344
matmul_2560x3072x4096,sub,copy-done,0.00375
matmul_2560x3072x4096,sub,fusion,90.0525
matmul_2560x3072x4096,sub,copy-start,0.0125
matmul_2560x3072x4096,sub,copy-done,0.00375
matmul_2560x3072x4096,sub,fusion,90.0425
matmul_2560x3072x4096,sub,copy-start,0.0125
matmul_2560x3072x4096,sub,copy-done,0.002578
matmul_2560x3072x4096,sub,fusion,90.3375
matmul_2560x3072x4096,sub,copy-start,0.0125
matmul_2560x3072x4096,sub,copy-done,0.003594
matmul_2560x3072x4096,sub,fusion,90.245078
matmul_2560x3072x4096,sub,copy-start,0.0125
matmul_2560x3072x4096,sub,copy-done,0.00375
matmul_2560x3072x4096,sub,fusion,90.385078
matmul_2560x3072x4096,sub,copy-start,0.0125
matmul_2560x3072x4096,sub,copy-done,0.002578
matmul_2560x3072x4096,sub,fusion,90.1625
matmul_2560x3072x4096,sub,copy-start,0.0125
matmul_2560x3072x4096,sub,copy-done,0.00375
matmul_2560x3072x4096,sub,fusion,90.477422
matmul_2560x3584x1024,main,jit_validation_matrix_multiply(9416114245409674426),37.650078
matmul_2560x3584x1024,main,jit_validation_matrix_multiply(9416114245409674426),31.597578
matmul_2560x3584x1024,main,jit_validation_matrix_multiply(9416114245409674426),32.040078
matmul_2560x3584x1024,main,jit_validation_matrix_multiply(9416114245409674426),31.6775
matmul_2560x3584x1024,main,jit_validation_matrix_multiply(9416114245409674426),31.57625
matmul_2560x3584x1024,main,jit_validation_matrix_multiply(9416114245409674426),31.78125
matmul_2560x3584x1024,main,jit_validation_matrix_multiply(9416114245409674426),32.055
matmul_2560x3584x1024,main,jit_validation_matrix_multiply(9416114245409674426),31.677422
matmul_2560x3584x1024,main,jit_validation_matrix_multiply(9416114245409674426),31.727422
matmul_2560x3584x1024,main,jit_validation_matrix_multiply(9416114245409674426),31.662578
matmul_2560x3584x1024,sub,copy-start,0.012344
matmul_2560x3584x1024,sub,copy-done,5.832656
matmul_2560x3584x1024,sub,fusion,31.8
matmul_2560x3584x1024,sub,copy-start,0.011328
matmul_2560x3584x1024,sub,copy-done,0.0025
matmul_2560x3584x1024,sub,fusion,31.5775
matmul_2560x3584x1024,sub,copy-start,0.012422
matmul_2560x3584x1024,sub,copy-done,0.003672
matmul_2560x3584x1024,sub,fusion,32.019922
matmul_2560x3584x1024,sub,copy-start,0.0125
matmul_2560x3584x1024,sub,copy-done,0.003672
matmul_2560x3584x1024,sub,fusion,31.657422
matmul_2560x3584x1024,sub,copy-start,0.011406
matmul_2560x3584x1024,sub,copy-done,0.0025
matmul_2560x3584x1024,sub,fusion,31.555156
matmul_2560x3584x1024,sub,copy-start,0.012344
matmul_2560x3584x1024,sub,copy-done,0.0025
matmul_2560x3584x1024,sub,fusion,31.761172
matmul_2560x3584x1024,sub,copy-start,0.0125
matmul_2560x3584x1024,sub,copy-done,0.002578
matmul_2560x3584x1024,sub,fusion,32.033906
matmul_2560x3584x1024,sub,copy-start,0.0125
matmul_2560x3584x1024,sub,copy-done,0.0025
matmul_2560x3584x1024,sub,fusion,31.657344
matmul_2560x3584x1024,sub,copy-start,0.0125
matmul_2560x3584x1024,sub,copy-done,0.0025
matmul_2560x3584x1024,sub,fusion,31.707344
matmul_2560x3584x1024,sub,copy-start,0.011328
matmul_2560x3584x1024,sub,copy-done,0.003672
matmul_2560x3584x1024,sub,fusion,31.6425
matmul_2560x3584x1536,main,jit_validation_matrix_multiply(13839228598939706993),48.809922
matmul_2560x3584x1536,main,jit_validation_matrix_multiply(13839228598939706993),40.652422
matmul_2560x3584x1536,main,jit_validation_matrix_multiply(13839228598939706993),40.322344
matmul_2560x3584x1536,main,jit_validation_matrix_multiply(13839228598939706993),40.30875
matmul_2560x3584x1536,main,jit_validation_matrix_multiply(13839228598939706993),40.186406
matmul_2560x3584x1536,main,jit_validation_matrix_multiply(13839228598939706993),40.375
matmul_2560x3584x1536,main,jit_validation_matrix_multiply(13839228598939706993),40.237578
matmul_2560x3584x1536,main,jit_validation_matrix_multiply(13839228598939706993),40.428672
matmul_2560x3584x1536,main,jit_validation_matrix_multiply(13839228598939706993),40.456406
matmul_2560x3584x1536,main,jit_validation_matrix_multiply(13839228598939706993),40.500078
matmul_2560x3584x1536,sub,copy-start,0.011328
matmul_2560x3584x1536,sub,copy-done,8.22875
matmul_2560x3584x1536,sub,fusion,40.562578
matmul_2560x3584x1536,sub,copy-start,0.0125
matmul_2560x3584x1536,sub,copy-done,0.003672
matmul_2560x3584x1536,sub,fusion,40.631328
matmul_2560x3584x1536,sub,copy-start,0.0125
matmul_2560x3584x1536,sub,copy-done,0.0025
matmul_2560x3584x1536,sub,fusion,40.301094
matmul_2560x3584x1536,sub,copy-start,0.0125
matmul_2560x3584x1536,sub,copy-done,0.002578
matmul_2560x3584x1536,sub,fusion,40.288672
matmul_2560x3584x1536,sub,copy-start,0.012344
matmul_2560x3584x1536,sub,copy-done,0.002578
matmul_2560x3584x1536,sub,fusion,40.166328
matmul_2560x3584x1536,sub,copy-start,0.012422
matmul_2560x3584x1536,sub,copy-done,0.0025
matmul_2560x3584x1536,sub,fusion,40.35375
matmul_2560x3584x1536,sub,copy-start,0.012344
matmul_2560x3584x1536,sub,copy-done,0.0025
matmul_2560x3584x1536,sub,fusion,40.2175
matmul_2560x3584x1536,sub,copy-start,0.012344
matmul_2560x3584x1536,sub,copy-done,0.0025
matmul_2560x3584x1536,sub,fusion,40.406328
matmul_2560x3584x1536,sub,copy-start,0.011328
matmul_2560x3584x1536,sub,copy-done,0.0025
matmul_2560x3584x1536,sub,fusion,40.436328
matmul_2560x3584x1536,sub,copy-start,0.011328
matmul_2560x3584x1536,sub,copy-done,0.002578
matmul_2560x3584x1536,sub,fusion,40.48
matmul_2560x3584x2048,main,jit_validation_matrix_multiply(6965447314367905461),64.20375
matmul_2560x3584x2048,main,jit_validation_matrix_multiply(6965447314367905461),53.497578
matmul_2560x3584x2048,main,jit_validation_matrix_multiply(6965447314367905461),53.788594
matmul_2560x3584x2048,main,jit_validation_matrix_multiply(6965447314367905461),53.609922
matmul_2560x3584x2048,main,jit_validation_matrix_multiply(6965447314367905461),54.069922
matmul_2560x3584x2048,main,jit_validation_matrix_multiply(6965447314367905461),54.027578
matmul_2560x3584x2048,main,jit_validation_matrix_multiply(6965447314367905461),53.673828
matmul_2560x3584x2048,main,jit_validation_matrix_multiply(6965447314367905461),53.722344
matmul_2560x3584x2048,main,jit_validation_matrix_multiply(6965447314367905461),53.774844
matmul_2560x3584x2048,main,jit_validation_matrix_multiply(6965447314367905461),54.588828
matmul_2560x3584x2048,sub,copy-start,0.011328
matmul_2560x3584x2048,sub,copy-done,10.61875
matmul_2560x3584x2048,sub,fusion,53.5675
matmul_2560x3584x2048,sub,copy-start,0.012344
matmul_2560x3584x2048,sub,copy-done,0.0025
matmul_2560x3584x2048,sub,fusion,53.478672
matmul_2560x3584x2048,sub,copy-start,0.0125
matmul_2560x3584x2048,sub,copy-done,0.002578
matmul_2560x3584x2048,sub,fusion,53.767422
matmul_2560x3584x2048,sub,copy-start,0.012344
matmul_2560x3584x2048,sub,copy-done,0.003672
matmul_2560x3584x2048,sub,fusion,53.588906
matmul_2560x3584x2048,sub,copy-start,0.0125
matmul_2560x3584x2048,sub,copy-done,0.002578
matmul_2560x3584x2048,sub,fusion,54.04875
matmul_2560x3584x2048,sub,copy-start,0.012422
matmul_2560x3584x2048,sub,copy-done,0.003672
matmul_2560x3584x2048,sub,fusion,54.0075
matmul_2560x3584x2048,sub,copy-start,0.011328
matmul_2560x3584x2048,sub,copy-done,0.0025
matmul_2560x3584x2048,sub,fusion,53.65375
matmul_2560x3584x2048,sub,copy-start,0.011328
matmul_2560x3584x2048,sub,copy-done,0.003672
matmul_2560x3584x2048,sub,fusion,53.701172
matmul_2560x3584x2048,sub,copy-start,0.0125
matmul_2560x3584x2048,sub,copy-done,0.0025
matmul_2560x3584x2048,sub,fusion,53.75375
matmul_2560x3584x2048,sub,copy-start,0.012344
matmul_2560x3584x2048,sub,copy-done,0.003672
matmul_2560x3584x2048,sub,fusion,54.56875
matmul_2560x3584x2560,main,jit_validation_matrix_multiply(17531985000812893386),80.93375
matmul_2560x3584x2560,main,jit_validation_matrix_multiply(17531985000812893386),67.967656
matmul_2560x3584x2560,main,jit_validation_matrix_multiply(17531985000812893386),67.96625
matmul_2560x3584x2560,main,jit_validation_matrix_multiply(17531985000812893386),67.63875
matmul_2560x3584x2560,main,jit_validation_matrix_multiply(17531985000812893386),67.986094
matmul_2560x3584x2560,main,jit_validation_matrix_multiply(17531985000812893386),67.895
matmul_2560x3584x2560,main,jit_validation_matrix_multiply(17531985000812893386),67.533906
matmul_2560x3584x2560,main,jit_validation_matrix_multiply(17531985000812893386),67.605156
matmul_2560x3584x2560,main,jit_validation_matrix_multiply(17531985000812893386),67.7625
matmul_2560x3584x2560,main,jit_validation_matrix_multiply(17531985000812893386),67.733828
matmul_2560x3584x2560,sub,copy-start,0.011328
matmul_2560x3584x2560,sub,copy-done,13.153672
matmul_2560x3584x2560,sub,fusion,67.76125
matmul_2560x3584x2560,sub,copy-start,0.0125
matmul_2560x3584x2560,sub,copy-done,0.003594
matmul_2560x3584x2560,sub,fusion,67.946328
matmul_2560x3584x2560,sub,copy-start,0.0125
matmul_2560x3584x2560,sub,copy-done,0.003594
matmul_2560x3584x2560,sub,fusion,67.943906
matmul_2560x3584x2560,sub,copy-start,0.0125
matmul_2560x3584x2560,sub,copy-done,0.003594
matmul_2560x3584x2560,sub,fusion,67.6175
matmul_2560x3584x2560,sub,copy-start,0.0125
matmul_2560x3584x2560,sub,copy-done,0.002578
matmul_2560x3584x2560,sub,fusion,67.963906
matmul_2560x3584x2560,sub,copy-start,0.011328
matmul_2560x3584x2560,sub,copy-done,0.003672
matmul_2560x3584x2560,sub,fusion,67.872578
matmul_2560x3584x2560,sub,copy-start,0.0125
matmul_2560x3584x2560,sub,copy-done,0.003594
matmul_2560x3584x2560,sub,fusion,67.512578
matmul_2560x3584x2560,sub,copy-start,0.012422
matmul_2560x3584x2560,sub,copy-done,0.002656
matmul_2560x3584x2560,sub,fusion,67.585078
matmul_2560x3584x2560,sub,copy-start,0.011328
matmul_2560x3584x2560,sub,copy-done,0.00375
matmul_2560x3584x2560,sub,fusion,67.741328
matmul_2560x3584x2560,sub,copy-start,0.011328
matmul_2560x3584x2560,sub,copy-done,0.00375
matmul_2560x3584x2560,sub,fusion,67.713672
matmul_2560x3584x3072,main,jit_validation_matrix_multiply(1918740934201916000),96.019922
matmul_2560x3584x3072,main,jit_validation_matrix_multiply(1918740934201916000),80.7825
matmul_2560x3584x3072,main,jit_validation_matrix_multiply(1918740934201916000),80.98375
matmul_2560x3584x3072,main,jit_validation_matrix_multiply(1918740934201916000),80.84125
matmul_2560x3584x3072,main,jit_validation_matrix_multiply(1918740934201916000),81.046406
matmul_2560x3584x3072,main,jit_validation_matrix_multiply(1918740934201916000),80.835156
matmul_2560x3584x3072,main,jit_validation_matrix_multiply(1918740934201916000),81.0075
matmul_2560x3584x3072,main,jit_validation_matrix_multiply(1918740934201916000),80.37125
matmul_2560x3584x3072,main,jit_validation_matrix_multiply(1918740934201916000),81.119922
matmul_2560x3584x3072,main,jit_validation_matrix_multiply(1918740934201916000),81.182344
matmul_2560x3584x3072,sub,copy-start,0.0125
matmul_2560x3584x3072,sub,copy-done,15.541094
matmul_2560x3584x3072,sub,fusion,80.46125
matmul_2560x3584x3072,sub,copy-start,0.0125
matmul_2560x3584x3072,sub,copy-done,0.003594
matmul_2560x3584x3072,sub,fusion,80.760078
matmul_2560x3584x3072,sub,copy-start,0.011328
matmul_2560x3584x3072,sub,copy-done,0.00375
matmul_2560x3584x3072,sub,fusion,80.962656
matmul_2560x3584x3072,sub,copy-start,0.011406
matmul_2560x3584x3072,sub,copy-done,0.00375
matmul_2560x3584x3072,sub,fusion,80.82
matmul_2560x3584x3072,sub,copy-start,0.011328
matmul_2560x3584x3072,sub,copy-done,0.00375
matmul_2560x3584x3072,sub,fusion,81.025078
matmul_2560x3584x3072,sub,copy-start,0.011328
matmul_2560x3584x3072,sub,copy-done,0.00375
matmul_2560x3584x3072,sub,fusion,80.813828
matmul_2560x3584x3072,sub,copy-start,0.0125
matmul_2560x3584x3072,sub,copy-done,0.00375
matmul_2560x3584x3072,sub,fusion,80.987344
matmul_2560x3584x3072,sub,copy-start,0.0125
matmul_2560x3584x3072,sub,copy-done,0.003594
matmul_2560x3584x3072,sub,fusion,80.350156
matmul_2560x3584x3072,sub,copy-start,0.012344
matmul_2560x3584x3072,sub,copy-done,0.002578
matmul_2560x3584x3072,sub,fusion,81.097734
matmul_2560x3584x3072,sub,copy-start,0.0125
matmul_2560x3584x3072,sub,copy-done,0.002578
matmul_2560x3584x3072,sub,fusion,81.160078
matmul_2560x3584x3584,main,jit_validation_matrix_multiply(10692600542966941858),110.375
matmul_2560x3584x3584,main,jit_validation_matrix_multiply(10692600542966941858),92.278594
matmul_2560x3584x3584,main,jit_validation_matrix_multiply(10692600542966941858),91.92
matmul_2560x3584x3584,main,jit_validation_matrix_multiply(10692600542966941858),92.180234
matmul_2560x3584x3584,main,jit_validation_matrix_multiply(10692600542966941858),92.0175
matmul_2560x3584x3584,main,jit_validation_matrix_multiply(10692600542966941858),92.364844
matmul_2560x3584x3584,main,jit_validation_matrix_multiply(10692600542966941858),92.273672
matmul_2560x3584x3584,main,jit_validation_matrix_multiply(10692600542966941858),92.206328
matmul_2560x3584x3584,main,jit_validation_matrix_multiply(10692600542966941858),92.15875
matmul_2560x3584x3584,main,jit_validation_matrix_multiply(10692600542966941858),92.07125
matmul_2560x3584x3584,sub,copy-start,0.011328
matmul_2560x3584x3584,sub,copy-done,18.126406
matmul_2560x3584x3584,sub,fusion,92.230156
matmul_2560x3584x3584,sub,copy-start,0.011328
matmul_2560x3584x3584,sub,copy-done,0.00375
matmul_2560x3584x3584,sub,fusion,92.25625
matmul_2560x3584x3584,sub,copy-start,0.011406
matmul_2560x3584x3584,sub,copy-done,0.00375
matmul_2560x3584x3584,sub,fusion,91.89875
matmul_2560x3584x3584,sub,copy-start,0.0125
matmul_2560x3584x3584,sub,copy-done,0.00375
matmul_2560x3584x3584,sub,fusion,92.16
matmul_2560x3584x3584,sub,copy-start,0.0125
matmul_2560x3584x3584,sub,copy-done,0.003672
matmul_2560x3584x3584,sub,fusion,91.99625
matmul_2560x3584x3584,sub,copy-start,0.012422
matmul_2560x3584x3584,sub,copy-done,0.002656
matmul_2560x3584x3584,sub,fusion,92.342656
matmul_2560x3584x3584,sub,copy-start,0.0125
matmul_2560x3584x3584,sub,copy-done,0.00375
matmul_2560x3584x3584,sub,fusion,92.252422
matmul_2560x3584x3584,sub,copy-start,0.012422
matmul_2560x3584x3584,sub,copy-done,0.00375
matmul_2560x3584x3584,sub,fusion,92.185
matmul_2560x3584x3584,sub,copy-start,0.011328
matmul_2560x3584x3584,sub,copy-done,0.003594
matmul_2560x3584x3584,sub,fusion,92.136328
matmul_2560x3584x3584,sub,copy-start,0.0125
matmul_2560x3584x3584,sub,copy-done,0.00375
matmul_2560x3584x3584,sub,fusion,92.049922
matmul_2560x3584x4096,main,jit_validation_matrix_multiply(2177435967471993921),125.165
matmul_2560x3584x4096,main,jit_validation_matrix_multiply(2177435967471993921),104.3975
matmul_2560x3584x4096,main,jit_validation_matrix_multiply(2177435967471993921),104.251406
matmul_2560x3584x4096,main,jit_validation_matrix_multiply(2177435967471993921),104.485156
matmul_2560x3584x4096,main,jit_validation_matrix_multiply(2177435967471993921),104.099844
matmul_2560x3584x4096,main,jit_validation_matrix_multiply(2177435967471993921),104.883828
matmul_2560x3584x4096,main,jit_validation_matrix_multiply(2177435967471993921),103.736094
matmul_2560x3584x4096,main,jit_validation_matrix_multiply(2177435967471993921),104.161406
matmul_2560x3584x4096,main,jit_validation_matrix_multiply(2177435967471993921),104.416328
matmul_2560x3584x4096,main,jit_validation_matrix_multiply(2177435967471993921),103.946172
matmul_2560x3584x4096,sub,copy-start,0.011328
matmul_2560x3584x4096,sub,copy-done,20.621328
matmul_2560x3584x4096,sub,fusion,104.525156
matmul_2560x3584x4096,sub,copy-start,0.011328
matmul_2560x3584x4096,sub,copy-done,0.00375
matmul_2560x3584x4096,sub,fusion,104.37625
matmul_2560x3584x4096,sub,copy-start,0.012422
matmul_2560x3584x4096,sub,copy-done,0.00375
matmul_2560x3584x4096,sub,fusion,104.231172
matmul_2560x3584x4096,sub,copy-start,0.0125
matmul_2560x3584x4096,sub,copy-done,0.00375
matmul_2560x3584x4096,sub,fusion,104.465
matmul_2560x3584x4096,sub,copy-start,0.0125
matmul_2560x3584x4096,sub,copy-done,0.002578
matmul_2560x3584x4096,sub,fusion,104.077578
matmul_2560x3584x4096,sub,copy-start,0.012422
matmul_2560x3584x4096,sub,copy-done,0.00375
matmul_2560x3584x4096,sub,fusion,104.863672
matmul_2560x3584x4096,sub,copy-start,0.0125
matmul_2560x3584x4096,sub,copy-done,0.003672
matmul_2560x3584x4096,sub,fusion,103.713906
matmul_2560x3584x4096,sub,copy-start,0.011328
matmul_2560x3584x4096,sub,copy-done,0.003672
matmul_2560x3584x4096,sub,fusion,104.140078
matmul_2560x3584x4096,sub,copy-start,0.011328
matmul_2560x3584x4096,sub,copy-done,0.00375
matmul_2560x3584x4096,sub,fusion,104.396172
matmul_2560x3584x4096,sub,copy-start,0.0125
matmul_2560x3584x4096,sub,copy-done,0.00375
matmul_2560x3584x4096,sub,fusion,103.925078
matmul_2560x4096x1024,main,jit_validation_matrix_multiply(4619602382951067355),41.007422
matmul_2560x4096x1024,main,jit_validation_matrix_multiply(4619602382951067355),34.83
matmul_2560x4096x1024,main,jit_validation_matrix_multiply(4619602382951067355),34.8575
matmul_2560x4096x1024,main,jit_validation_matrix_multiply(4619602382951067355),35.109922
matmul_2560x4096x1024,main,jit_validation_matrix_multiply(4619602382951067355),34.933516
matmul_2560x4096x1024,main,jit_validation_matrix_multiply(4619602382951067355),34.94875
matmul_2560x4096x1024,main,jit_validation_matrix_multiply(4619602382951067355),34.742344
matmul_2560x4096x1024,main,jit_validation_matrix_multiply(4619602382951067355),34.928672
matmul_2560x4096x1024,main,jit_validation_matrix_multiply(4619602382951067355),34.76
matmul_2560x4096x1024,main,jit_validation_matrix_multiply(4619602382951067355),34.841172
matmul_2560x4096x1024,sub,copy-start,0.012422
matmul_2560x4096x1024,sub,copy-done,6.337578
matmul_2560x4096x1024,sub,fusion,34.651328
matmul_2560x4096x1024,sub,copy-start,0.011406
matmul_2560x4096x1024,sub,copy-done,0.002578
matmul_2560x4096x1024,sub,fusion,34.808906
matmul_2560x4096x1024,sub,copy-start,0.011328
matmul_2560x4096x1024,sub,copy-done,0.002578
matmul_2560x4096x1024,sub,fusion,34.83625
matmul_2560x4096x1024,sub,copy-start,0.0125
matmul_2560x4096x1024,sub,copy-done,0.003672
matmul_2560x4096x1024,sub,fusion,35.088828
matmul_2560x4096x1024,sub,copy-start,0.011406
matmul_2560x4096x1024,sub,copy-done,0.002656
matmul_2560x4096x1024,sub,fusion,34.91125
matmul_2560x4096x1024,sub,copy-start,0.011328
matmul_2560x4096x1024,sub,copy-done,0.003594
matmul_2560x4096x1024,sub,fusion,34.928672
matmul_2560x4096x1024,sub,copy-start,0.0125
matmul_2560x4096x1024,sub,copy-done,0.002578
matmul_2560x4096x1024,sub,fusion,34.721094
matmul_2560x4096x1024,sub,copy-start,0.0125
matmul_2560x4096x1024,sub,copy-done,0.0025
matmul_2560x4096x1024,sub,fusion,34.908594
matmul_2560x4096x1024,sub,copy-start,0.0125
matmul_2560x4096x1024,sub,copy-done,0.0025
matmul_2560x4096x1024,sub,fusion,34.739922
matmul_2560x4096x1024,sub,copy-start,0.012422
matmul_2560x4096x1024,sub,copy-done,0.0025
matmul_2560x4096x1024,sub,fusion,34.820078
matmul_2560x4096x1536,main,jit_validation_matrix_multiply(10838681818076421219),54.50625
matmul_2560x4096x1536,main,jit_validation_matrix_multiply(10838681818076421219),45.210156
matmul_2560x4096x1536,main,jit_validation_matrix_multiply(10838681818076421219),45.91875
matmul_2560x4096x1536,main,jit_validation_matrix_multiply(10838681818076421219),45.849844
matmul_2560x4096x1536,main,jit_validation_matrix_multiply(10838681818076421219),45.5275
matmul_2560x4096x1536,main,jit_validation_matrix_multiply(10838681818076421219),45.62375
matmul_2560x4096x1536,main,jit_validation_matrix_multiply(10838681818076421219),45.589922
matmul_2560x4096x1536,main,jit_validation_matrix_multiply(10838681818076421219),45.59375
matmul_2560x4096x1536,main,jit_validation_matrix_multiply(10838681818076421219),45.68625
matmul_2560x4096x1536,main,jit_validation_matrix_multiply(10838681818076421219),45.682656
matmul_2560x4096x1536,sub,copy-start,0.012344
matmul_2560x4096x1536,sub,copy-done,9.12375
matmul_2560x4096x1536,sub,fusion,45.365156
matmul_2560x4096x1536,sub,copy-start,0.011328
matmul_2560x4096x1536,sub,copy-done,0.002656
matmul_2560x4096x1536,sub,fusion,45.190078
matmul_2560x4096x1536,sub,copy-start,0.012422
matmul_2560x4096x1536,sub,copy-done,0.002578
matmul_2560x4096x1536,sub,fusion,45.897578
matmul_2560x4096x1536,sub,copy-start,0.011328
matmul_2560x4096x1536,sub,copy-done,0.003672
matmul_2560x4096x1536,sub,fusion,45.828672
matmul_2560x4096x1536,sub,copy-start,0.012344
matmul_2560x4096x1536,sub,copy-done,0.0025
matmul_2560x4096x1536,sub,fusion,45.50625
matmul_2560x4096x1536,sub,copy-start,0.012422
matmul_2560x4096x1536,sub,copy-done,0.002578
matmul_2560x4096x1536,sub,fusion,45.602656
matmul_2560x4096x1536,sub,copy-start,0.0125
matmul_2560x4096x1536,sub,copy-done,0.002578
matmul_2560x4096x1536,sub,fusion,45.56875
matmul_2560x4096x1536,sub,copy-start,0.0125
matmul_2560x4096x1536,sub,copy-done,0.002578
matmul_2560x4096x1536,sub,fusion,45.5725
matmul_2560x4096x1536,sub,copy-start,0.011328
matmul_2560x4096x1536,sub,copy-done,0.002656
matmul_2560x4096x1536,sub,fusion,45.665078
matmul_2560x4096x1536,sub,copy-start,0.012422
matmul_2560x4096x1536,sub,copy-done,0.002578
matmul_2560x4096x1536,sub,fusion,45.662578
matmul_2560x4096x2048,main,jit_validation_matrix_multiply(3368027563929797040),71.553672
matmul_2560x4096x2048,main,jit_validation_matrix_multiply(3368027563929797040),59.598594
matmul_2560x4096x2048,main,jit_validation_matrix_multiply(3368027563929797040),59.61625
matmul_2560x4096x2048,main,jit_validation_matrix_multiply(3368027563929797040),59.4325
matmul_2560x4096x2048,main,jit_validation_matrix_multiply(3368027563929797040),59.47875
matmul_2560x4096x2048,main,jit_validation_matrix_multiply(3368027563929797040),59.705
matmul_2560x4096x2048,main,jit_validation_matrix_multiply(3368027563929797040),59.761094
matmul_2560x4096x2048,main,jit_validation_matrix_multiply(3368027563929797040),59.4775
matmul_2560x4096x2048,main,jit_validation_matrix_multiply(3368027563929797040),59.853984
matmul_2560x4096x2048,main,jit_validation_matrix_multiply(3368027563929797040),59.80875
matmul_2560x4096x2048,sub,copy-start,0.0125
matmul_2560x4096x2048,sub,copy-done,12.115
matmul_2560x4096x2048,sub,fusion,59.418828
matmul_2560x4096x2048,sub,copy-start,0.011406
matmul_2560x4096x2048,sub,copy-done,0.003672
matmul_2560x4096x2048,sub,fusion,59.57625
matmul_2560x4096x2048,sub,copy-start,0.0125
matmul_2560x4096x2048,sub,copy-done,0.00375
matmul_2560x4096x2048,sub,fusion,59.596094
matmul_2560x4096x2048,sub,copy-start,0.0125
matmul_2560x4096x2048,sub,copy-done,0.003594
matmul_2560x4096x2048,sub,fusion,59.410078
matmul_2560x4096x2048,sub,copy-start,0.0125
matmul_2560x4096x2048,sub,copy-done,0.003594
matmul_2560x4096x2048,sub,fusion,59.45625
matmul_2560x4096x2048,sub,copy-start,0.0125
matmul_2560x4096x2048,sub,copy-done,0.00375
matmul_2560x4096x2048,sub,fusion,59.683672
matmul_2560x4096x2048,sub,copy-start,0.0125
matmul_2560x4096x2048,sub,copy-done,0.002578
matmul_2560x4096x2048,sub,fusion,59.738906
matmul_2560x4096x2048,sub,copy-start,0.012344
matmul_2560x4096x2048,sub,copy-done,0.002578
matmul_2560x4096x2048,sub,fusion,59.457344
matmul_2560x4096x2048,sub,copy-start,0.0125
matmul_2560x4096x2048,sub,copy-done,0.003594
matmul_2560x4096x2048,sub,fusion,59.832656
matmul_2560x4096x2048,sub,copy-start,0.011328
matmul_2560x4096x2048,sub,copy-done,0.00375
matmul_2560x4096x2048,sub,fusion,59.787578
matmul_2560x4096x2560,main,jit_validation_matrix_multiply(6416920954975127765),87.475
matmul_2560x4096x2560,main,jit_validation_matrix_multiply(6416920954975127765),72.618906
matmul_2560x4096x2560,main,jit_validation_matrix_multiply(6416920954975127765),72.615156
matmul_2560x4096x2560,main,jit_validation_matrix_multiply(6416920954975127765),72.556172
matmul_2560x4096x2560,main,jit_validation_matrix_multiply(6416920954975127765),72.8575
matmul_2560x4096x2560,main,jit_validation_matrix_multiply(6416920954975127765),72.670078
matmul_2560x4096x2560,main,jit_validation_matrix_multiply(6416920954975127765),72.41
matmul_2560x4096x2560,main,jit_validation_matrix_multiply(6416920954975127765),72.755
matmul_2560x4096x2560,main,jit_validation_matrix_multiply(6416920954975127765),72.521328
matmul_2560x4096x2560,main,jit_validation_matrix_multiply(6416920954975127765),72.502656
matmul_2560x4096x2560,sub,copy-start,0.0125
matmul_2560x4096x2560,sub,copy-done,14.828594
matmul_2560x4096x2560,sub,fusion,72.628828
matmul_2560x4096x2560,sub,copy-start,0.011328
matmul_2560x4096x2560,sub,copy-done,0.003594
matmul_2560x4096x2560,sub,fusion,72.597578
matmul_2560x4096x2560,sub,copy-start,0.012422
matmul_2560x4096x2560,sub,copy-done,0.002578
matmul_2560x4096x2560,sub,fusion,72.595
matmul_2560x4096x2560,sub,copy-start,0.0125
matmul_2560x4096x2560,sub,copy-done,0.002578
matmul_2560x4096x2560,sub,fusion,72.534844
matmul_2560x4096x2560,sub,copy-start,0.012422
matmul_2560x4096x2560,sub,copy-done,0.00375
matmul_2560x4096x2560,sub,fusion,72.835078
matmul_2560x4096x2560,sub,copy-start,0.0125
matmul_2560x4096x2560,sub,copy-done,0.003594
matmul_2560x4096x2560,sub,fusion,72.64875
matmul_2560x4096x2560,sub,copy-start,0.0125
matmul_2560x4096x2560,sub,copy-done,0.003672
matmul_2560x4096x2560,sub,fusion,72.3875
matmul_2560x4096x2560,sub,copy-start,0.0125
matmul_2560x4096x2560,sub,copy-done,0.002578
matmul_2560x4096x2560,sub,fusion,72.734844
matmul_2560x4096x2560,sub,copy-start,0.011328
matmul_2560x4096x2560,sub,copy-done,0.003672
matmul_2560x4096x2560,sub,fusion,72.500078
matmul_2560x4096x2560,sub,copy-start,0.0125
matmul_2560x4096x2560,sub,copy-done,0.00375
matmul_2560x4096x2560,sub,fusion,72.482422
matmul_2560x4096x3072,main,jit_validation_matrix_multiply(15091091025762873943),118.007656
matmul_2560x4096x3072,main,jit_validation_matrix_multiply(15091091025762873943),100.416406
matmul_2560x4096x3072,main,jit_validation_matrix_multiply(15091091025762873943),100.4725
matmul_2560x4096x3072,main,jit_validation_matrix_multiply(15091091025762873943),100.396406
matmul_2560x4096x3072,main,jit_validation_matrix_multiply(15091091025762873943),100.555
matmul_2560x4096x3072,main,jit_validation_matrix_multiply(15091091025762873943),100.295
matmul_2560x4096x3072,main,jit_validation_matrix_multiply(15091091025762873943),100.61125
matmul_2560x4096x3072,main,jit_validation_matrix_multiply(15091091025762873943),100.54375
matmul_2560x4096x3072,main,jit_validation_matrix_multiply(15091091025762873943),100.45875
matmul_2560x4096x3072,main,jit_validation_matrix_multiply(15091091025762873943),100.722422
matmul_2560x4096x3072,sub,copy-start,0.012422
matmul_2560x4096x3072,sub,copy-done,17.734922
matmul_2560x4096x3072,sub,fusion,100.25625
matmul_2560x4096x3072,sub,copy-start,0.011328
matmul_2560x4096x3072,sub,copy-done,0.00375
matmul_2560x4096x3072,sub,fusion,100.395078
matmul_2560x4096x3072,sub,copy-start,0.011328
matmul_2560x4096x3072,sub,copy-done,0.003594
matmul_2560x4096x3072,sub,fusion,100.450078
matmul_2560x4096x3072,sub,copy-start,0.012422
matmul_2560x4096x3072,sub,copy-done,0.003672
matmul_2560x4096x3072,sub,fusion,100.37625
matmul_2560x4096x3072,sub,copy-start,0.0125
matmul_2560x4096x3072,sub,copy-done,0.003672
matmul_2560x4096x3072,sub,fusion,100.53375
matmul_2560x4096x3072,sub,copy-start,0.012344
matmul_2560x4096x3072,sub,copy-done,0.00375
matmul_2560x4096x3072,sub,fusion,100.27375
matmul_2560x4096x3072,sub,copy-start,0.0125
matmul_2560x4096x3072,sub,copy-done,0.003672
matmul_2560x4096x3072,sub,fusion,100.588906
matmul_2560x4096x3072,sub,copy-start,0.0125
matmul_2560x4096x3072,sub,copy-done,0.003594
matmul_2560x4096x3072,sub,fusion,100.521328
matmul_2560x4096x3072,sub,copy-start,0.011328
matmul_2560x4096x3072,sub,copy-done,0.003672
matmul_2560x4096x3072,sub,fusion,100.436328
matmul_2560x4096x3072,sub,copy-start,0.011328
matmul_2560x4096x3072,sub,copy-done,0.002656
matmul_2560x4096x3072,sub,fusion,100.70125
matmul_2560x4096x3584,main,jit_validation_matrix_multiply(2416818709450682544),125.495
matmul_2560x4096x3584,main,jit_validation_matrix_multiply(2416818709450682544),105.070156
matmul_2560x4096x3584,main,jit_validation_matrix_multiply(2416818709450682544),105.083828
matmul_2560x4096x3584,main,jit_validation_matrix_multiply(2416818709450682544),105.425078
matmul_2560x4096x3584,main,jit_validation_matrix_multiply(2416818709450682544),105.573672
matmul_2560x4096x3584,main,jit_validation_matrix_multiply(2416818709450682544),104.918984
matmul_2560x4096x3584,main,jit_validation_matrix_multiply(2416818709450682544),104.832734
matmul_2560x4096x3584,main,jit_validation_matrix_multiply(2416818709450682544),104.93125
matmul_2560x4096x3584,main,jit_validation_matrix_multiply(2416818709450682544),104.971172
matmul_2560x4096x3584,main,jit_validation_matrix_multiply(2416818709450682544),104.9275
matmul_2560x4096x3584,sub,copy-start,0.012422
matmul_2560x4096x3584,sub,copy-done,20.717656
matmul_2560x4096x3584,sub,fusion,104.758984
matmul_2560x4096x3584,sub,copy-start,0.011328
matmul_2560x4096x3584,sub,copy-done,0.00375
matmul_2560x4096x3584,sub,fusion,105.05
matmul_2560x4096x3584,sub,copy-start,0.011328
matmul_2560x4096x3584,sub,copy-done,0.00375
matmul_2560x4096x3584,sub,fusion,105.0625
matmul_2560x4096x3584,sub,copy-start,0.0125
matmul_2560x4096x3584,sub,copy-done,0.003672
matmul_2560x4096x3584,sub,fusion,105.404922
matmul_2560x4096x3584,sub,copy-start,0.012422
matmul_2560x4096x3584,sub,copy-done,0.002578
matmul_2560x4096x3584,sub,fusion,105.552422
matmul_2560x4096x3584,sub,copy-start,0.012422
matmul_2560x4096x3584,sub,copy-done,0.003672
matmul_2560x4096x3584,sub,fusion,104.898828
matmul_2560x4096x3584,sub,copy-start,0.011328
matmul_2560x4096x3584,sub,copy-done,0.00375
matmul_2560x4096x3584,sub,fusion,104.812578
matmul_2560x4096x3584,sub,copy-start,0.011328
matmul_2560x4096x3584,sub,copy-done,0.00375
matmul_2560x4096x3584,sub,fusion,104.910078
matmul_2560x4096x3584,sub,copy-start,0.012344
matmul_2560x4096x3584,sub,copy-done,0.00375
matmul_2560x4096x3584,sub,fusion,104.94875
matmul_2560x4096x3584,sub,copy-start,0.011328
matmul_2560x4096x3584,sub,copy-done,0.003672
matmul_2560x4096x3584,sub,fusion,104.905078
matmul_2560x4096x4096,main,jit_validation_matrix_multiply(12089775367213554062),141.88375
matmul_2560x4096x4096,main,jit_validation_matrix_multiply(12089775367213554062),118.415
matmul_2560x4096x4096,main,jit_validation_matrix_multiply(12089775367213554062),118.587734
matmul_2560x4096x4096,main,jit_validation_matrix_multiply(12089775367213554062),118.185078
matmul_2560x4096x4096,main,jit_validation_matrix_multiply(12089775367213554062),118.576094
matmul_2560x4096x4096,main,jit_validation_matrix_multiply(12089775367213554062),118.365
matmul_2560x4096x4096,main,jit_validation_matrix_multiply(12089775367213554062),118.405156
matmul_2560x4096x4096,main,jit_validation_matrix_multiply(12089775367213554062),118.602422
matmul_2560x4096x4096,main,jit_validation_matrix_multiply(12089775367213554062),118.75
matmul_2560x4096x4096,main,jit_validation_matrix_multiply(12089775367213554062),118.577656
matmul_2560x4096x4096,sub,copy-start,0.011328
matmul_2560x4096x4096,sub,copy-done,23.471328
matmul_2560x4096x4096,sub,fusion,118.394844
matmul_2560x4096x4096,sub,copy-start,0.011328
matmul_2560x4096x4096,sub,copy-done,0.00375
matmul_2560x4096x4096,sub,fusion,118.3925
matmul_2560x4096x4096,sub,copy-start,0.0125
matmul_2560x4096x4096,sub,copy-done,0.003672
matmul_2560x4096x4096,sub,fusion,118.567578
matmul_2560x4096x4096,sub,copy-start,0.011328
matmul_2560x4096x4096,sub,copy-done,0.003594
matmul_2560x4096x4096,sub,fusion,118.16375
matmul_2560x4096x4096,sub,copy-start,0.0125
matmul_2560x4096x4096,sub,copy-done,0.00375
matmul_2560x4096x4096,sub,fusion,118.55375
matmul_2560x4096x4096,sub,copy-start,0.012422
matmul_2560x4096x4096,sub,copy-done,0.00375
matmul_2560x4096x4096,sub,fusion,118.343828
matmul_2560x4096x4096,sub,copy-start,0.0125
matmul_2560x4096x4096,sub,copy-done,0.00375
matmul_2560x4096x4096,sub,fusion,118.385
matmul_2560x4096x4096,sub,copy-start,0.012422
matmul_2560x4096x4096,sub,copy-done,0.002578
matmul_2560x4096x4096,sub,fusion,118.581094
matmul_2560x4096x4096,sub,copy-start,0.011328
matmul_2560x4096x4096,sub,copy-done,0.00375
matmul_2560x4096x4096,sub,fusion,118.727734
matmul_2560x4096x4096,sub,copy-start,0.011328
matmul_2560x4096x4096,sub,copy-done,0.00375
matmul_2560x4096x4096,sub,fusion,118.5575
matmul_3072x1024x1024,main,jit_validation_matrix_multiply(15602969638647969555),17.865
matmul_3072x1024x1024,main,jit_validation_matrix_multiply(15602969638647969555),13.195078
matmul_3072x1024x1024,main,jit_validation_matrix_multiply(15602969638647969555),12.908672
matmul_3072x1024x1024,main,jit_validation_matrix_multiply(15602969638647969555),13.051484
matmul_3072x1024x1024,main,jit_validation_matrix_multiply(15602969638647969555),12.807578
matmul_3072x1024x1024,main,jit_validation_matrix_multiply(15602969638647969555),12.9425
matmul_3072x1024x1024,main,jit_validation_matrix_multiply(15602969638647969555),12.932422
matmul_3072x1024x1024,main,jit_validation_matrix_multiply(15602969638647969555),13.041328
matmul_3072x1024x1024,main,jit_validation_matrix_multiply(15602969638647969555),13.17375
matmul_3072x1024x1024,main,jit_validation_matrix_multiply(15602969638647969555),13.15
matmul_3072x1024x1024,sub,copy-start,0.011328
matmul_3072x1024x1024,sub,copy-done,4.848672
matmul_3072x1024x1024,sub,fusion,12.999922
matmul_3072x1024x1024,sub,copy-start,0.011328
matmul_3072x1024x1024,sub,copy-done,0.002656
matmul_3072x1024x1024,sub,fusion,13.175
matmul_3072x1024x1024,sub,copy-start,0.0125
matmul_3072x1024x1024,sub,copy-done,0.002578
matmul_3072x1024x1024,sub,fusion,12.887344
matmul_3072x1024x1024,sub,copy-start,0.011328
matmul_3072x1024x1024,sub,copy-done,0.002578
matmul_3072x1024x1024,sub,fusion,13.031406
matmul_3072x1024x1024,sub,copy-start,0.012422
matmul_3072x1024x1024,sub,copy-done,0.002578
matmul_3072x1024x1024,sub,fusion,12.7875
matmul_3072x1024x1024,sub,copy-start,0.0125
matmul_3072x1024x1024,sub,copy-done,0.003672
matmul_3072x1024x1024,sub,fusion,12.922422
matmul_3072x1024x1024,sub,copy-start,0.011328
matmul_3072x1024x1024,sub,copy-done,0.002578
matmul_3072x1024x1024,sub,fusion,12.912344
matmul_3072x1024x1024,sub,copy-start,0.011406
matmul_3072x1024x1024,sub,copy-done,0.002656
matmul_3072x1024x1024,sub,fusion,13.022266
matmul_3072x1024x1024,sub,copy-start,0.0125
matmul_3072x1024x1024,sub,copy-done,0.003672
matmul_3072x1024x1024,sub,fusion,13.1525
matmul_3072x1024x1024,sub,copy-start,0.011328
matmul_3072x1024x1024,sub,copy-done,0.002578
matmul_3072x1024x1024,sub,fusion,13.128906
matmul_3072x1024x1536,main,jit_validation_matrix_multiply(17964168646949879482),24.23125
matmul_3072x1024x1536,main,jit_validation_matrix_multiply(17964168646949879482),17.320234
matmul_3072x1024x1536,main,jit_validation_matrix_multiply(17964168646949879482),17.002578
matmul_3072x1024x1536,main,jit_validation_matrix_multiply(17964168646949879482),17.250234
matmul_3072x1024x1536,main,jit_validation_matrix_multiply(17964168646949879482),17.381172
matmul_3072x1024x1536,main,jit_validation_matrix_multiply(17964168646949879482),17.026172
matmul_3072x1024x1536,main,jit_validation_matrix_multiply(17964168646949879482),17.220156
matmul_3072x1024x1536,main,jit_validation_matrix_multiply(17964168646949879482),17.215
matmul_3072x1024x1536,main,jit_validation_matrix_multiply(17964168646949879482),17.387344
matmul_3072x1024x1536,main,jit_validation_matrix_multiply(17964168646949879482),17.163828
matmul_3072x1024x1536,sub,copy-start,0.011328
matmul_3072x1024x1536,sub,copy-done,7.047344
matmul_3072x1024x1536,sub,fusion,17.16625
matmul_3072x1024x1536,sub,copy-start,0.011328
matmul_3072x1024x1536,sub,copy-done,0.002578
matmul_3072x1024x1536,sub,fusion,17.300156
matmul_3072x1024x1536,sub,copy-start,0.011328
matmul_3072x1024x1536,sub,copy-done,0.002578
matmul_3072x1024x1536,sub,fusion,16.9825
matmul_3072x1024x1536,sub,copy-start,0.011328
matmul_3072x1024x1536,sub,copy-done,0.0025
matmul_3072x1024x1536,sub,fusion,17.230156
matmul_3072x1024x1536,sub,copy-start,0.0125
matmul_3072x1024x1536,sub,copy-done,0.0025
matmul_3072x1024x1536,sub,fusion,17.361094
matmul_3072x1024x1536,sub,copy-start,0.0125
matmul_3072x1024x1536,sub,copy-done,0.0025
matmul_3072x1024x1536,sub,fusion,17.006094
matmul_3072x1024x1536,sub,copy-start,0.012422
matmul_3072x1024x1536,sub,copy-done,0.003672
matmul_3072x1024x1536,sub,fusion,17.200078
matmul_3072x1024x1536,sub,copy-start,0.012344
matmul_3072x1024x1536,sub,copy-done,0.0025
matmul_3072x1024x1536,sub,fusion,17.19375
matmul_3072x1024x1536,sub,copy-start,0.0125
matmul_3072x1024x1536,sub,copy-done,0.0025
matmul_3072x1024x1536,sub,fusion,17.36625
matmul_3072x1024x1536,sub,copy-start,0.012344
matmul_3072x1024x1536,sub,copy-done,0.003672
matmul_3072x1024x1536,sub,fusion,17.14375
matmul_3072x1024x2048,main,jit_validation_matrix_multiply(8815563918084774755),31.22625
matmul_3072x1024x2048,main,jit_validation_matrix_multiply(8815563918084774755),21.991094
matmul_3072x1024x2048,main,jit_validation_matrix_multiply(8815563918084774755),21.895
matmul_3072x1024x2048,main,jit_validation_matrix_multiply(8815563918084774755),21.953594
matmul_3072x1024x2048,main,jit_validation_matrix_multiply(8815563918084774755),21.97
matmul_3072x1024x2048,main,jit_validation_matrix_multiply(8815563918084774755),22.1325
matmul_3072x1024x2048,main,jit_validation_matrix_multiply(8815563918084774755),22.08875
matmul_3072x1024x2048,main,jit_validation_matrix_multiply(8815563918084774755),22.025078
matmul_3072x1024x2048,main,jit_validation_matrix_multiply(8815563918084774755),21.795078
matmul_3072x1024x2048,main,jit_validation_matrix_multiply(8815563918084774755),22.062344
matmul_3072x1024x2048,sub,copy-start,0.0125
matmul_3072x1024x2048,sub,copy-done,9.26875
matmul_3072x1024x2048,sub,fusion,21.941094
matmul_3072x1024x2048,sub,copy-start,0.011328
matmul_3072x1024x2048,sub,copy-done,0.002578
matmul_3072x1024x2048,sub,fusion,21.969844
matmul_3072x1024x2048,sub,copy-start,0.012344
matmul_3072x1024x2048,sub,copy-done,0.002578
matmul_3072x1024x2048,sub,fusion,21.874922
matmul_3072x1024x2048,sub,copy-start,0.012344
matmul_3072x1024x2048,sub,copy-done,0.002578
matmul_3072x1024x2048,sub,fusion,21.932344
matmul_3072x1024x2048,sub,copy-start,0.0125
matmul_3072x1024x2048,sub,copy-done,0.003594
matmul_3072x1024x2048,sub,fusion,21.949922
matmul_3072x1024x2048,sub,copy-start,0.011328
matmul_3072x1024x2048,sub,copy-done,0.003594
matmul_3072x1024x2048,sub,fusion,22.111328
matmul_3072x1024x2048,sub,copy-start,0.011328
matmul_3072x1024x2048,sub,copy-done,0.002656
matmul_3072x1024x2048,sub,fusion,22.0675
matmul_3072x1024x2048,sub,copy-start,0.011328
matmul_3072x1024x2048,sub,copy-done,0.002578
matmul_3072x1024x2048,sub,fusion,22.005
matmul_3072x1024x2048,sub,copy-start,0.012344
matmul_3072x1024x2048,sub,copy-done,0.003672
matmul_3072x1024x2048,sub,fusion,21.775
matmul_3072x1024x2048,sub,copy-start,0.0125
matmul_3072x1024x2048,sub,copy-done,0.0025
matmul_3072x1024x2048,sub,fusion,22.041094
matmul_3072x1024x2560,main,jit_validation_matrix_multiply(9287217804482237986),36.473828
matmul_3072x1024x2560,main,jit_validation_matrix_multiply(9287217804482237986),25.105078
matmul_3072x1024x2560,main,jit_validation_matrix_multiply(9287217804482237986),24.968828
matmul_3072x1024x2560,main,jit_validation_matrix_multiply(9287217804482237986),25.122422
matmul_3072x1024x2560,main,jit_validation_matrix_multiply(9287217804482237986),24.978906
matmul_3072x1024x2560,main,jit_validation_matrix_multiply(9287217804482237986),24.961172
matmul_3072x1024x2560,main,jit_validation_matrix_multiply(9287217804482237986),24.985
matmul_3072x1024x2560,main,jit_validation_matrix_multiply(9287217804482237986),25.0875
matmul_3072x1024x2560,main,jit_validation_matrix_multiply(9287217804482237986),24.977422
matmul_3072x1024x2560,main,jit_validation_matrix_multiply(9287217804482237986),25.055
matmul_3072x1024x2560,sub,copy-start,0.012422
matmul_3072x1024x2560,sub,copy-done,11.54875
matmul_3072x1024x2560,sub,fusion,24.908672
matmul_3072x1024x2560,sub,copy-start,0.012422
matmul_3072x1024x2560,sub,copy-done,0.002578
matmul_3072x1024x2560,sub,fusion,25.085
matmul_3072x1024x2560,sub,copy-start,0.011328
matmul_3072x1024x2560,sub,copy-done,0.003594
matmul_3072x1024x2560,sub,fusion,24.948672
matmul_3072x1024x2560,sub,copy-start,0.012344
matmul_3072x1024x2560,sub,copy-done,0.0025
matmul_3072x1024x2560,sub,fusion,25.10125
matmul_3072x1024x2560,sub,copy-start,0.0125
matmul_3072x1024x2560,sub,copy-done,0.0025
matmul_3072x1024x2560,sub,fusion,24.958828
matmul_3072x1024x2560,sub,copy-start,0.011328
matmul_3072x1024x2560,sub,copy-done,0.003594
matmul_3072x1024x2560,sub,fusion,24.94
matmul_3072x1024x2560,sub,copy-start,0.0125
matmul_3072x1024x2560,sub,copy-done,0.003672
matmul_3072x1024x2560,sub,fusion,24.96375
matmul_3072x1024x2560,sub,copy-start,0.0125
matmul_3072x1024x2560,sub,copy-done,0.003594
matmul_3072x1024x2560,sub,fusion,25.06625
matmul_3072x1024x2560,sub,copy-start,0.012344
matmul_3072x1024x2560,sub,copy-done,0.003672
matmul_3072x1024x2560,sub,fusion,24.95625
matmul_3072x1024x2560,sub,copy-start,0.011328
matmul_3072x1024x2560,sub,copy-done,0.003594
matmul_3072x1024x2560,sub,fusion,25.033828
matmul_3072x1024x3072,main,jit_validation_matrix_multiply(12055438944424424104),43.271406
matmul_3072x1024x3072,main,jit_validation_matrix_multiply(12055438944424424104),29.98125
matmul_3072x1024x3072,main,jit_validation_matrix_multiply(12055438944424424104),29.728828
matmul_3072x1024x3072,main,jit_validation_matrix_multiply(12055438944424424104),29.990078
matmul_3072x1024x3072,main,jit_validation_matrix_multiply(12055438944424424104),29.895
matmul_3072x1024x3072,main,jit_validation_matrix_multiply(12055438944424424104),29.8125
matmul_3072x1024x3072,main,jit_validation_matrix_multiply(12055438944424424104),29.800156
matmul_3072x1024x3072,main,jit_validation_matrix_multiply(12055438944424424104),29.936328
matmul_3072x1024x3072,main,jit_validation_matrix_multiply(12055438944424424104),30.044922
matmul_3072x1024x3072,main,jit_validation_matrix_multiply(12055438944424424104),29.942422
matmul_3072x1024x3072,sub,copy-start,0.012422
matmul_3072x1024x3072,sub,copy-done,13.415078
matmul_3072x1024x3072,sub,fusion,29.839922
matmul_3072x1024x3072,sub,copy-start,0.0125
matmul_3072x1024x3072,sub,copy-done,0.003594
matmul_3072x1024x3072,sub,fusion,29.958828
matmul_3072x1024x3072,sub,copy-start,0.012422
matmul_3072x1024x3072,sub,copy-done,0.00375
matmul_3072x1024x3072,sub,fusion,29.708672
matmul_3072x1024x3072,sub,copy-start,0.012422
matmul_3072x1024x3072,sub,copy-done,0.003672
matmul_3072x1024x3072,sub,fusion,29.969922
matmul_3072x1024x3072,sub,copy-start,0.0125
matmul_3072x1024x3072,sub,copy-done,0.002578
matmul_3072x1024x3072,sub,fusion,29.873828
matmul_3072x1024x3072,sub,copy-start,0.0125
matmul_3072x1024x3072,sub,copy-done,0.003594
matmul_3072x1024x3072,sub,fusion,29.790078
matmul_3072x1024x3072,sub,copy-start,0.011328
matmul_3072x1024x3072,sub,copy-done,0.00375
matmul_3072x1024x3072,sub,fusion,29.78
matmul_3072x1024x3072,sub,copy-start,0.0125
matmul_3072x1024x3072,sub,copy-done,0.003594
matmul_3072x1024x3072,sub,fusion,29.916172
matmul_3072x1024x3072,sub,copy-start,0.011406
matmul_3072x1024x3072,sub,copy-done,0.003594
matmul_3072x1024x3072,sub,fusion,30.022578
matmul_3072x1024x3072,sub,copy-start,0.0125
matmul_3072x1024x3072,sub,copy-done,0.00375
matmul_3072x1024x3072,sub,fusion,29.921172
matmul_3072x1024x3584,main,jit_validation_matrix_multiply(8871587702437337254),48.391172
matmul_3072x1024x3584,main,jit_validation_matrix_multiply(8871587702437337254),32.80625
matmul_3072x1024x3584,main,jit_validation_matrix_multiply(8871587702437337254),32.924844
matmul_3072x1024x3584,main,jit_validation_matrix_multiply(8871587702437337254),32.766328
matmul_3072x1024x3584,main,jit_validation_matrix_multiply(8871587702437337254),33.104922
matmul_3072x1024x3584,main,jit_validation_matrix_multiply(8871587702437337254),32.627656
matmul_3072x1024x3584,main,jit_validation_matrix_multiply(8871587702437337254),32.926094
matmul_3072x1024x3584,main,jit_validation_matrix_multiply(8871587702437337254),32.7625
matmul_3072x1024x3584,main,jit_validation_matrix_multiply(8871587702437337254),32.82875
matmul_3072x1024x3584,main,jit_validation_matrix_multiply(8871587702437337254),32.801328
matmul_3072x1024x3584,sub,copy-start,0.0125
matmul_3072x1024x3584,sub,copy-done,15.67375
matmul_3072x1024x3584,sub,fusion,32.69875
matmul_3072x1024x3584,sub,copy-start,0.011328
matmul_3072x1024x3584,sub,copy-done,0.00375
matmul_3072x1024x3584,sub,fusion,32.785
matmul_3072x1024x3584,sub,copy-start,0.012422
matmul_3072x1024x3584,sub,copy-done,0.002656
matmul_3072x1024x3584,sub,fusion,32.902578
matmul_3072x1024x3584,sub,copy-start,0.0125
matmul_3072x1024x3584,sub,copy-done,0.003594
matmul_3072x1024x3584,sub,fusion,32.745
matmul_3072x1024x3584,sub,copy-start,0.012422
matmul_3072x1024x3584,sub,copy-done,0.00375
matmul_3072x1024x3584,sub,fusion,33.083672
matmul_3072x1024x3584,sub,copy-start,0.011328
matmul_3072x1024x3584,sub,copy-done,0.00375
matmul_3072x1024x3584,sub,fusion,32.6075
matmul_3072x1024x3584,sub,copy-start,0.0125
matmul_3072x1024x3584,sub,copy-done,0.003672
matmul_3072x1024x3584,sub,fusion,32.90375
matmul_3072x1024x3584,sub,copy-start,0.012422
matmul_3072x1024x3584,sub,copy-done,0.003672
matmul_3072x1024x3584,sub,fusion,32.741328
matmul_3072x1024x3584,sub,copy-start,0.011406
matmul_3072x1024x3584,sub,copy-done,0.00375
matmul_3072x1024x3584,sub,fusion,32.806328
matmul_3072x1024x3584,sub,copy-start,0.011328
matmul_3072x1024x3584,sub,copy-done,0.003672
matmul_3072x1024x3584,sub,fusion,32.780078
matmul_3072x1024x4096,main,jit_validation_matrix_multiply(5295361849971646432),56.524844
matmul_3072x1024x4096,main,jit_validation_matrix_multiply(5295361849971646432),38.745
matmul_3072x1024x4096,main,jit_validation_matrix_multiply(5295361849971646432),38.62875
matmul_3072x1024x4096,main,jit_validation_matrix_multiply(5295361849971646432),38.896328
matmul_3072x1024x4096,main,jit_validation_matrix_multiply(5295361849971646432),38.881094
matmul_3072x1024x4096,main,jit_validation_matrix_multiply(5295361849971646432),38.68875
matmul_3072x1024x4096,main,jit_validation_matrix_multiply(5295361849971646432),39.025
matmul_3072x1024x4096,main,jit_validation_matrix_multiply(5295361849971646432),38.8875
matmul_3072x1024x4096,main,jit_validation_matrix_multiply(5295361849971646432),38.521094
matmul_3072x1024x4096,main,jit_validation_matrix_multiply(5295361849971646432),38.893906
matmul_3072x1024x4096,sub,copy-start,0.0125
matmul_3072x1024x4096,sub,copy-done,17.751172
matmul_3072x1024x4096,sub,fusion,38.755
matmul_3072x1024x4096,sub,copy-start,0.011328
matmul_3072x1024x4096,sub,copy-done,0.00375
matmul_3072x1024x4096,sub,fusion,38.723828
matmul_3072x1024x4096,sub,copy-start,0.012422
matmul_3072x1024x4096,sub,copy-done,0.00375
matmul_3072x1024x4096,sub,fusion,38.607344
matmul_3072x1024x4096,sub,copy-start,0.0125
matmul_3072x1024x4096,sub,copy-done,0.003594
matmul_3072x1024x4096,sub,fusion,38.875
matmul_3072x1024x4096,sub,copy-start,0.0125
matmul_3072x1024x4096,sub,copy-done,0.002578
matmul_3072x1024x4096,sub,fusion,38.858906
matmul_3072x1024x4096,sub,copy-start,0.011328
matmul_3072x1024x4096,sub,copy-done,0.00375
matmul_3072x1024x4096,sub,fusion,38.66625
matmul_3072x1024x4096,sub,copy-start,0.012422
matmul_3072x1024x4096,sub,copy-done,0.003672
matmul_3072x1024x4096,sub,fusion,39.002656
matmul_3072x1024x4096,sub,copy-start,0.011328
matmul_3072x1024x4096,sub,copy-done,0.00375
matmul_3072x1024x4096,sub,fusion,38.866406
matmul_3072x1024x4096,sub,copy-start,0.0125
matmul_3072x1024x4096,sub,copy-done,0.002656
matmul_3072x1024x4096,sub,fusion,38.498906
matmul_3072x1024x4096,sub,copy-start,0.011328
matmul_3072x1024x4096,sub,copy-done,0.00375
matmul_3072x1024x4096,sub,fusion,38.87375
matmul_3072x1536x1024,main,jit_validation_matrix_multiply(8340389184297063215),23.046172
matmul_3072x1536x1024,main,jit_validation_matrix_multiply(8340389184297063215),18.031406
matmul_3072x1536x1024,main,jit_validation_matrix_multiply(8340389184297063215),18.126094
matmul_3072x1536x1024,main,jit_validation_matrix_multiply(8340389184297063215),17.897422
matmul_3072x1536x1024,main,jit_validation_matrix_multiply(8340389184297063215),18.181094
matmul_3072x1536x1024,main,jit_validation_matrix_multiply(8340389184297063215),18.08875
matmul_3072x1536x1024,main,jit_validation_matrix_multiply(8340389184297063215),17.90375
matmul_3072x1536x1024,main,jit_validation_matrix_multiply(8340389184297063215),17.808672
matmul_3072x1536x1024,main,jit_validation_matrix_multiply(8340389184297063215),18.077656
matmul_3072x1536x1024,main,jit_validation_matrix_multiply(8340389184297063215),17.991172
matmul_3072x1536x1024,sub,copy-start,0.011328
matmul_3072x1536x1024,sub,copy-done,4.875078
matmul_3072x1536x1024,sub,fusion,18.1525
matmul_3072x1536x1024,sub,copy-start,0.011328
matmul_3072x1536x1024,sub,copy-done,0.0025
matmul_3072x1536x1024,sub,fusion,18.011328
matmul_3072x1536x1024,sub,copy-start,0.011328
matmul_3072x1536x1024,sub,copy-done,0.002578
matmul_3072x1536x1024,sub,fusion,18.104844
matmul_3072x1536x1024,sub,copy-start,0.0125
matmul_3072x1536x1024,sub,copy-done,0.003594
matmul_3072x1536x1024,sub,fusion,17.876328
matmul_3072x1536x1024,sub,copy-start,0.0125
matmul_3072x1536x1024,sub,copy-done,0.0025
matmul_3072x1536x1024,sub,fusion,18.16
matmul_3072x1536x1024,sub,copy-start,0.011328
matmul_3072x1536x1024,sub,copy-done,0.002578
matmul_3072x1536x1024,sub,fusion,18.0675
matmul_3072x1536x1024,sub,copy-start,0.0125
matmul_3072x1536x1024,sub,copy-done,0.003672
matmul_3072x1536x1024,sub,fusion,17.883672
matmul_3072x1536x1024,sub,copy-start,0.0125
matmul_3072x1536x1024,sub,copy-done,0.002578
matmul_3072x1536x1024,sub,fusion,17.7875
matmul_3072x1536x1024,sub,copy-start,0.012344
matmul_3072x1536x1024,sub,copy-done,0.0025
matmul_3072x1536x1024,sub,fusion,18.057578
matmul_3072x1536x1024,sub,copy-start,0.011328
matmul_3072x1536x1024,sub,copy-done,0.003672
matmul_3072x1536x1024,sub,fusion,17.971094
matmul_3072x1536x1536,main,jit_validation_matrix_multiply(5788641908134055638),31.6525
matmul_3072x1536x1536,main,jit_validation_matrix_multiply(5788641908134055638),24.828906
matmul_3072x1536x1536,main,jit_validation_matrix_multiply(5788641908134055638),24.728906
matmul_3072x1536x1536,main,jit_validation_matrix_multiply(5788641908134055638),24.653594
matmul_3072x1536x1536,main,jit_validation_matrix_multiply(5788641908134055638),24.59375
matmul_3072x1536x1536,main,jit_validation_matrix_multiply(5788641908134055638),24.51375
matmul_3072x1536x1536,main,jit_validation_matrix_multiply(5788641908134055638),24.594922
matmul_3072x1536x1536,main,jit_validation_matrix_multiply(5788641908134055638),24.792422
matmul_3072x1536x1536,main,jit_validation_matrix_multiply(5788641908134055638),24.493672
matmul_3072x1536x1536,main,jit_validation_matrix_multiply(5788641908134055638),24.2825
matmul_3072x1536x1536,sub,copy-start,0.012344
matmul_3072x1536x1536,sub,copy-done,7.107422
matmul_3072x1536x1536,sub,fusion,24.528672
matmul_3072x1536x1536,sub,copy-start,0.0125
matmul_3072x1536x1536,sub,copy-done,0.002578
matmul_3072x1536x1536,sub,fusion,24.80875
matmul_3072x1536x1536,sub,copy-start,0.011406
matmul_3072x1536x1536,sub,copy-done,0.002578
matmul_3072x1536x1536,sub,fusion,24.708828
matmul_3072x1536x1536,sub,copy-start,0.0125
matmul_3072x1536x1536,sub,copy-done,0.0025
matmul_3072x1536x1536,sub,fusion,24.632344
matmul_3072x1536x1536,sub,copy-start,0.011328
matmul_3072x1536x1536,sub,copy-done,0.003594
matmul_3072x1536x1536,sub,fusion,24.573672
matmul_3072x1536x1536,sub,copy-start,0.012344
matmul_3072x1536x1536,sub,copy-done,0.0025
matmul_3072x1536x1536,sub,fusion,24.4925
matmul_3072x1536x1536,sub,copy-start,0.012422
matmul_3072x1536x1536,sub,copy-done,0.003594
matmul_3072x1536x1536,sub,fusion,24.573672
matmul_3072x1536x1536,sub,copy-start,0.011328
matmul_3072x1536x1536,sub,copy-done,0.003672
matmul_3072x1536x1536,sub,fusion,24.772344
matmul_3072x1536x1536,sub,copy-start,0.011328
matmul_3072x1536x1536,sub,copy-done,0.003672
matmul_3072x1536x1536,sub,fusion,24.473594
matmul_3072x1536x1536,sub,copy-start,0.011406
matmul_3072x1536x1536,sub,copy-done,0.003516
matmul_3072x1536x1536,sub,fusion,24.262422
matmul_3072x1536x2048,main,jit_validation_matrix_multiply(3463290167799481904),40.701328
matmul_3072x1536x2048,main,jit_validation_matrix_multiply(3463290167799481904),31.233828
matmul_3072x1536x2048,main,jit_validation_matrix_multiply(3463290167799481904),31.493594
matmul_3072x1536x2048,main,jit_validation_matrix_multiply(3463290167799481904),31.311094
matmul_3072x1536x2048,main,jit_validation_matrix_multiply(3463290167799481904),31.503828
matmul_3072x1536x2048,main,jit_validation_matrix_multiply(3463290167799481904),31.531406
matmul_3072x1536x2048,main,jit_validation_matrix_multiply(3463290167799481904),31.294922
matmul_3072x1536x2048,main,jit_validation_matrix_multiply(3463290167799481904),31.275156
matmul_3072x1536x2048,main,jit_validation_matrix_multiply(3463290167799481904),31.5125
matmul_3072x1536x2048,main,jit_validation_matrix_multiply(3463290167799481904),31.493594
matmul_3072x1536x2048,sub,copy-start,0.011406
matmul_3072x1536x2048,sub,copy-done,9.223828
matmul_3072x1536x2048,sub,fusion,31.459922
matmul_3072x1536x2048,sub,copy-start,0.011328
matmul_3072x1536x2048,sub,copy-done,0.0025
matmul_3072x1536x2048,sub,fusion,31.21375
matmul_3072x1536x2048,sub,copy-start,0.0125
matmul_3072x1536x2048,sub,copy-done,0.002578
matmul_3072x1536x2048,sub,fusion,31.472344
matmul_3072x1536x2048,sub,copy-start,0.0125
matmul_3072x1536x2048,sub,copy-done,0.0025
matmul_3072x1536x2048,sub,fusion,31.289922
matmul_3072x1536x2048,sub,copy-start,0.012422
matmul_3072x1536x2048,sub,copy-done,0.0025
matmul_3072x1536x2048,sub,fusion,31.48375
matmul_3072x1536x2048,sub,copy-start,0.012422
matmul_3072x1536x2048,sub,copy-done,0.002578
matmul_3072x1536x2048,sub,fusion,31.511328
matmul_3072x1536x2048,sub,copy-start,0.012344
matmul_3072x1536x2048,sub,copy-done,0.0025
matmul_3072x1536x2048,sub,fusion,31.2725
matmul_3072x1536x2048,sub,copy-start,0.011328
matmul_3072x1536x2048,sub,copy-done,0.002578
matmul_3072x1536x2048,sub,fusion,31.255078
matmul_3072x1536x2048,sub,copy-start,0.011328
matmul_3072x1536x2048,sub,copy-done,0.002578
matmul_3072x1536x2048,sub,fusion,31.491328
matmul_3072x1536x2048,sub,copy-start,0.0125
matmul_3072x1536x2048,sub,copy-done,0.0025
matmul_3072x1536x2048,sub,fusion,31.472578
matmul_3072x1536x2560,main,jit_validation_matrix_multiply(6267257821164839848),46.44
matmul_3072x1536x2560,main,jit_validation_matrix_multiply(6267257821164839848),35.109922
matmul_3072x1536x2560,main,jit_validation_matrix_multiply(6267257821164839848),34.881328
matmul_3072x1536x2560,main,jit_validation_matrix_multiply(6267257821164839848),35.080156
matmul_3072x1536x2560,main,jit_validation_matrix_multiply(6267257821164839848),35.23375
matmul_3072x1536x2560,main,jit_validation_matrix_multiply(6267257821164839848),35.062422
matmul_3072x1536x2560,main,jit_validation_matrix_multiply(6267257821164839848),35.044922
matmul_3072x1536x2560,main,jit_validation_matrix_multiply(6267257821164839848),34.8475
matmul_3072x1536x2560,main,jit_validation_matrix_multiply(6267257821164839848),35.216094
matmul_3072x1536x2560,main,jit_validation_matrix_multiply(6267257821164839848),35.1425
matmul_3072x1536x2560,sub,copy-start,0.0125
matmul_3072x1536x2560,sub,copy-done,11.275
matmul_3072x1536x2560,sub,fusion,35.147422
matmul_3072x1536x2560,sub,copy-start,0.012344
matmul_3072x1536x2560,sub,copy-done,0.003672
matmul_3072x1536x2560,sub,fusion,35.088906
matmul_3072x1536x2560,sub,copy-start,0.011328
matmul_3072x1536x2560,sub,copy-done,0.003594
matmul_3072x1536x2560,sub,fusion,34.861172
matmul_3072x1536x2560,sub,copy-start,0.0125
matmul_3072x1536x2560,sub,copy-done,0.0025
matmul_3072x1536x2560,sub,fusion,35.060078
matmul_3072x1536x2560,sub,copy-start,0.011328
matmul_3072x1536x2560,sub,copy-done,0.0025
matmul_3072x1536x2560,sub,fusion,35.212578
matmul_3072x1536x2560,sub,copy-start,0.012344
matmul_3072x1536x2560,sub,copy-done,0.003672
matmul_3072x1536x2560,sub,fusion,35.04125
matmul_3072x1536x2560,sub,copy-start,0.012422
matmul_3072x1536x2560,sub,copy-done,0.002578
matmul_3072x1536x2560,sub,fusion,35.02375
matmul_3072x1536x2560,sub,copy-start,0.011328
matmul_3072x1536x2560,sub,copy-done,0.003594
matmul_3072x1536x2560,sub,fusion,34.826172
matmul_3072x1536x2560,sub,copy-start,0.011328
matmul_3072x1536x2560,sub,copy-done,0.002578
matmul_3072x1536x2560,sub,fusion,35.194922
matmul_3072x1536x2560,sub,copy-start,0.012422
matmul_3072x1536x2560,sub,copy-done,0.003672
matmul_3072x1536x2560,sub,fusion,35.121328
matmul_3072x1536x3072,main,jit_validation_matrix_multiply(13735918862394253324),56.12875
matmul_3072x1536x3072,main,jit_validation_matrix_multiply(13735918862394253324),43.031172
matmul_3072x1536x3072,main,jit_validation_matrix_multiply(13735918862394253324),43.0025
matmul_3072x1536x3072,main,jit_validation_matrix_multiply(13735918862394253324),42.578672
matmul_3072x1536x3072,main,jit_validation_matrix_multiply(13735918862394253324),43.142422
matmul_3072x1536x3072,main,jit_validation_matrix_multiply(13735918862394253324),42.923594
matmul_3072x1536x3072,main,jit_validation_matrix_multiply(13735918862394253324),43.045
matmul_3072x1536x3072,main,jit_validation_matrix_multiply(13735918862394253324),42.3775
matmul_3072x1536x3072,main,jit_validation_matrix_multiply(13735918862394253324),43.155
matmul_3072x1536x3072,main,jit_validation_matrix_multiply(13735918862394253324),42.93
matmul_3072x1536x3072,sub,copy-start,0.0125
matmul_3072x1536x3072,sub,copy-done,13.448906
matmul_3072x1536x3072,sub,fusion,42.661328
matmul_3072x1536x3072,sub,copy-start,0.011406
matmul_3072x1536x3072,sub,copy-done,0.00375
matmul_3072x1536x3072,sub,fusion,43.008906
matmul_3072x1536x3072,sub,copy-start,0.011328
matmul_3072x1536x3072,sub,copy-done,0.003672
matmul_3072x1536x3072,sub,fusion,42.980156
matmul_3072x1536x3072,sub,copy-start,0.0125
matmul_3072x1536x3072,sub,copy-done,0.00375
matmul_3072x1536x3072,sub,fusion,42.557422
matmul_3072x1536x3072,sub,copy-start,0.0125
matmul_3072x1536x3072,sub,copy-done,0.00375
matmul_3072x1536x3072,sub,fusion,43.121094
matmul_3072x1536x3072,sub,copy-start,0.011328
matmul_3072x1536x3072,sub,copy-done,0.00375
matmul_3072x1536x3072,sub,fusion,42.901406
matmul_3072x1536x3072,sub,copy-start,0.011328
matmul_3072x1536x3072,sub,copy-done,0.00375
matmul_3072x1536x3072,sub,fusion,43.022656
matmul_3072x1536x3072,sub,copy-start,0.0125
matmul_3072x1536x3072,sub,copy-done,0.00375
matmul_3072x1536x3072,sub,fusion,42.35625
matmul_3072x1536x3072,sub,copy-start,0.012344
matmul_3072x1536x3072,sub,copy-done,0.00375
matmul_3072x1536x3072,sub,fusion,43.133828
matmul_3072x1536x3072,sub,copy-start,0.011328
matmul_3072x1536x3072,sub,copy-done,0.00375
matmul_3072x1536x3072,sub,fusion,42.907578
matmul_3072x1536x3584,main,jit_validation_matrix_multiply(14490115901633430857),62.727578
matmul_3072x1536x3584,main,jit_validation_matrix_multiply(14490115901633430857),47.268672
matmul_3072x1536x3584,main,jit_validation_matrix_multiply(14490115901633430857),47.302422
matmul_3072x1536x3584,main,jit_validation_matrix_multiply(14490115901633430857),47.333672
matmul_3072x1536x3584,main,jit_validation_matrix_multiply(14490115901633430857),47.362422
matmul_3072x1536x3584,main,jit_validation_matrix_multiply(14490115901633430857),47.29
matmul_3072x1536x3584,main,jit_validation_matrix_multiply(14490115901633430857),47.089922
matmul_3072x1536x3584,main,jit_validation_matrix_multiply(14490115901633430857),47.47875
matmul_3072x1536x3584,main,jit_validation_matrix_multiply(14490115901633430857),47.02875
matmul_3072x1536x3584,main,jit_validation_matrix_multiply(14490115901633430857),47.275
matmul_3072x1536x3584,sub,copy-start,0.011328
matmul_3072x1536x3584,sub,copy-done,15.575
matmul_3072x1536x3584,sub,fusion,47.135
matmul_3072x1536x3584,sub,copy-start,0.011406
matmul_3072x1536x3584,sub,copy-done,0.00375
matmul_3072x1536x3584,sub,fusion,47.246406
matmul_3072x1536x3584,sub,copy-start,0.0125
matmul_3072x1536x3584,sub,copy-done,0.002656
matmul_3072x1536x3584,sub,fusion,47.281094
matmul_3072x1536x3584,sub,copy-start,0.0125
matmul_3072x1536x3584,sub,copy-done,0.00375
matmul_3072x1536x3584,sub,fusion,47.312422
matmul_3072x1536x3584,sub,copy-start,0.012422
matmul_3072x1536x3584,sub,copy-done,0.00375
matmul_3072x1536x3584,sub,fusion,47.340234
matmul_3072x1536x3584,sub,copy-start,0.011328
matmul_3072x1536x3584,sub,copy-done,0.00375
matmul_3072x1536x3584,sub,fusion,47.268672
matmul_3072x1536x3584,sub,copy-start,0.012344
matmul_3072x1536x3584,sub,copy-done,0.002578
matmul_3072x1536x3584,sub,fusion,47.06875
matmul_3072x1536x3584,sub,copy-start,0.011328
matmul_3072x1536x3584,sub,copy-done,0.003594
matmul_3072x1536x3584,sub,fusion,47.456328
matmul_3072x1536x3584,sub,copy-start,0.011328
matmul_3072x1536x3584,sub,copy-done,0.00375
matmul_3072x1536x3584,sub,fusion,47.0075
matmul_3072x1536x3584,sub,copy-start,0.011328
matmul_3072x1536x3584,sub,copy-done,0.00375
matmul_3072x1536x3584,sub,fusion,47.252734
matmul_3072x1536x4096,main,jit_validation_matrix_multiply(2165363622581134751),73.19625
matmul_3072x1536x4096,main,jit_validation_matrix_multiply(2165363622581134751),55.851484
matmul_3072x1536x4096,main,jit_validation_matrix_multiply(2165363622581134751),55.723594
matmul_3072x1536x4096,main,jit_validation_matrix_multiply(2165363622581134751),55.7775
matmul_3072x1536x4096,main,jit_validation_matrix_multiply(2165363622581134751),55.746484
matmul_3072x1536x4096,main,jit_validation_matrix_multiply(2165363622581134751),55.639844
matmul_3072x1536x4096,main,jit_validation_matrix_multiply(2165363622581134751),55.624922
matmul_3072x1536x4096,main,jit_validation_matrix_multiply(2165363622581134751),55.46125
matmul_3072x1536x4096,main,jit_validation_matrix_multiply(2165363622581134751),55.84875
matmul_3072x1536x4096,main,jit_validation_matrix_multiply(2165363622581134751),55.3625
matmul_3072x1536x4096,sub,copy-start,0.011406
matmul_3072x1536x4096,sub,copy-done,17.723828
matmul_3072x1536x4096,sub,fusion,55.455
matmul_3072x1536x4096,sub,copy-start,0.011328
matmul_3072x1536x4096,sub,copy-done,0.00375
matmul_3072x1536x4096,sub,fusion,55.831328
matmul_3072x1536x4096,sub,copy-start,0.0125
matmul_3072x1536x4096,sub,copy-done,0.002656
matmul_3072x1536x4096,sub,fusion,55.701406
matmul_3072x1536x4096,sub,copy-start,0.0125
matmul_3072x1536x4096,sub,copy-done,0.003672
matmul_3072x1536x4096,sub,fusion,55.75625
matmul_3072x1536x4096,sub,copy-start,0.011328
matmul_3072x1536x4096,sub,copy-done,0.00375
matmul_3072x1536x4096,sub,fusion,55.726328
matmul_3072x1536x4096,sub,copy-start,0.011328
matmul_3072x1536x4096,sub,copy-done,0.002656
matmul_3072x1536x4096,sub,fusion,55.617578
matmul_3072x1536x4096,sub,copy-start,0.011406
matmul_3072x1536x4096,sub,copy-done,0.002578
matmul_3072x1536x4096,sub,fusion,55.602578
matmul_3072x1536x4096,sub,copy-start,0.0125
matmul_3072x1536x4096,sub,copy-done,0.00375
matmul_3072x1536x4096,sub,fusion,55.439922
matmul_3072x1536x4096,sub,copy-start,0.011328
matmul_3072x1536x4096,sub,copy-done,0.00375
matmul_3072x1536x4096,sub,fusion,55.8275
matmul_3072x1536x4096,sub,copy-start,0.011328
matmul_3072x1536x4096,sub,copy-done,0.003594
matmul_3072x1536x4096,sub,fusion,55.340078
matmul_3072x2048x1024,main,jit_validation_matrix_multiply(18095206478009163790),27.582656
matmul_3072x2048x1024,main,jit_validation_matrix_multiply(18095206478009163790),22.775078
matmul_3072x2048x1024,main,jit_validation_matrix_multiply(18095206478009163790),22.885
matmul_3072x2048x1024,main,jit_validation_matrix_multiply(18095206478009163790),22.874922
matmul_3072x2048x1024,main,jit_validation_matrix_multiply(18095206478009163790),22.645078
matmul_3072x2048x1024,main,jit_validation_matrix_multiply(18095206478009163790),22.49625
matmul_3072x2048x1024,main,jit_validation_matrix_multiply(18095206478009163790),22.7925
matmul_3072x2048x1024,main,jit_validation_matrix_multiply(18095206478009163790),22.976094
matmul_3072x2048x1024,main,jit_validation_matrix_multiply(18095206478009163790),22.92875
matmul_3072x2048x1024,main,jit_validation_matrix_multiply(18095206478009163790),22.861172
matmul_3072x2048x1024,sub,copy-start,0.012422
matmul_3072x2048x1024,sub,copy-done,4.947656
matmul_3072x2048x1024,sub,fusion,22.616406
matmul_3072x2048x1024,sub,copy-start,0.012344
matmul_3072x2048x1024,sub,copy-done,0.0025
matmul_3072x2048x1024,sub,fusion,22.755
matmul_3072x2048x1024,sub,copy-start,0.011328
matmul_3072x2048x1024,sub,copy-done,0.003672
matmul_3072x2048x1024,sub,fusion,22.863594
matmul_3072x2048x1024,sub,copy-start,0.0125
matmul_3072x2048x1024,sub,copy-done,0.0025
matmul_3072x2048x1024,sub,fusion,22.854844
matmul_3072x2048x1024,sub,copy-start,0.012422
matmul_3072x2048x1024,sub,copy-done,0.003672
matmul_3072x2048x1024,sub,fusion,22.625
matmul_3072x2048x1024,sub,copy-start,0.011328
matmul_3072x2048x1024,sub,copy-done,0.002578
matmul_3072x2048x1024,sub,fusion,22.476094
matmul_3072x2048x1024,sub,copy-start,0.0125
matmul_3072x2048x1024,sub,copy-done,0.003672
matmul_3072x2048x1024,sub,fusion,22.772422
matmul_3072x2048x1024,sub,copy-start,0.011328
matmul_3072x2048x1024,sub,copy-done,0.003672
matmul_3072x2048x1024,sub,fusion,22.954844
matmul_3072x2048x1024,sub,copy-start,0.0125
matmul_3072x2048x1024,sub,copy-done,0.003672
matmul_3072x2048x1024,sub,fusion,22.908672
matmul_3072x2048x1024,sub,copy-start,0.011406
matmul_3072x2048x1024,sub,copy-done,0.0025
matmul_3072x2048x1024,sub,fusion,22.839922
matmul_3072x2048x1536,main,jit_validation_matrix_multiply(11992893578429104875),38.933672
matmul_3072x2048x1536,main,jit_validation_matrix_multiply(11992893578429104875),31.881406
matmul_3072x2048x1536,main,jit_validation_matrix_multiply(11992893578429104875),31.878594
matmul_3072x2048x1536,main,jit_validation_matrix_multiply(11992893578429104875),31.96125
matmul_3072x2048x1536,main,jit_validation_matrix_multiply(11992893578429104875),31.92625
matmul_3072x2048x1536,main,jit_validation_matrix_multiply(11992893578429104875),31.616172
matmul_3072x2048x1536,main,jit_validation_matrix_multiply(11992893578429104875),32.04
matmul_3072x2048x1536,main,jit_validation_matrix_multiply(11992893578429104875),31.74375
matmul_3072x2048x1536,main,jit_validation_matrix_multiply(11992893578429104875),31.78375
matmul_3072x2048x1536,main,jit_validation_matrix_multiply(11992893578429104875),31.773828
matmul_3072x2048x1536,sub,copy-start,0.0125
matmul_3072x2048x1536,sub,copy-done,7.073672
matmul_3072x2048x1536,sub,fusion,31.84125
matmul_3072x2048x1536,sub,copy-start,0.011328
matmul_3072x2048x1536,sub,copy-done,0.002656
matmul_3072x2048x1536,sub,fusion,31.861328
matmul_3072x2048x1536,sub,copy-start,0.0125
matmul_3072x2048x1536,sub,copy-done,0.002578
matmul_3072x2048x1536,sub,fusion,31.857422
matmul_3072x2048x1536,sub,copy-start,0.0125
matmul_3072x2048x1536,sub,copy-done,0.0025
matmul_3072x2048x1536,sub,fusion,31.940078
matmul_3072x2048x1536,sub,copy-start,0.012422
matmul_3072x2048x1536,sub,copy-done,0.003672
matmul_3072x2048x1536,sub,fusion,31.906172
matmul_3072x2048x1536,sub,copy-start,0.0125
matmul_3072x2048x1536,sub,copy-done,0.003672
matmul_3072x2048x1536,sub,fusion,31.594922
matmul_3072x2048x1536,sub,copy-start,0.0125
matmul_3072x2048x1536,sub,copy-done,0.0025
matmul_3072x2048x1536,sub,fusion,32.018984
matmul_3072x2048x1536,sub,copy-start,0.0125
matmul_3072x2048x1536,sub,copy-done,0.002578
matmul_3072x2048x1536,sub,fusion,31.723594
matmul_3072x2048x1536,sub,copy-start,0.012344
matmul_3072x2048x1536,sub,copy-done,0.0025
matmul_3072x2048x1536,sub,fusion,31.763672
matmul_3072x2048x1536,sub,copy-start,0.0125
matmul_3072x2048x1536,sub,copy-done,0.003672
matmul_3072x2048x1536,sub,fusion,31.75375
matmul_3072x2048x2048,main,jit_validation_matrix_multiply(2774870509576927815),48.918672
matmul_3072x2048x2048,main,jit_validation_matrix_multiply(2774870509576927815),39.47375
matmul_3072x2048x2048,main,jit_validation_matrix_multiply(2774870509576927815),39.661172
matmul_3072x2048x2048,main,jit_validation_matrix_multiply(2774870509576927815),39.595
matmul_3072x2048x2048,main,jit_validation_matrix_multiply(2774870509576927815),39.238672
matmul_3072x2048x2048,main,jit_validation_matrix_multiply(2774870509576927815),39.727344
matmul_3072x2048x2048,main,jit_validation_matrix_multiply(2774870509576927815),39.57125
matmul_3072x2048x2048,main,jit_validation_matrix_multiply(2774870509576927815),39.845
matmul_3072x2048x2048,main,jit_validation_matrix_multiply(2774870509576927815),39.839844
matmul_3072x2048x2048,main,jit_validation_matrix_multiply(2774870509576927815),39.4025
matmul_3072x2048x2048,sub,copy-start,0.0125
matmul_3072x2048x2048,sub,copy-done,9.250078
matmul_3072x2048x2048,sub,fusion,39.648906
matmul_3072x2048x2048,sub,copy-start,0.0125
matmul_3072x2048x2048,sub,copy-done,0.0025
matmul_3072x2048x2048,sub,fusion,39.453672
matmul_3072x2048x2048,sub,copy-start,0.011328
matmul_3072x2048x2048,sub,copy-done,0.003594
matmul_3072x2048x2048,sub,fusion,39.64
matmul_3072x2048x2048,sub,copy-start,0.0125
matmul_3072x2048x2048,sub,copy-done,0.003672
matmul_3072x2048x2048,sub,fusion,39.573828
matmul_3072x2048x2048,sub,copy-start,0.011328
matmul_3072x2048x2048,sub,copy-done,0.003594
matmul_3072x2048x2048,sub,fusion,39.217422
matmul_3072x2048x2048,sub,copy-start,0.011328
matmul_3072x2048x2048,sub,copy-done,0.002578
matmul_3072x2048x2048,sub,fusion,39.70625
matmul_3072x2048x2048,sub,copy-start,0.011328
matmul_3072x2048x2048,sub,copy-done,0.003672
matmul_3072x2048x2048,sub,fusion,39.551172
matmul_3072x2048x2048,sub,copy-start,0.012422
matmul_3072x2048x2048,sub,copy-done,0.003672
matmul_3072x2048x2048,sub,fusion,39.823906
matmul_3072x2048x2048,sub,copy-start,0.011406
matmul_3072x2048x2048,sub,copy-done,0.002656
matmul_3072x2048x2048,sub,fusion,39.817578
matmul_3072x2048x2048,sub,copy-start,0.011328
matmul_3072x2048x2048,sub,copy-done,0.002578
matmul_3072x2048x2048,sub,fusion,39.382422
matmul_3072x2048x2560,main,jit_validation_matrix_multiply(5270380655006446942),56.205
matmul_3072x2048x2560,main,jit_validation_matrix_multiply(5270380655006446942),45.404844
matmul_3072x2048x2560,main,jit_validation_matrix_multiply(5270380655006446942),45.130156
matmul_3072x2048x2560,main,jit_validation_matrix_multiply(5270380655006446942),45.308828
matmul_3072x2048x2560,main,jit_validation_matrix_multiply(5270380655006446942),45.16875
matmul_3072x2048x2560,main,jit_validation_matrix_multiply(5270380655006446942),45.298594
matmul_3072x2048x2560,main,jit_validation_matrix_multiply(5270380655006446942),45.16625
matmul_3072x2048x2560,main,jit_validation_matrix_multiply(5270380655006446942),45.4875
matmul_3072x2048x2560,main,jit_validation_matrix_multiply(5270380655006446942),45.22875
matmul_3072x2048x2560,main,jit_validation_matrix_multiply(5270380655006446942),45.282578
matmul_3072x2048x2560,sub,copy-start,0.011406
matmul_3072x2048x2560,sub,copy-done,11.330156
matmul_3072x2048x2560,sub,fusion,44.856328
matmul_3072x2048x2560,sub,copy-start,0.011328
matmul_3072x2048x2560,sub,copy-done,0.003672
matmul_3072x2048x2560,sub,fusion,45.383594
matmul_3072x2048x2560,sub,copy-start,0.011328
matmul_3072x2048x2560,sub,copy-done,0.002656
matmul_3072x2048x2560,sub,fusion,45.110078
matmul_3072x2048x2560,sub,copy-start,0.012422
matmul_3072x2048x2560,sub,copy-done,0.002578
matmul_3072x2048x2560,sub,fusion,45.28875
matmul_3072x2048x2560,sub,copy-start,0.0125
matmul_3072x2048x2560,sub,copy-done,0.003672
matmul_3072x2048x2560,sub,fusion,45.147422
matmul_3072x2048x2560,sub,copy-start,0.0125
matmul_3072x2048x2560,sub,copy-done,0.0025
matmul_3072x2048x2560,sub,fusion,45.277578
matmul_3072x2048x2560,sub,copy-start,0.011406
matmul_3072x2048x2560,sub,copy-done,0.002578
matmul_3072x2048x2560,sub,fusion,45.145078
matmul_3072x2048x2560,sub,copy-start,0.011328
matmul_3072x2048x2560,sub,copy-done,0.002578
matmul_3072x2048x2560,sub,fusion,45.466406
matmul_3072x2048x2560,sub,copy-start,0.011328
matmul_3072x2048x2560,sub,copy-done,0.002578
matmul_3072x2048x2560,sub,fusion,45.2075
matmul_3072x2048x2560,sub,copy-start,0.011406
matmul_3072x2048x2560,sub,copy-done,0.0025
matmul_3072x2048x2560,sub,fusion,45.2625
matmul_3072x2048x3072,main,jit_validation_matrix_multiply(13384481474448291718),68.385
matmul_3072x2048x3072,main,jit_validation_matrix_multiply(13384481474448291718),54.974922
matmul_3072x2048x3072,main,jit_validation_matrix_multiply(13384481474448291718),54.745
matmul_3072x2048x3072,main,jit_validation_matrix_multiply(13384481474448291718),55.291406
matmul_3072x2048x3072,main,jit_validation_matrix_multiply(13384481474448291718),55.004844
matmul_3072x2048x3072,main,jit_validation_matrix_multiply(13384481474448291718),54.821094
matmul_3072x2048x3072,main,jit_validation_matrix_multiply(13384481474448291718),54.969922
matmul_3072x2048x3072,main,jit_validation_matrix_multiply(13384481474448291718),55.275
matmul_3072x2048x3072,main,jit_validation_matrix_multiply(13384481474448291718),54.72625
matmul_3072x2048x3072,main,jit_validation_matrix_multiply(13384481474448291718),54.705
matmul_3072x2048x3072,sub,copy-start,0.012344
matmul_3072x2048x3072,sub,copy-done,13.441328
matmul_3072x2048x3072,sub,fusion,54.926172
matmul_3072x2048x3072,sub,copy-start,0.0125
matmul_3072x2048x3072,sub,copy-done,0.003672
matmul_3072x2048x3072,sub,fusion,54.953672
matmul_3072x2048x3072,sub,copy-start,0.0125
matmul_3072x2048x3072,sub,copy-done,0.00375
matmul_3072x2048x3072,sub,fusion,54.724844
matmul_3072x2048x3072,sub,copy-start,0.011406
matmul_3072x2048x3072,sub,copy-done,0.00375
matmul_3072x2048x3072,sub,fusion,55.27125
matmul_3072x2048x3072,sub,copy-start,0.0125
matmul_3072x2048x3072,sub,copy-done,0.002578
matmul_3072x2048x3072,sub,fusion,54.982578
matmul_3072x2048x3072,sub,copy-start,0.011406
matmul_3072x2048x3072,sub,copy-done,0.00375
matmul_3072x2048x3072,sub,fusion,54.79875
matmul_3072x2048x3072,sub,copy-start,0.011406
matmul_3072x2048x3072,sub,copy-done,0.002578
matmul_3072x2048x3072,sub,fusion,54.947578
matmul_3072x2048x3072,sub,copy-start,0.0125
matmul_3072x2048x3072,sub,copy-done,0.003594
matmul_3072x2048x3072,sub,fusion,55.25375
matmul_3072x2048x3072,sub,copy-start,0.0125
matmul_3072x2048x3072,sub,copy-done,0.002578
matmul_3072x2048x3072,sub,fusion,54.705078
matmul_3072x2048x3072,sub,copy-start,0.011328
matmul_3072x2048x3072,sub,copy-done,0.002656
matmul_3072x2048x3072,sub,fusion,54.683828
matmul_3072x2048x3584,main,jit_validation_matrix_multiply(3410113583249034047),77.255078
matmul_3072x2048x3584,main,jit_validation_matrix_multiply(3410113583249034047),61.703906
matmul_3072x2048x3584,main,jit_validation_matrix_multiply(3410113583249034047),61.852344
matmul_3072x2048x3584,main,jit_validation_matrix_multiply(3410113583249034047),61.6225
matmul_3072x2048x3584,main,jit_validation_matrix_multiply(3410113583249034047),61.574922
matmul_3072x2048x3584,main,jit_validation_matrix_multiply(3410113583249034047),61.662578
matmul_3072x2048x3584,main,jit_validation_matrix_multiply(3410113583249034047),61.612422
matmul_3072x2048x3584,main,jit_validation_matrix_multiply(3410113583249034047),61.935078
matmul_3072x2048x3584,main,jit_validation_matrix_multiply(3410113583249034047),61.757422
matmul_3072x2048x3584,main,jit_validation_matrix_multiply(3410113583249034047),61.79625
matmul_3072x2048x3584,sub,copy-start,0.012422
matmul_3072x2048x3584,sub,copy-done,15.568906
matmul_3072x2048x3584,sub,fusion,61.667578
matmul_3072x2048x3584,sub,copy-start,0.011484
matmul_3072x2048x3584,sub,copy-done,0.00375
matmul_3072x2048x3584,sub,fusion,61.68375
matmul_3072x2048x3584,sub,copy-start,0.011328
matmul_3072x2048x3584,sub,copy-done,0.002656
matmul_3072x2048x3584,sub,fusion,61.830156
matmul_3072x2048x3584,sub,copy-start,0.0125
matmul_3072x2048x3584,sub,copy-done,0.003594
matmul_3072x2048x3584,sub,fusion,61.600078
matmul_3072x2048x3584,sub,copy-start,0.0125
matmul_3072x2048x3584,sub,copy-done,0.00375
matmul_3072x2048x3584,sub,fusion,61.553672
matmul_3072x2048x3584,sub,copy-start,0.011328
matmul_3072x2048x3584,sub,copy-done,0.003594
matmul_3072x2048x3584,sub,fusion,61.64125
matmul_3072x2048x3584,sub,copy-start,0.0125
matmul_3072x2048x3584,sub,copy-done,0.003594
matmul_3072x2048x3584,sub,fusion,61.590078
matmul_3072x2048x3584,sub,copy-start,0.011328
matmul_3072x2048x3584,sub,copy-done,0.00375
matmul_3072x2048x3584,sub,fusion,61.91375
matmul_3072x2048x3584,sub,copy-start,0.0125
matmul_3072x2048x3584,sub,copy-done,0.002656
matmul_3072x2048x3584,sub,fusion,61.735078
matmul_3072x2048x3584,sub,copy-start,0.0125
matmul_3072x2048x3584,sub,copy-done,0.003594
matmul_3072x2048x3584,sub,fusion,61.773828
matmul_3072x2048x4096,main,jit_validation_matrix_multiply(2129859273655539906),90.07125
matmul_3072x2048x4096,main,jit_validation_matrix_multiply(2129859273655539906),72.366172
matmul_3072x2048x4096,main,jit_validation_matrix_multiply(2129859273655539906),72.42875
matmul_3072x2048x4096,main,jit_validation_matrix_multiply(2129859273655539906),72.29375
matmul_3072x2048x4096,main,jit_validation_matrix_multiply(2129859273655539906),72.23375
matmul_3072x2048x4096,main,jit_validation_matrix_multiply(2129859273655539906),72.38
matmul_3072x2048x4096,main,jit_validation_matrix_multiply(2129859273655539906),72.636484
matmul_3072x2048x4096,main,jit_validation_matrix_multiply(2129859273655539906),72.478672
matmul_3072x2048x4096,main,jit_validation_matrix_multiply(2129859273655539906),72.587422
matmul_3072x2048x4096,main,jit_validation_matrix_multiply(2129859273655539906),72.24875
matmul_3072x2048x4096,sub,copy-start,0.011406
matmul_3072x2048x4096,sub,copy-done,17.741484
matmul_3072x2048x4096,sub,fusion,72.311328
matmul_3072x2048x4096,sub,copy-start,0.0125
matmul_3072x2048x4096,sub,copy-done,0.003594
matmul_3072x2048x4096,sub,fusion,72.343906
matmul_3072x2048x4096,sub,copy-start,0.0125
matmul_3072x2048x4096,sub,copy-done,0.003594
matmul_3072x2048x4096,sub,fusion,72.406484
matmul_3072x2048x4096,sub,copy-start,0.012344
matmul_3072x2048x4096,sub,copy-done,0.00375
matmul_3072x2048x4096,sub,fusion,72.2725
matmul_3072x2048x4096,sub,copy-start,0.0125
matmul_3072x2048x4096,sub,copy-done,0.002578
matmul_3072x2048x4096,sub,fusion,72.212578
matmul_3072x2048x4096,sub,copy-start,0.011328
matmul_3072x2048x4096,sub,copy-done,0.00375
matmul_3072x2048x4096,sub,fusion,72.358828
matmul_3072x2048x4096,sub,copy-start,0.011328
matmul_3072x2048x4096,sub,copy-done,0.003672
matmul_3072x2048x4096,sub,fusion,72.615156
matmul_3072x2048x4096,sub,copy-start,0.012422
matmul_3072x2048x4096,sub,copy-done,0.002656
matmul_3072x2048x4096,sub,fusion,72.456406
matmul_3072x2048x4096,sub,copy-start,0.012422
matmul_3072x2048x4096,sub,copy-done,0.002578
matmul_3072x2048x4096,sub,fusion,72.566172
matmul_3072x2048x4096,sub,copy-start,0.0125
matmul_3072x2048x4096,sub,copy-done,0.00375
matmul_3072x2048x4096,sub,fusion,72.227422
matmul_3072x2560x1024,main,jit_validation_matrix_multiply(11033990537306311740),32.715078
matmul_3072x2560x1024,main,jit_validation_matrix_multiply(11033990537306311740),27.751328
matmul_3072x2560x1024,main,jit_validation_matrix_multiply(11033990537306311740),27.590156
matmul_3072x2560x1024,main,jit_validation_matrix_multiply(11033990537306311740),27.555078
matmul_3072x2560x1024,main,jit_validation_matrix_multiply(11033990537306311740),27.871406
matmul_3072x2560x1024,main,jit_validation_matrix_multiply(11033990537306311740),27.673828
matmul_3072x2560x1024,main,jit_validation_matrix_multiply(11033990537306311740),27.71875
matmul_3072x2560x1024,main,jit_validation_matrix_multiply(11033990537306311740),27.843828
matmul_3072x2560x1024,main,jit_validation_matrix_multiply(11033990537306311740),27.714844
matmul_3072x2560x1024,main,jit_validation_matrix_multiply(11033990537306311740),27.85875
matmul_3072x2560x1024,sub,copy-start,0.0125
matmul_3072x2560x1024,sub,copy-done,4.926328
matmul_3072x2560x1024,sub,fusion,27.770156
matmul_3072x2560x1024,sub,copy-start,0.011328
matmul_3072x2560x1024,sub,copy-done,0.002578
matmul_3072x2560x1024,sub,fusion,27.73125
matmul_3072x2560x1024,sub,copy-start,0.011328
matmul_3072x2560x1024,sub,copy-done,0.003594
matmul_3072x2560x1024,sub,fusion,27.570078
matmul_3072x2560x1024,sub,copy-start,0.011328
matmul_3072x2560x1024,sub,copy-done,0.0025
matmul_3072x2560x1024,sub,fusion,27.535
matmul_3072x2560x1024,sub,copy-start,0.012344
matmul_3072x2560x1024,sub,copy-done,0.0025
matmul_3072x2560x1024,sub,fusion,27.851328
matmul_3072x2560x1024,sub,copy-start,0.011328
matmul_3072x2560x1024,sub,copy-done,0.002578
matmul_3072x2560x1024,sub,fusion,27.65375
matmul_3072x2560x1024,sub,copy-start,0.011328
matmul_3072x2560x1024,sub,copy-done,0.0025
matmul_3072x2560x1024,sub,fusion,27.697656
matmul_3072x2560x1024,sub,copy-start,0.012344
matmul_3072x2560x1024,sub,copy-done,0.003672
matmul_3072x2560x1024,sub,fusion,27.82375
matmul_3072x2560x1024,sub,copy-start,0.0125
matmul_3072x2560x1024,sub,copy-done,0.0025
matmul_3072x2560x1024,sub,fusion,27.693672
matmul_3072x2560x1024,sub,copy-start,0.011406
matmul_3072x2560x1024,sub,copy-done,0.0025
matmul_3072x2560x1024,sub,fusion,27.8375
matmul_3072x2560x1536,main,jit_validation_matrix_multiply(6428006626880137622),44.182422
matmul_3072x2560x1536,main,jit_validation_matrix_multiply(6428006626880137622),37.01375
matmul_3072x2560x1536,main,jit_validation_matrix_multiply(6428006626880137622),36.881094
matmul_3072x2560x1536,main,jit_validation_matrix_multiply(6428006626880137622),36.741406
matmul_3072x2560x1536,main,jit_validation_matrix_multiply(6428006626880137622),36.888828
matmul_3072x2560x1536,main,jit_validation_matrix_multiply(6428006626880137622),36.828672
matmul_3072x2560x1536,main,jit_validation_matrix_multiply(6428006626880137622),36.771172
matmul_3072x2560x1536,main,jit_validation_matrix_multiply(6428006626880137622),36.77625
matmul_3072x2560x1536,main,jit_validation_matrix_multiply(6428006626880137622),36.936328
matmul_3072x2560x1536,main,jit_validation_matrix_multiply(6428006626880137622),37.014844
matmul_3072x2560x1536,sub,copy-start,0.0125
matmul_3072x2560x1536,sub,copy-done,7.138672
matmul_3072x2560x1536,sub,fusion,37.026172
matmul_3072x2560x1536,sub,copy-start,0.0125
matmul_3072x2560x1536,sub,copy-done,0.0025
matmul_3072x2560x1536,sub,fusion,36.993672
matmul_3072x2560x1536,sub,copy-start,0.0125
matmul_3072x2560x1536,sub,copy-done,0.0025
matmul_3072x2560x1536,sub,fusion,36.86
matmul_3072x2560x1536,sub,copy-start,0.011328
matmul_3072x2560x1536,sub,copy-done,0.002656
matmul_3072x2560x1536,sub,fusion,36.721328
matmul_3072x2560x1536,sub,copy-start,0.012344
matmul_3072x2560x1536,sub,copy-done,0.0025
matmul_3072x2560x1536,sub,fusion,36.86875
matmul_3072x2560x1536,sub,copy-start,0.0125
matmul_3072x2560x1536,sub,copy-done,0.003672
matmul_3072x2560x1536,sub,fusion,36.8075
matmul_3072x2560x1536,sub,copy-start,0.0125
matmul_3072x2560x1536,sub,copy-done,0.003672
matmul_3072x2560x1536,sub,fusion,36.749922
matmul_3072x2560x1536,sub,copy-start,0.011328
matmul_3072x2560x1536,sub,copy-done,0.003672
matmul_3072x2560x1536,sub,fusion,36.756172
matmul_3072x2560x1536,sub,copy-start,0.012422
matmul_3072x2560x1536,sub,copy-done,0.002578
matmul_3072x2560x1536,sub,fusion,36.91625
matmul_3072x2560x1536,sub,copy-start,0.011328
matmul_3072x2560x1536,sub,copy-done,0.002578
matmul_3072x2560x1536,sub,fusion,36.993672
matmul_3072x2560x2048,main,jit_validation_matrix_multiply(2763945999884829508),59.7025
matmul_3072x2560x2048,main,jit_validation_matrix_multiply(2763945999884829508),50.583828
matmul_3072x2560x2048,main,jit_validation_matrix_multiply(2763945999884829508),50.664922
matmul_3072x2560x2048,main,jit_validation_matrix_multiply(2763945999884829508),50.526172
matmul_3072x2560x2048,main,jit_validation_matrix_multiply(2763945999884829508),50.9975
matmul_3072x2560x2048,main,jit_validation_matrix_multiply(2763945999884829508),50.396328
matmul_3072x2560x2048,main,jit_validation_matrix_multiply(2763945999884829508),50.7525
matmul_3072x2560x2048,main,jit_validation_matrix_multiply(2763945999884829508),50.563594
matmul_3072x2560x2048,main,jit_validation_matrix_multiply(2763945999884829508),50.704922
matmul_3072x2560x2048,main,jit_validation_matrix_multiply(2763945999884829508),50.69875
matmul_3072x2560x2048,sub,copy-start,0.012422
matmul_3072x2560x2048,sub,copy-done,9.24375
matmul_3072x2560x2048,sub,fusion,50.441172
matmul_3072x2560x2048,sub,copy-start,0.0125
matmul_3072x2560x2048,sub,copy-done,0.002578
matmul_3072x2560x2048,sub,fusion,50.56375
matmul_3072x2560x2048,sub,copy-start,0.011406
matmul_3072x2560x2048,sub,copy-done,0.0025
matmul_3072x2560x2048,sub,fusion,50.642578
matmul_3072x2560x2048,sub,copy-start,0.0125
matmul_3072x2560x2048,sub,copy-done,0.0025
matmul_3072x2560x2048,sub,fusion,50.506094
matmul_3072x2560x2048,sub,copy-start,0.011328
matmul_3072x2560x2048,sub,copy-done,0.002656
matmul_3072x2560x2048,sub,fusion,50.976328
matmul_3072x2560x2048,sub,copy-start,0.011406
matmul_3072x2560x2048,sub,copy-done,0.0025
matmul_3072x2560x2048,sub,fusion,50.37625
matmul_3072x2560x2048,sub,copy-start,0.012344
matmul_3072x2560x2048,sub,copy-done,0.0025
matmul_3072x2560x2048,sub,fusion,50.731406
matmul_3072x2560x2048,sub,copy-start,0.0125
matmul_3072x2560x2048,sub,copy-done,0.0025
matmul_3072x2560x2048,sub,fusion,50.542422
matmul_3072x2560x2048,sub,copy-start,0.012344
matmul_3072x2560x2048,sub,copy-done,0.0025
matmul_3072x2560x2048,sub,fusion,50.682656
matmul_3072x2560x2048,sub,copy-start,0.0125
matmul_3072x2560x2048,sub,copy-done,0.003594
matmul_3072x2560x2048,sub,fusion,50.677422
matmul_3072x2560x2560,main,jit_validation_matrix_multiply(2056787503377419197),66.2
matmul_3072x2560x2560,main,jit_validation_matrix_multiply(2056787503377419197),55.147422
matmul_3072x2560x2560,main,jit_validation_matrix_multiply(2056787503377419197),54.92
matmul_3072x2560x2560,main,jit_validation_matrix_multiply(2056787503377419197),55.060078
matmul_3072x2560x2560,main,jit_validation_matrix_multiply(2056787503377419197),54.891094
matmul_3072x2560x2560,main,jit_validation_matrix_multiply(2056787503377419197),54.893672
matmul_3072x2560x2560,main,jit_validation_matrix_multiply(2056787503377419197),55.158672
matmul_3072x2560x2560,main,jit_validation_matrix_multiply(2056787503377419197),54.917422
matmul_3072x2560x2560,main,jit_validation_matrix_multiply(2056787503377419197),55.160078
matmul_3072x2560x2560,main,jit_validation_matrix_multiply(2056787503377419197),55.495
matmul_3072x2560x2560,sub,copy-start,0.012422
matmul_3072x2560x2560,sub,copy-done,11.381172
matmul_3072x2560x2560,sub,fusion,54.80125
matmul_3072x2560x2560,sub,copy-start,0.0125
matmul_3072x2560x2560,sub,copy-done,0.0025
matmul_3072x2560x2560,sub,fusion,55.127344
matmul_3072x2560x2560,sub,copy-start,0.0125
matmul_3072x2560x2560,sub,copy-done,0.003672
matmul_3072x2560x2560,sub,fusion,54.899922
matmul_3072x2560x2560,sub,copy-start,0.0125
matmul_3072x2560x2560,sub,copy-done,0.003672
matmul_3072x2560x2560,sub,fusion,55.04
matmul_3072x2560x2560,sub,copy-start,0.0125
matmul_3072x2560x2560,sub,copy-done,0.0025
matmul_3072x2560x2560,sub,fusion,54.869844
matmul_3072x2560x2560,sub,copy-start,0.011406
matmul_3072x2560x2560,sub,copy-done,0.003516
matmul_3072x2560x2560,sub,fusion,54.872422
matmul_3072x2560x2560,sub,copy-start,0.012422
matmul_3072x2560x2560,sub,copy-done,0.002578
matmul_3072x2560x2560,sub,fusion,55.1375
matmul_3072x2560x2560,sub,copy-start,0.012344
matmul_3072x2560x2560,sub,copy-done,0.003672
matmul_3072x2560x2560,sub,fusion,54.896172
matmul_3072x2560x2560,sub,copy-start,0.0125
matmul_3072x2560x2560,sub,copy-done,0.0025
matmul_3072x2560x2560,sub,fusion,55.14
matmul_3072x2560x2560,sub,copy-start,0.011328
matmul_3072x2560x2560,sub,copy-done,0.0025
matmul_3072x2560x2560,sub,fusion,55.473906
matmul_3072x2560x3072,main,jit_validation_matrix_multiply(3967403128686792160),80.532422
matmul_3072x2560x3072,main,jit_validation_matrix_multiply(3967403128686792160),67.448672
matmul_3072x2560x3072,main,jit_validation_matrix_multiply(3967403128686792160),67.62
matmul_3072x2560x3072,main,jit_validation_matrix_multiply(3967403128686792160),67.1875
matmul_3072x2560x3072,main,jit_validation_matrix_multiply(3967403128686792160),67.451328
matmul_3072x2560x3072,main,jit_validation_matrix_multiply(3967403128686792160),67.596172
matmul_3072x2560x3072,main,jit_validation_matrix_multiply(3967403128686792160),67.400078
matmul_3072x2560x3072,main,jit_validation_matrix_multiply(3967403128686792160),67.054922
matmul_3072x2560x3072,main,jit_validation_matrix_multiply(3967403128686792160),67.455
matmul_3072x2560x3072,main,jit_validation_matrix_multiply(3967403128686792160),67.141172
matmul_3072x2560x3072,sub,copy-start,0.012344
matmul_3072x2560x3072,sub,copy-done,13.48625
matmul_3072x2560x3072,sub,fusion,67.027578
matmul_3072x2560x3072,sub,copy-start,0.0125
matmul_3072x2560x3072,sub,copy-done,0.00375
matmul_3072x2560x3072,sub,fusion,67.427422
matmul_3072x2560x3072,sub,copy-start,0.011406
matmul_3072x2560x3072,sub,copy-done,0.00375
matmul_3072x2560x3072,sub,fusion,67.59875
matmul_3072x2560x3072,sub,copy-start,0.012344
matmul_3072x2560x3072,sub,copy-done,0.00375
matmul_3072x2560x3072,sub,fusion,67.166406
matmul_3072x2560x3072,sub,copy-start,0.011328
matmul_3072x2560x3072,sub,copy-done,0.003672
matmul_3072x2560x3072,sub,fusion,67.430078
matmul_3072x2560x3072,sub,copy-start,0.0125
matmul_3072x2560x3072,sub,copy-done,0.00375
matmul_3072x2560x3072,sub,fusion,67.574922
matmul_3072x2560x3072,sub,copy-start,0.0125
matmul_3072x2560x3072,sub,copy-done,0.003594
matmul_3072x2560x3072,sub,fusion,67.379922
matmul_3072x2560x3072,sub,copy-start,0.011406
matmul_3072x2560x3072,sub,copy-done,0.003594
matmul_3072x2560x3072,sub,fusion,67.0325
matmul_3072x2560x3072,sub,copy-start,0.011406
matmul_3072x2560x3072,sub,copy-done,0.00375
matmul_3072x2560x3072,sub,fusion,67.432578
matmul_3072x2560x3072,sub,copy-start,0.011406
matmul_3072x2560x3072,sub,copy-done,0.00375
matmul_3072x2560x3072,sub,fusion,67.11875
matmul_3072x2560x3584,main,jit_validation_matrix_multiply(12775851119367968476),92.0075
matmul_3072x2560x3584,main,jit_validation_matrix_multiply(12775851119367968476),76.29875
matmul_3072x2560x3584,main,jit_validation_matrix_multiply(12775851119367968476),76.47375
matmul_3072x2560x3584,main,jit_validation_matrix_multiply(12775851119367968476),76.216172
matmul_3072x2560x3584,main,jit_validation_matrix_multiply(12775851119367968476),76.776172
matmul_3072x2560x3584,main,jit_validation_matrix_multiply(12775851119367968476),76.490156
matmul_3072x2560x3584,main,jit_validation_matrix_multiply(12775851119367968476),76.36
matmul_3072x2560x3584,main,jit_validation_matrix_multiply(12775851119367968476),76.608594
matmul_3072x2560x3584,main,jit_validation_matrix_multiply(12775851119367968476),76.263672
matmul_3072x2560x3584,main,jit_validation_matrix_multiply(12775851119367968476),76.41
matmul_3072x2560x3584,sub,copy-start,0.0125
matmul_3072x2560x3584,sub,copy-done,15.66875
matmul_3072x2560x3584,sub,fusion,76.320078
matmul_3072x2560x3584,sub,copy-start,0.012422
matmul_3072x2560x3584,sub,copy-done,0.003672
matmul_3072x2560x3584,sub,fusion,76.277422
matmul_3072x2560x3584,sub,copy-start,0.012422
matmul_3072x2560x3584,sub,copy-done,0.00375
matmul_3072x2560x3584,sub,fusion,76.451484
matmul_3072x2560x3584,sub,copy-start,0.012422
matmul_3072x2560x3584,sub,copy-done,0.00375
matmul_3072x2560x3584,sub,fusion,76.194922
matmul_3072x2560x3584,sub,copy-start,0.0125
matmul_3072x2560x3584,sub,copy-done,0.00375
matmul_3072x2560x3584,sub,fusion,76.754844
matmul_3072x2560x3584,sub,copy-start,0.011328
matmul_3072x2560x3584,sub,copy-done,0.00375
matmul_3072x2560x3584,sub,fusion,76.47
matmul_3072x2560x3584,sub,copy-start,0.011328
matmul_3072x2560x3584,sub,copy-done,0.00375
matmul_3072x2560x3584,sub,fusion,76.3375
matmul_3072x2560x3584,sub,copy-start,0.011328
matmul_3072x2560x3584,sub,copy-done,0.002656
matmul_3072x2560x3584,sub,fusion,76.586328
matmul_3072x2560x3584,sub,copy-start,0.012344
matmul_3072x2560x3584,sub,copy-done,0.00375
matmul_3072x2560x3584,sub,fusion,76.242422
matmul_3072x2560x3584,sub,copy-start,0.0125
matmul_3072x2560x3584,sub,copy-done,0.003672
matmul_3072x2560x3584,sub,fusion,76.387578
matmul_3072x2560x4096,main,jit_validation_matrix_multiply(8016787790964312991),106.518594
matmul_3072x2560x4096,main,jit_validation_matrix_multiply(8016787790964312991),89.25875
matmul_3072x2560x4096,main,jit_validation_matrix_multiply(8016787790964312991),88.85125
matmul_3072x2560x4096,main,jit_validation_matrix_multiply(8016787790964312991),89.169922
matmul_3072x2560x4096,main,jit_validation_matrix_multiply(8016787790964312991),88.865
matmul_3072x2560x4096,main,jit_validation_matrix_multiply(8016787790964312991),89.379844
matmul_3072x2560x4096,main,jit_validation_matrix_multiply(8016787790964312991),89.19875
matmul_3072x2560x4096,main,jit_validation_matrix_multiply(8016787790964312991),88.932656
matmul_3072x2560x4096,main,jit_validation_matrix_multiply(8016787790964312991),89.06125
matmul_3072x2560x4096,main,jit_validation_matrix_multiply(8016787790964312991),89.273906
matmul_3072x2560x4096,sub,copy-start,0.011406
matmul_3072x2560x4096,sub,copy-done,17.691406
matmul_3072x2560x4096,sub,fusion,88.807578
matmul_3072x2560x4096,sub,copy-start,0.011328
matmul_3072x2560x4096,sub,copy-done,0.00375
matmul_3072x2560x4096,sub,fusion,89.2375
matmul_3072x2560x4096,sub,copy-start,0.011328
matmul_3072x2560x4096,sub,copy-done,0.003672
matmul_3072x2560x4096,sub,fusion,88.828984
matmul_3072x2560x4096,sub,copy-start,0.011328
matmul_3072x2560x4096,sub,copy-done,0.003672
matmul_3072x2560x4096,sub,fusion,89.1475
matmul_3072x2560x4096,sub,copy-start,0.012422
matmul_3072x2560x4096,sub,copy-done,0.003672
matmul_3072x2560x4096,sub,fusion,88.843828
matmul_3072x2560x4096,sub,copy-start,0.0125
matmul_3072x2560x4096,sub,copy-done,0.003672
matmul_3072x2560x4096,sub,fusion,89.357422
matmul_3072x2560x4096,sub,copy-start,0.012422
matmul_3072x2560x4096,sub,copy-done,0.003672
matmul_3072x2560x4096,sub,fusion,89.1775
matmul_3072x2560x4096,sub,copy-start,0.011328
matmul_3072x2560x4096,sub,copy-done,0.00375
matmul_3072x2560x4096,sub,fusion,88.911328
matmul_3072x2560x4096,sub,copy-start,0.0125
matmul_3072x2560x4096,sub,copy-done,0.003672
matmul_3072x2560x4096,sub,fusion,89.039922
matmul_3072x2560x4096,sub,copy-start,0.011328
matmul_3072x2560x4096,sub,copy-done,0.003594
matmul_3072x2560x4096,sub,fusion,89.252578
matmul_3072x3072x1024,main,jit_validation_matrix_multiply(11879936776664553809),38.696328
matmul_3072x3072x1024,main,jit_validation_matrix_multiply(11879936776664553809),32.658828
matmul_3072x3072x1024,main,jit_validation_matrix_multiply(11879936776664553809),33.717344
matmul_3072x3072x1024,main,jit_validation_matrix_multiply(11879936776664553809),33.49875
matmul_3072x3072x1024,main,jit_validation_matrix_multiply(11879936776664553809),33.050078
matmul_3072x3072x1024,main,jit_validation_matrix_multiply(11879936776664553809),32.282578
matmul_3072x3072x1024,main,jit_validation_matrix_multiply(11879936776664553809),34.161328
matmul_3072x3072x1024,main,jit_validation_matrix_multiply(11879936776664553809),33.038828
matmul_3072x3072x1024,main,jit_validation_matrix_multiply(11879936776664553809),33.622344
matmul_3072x3072x1024,main,jit_validation_matrix_multiply(11879936776664553809),32.791328
matmul_3072x3072x1024,sub,copy-start,0.011328
matmul_3072x3072x1024,sub,copy-done,4.902422
matmul_3072x3072x1024,sub,fusion,33.777422
matmul_3072x3072x1024,sub,copy-start,0.011328
matmul_3072x3072x1024,sub,copy-done,0.002656
matmul_3072x3072x1024,sub,fusion,32.63875
matmul_3072x3072x1024,sub,copy-start,0.0125
matmul_3072x3072x1024,sub,copy-done,0.0025
matmul_3072x3072x1024,sub,fusion,33.696172
matmul_3072x3072x1024,sub,copy-start,0.011406
matmul_3072x3072x1024,sub,copy-done,0.002656
matmul_3072x3072x1024,sub,fusion,33.478594
matmul_3072x3072x1024,sub,copy-start,0.011328
matmul_3072x3072x1024,sub,copy-done,0.003594
matmul_3072x3072x1024,sub,fusion,33.029922
matmul_3072x3072x1024,sub,copy-start,0.0125
matmul_3072x3072x1024,sub,copy-done,0.003672
matmul_3072x3072x1024,sub,fusion,32.2625
matmul_3072x3072x1024,sub,copy-start,0.011328
matmul_3072x3072x1024,sub,copy-done,0.002656
matmul_3072x3072x1024,sub,fusion,34.14125
matmul_3072x3072x1024,sub,copy-start,0.012422
matmul_3072x3072x1024,sub,copy-done,0.002578
matmul_3072x3072x1024,sub,fusion,33.01875
matmul_3072x3072x1024,sub,copy-start,0.012422
matmul_3072x3072x1024,sub,copy-done,0.002578
matmul_3072x3072x1024,sub,fusion,33.601172
matmul_3072x3072x1024,sub,copy-start,0.0125
matmul_3072x3072x1024,sub,copy-done,0.003672
matmul_3072x3072x1024,sub,fusion,32.77125
matmul_3072x3072x1536,main,jit_validation_matrix_multiply(2240326588816379585),53.0125
matmul_3072x3072x1536,main,jit_validation_matrix_multiply(2240326588816379585),45.329922
matmul_3072x3072x1536,main,jit_validation_matrix_multiply(2240326588816379585),45.325
matmul_3072x3072x1536,main,jit_validation_matrix_multiply(2240326588816379585),46.33
matmul_3072x3072x1536,main,jit_validation_matrix_multiply(2240326588816379585),45.55375
matmul_3072x3072x1536,main,jit_validation_matrix_multiply(2240326588816379585),45.869922
matmul_3072x3072x1536,main,jit_validation_matrix_multiply(2240326588816379585),46.193906
matmul_3072x3072x1536,main,jit_validation_matrix_multiply(2240326588816379585),45.5825
matmul_3072x3072x1536,main,jit_validation_matrix_multiply(2240326588816379585),44.926094
matmul_3072x3072x1536,main,jit_validation_matrix_multiply(2240326588816379585),45.434922
matmul_3072x3072x1536,sub,copy-start,0.011328
matmul_3072x3072x1536,sub,copy-done,7.146094
matmul_3072x3072x1536,sub,fusion,45.848672
matmul_3072x3072x1536,sub,copy-start,0.0125
matmul_3072x3072x1536,sub,copy-done,0.003672
matmul_3072x3072x1536,sub,fusion,45.308672
matmul_3072x3072x1536,sub,copy-start,0.011328
matmul_3072x3072x1536,sub,copy-done,0.003594
matmul_3072x3072x1536,sub,fusion,45.30375
matmul_3072x3072x1536,sub,copy-start,0.011328
matmul_3072x3072x1536,sub,copy-done,0.003594
matmul_3072x3072x1536,sub,fusion,46.309922
matmul_3072x3072x1536,sub,copy-start,0.011328
matmul_3072x3072x1536,sub,copy-done,0.002578
matmul_3072x3072x1536,sub,fusion,45.532734
matmul_3072x3072x1536,sub,copy-start,0.0125
matmul_3072x3072x1536,sub,copy-done,0.002578
matmul_3072x3072x1536,sub,fusion,45.848828
matmul_3072x3072x1536,sub,copy-start,0.011328
matmul_3072x3072x1536,sub,copy-done,0.003594
matmul_3072x3072x1536,sub,fusion,46.17375
matmul_3072x3072x1536,sub,copy-start,0.011406
matmul_3072x3072x1536,sub,copy-done,0.002578
matmul_3072x3072x1536,sub,fusion,45.561328
matmul_3072x3072x1536,sub,copy-start,0.0125
matmul_3072x3072x1536,sub,copy-done,0.002578
matmul_3072x3072x1536,sub,fusion,44.903828
matmul_3072x3072x1536,sub,copy-start,0.011328
matmul_3072x3072x1536,sub,copy-done,0.003594
matmul_3072x3072x1536,sub,fusion,45.413828
matmul_3072x3072x2048,main,jit_validation_matrix_multiply(2306335616408391595),68.213594
matmul_3072x3072x2048,main,jit_validation_matrix_multiply(2306335616408391595),57.3675
matmul_3072x3072x2048,main,jit_validation_matrix_multiply(2306335616408391595),58.84625
matmul_3072x3072x2048,main,jit_validation_matrix_multiply(2306335616408391595),57.959922
matmul_3072x3072x2048,main,jit_validation_matrix_multiply(2306335616408391595),58.7075
matmul_3072x3072x2048,main,jit_validation_matrix_multiply(2306335616408391595),57.4625
matmul_3072x3072x2048,main,jit_validation_matrix_multiply(2306335616408391595),58.787422
matmul_3072x3072x2048,main,jit_validation_matrix_multiply(2306335616408391595),58.22125
matmul_3072x3072x2048,main,jit_validation_matrix_multiply(2306335616408391595),57.762344
matmul_3072x3072x2048,main,jit_validation_matrix_multiply(2306335616408391595),57.968672
matmul_3072x3072x2048,sub,copy-start,0.0125
matmul_3072x3072x2048,sub,copy-done,9.20375
matmul_3072x3072x2048,sub,fusion,58.99
matmul_3072x3072x2048,sub,copy-start,0.012344
matmul_3072x3072x2048,sub,copy-done,0.003672
matmul_3072x3072x2048,sub,fusion,57.347422
matmul_3072x3072x2048,sub,copy-start,0.011328
matmul_3072x3072x2048,sub,copy-done,0.0025
matmul_3072x3072x2048,sub,fusion,58.825078
matmul_3072x3072x2048,sub,copy-start,0.0125
matmul_3072x3072x2048,sub,copy-done,0.0025
matmul_3072x3072x2048,sub,fusion,57.939844
matmul_3072x3072x2048,sub,copy-start,0.011328
matmul_3072x3072x2048,sub,copy-done,0.002578
matmul_3072x3072x2048,sub,fusion,58.686484
matmul_3072x3072x2048,sub,copy-start,0.0125
matmul_3072x3072x2048,sub,copy-done,0.003594
matmul_3072x3072x2048,sub,fusion,57.441328
matmul_3072x3072x2048,sub,copy-start,0.0125
matmul_3072x3072x2048,sub,copy-done,0.0025
matmul_3072x3072x2048,sub,fusion,58.76625
matmul_3072x3072x2048,sub,copy-start,0.011328
matmul_3072x3072x2048,sub,copy-done,0.002578
matmul_3072x3072x2048,sub,fusion,58.2
matmul_3072x3072x2048,sub,copy-start,0.011328
matmul_3072x3072x2048,sub,copy-done,0.002578
matmul_3072x3072x2048,sub,fusion,57.741094
matmul_3072x3072x2048,sub,copy-start,0.012422
matmul_3072x3072x2048,sub,copy-done,0.003672
matmul_3072x3072x2048,sub,fusion,57.9475
matmul_3072x3072x2560,main,jit_validation_matrix_multiply(13585865648032661646),76.393594
matmul_3072x3072x2560,main,jit_validation_matrix_multiply(13585865648032661646),65.374922
matmul_3072x3072x2560,main,jit_validation_matrix_multiply(13585865648032661646),65.228672
matmul_3072x3072x2560,main,jit_validation_matrix_multiply(13585865648032661646),65.293906
matmul_3072x3072x2560,main,jit_validation_matrix_multiply(13585865648032661646),65.253594
matmul_3072x3072x2560,main,jit_validation_matrix_multiply(13585865648032661646),65.140078
matmul_3072x3072x2560,main,jit_validation_matrix_multiply(13585865648032661646),65.559844
matmul_3072x3072x2560,main,jit_validation_matrix_multiply(13585865648032661646),65.323828
matmul_3072x3072x2560,main,jit_validation_matrix_multiply(13585865648032661646),65.417656
matmul_3072x3072x2560,main,jit_validation_matrix_multiply(13585865648032661646),65.197344
matmul_3072x3072x2560,sub,copy-start,0.0125
matmul_3072x3072x2560,sub,copy-done,11.353672
matmul_3072x3072x2560,sub,fusion,65.020156
matmul_3072x3072x2560,sub,copy-start,0.012422
matmul_3072x3072x2560,sub,copy-done,0.002578
matmul_3072x3072x2560,sub,fusion,65.353672
matmul_3072x3072x2560,sub,copy-start,0.011328
matmul_3072x3072x2560,sub,copy-done,0.003594
matmul_3072x3072x2560,sub,fusion,65.207578
matmul_3072x3072x2560,sub,copy-start,0.011328
matmul_3072x3072x2560,sub,copy-done,0.0025
matmul_3072x3072x2560,sub,fusion,65.273828
matmul_3072x3072x2560,sub,copy-start,0.0125
matmul_3072x3072x2560,sub,copy-done,0.0025
matmul_3072x3072x2560,sub,fusion,65.232422
matmul_3072x3072x2560,sub,copy-start,0.012344
matmul_3072x3072x2560,sub,copy-done,0.0025
matmul_3072x3072x2560,sub,fusion,65.12
matmul_3072x3072x2560,sub,copy-start,0.011328
matmul_3072x3072x2560,sub,copy-done,0.002578
matmul_3072x3072x2560,sub,fusion,65.538672
matmul_3072x3072x2560,sub,copy-start,0.012344
matmul_3072x3072x2560,sub,copy-done,0.003672
matmul_3072x3072x2560,sub,fusion,65.30375
matmul_3072x3072x2560,sub,copy-start,0.011328
matmul_3072x3072x2560,sub,copy-done,0.002656
matmul_3072x3072x2560,sub,fusion,65.397578
matmul_3072x3072x2560,sub,copy-start,0.011328
matmul_3072x3072x2560,sub,copy-done,0.003672
matmul_3072x3072x2560,sub,fusion,65.17625
matmul_3072x3072x3072,main,jit_validation_matrix_multiply(12887534329328650919),94.242422
matmul_3072x3072x3072,main,jit_validation_matrix_multiply(12887534329328650919),80.51625
matmul_3072x3072x3072,main,jit_validation_matrix_multiply(12887534329328650919),80.53
matmul_3072x3072x3072,main,jit_validation_matrix_multiply(12887534329328650919),80.43
matmul_3072x3072x3072,main,jit_validation_matrix_multiply(12887534329328650919),80.27
matmul_3072x3072x3072,main,jit_validation_matrix_multiply(12887534329328650919),80.053594
matmul_3072x3072x3072,main,jit_validation_matrix_multiply(12887534329328650919),80.465
matmul_3072x3072x3072,main,jit_validation_matrix_multiply(12887534329328650919),79.948672
matmul_3072x3072x3072,main,jit_validation_matrix_multiply(12887534329328650919),81.6075
matmul_3072x3072x3072,main,jit_validation_matrix_multiply(12887534329328650919),79.747656
matmul_3072x3072x3072,sub,copy-start,0.012422
matmul_3072x3072x3072,sub,copy-done,13.58
matmul_3072x3072x3072,sub,fusion,80.644844
matmul_3072x3072x3072,sub,copy-start,0.011328
matmul_3072x3072x3072,sub,copy-done,0.003594
matmul_3072x3072x3072,sub,fusion,80.493828
matmul_3072x3072x3072,sub,copy-start,0.011406
matmul_3072x3072x3072,sub,copy-done,0.002578
matmul_3072x3072x3072,sub,fusion,80.50875
matmul_3072x3072x3072,sub,copy-start,0.0125
matmul_3072x3072x3072,sub,copy-done,0.003594
matmul_3072x3072x3072,sub,fusion,80.408672
matmul_3072x3072x3072,sub,copy-start,0.011328
matmul_3072x3072x3072,sub,copy-done,0.00375
matmul_3072x3072x3072,sub,fusion,80.248828
matmul_3072x3072x3072,sub,copy-start,0.011328
matmul_3072x3072x3072,sub,copy-done,0.002656
matmul_3072x3072x3072,sub,fusion,80.031406
matmul_3072x3072x3072,sub,copy-start,0.0125
matmul_3072x3072x3072,sub,copy-done,0.003672
matmul_3072x3072x3072,sub,fusion,80.44375
matmul_3072x3072x3072,sub,copy-start,0.011328
matmul_3072x3072x3072,sub,copy-done,0.002656
matmul_3072x3072x3072,sub,fusion,79.9275
matmul_3072x3072x3072,sub,copy-start,0.011328
matmul_3072x3072x3072,sub,copy-done,0.00375
matmul_3072x3072x3072,sub,fusion,81.586406
matmul_3072x3072x3072,sub,copy-start,0.011328
matmul_3072x3072x3072,sub,copy-done,0.003594
matmul_3072x3072x3072,sub,fusion,79.726328
matmul_3072x3072x3584,main,jit_validation_matrix_multiply(10222166515559840396),106.380078
matmul_3072x3072x3584,main,jit_validation_matrix_multiply(10222166515559840396),90.843672
matmul_3072x3072x3584,main,jit_validation_matrix_multiply(10222166515559840396),90.567656
matmul_3072x3072x3584,main,jit_validation_matrix_multiply(10222166515559840396),90.756172
matmul_3072x3072x3584,main,jit_validation_matrix_multiply(10222166515559840396),90.63625
matmul_3072x3072x3584,main,jit_validation_matrix_multiply(10222166515559840396),90.009844
matmul_3072x3072x3584,main,jit_validation_matrix_multiply(10222166515559840396),90.884844
matmul_3072x3072x3584,main,jit_validation_matrix_multiply(10222166515559840396),90.796406
matmul_3072x3072x3584,main,jit_validation_matrix_multiply(10222166515559840396),90.621328
matmul_3072x3072x3584,main,jit_validation_matrix_multiply(10222166515559840396),90.39875
matmul_3072x3072x3584,sub,copy-start,0.0125
matmul_3072x3072x3584,sub,copy-done,15.75
matmul_3072x3072x3584,sub,fusion,90.611328
matmul_3072x3072x3584,sub,copy-start,0.012422
matmul_3072x3072x3584,sub,copy-done,0.00375
matmul_3072x3072x3584,sub,fusion,90.822422
matmul_3072x3072x3584,sub,copy-start,0.012422
matmul_3072x3072x3584,sub,copy-done,0.00375
matmul_3072x3072x3584,sub,fusion,90.5475
matmul_3072x3072x3584,sub,copy-start,0.011328
matmul_3072x3072x3584,sub,copy-done,0.00375
matmul_3072x3072x3584,sub,fusion,90.735
matmul_3072x3072x3584,sub,copy-start,0.012422
matmul_3072x3072x3584,sub,copy-done,0.00375
matmul_3072x3072x3584,sub,fusion,90.613906
matmul_3072x3072x3584,sub,copy-start,0.011406
matmul_3072x3072x3584,sub,copy-done,0.00375
matmul_3072x3072x3584,sub,fusion,89.9875
matmul_3072x3072x3584,sub,copy-start,0.0125
matmul_3072x3072x3584,sub,copy-done,0.002578
matmul_3072x3072x3584,sub,fusion,90.862578
matmul_3072x3072x3584,sub,copy-start,0.012422
matmul_3072x3072x3584,sub,copy-done,0.003672
matmul_3072x3072x3584,sub,fusion,90.77625
matmul_3072x3072x3584,sub,copy-start,0.011328
matmul_3072x3072x3584,sub,copy-done,0.00375
matmul_3072x3072x3584,sub,fusion,90.601172
matmul_3072x3072x3584,sub,copy-start,0.012422
matmul_3072x3072x3584,sub,copy-done,0.00375
matmul_3072x3072x3584,sub,fusion,90.3775
matmul_3072x3072x4096,main,jit_validation_matrix_multiply(5023346653804808439),122.791406
matmul_3072x3072x4096,main,jit_validation_matrix_multiply(5023346653804808439),105.8825
matmul_3072x3072x4096,main,jit_validation_matrix_multiply(5023346653804808439),105.469922
matmul_3072x3072x4096,main,jit_validation_matrix_multiply(5023346653804808439),105.958906
matmul_3072x3072x4096,main,jit_validation_matrix_multiply(5023346653804808439),105.658594
matmul_3072x3072x4096,main,jit_validation_matrix_multiply(5023346653804808439),105.9675
matmul_3072x3072x4096,main,jit_validation_matrix_multiply(5023346653804808439),105.179922
matmul_3072x3072x4096,main,jit_validation_matrix_multiply(5023346653804808439),105.674922
matmul_3072x3072x4096,main,jit_validation_matrix_multiply(5023346653804808439),105.602578
matmul_3072x3072x4096,main,jit_validation_matrix_multiply(5023346653804808439),105.505078
matmul_3072x3072x4096,sub,copy-start,0.012422
matmul_3072x3072x4096,sub,copy-done,17.747578
matmul_3072x3072x4096,sub,fusion,105.026328
matmul_3072x3072x4096,sub,copy-start,0.011328
matmul_3072x3072x4096,sub,copy-done,0.00375
matmul_3072x3072x4096,sub,fusion,105.86125
matmul_3072x3072x4096,sub,copy-start,0.012422
matmul_3072x3072x4096,sub,copy-done,0.002578
matmul_3072x3072x4096,sub,fusion,105.44875
matmul_3072x3072x4096,sub,copy-start,0.011328
matmul_3072x3072x4096,sub,copy-done,0.00375
matmul_3072x3072x4096,sub,fusion,105.93875
matmul_3072x3072x4096,sub,copy-start,0.011328
matmul_3072x3072x4096,sub,copy-done,0.00375
matmul_3072x3072x4096,sub,fusion,105.636328
matmul_3072x3072x4096,sub,copy-start,0.0125
matmul_3072x3072x4096,sub,copy-done,0.003594
matmul_3072x3072x4096,sub,fusion,105.945078
matmul_3072x3072x4096,sub,copy-start,0.012344
matmul_3072x3072x4096,sub,copy-done,0.00375
matmul_3072x3072x4096,sub,fusion,105.157578
matmul_3072x3072x4096,sub,copy-start,0.012344
matmul_3072x3072x4096,sub,copy-done,0.002578
matmul_3072x3072x4096,sub,fusion,105.653672
matmul_3072x3072x4096,sub,copy-start,0.012422
matmul_3072x3072x4096,sub,copy-done,0.002578
matmul_3072x3072x4096,sub,fusion,105.582422
matmul_3072x3072x4096,sub,copy-start,0.011328
matmul_3072x3072x4096,sub,copy-done,0.003672
matmul_3072x3072x4096,sub,fusion,105.483828
matmul_3072x3584x1024,main,jit_validation_matrix_multiply(1061680271219282202),38.86875
matmul_3072x3584x1024,main,jit_validation_matrix_multiply(1061680271219282202),33.462422
matmul_3072x3584x1024,main,jit_validation_matrix_multiply(1061680271219282202),33.284922
matmul_3072x3584x1024,main,jit_validation_matrix_multiply(1061680271219282202),33.320078
matmul_3072x3584x1024,main,jit_validation_matrix_multiply(1061680271219282202),33.48875
matmul_3072x3584x1024,main,jit_validation_matrix_multiply(1061680271219282202),33.33875
matmul_3072x3584x1024,main,jit_validation_matrix_multiply(1061680271219282202),33.351094
matmul_3072x3584x1024,main,jit_validation_matrix_multiply(1061680271219282202),33.1475
matmul_3072x3584x1024,main,jit_validation_matrix_multiply(1061680271219282202),33.202344
matmul_3072x3584x1024,main,jit_validation_matrix_multiply(1061680271219282202),33.41875
matmul_3072x3584x1024,sub,copy-start,0.0125
matmul_3072x3584x1024,sub,copy-done,5.548672
matmul_3072x3584x1024,sub,fusion,33.301328
matmul_3072x3584x1024,sub,copy-start,0.012344
matmul_3072x3584x1024,sub,copy-done,0.0025
matmul_3072x3584x1024,sub,fusion,33.440156
matmul_3072x3584x1024,sub,copy-start,0.0125
matmul_3072x3584x1024,sub,copy-done,0.003672
matmul_3072x3584x1024,sub,fusion,33.26375
matmul_3072x3584x1024,sub,copy-start,0.0125
matmul_3072x3584x1024,sub,copy-done,0.003672
matmul_3072x3584x1024,sub,fusion,33.3
matmul_3072x3584x1024,sub,copy-start,0.012344
matmul_3072x3584x1024,sub,copy-done,0.0025
matmul_3072x3584x1024,sub,fusion,33.468672
matmul_3072x3584x1024,sub,copy-start,0.011328
matmul_3072x3584x1024,sub,copy-done,0.003594
matmul_3072x3584x1024,sub,fusion,33.3175
matmul_3072x3584x1024,sub,copy-start,0.0125
matmul_3072x3584x1024,sub,copy-done,0.0025
matmul_3072x3584x1024,sub,fusion,33.329922
matmul_3072x3584x1024,sub,copy-start,0.011328
matmul_3072x3584x1024,sub,copy-done,0.002578
matmul_3072x3584x1024,sub,fusion,33.126484
matmul_3072x3584x1024,sub,copy-start,0.0125
matmul_3072x3584x1024,sub,copy-done,0.0025
matmul_3072x3584x1024,sub,fusion,33.181172
matmul_3072x3584x1024,sub,copy-start,0.011328
matmul_3072x3584x1024,sub,copy-done,0.002656
matmul_3072x3584x1024,sub,fusion,33.397578
matmul_3072x3584x1536,main,jit_validation_matrix_multiply(2889543112092207556),56.307656
matmul_3072x3584x1536,main,jit_validation_matrix_multiply(2889543112092207556),48.44375
matmul_3072x3584x1536,main,jit_validation_matrix_multiply(2889543112092207556),48.032422
matmul_3072x3584x1536,main,jit_validation_matrix_multiply(2889543112092207556),48.535
matmul_3072x3584x1536,main,jit_validation_matrix_multiply(2889543112092207556),48.363828
matmul_3072x3584x1536,main,jit_validation_matrix_multiply(2889543112092207556),48.331172
matmul_3072x3584x1536,main,jit_validation_matrix_multiply(2889543112092207556),48.59375
matmul_3072x3584x1536,main,jit_validation_matrix_multiply(2889543112092207556),48.472422
matmul_3072x3584x1536,main,jit_validation_matrix_multiply(2889543112092207556),48.23625
matmul_3072x3584x1536,main,jit_validation_matrix_multiply(2889543112092207556),48.1625
matmul_3072x3584x1536,sub,copy-start,0.011328
matmul_3072x3584x1536,sub,copy-done,8.169922
matmul_3072x3584x1536,sub,fusion,48.120078
matmul_3072x3584x1536,sub,copy-start,0.012422
matmul_3072x3584x1536,sub,copy-done,0.003672
matmul_3072x3584x1536,sub,fusion,48.4225
matmul_3072x3584x1536,sub,copy-start,0.0125
matmul_3072x3584x1536,sub,copy-done,0.003672
matmul_3072x3584x1536,sub,fusion,48.011328
matmul_3072x3584x1536,sub,copy-start,0.0125
matmul_3072x3584x1536,sub,copy-done,0.003594
matmul_3072x3584x1536,sub,fusion,48.51375
matmul_3072x3584x1536,sub,copy-start,0.011328
matmul_3072x3584x1536,sub,copy-done,0.002578
matmul_3072x3584x1536,sub,fusion,48.34375
matmul_3072x3584x1536,sub,copy-start,0.012422
matmul_3072x3584x1536,sub,copy-done,0.003672
matmul_3072x3584x1536,sub,fusion,48.309922
matmul_3072x3584x1536,sub,copy-start,0.0125
matmul_3072x3584x1536,sub,copy-done,0.003672
matmul_3072x3584x1536,sub,fusion,48.573672
matmul_3072x3584x1536,sub,copy-start,0.012422
matmul_3072x3584x1536,sub,copy-done,0.003672
matmul_3072x3584x1536,sub,fusion,48.451328
matmul_3072x3584x1536,sub,copy-start,0.012422
matmul_3072x3584x1536,sub,copy-done,0.0025
matmul_3072x3584x1536,sub,fusion,48.21625
matmul_3072x3584x1536,sub,copy-start,0.012344
matmul_3072x3584x1536,sub,copy-done,0.0025
matmul_3072x3584x1536,sub,fusion,48.141328
matmul_3072x3584x2048,main,jit_validation_matrix_multiply(2013340580569265328),74.179922
matmul_3072x3584x2048,main,jit_validation_matrix_multiply(2013340580569265328),63.577422
matmul_3072x3584x2048,main,jit_validation_matrix_multiply(2013340580569265328),63.56875
matmul_3072x3584x2048,main,jit_validation_matrix_multiply(2013340580569265328),63.5775
matmul_3072x3584x2048,main,jit_validation_matrix_multiply(2013340580569265328),63.965
matmul_3072x3584x2048,main,jit_validation_matrix_multiply(2013340580569265328),63.8975
matmul_3072x3584x2048,main,jit_validation_matrix_multiply(2013340580569265328),63.875
matmul_3072x3584x2048,main,jit_validation_matrix_multiply(2013340580569265328),63.7625
matmul_3072x3584x2048,main,jit_validation_matrix_multiply(2013340580569265328),63.9725
matmul_3072x3584x2048,main,jit_validation_matrix_multiply(2013340580569265328),63.953594
matmul_3072x3584x2048,sub,copy-start,0.012344
matmul_3072x3584x2048,sub,copy-done,10.542656
matmul_3072x3584x2048,sub,fusion,63.617578
matmul_3072x3584x2048,sub,copy-start,0.011328
matmul_3072x3584x2048,sub,copy-done,0.002578
matmul_3072x3584x2048,sub,fusion,63.557344
matmul_3072x3584x2048,sub,copy-start,0.012422
matmul_3072x3584x2048,sub,copy-done,0.0025
matmul_3072x3584x2048,sub,fusion,63.548672
matmul_3072x3584x2048,sub,copy-start,0.012422
matmul_3072x3584x2048,sub,copy-done,0.0025
matmul_3072x3584x2048,sub,fusion,63.557422
matmul_3072x3584x2048,sub,copy-start,0.012422
matmul_3072x3584x2048,sub,copy-done,0.003594
matmul_3072x3584x2048,sub,fusion,63.944922
matmul_3072x3584x2048,sub,copy-start,0.011328
matmul_3072x3584x2048,sub,copy-done,0.002656
matmul_3072x3584x2048,sub,fusion,63.876328
matmul_3072x3584x2048,sub,copy-start,0.012344
matmul_3072x3584x2048,sub,copy-done,0.0025
matmul_3072x3584x2048,sub,fusion,63.85375
matmul_3072x3584x2048,sub,copy-start,0.012344
matmul_3072x3584x2048,sub,copy-done,0.002578
matmul_3072x3584x2048,sub,fusion,63.74125
matmul_3072x3584x2048,sub,copy-start,0.011328
matmul_3072x3584x2048,sub,copy-done,0.002578
matmul_3072x3584x2048,sub,fusion,63.95125
matmul_3072x3584x2048,sub,copy-start,0.011328
matmul_3072x3584x2048,sub,copy-done,0.003672
matmul_3072x3584x2048,sub,fusion,63.932422
matmul_3072x3584x2560,main,jit_validation_matrix_multiply(741795879410526540),92.70625
matmul_3072x3584x2560,main,jit_validation_matrix_multiply(741795879410526540),79.765078
matmul_3072x3584x2560,main,jit_validation_matrix_multiply(741795879410526540),79.59875
matmul_3072x3584x2560,main,jit_validation_matrix_multiply(741795879410526540),79.173828
matmul_3072x3584x2560,main,jit_validation_matrix_multiply(741795879410526540),79.841328
matmul_3072x3584x2560,main,jit_validation_matrix_multiply(741795879410526540),79.303672
matmul_3072x3584x2560,main,jit_validation_matrix_multiply(741795879410526540),79.093828
matmul_3072x3584x2560,main,jit_validation_matrix_multiply(741795879410526540),79.5375
matmul_3072x3584x2560,main,jit_validation_matrix_multiply(741795879410526540),78.998672
matmul_3072x3584x2560,main,jit_validation_matrix_multiply(741795879410526540),79.487344
matmul_3072x3584x2560,sub,copy-start,0.0125
matmul_3072x3584x2560,sub,copy-done,13.108828
matmul_3072x3584x2560,sub,fusion,79.578984
matmul_3072x3584x2560,sub,copy-start,0.0125
matmul_3072x3584x2560,sub,copy-done,0.003594
matmul_3072x3584x2560,sub,fusion,79.74375
matmul_3072x3584x2560,sub,copy-start,0.011328
matmul_3072x3584x2560,sub,copy-done,0.00375
matmul_3072x3584x2560,sub,fusion,79.576406
matmul_3072x3584x2560,sub,copy-start,0.011328
matmul_3072x3584x2560,sub,copy-done,0.003672
matmul_3072x3584x2560,sub,fusion,79.152578
matmul_3072x3584x2560,sub,copy-start,0.0125
matmul_3072x3584x2560,sub,copy-done,0.003594
matmul_3072x3584x2560,sub,fusion,79.82
matmul_3072x3584x2560,sub,copy-start,0.012422
matmul_3072x3584x2560,sub,copy-done,0.002578
matmul_3072x3584x2560,sub,fusion,79.282422
matmul_3072x3584x2560,sub,copy-start,0.0125
matmul_3072x3584x2560,sub,copy-done,0.00375
matmul_3072x3584x2560,sub,fusion,79.073672
matmul_3072x3584x2560,sub,copy-start,0.0125
matmul_3072x3584x2560,sub,copy-done,0.003594
matmul_3072x3584x2560,sub,fusion,79.515156
matmul_3072x3584x2560,sub,copy-start,0.012344
matmul_3072x3584x2560,sub,copy-done,0.00375
matmul_3072x3584x2560,sub,fusion,78.976484
matmul_3072x3584x2560,sub,copy-start,0.011328
matmul_3072x3584x2560,sub,copy-done,0.00375
matmul_3072x3584x2560,sub,fusion,79.465078
matmul_3072x3584x3072,main,jit_validation_matrix_multiply(15042036132374032567),113.949844
matmul_3072x3584x3072,main,jit_validation_matrix_multiply(15042036132374032567),98.893672
matmul_3072x3584x3072,main,jit_validation_matrix_multiply(15042036132374032567),98.663594
matmul_3072x3584x3072,main,jit_validation_matrix_multiply(15042036132374032567),98.253906
matmul_3072x3584x3072,main,jit_validation_matrix_multiply(15042036132374032567),98.972344
matmul_3072x3584x3072,main,jit_validation_matrix_multiply(15042036132374032567),98.3925
matmul_3072x3584x3072,main,jit_validation_matrix_multiply(15042036132374032567),98.379844
matmul_3072x3584x3072,main,jit_validation_matrix_multiply(15042036132374032567),98.983906
matmul_3072x3584x3072,main,jit_validation_matrix_multiply(15042036132374032567),98.4825
matmul_3072x3584x3072,main,jit_validation_matrix_multiply(15042036132374032567),98.42625
matmul_3072x3584x3072,sub,copy-start,0.012422
matmul_3072x3584x3072,sub,copy-done,15.642578
matmul_3072x3584x3072,sub,fusion,98.287656
matmul_3072x3584x3072,sub,copy-start,0.012422
matmul_3072x3584x3072,sub,copy-done,0.002578
matmul_3072x3584x3072,sub,fusion,98.872422
matmul_3072x3584x3072,sub,copy-start,0.0125
matmul_3072x3584x3072,sub,copy-done,0.002578
matmul_3072x3584x3072,sub,fusion,98.641328
matmul_3072x3584x3072,sub,copy-start,0.012422
matmul_3072x3584x3072,sub,copy-done,0.00375
matmul_3072x3584x3072,sub,fusion,98.23375
matmul_3072x3584x3072,sub,copy-start,0.0125
matmul_3072x3584x3072,sub,copy-done,0.002578
matmul_3072x3584x3072,sub,fusion,98.950234
matmul_3072x3584x3072,sub,copy-start,0.0125
matmul_3072x3584x3072,sub,copy-done,0.002578
matmul_3072x3584x3072,sub,fusion,98.372344
matmul_3072x3584x3072,sub,copy-start,0.011328
matmul_3072x3584x3072,sub,copy-done,0.002656
matmul_3072x3584x3072,sub,fusion,98.357578
matmul_3072x3584x3072,sub,copy-start,0.011328
matmul_3072x3584x3072,sub,copy-done,0.00375
matmul_3072x3584x3072,sub,fusion,98.962578
matmul_3072x3584x3072,sub,copy-start,0.0125
matmul_3072x3584x3072,sub,copy-done,0.003594
matmul_3072x3584x3072,sub,fusion,98.460234
matmul_3072x3584x3072,sub,copy-start,0.011328
matmul_3072x3584x3072,sub,copy-done,0.00375
matmul_3072x3584x3072,sub,fusion,98.405
matmul_3072x3584x3584,main,jit_validation_matrix_multiply(15503525717885309690),128.807422
matmul_3072x3584x3584,main,jit_validation_matrix_multiply(15503525717885309690),111.123828
matmul_3072x3584x3584,main,jit_validation_matrix_multiply(15503525717885309690),111.05
matmul_3072x3584x3584,main,jit_validation_matrix_multiply(15503525717885309690),110.841172
matmul_3072x3584x3584,main,jit_validation_matrix_multiply(15503525717885309690),111.161172
matmul_3072x3584x3584,main,jit_validation_matrix_multiply(15503525717885309690),110.694922
matmul_3072x3584x3584,main,jit_validation_matrix_multiply(15503525717885309690),111.26125
matmul_3072x3584x3584,main,jit_validation_matrix_multiply(15503525717885309690),110.517344
matmul_3072x3584x3584,main,jit_validation_matrix_multiply(15503525717885309690),110.821094
matmul_3072x3584x3584,main,jit_validation_matrix_multiply(15503525717885309690),111.180156
matmul_3072x3584x3584,sub,copy-start,0.012344
matmul_3072x3584x3584,sub,copy-done,18.067578
matmul_3072x3584x3584,sub,fusion,110.721484
matmul_3072x3584x3584,sub,copy-start,0.011406
matmul_3072x3584x3584,sub,copy-done,0.00375
matmul_3072x3584x3584,sub,fusion,111.1025
matmul_3072x3584x3584,sub,copy-start,0.011328
matmul_3072x3584x3584,sub,copy-done,0.003672
matmul_3072x3584x3584,sub,fusion,111.027578
matmul_3072x3584x3584,sub,copy-start,0.0125
matmul_3072x3584x3584,sub,copy-done,0.00375
matmul_3072x3584x3584,sub,fusion,110.818906
matmul_3072x3584x3584,sub,copy-start,0.012422
matmul_3072x3584x3584,sub,copy-done,0.00375
matmul_3072x3584x3584,sub,fusion,111.14
matmul_3072x3584x3584,sub,copy-start,0.0125
matmul_3072x3584x3584,sub,copy-done,0.003672
matmul_3072x3584x3584,sub,fusion,110.67375
matmul_3072x3584x3584,sub,copy-start,0.011328
matmul_3072x3584x3584,sub,copy-done,0.00375
matmul_3072x3584x3584,sub,fusion,111.240156
matmul_3072x3584x3584,sub,copy-start,0.0125
matmul_3072x3584x3584,sub,copy-done,0.003672
matmul_3072x3584x3584,sub,fusion,110.495
matmul_3072x3584x3584,sub,copy-start,0.011328
matmul_3072x3584x3584,sub,copy-done,0.002656
matmul_3072x3584x3584,sub,fusion,110.798906
matmul_3072x3584x3584,sub,copy-start,0.012422
matmul_3072x3584x3584,sub,copy-done,0.00375
matmul_3072x3584x3584,sub,fusion,111.16
matmul_3072x3584x4096,main,jit_validation_matrix_multiply(4098908642377812374),145.02875
matmul_3072x3584x4096,main,jit_validation_matrix_multiply(4098908642377812374),124.4925
matmul_3072x3584x4096,main,jit_validation_matrix_multiply(4098908642377812374),124.286172
matmul_3072x3584x4096,main,jit_validation_matrix_multiply(4098908642377812374),124.160078
matmul_3072x3584x4096,main,jit_validation_matrix_multiply(4098908642377812374),124.64125
matmul_3072x3584x4096,main,jit_validation_matrix_multiply(4098908642377812374),123.975
matmul_3072x3584x4096,main,jit_validation_matrix_multiply(4098908642377812374),124.201172
matmul_3072x3584x4096,main,jit_validation_matrix_multiply(4098908642377812374),123.97125
matmul_3072x3584x4096,main,jit_validation_matrix_multiply(4098908642377812374),123.37625
matmul_3072x3584x4096,main,jit_validation_matrix_multiply(4098908642377812374),124.397656
matmul_3072x3584x4096,sub,copy-start,0.0125
matmul_3072x3584x4096,sub,copy-done,20.552422
matmul_3072x3584x4096,sub,fusion,124.457734
matmul_3072x3584x4096,sub,copy-start,0.011328
matmul_3072x3584x4096,sub,copy-done,0.00375
matmul_3072x3584x4096,sub,fusion,124.471328
matmul_3072x3584x4096,sub,copy-start,0.011328
matmul_3072x3584x4096,sub,copy-done,0.00375
matmul_3072x3584x4096,sub,fusion,124.265
matmul_3072x3584x4096,sub,copy-start,0.0125
matmul_3072x3584x4096,sub,copy-done,0.00375
matmul_3072x3584x4096,sub,fusion,124.139922
matmul_3072x3584x4096,sub,copy-start,0.0125
matmul_3072x3584x4096,sub,copy-done,0.00375
matmul_3072x3584x4096,sub,fusion,124.621094
matmul_3072x3584x4096,sub,copy-start,0.012344
matmul_3072x3584x4096,sub,copy-done,0.00375
matmul_3072x3584x4096,sub,fusion,123.953828
matmul_3072x3584x4096,sub,copy-start,0.012422
matmul_3072x3584x4096,sub,copy-done,0.002578
matmul_3072x3584x4096,sub,fusion,124.180078
matmul_3072x3584x4096,sub,copy-start,0.012344
matmul_3072x3584x4096,sub,copy-done,0.002578
matmul_3072x3584x4096,sub,fusion,123.951094
matmul_3072x3584x4096,sub,copy-start,0.011328
matmul_3072x3584x4096,sub,copy-done,0.00375
matmul_3072x3584x4096,sub,fusion,123.354922
matmul_3072x3584x4096,sub,copy-start,0.011328
matmul_3072x3584x4096,sub,copy-done,0.00375
matmul_3072x3584x4096,sub,fusion,124.376328
matmul_3072x4096x1024,main,jit_validation_matrix_multiply(450152264911069783),43.3475
matmul_3072x4096x1024,main,jit_validation_matrix_multiply(450152264911069783),37.04625
matmul_3072x4096x1024,main,jit_validation_matrix_multiply(450152264911069783),37.25875
matmul_3072x4096x1024,main,jit_validation_matrix_multiply(450152264911069783),37.19375
matmul_3072x4096x1024,main,jit_validation_matrix_multiply(450152264911069783),37.529922
matmul_3072x4096x1024,main,jit_validation_matrix_multiply(450152264911069783),37.2775
matmul_3072x4096x1024,main,jit_validation_matrix_multiply(450152264911069783),37.55375
matmul_3072x4096x1024,main,jit_validation_matrix_multiply(450152264911069783),37.46375
matmul_3072x4096x1024,main,jit_validation_matrix_multiply(450152264911069783),37.452344
matmul_3072x4096x1024,main,jit_validation_matrix_multiply(450152264911069783),37.559844
matmul_3072x4096x1024,sub,copy-start,0.0125
matmul_3072x4096x1024,sub,copy-done,6.3
matmul_3072x4096x1024,sub,fusion,37.029922
matmul_3072x4096x1024,sub,copy-start,0.012422
matmul_3072x4096x1024,sub,copy-done,0.002578
matmul_3072x4096x1024,sub,fusion,37.026172
matmul_3072x4096x1024,sub,copy-start,0.011328
matmul_3072x4096x1024,sub,copy-done,0.002578
matmul_3072x4096x1024,sub,fusion,37.237734
matmul_3072x4096x1024,sub,copy-start,0.011328
matmul_3072x4096x1024,sub,copy-done,0.002656
matmul_3072x4096x1024,sub,fusion,37.172734
matmul_3072x4096x1024,sub,copy-start,0.011406
matmul_3072x4096x1024,sub,copy-done,0.003516
matmul_3072x4096x1024,sub,fusion,37.50875
matmul_3072x4096x1024,sub,copy-start,0.0125
matmul_3072x4096x1024,sub,copy-done,0.003594
matmul_3072x4096x1024,sub,fusion,37.257422
matmul_3072x4096x1024,sub,copy-start,0.011328
matmul_3072x4096x1024,sub,copy-done,0.002578
matmul_3072x4096x1024,sub,fusion,37.533672
matmul_3072x4096x1024,sub,copy-start,0.011328
matmul_3072x4096x1024,sub,copy-done,0.002578
matmul_3072x4096x1024,sub,fusion,37.442734
matmul_3072x4096x1024,sub,copy-start,0.011328
matmul_3072x4096x1024,sub,copy-done,0.003672
matmul_3072x4096x1024,sub,fusion,37.43125
matmul_3072x4096x1024,sub,copy-start,0.011328
matmul_3072x4096x1024,sub,copy-done,0.002578
matmul_3072x4096x1024,sub,fusion,37.538672
matmul_3072x4096x1536,main,jit_validation_matrix_multiply(17939469425733060172),63.319844
matmul_3072x4096x1536,main,jit_validation_matrix_multiply(17939469425733060172),54.268906
matmul_3072x4096x1536,main,jit_validation_matrix_multiply(17939469425733060172),54.121094
matmul_3072x4096x1536,main,jit_validation_matrix_multiply(17939469425733060172),54.119844
matmul_3072x4096x1536,main,jit_validation_matrix_multiply(17939469425733060172),54.21
matmul_3072x4096x1536,main,jit_validation_matrix_multiply(17939469425733060172),54.286094
matmul_3072x4096x1536,main,jit_validation_matrix_multiply(17939469425733060172),53.8975
matmul_3072x4096x1536,main,jit_validation_matrix_multiply(17939469425733060172),54.10375
matmul_3072x4096x1536,main,jit_validation_matrix_multiply(17939469425733060172),54.39125
matmul_3072x4096x1536,main,jit_validation_matrix_multiply(17939469425733060172),54.167344
matmul_3072x4096x1536,sub,copy-start,0.0125
matmul_3072x4096x1536,sub,copy-done,9.305156
matmul_3072x4096x1536,sub,fusion,53.995078
matmul_3072x4096x1536,sub,copy-start,0.012422
matmul_3072x4096x1536,sub,copy-done,0.002578
matmul_3072x4096x1536,sub,fusion,54.248828
matmul_3072x4096x1536,sub,copy-start,0.0125
matmul_3072x4096x1536,sub,copy-done,0.002578
matmul_3072x4096x1536,sub,fusion,54.1
matmul_3072x4096x1536,sub,copy-start,0.011406
matmul_3072x4096x1536,sub,copy-done,0.002656
matmul_3072x4096x1536,sub,fusion,54.0975
matmul_3072x4096x1536,sub,copy-start,0.012422
matmul_3072x4096x1536,sub,copy-done,0.002578
matmul_3072x4096x1536,sub,fusion,54.19
matmul_3072x4096x1536,sub,copy-start,0.0125
matmul_3072x4096x1536,sub,copy-done,0.0025
matmul_3072x4096x1536,sub,fusion,54.264922
matmul_3072x4096x1536,sub,copy-start,0.0125
matmul_3072x4096x1536,sub,copy-done,0.002578
matmul_3072x4096x1536,sub,fusion,53.876328
matmul_3072x4096x1536,sub,copy-start,0.011328
matmul_3072x4096x1536,sub,copy-done,0.0025
matmul_3072x4096x1536,sub,fusion,54.082578
matmul_3072x4096x1536,sub,copy-start,0.0125
matmul_3072x4096x1536,sub,copy-done,0.002578
matmul_3072x4096x1536,sub,fusion,54.37
matmul_3072x4096x1536,sub,copy-start,0.012422
matmul_3072x4096x1536,sub,copy-done,0.002578
matmul_3072x4096x1536,sub,fusion,54.14625
matmul_3072x4096x2048,main,jit_validation_matrix_multiply(10777091121696655065),82.23625
matmul_3072x4096x2048,main,jit_validation_matrix_multiply(10777091121696655065),70.208828
matmul_3072x4096x2048,main,jit_validation_matrix_multiply(10777091121696655065),70.148594
matmul_3072x4096x2048,main,jit_validation_matrix_multiply(10777091121696655065),70.368984
matmul_3072x4096x2048,main,jit_validation_matrix_multiply(10777091121696655065),70.275
matmul_3072x4096x2048,main,jit_validation_matrix_multiply(10777091121696655065),70.18875
matmul_3072x4096x2048,main,jit_validation_matrix_multiply(10777091121696655065),70.005
matmul_3072x4096x2048,main,jit_validation_matrix_multiply(10777091121696655065),69.908672
matmul_3072x4096x2048,main,jit_validation_matrix_multiply(10777091121696655065),70.42875
matmul_3072x4096x2048,main,jit_validation_matrix_multiply(10777091121696655065),70.036094
matmul_3072x4096x2048,sub,copy-start,0.011328
matmul_3072x4096x2048,sub,copy-done,12.163828
matmul_3072x4096x2048,sub,fusion,70.053906
matmul_3072x4096x2048,sub,copy-start,0.0125
matmul_3072x4096x2048,sub,copy-done,0.00375
matmul_3072x4096x2048,sub,fusion,70.188672
matmul_3072x4096x2048,sub,copy-start,0.011328
matmul_3072x4096x2048,sub,copy-done,0.002656
matmul_3072x4096x2048,sub,fusion,70.126328
matmul_3072x4096x2048,sub,copy-start,0.0125
matmul_3072x4096x2048,sub,copy-done,0.00375
matmul_3072x4096x2048,sub,fusion,70.34875
matmul_3072x4096x2048,sub,copy-start,0.0125
matmul_3072x4096x2048,sub,copy-done,0.003594
matmul_3072x4096x2048,sub,fusion,70.2525
matmul_3072x4096x2048,sub,copy-start,0.011328
matmul_3072x4096x2048,sub,copy-done,0.00375
matmul_3072x4096x2048,sub,fusion,70.166406
matmul_3072x4096x2048,sub,copy-start,0.011328
matmul_3072x4096x2048,sub,copy-done,0.003672
matmul_3072x4096x2048,sub,fusion,69.982578
matmul_3072x4096x2048,sub,copy-start,0.0125
matmul_3072x4096x2048,sub,copy-done,0.002578
matmul_3072x4096x2048,sub,fusion,69.887422
matmul_3072x4096x2048,sub,copy-start,0.011328
matmul_3072x4096x2048,sub,copy-done,0.00375
matmul_3072x4096x2048,sub,fusion,70.407578
matmul_3072x4096x2048,sub,copy-start,0.011328
matmul_3072x4096x2048,sub,copy-done,0.002656
matmul_3072x4096x2048,sub,fusion,70.013906
matmul_3072x4096x2560,main,jit_validation_matrix_multiply(935480644809832559),102.984922
matmul_3072x4096x2560,main,jit_validation_matrix_multiply(935480644809832559),88.721094
matmul_3072x4096x2560,main,jit_validation_matrix_multiply(935480644809832559),88.410078
matmul_3072x4096x2560,main,jit_validation_matrix_multiply(935480644809832559),88.713828
matmul_3072x4096x2560,main,jit_validation_matrix_multiply(935480644809832559),88.720078
matmul_3072x4096x2560,main,jit_validation_matrix_multiply(935480644809832559),88.4025
matmul_3072x4096x2560,main,jit_validation_matrix_multiply(935480644809832559),88.319844
matmul_3072x4096x2560,main,jit_validation_matrix_multiply(935480644809832559),88.725
matmul_3072x4096x2560,main,jit_validation_matrix_multiply(935480644809832559),88.61125
matmul_3072x4096x2560,main,jit_validation_matrix_multiply(935480644809832559),88.496406
matmul_3072x4096x2560,sub,copy-start,0.012422
matmul_3072x4096x2560,sub,copy-done,14.908906
matmul_3072x4096x2560,sub,fusion,88.0575
matmul_3072x4096x2560,sub,copy-start,0.0125
matmul_3072x4096x2560,sub,copy-done,0.002656
matmul_3072x4096x2560,sub,fusion,88.698984
matmul_3072x4096x2560,sub,copy-start,0.011328
matmul_3072x4096x2560,sub,copy-done,0.003672
matmul_3072x4096x2560,sub,fusion,88.388828
matmul_3072x4096x2560,sub,copy-start,0.012422
matmul_3072x4096x2560,sub,copy-done,0.003672
matmul_3072x4096x2560,sub,fusion,88.6925
matmul_3072x4096x2560,sub,copy-start,0.0125
matmul_3072x4096x2560,sub,copy-done,0.002578
matmul_3072x4096x2560,sub,fusion,88.698906
matmul_3072x4096x2560,sub,copy-start,0.011328
matmul_3072x4096x2560,sub,copy-done,0.002656
matmul_3072x4096x2560,sub,fusion,88.381328
matmul_3072x4096x2560,sub,copy-start,0.0125
matmul_3072x4096x2560,sub,copy-done,0.002578
matmul_3072x4096x2560,sub,fusion,88.297578
matmul_3072x4096x2560,sub,copy-start,0.011328
matmul_3072x4096x2560,sub,copy-done,0.00375
matmul_3072x4096x2560,sub,fusion,88.702656
matmul_3072x4096x2560,sub,copy-start,0.0125
matmul_3072x4096x2560,sub,copy-done,0.002578
matmul_3072x4096x2560,sub,fusion,88.590078
matmul_3072x4096x2560,sub,copy-start,0.011328
matmul_3072x4096x2560,sub,copy-done,0.003672
matmul_3072x4096x2560,sub,fusion,88.475078
matmul_3072x4096x3072,main,jit_validation_matrix_multiply(12870276947821838523),125.511172
matmul_3072x4096x3072,main,jit_validation_matrix_multiply(12870276947821838523),107.404922
matmul_3072x4096x3072,main,jit_validation_matrix_multiply(12870276947821838523),107.648594
matmul_3072x4096x3072,main,jit_validation_matrix_multiply(12870276947821838523),107.75625
matmul_3072x4096x3072,main,jit_validation_matrix_multiply(12870276947821838523),107.88875
matmul_3072x4096x3072,main,jit_validation_matrix_multiply(12870276947821838523),107.490156
matmul_3072x4096x3072,main,jit_validation_matrix_multiply(12870276947821838523),107.473828
matmul_3072x4096x3072,main,jit_validation_matrix_multiply(12870276947821838523),107.438906
matmul_3072x4096x3072,main,jit_validation_matrix_multiply(12870276947821838523),107.604844
matmul_3072x4096x3072,main,jit_validation_matrix_multiply(12870276947821838523),107.371172
matmul_3072x4096x3072,sub,copy-start,0.0125
matmul_3072x4096x3072,sub,copy-done,18.138672
matmul_3072x4096x3072,sub,fusion,107.35375
matmul_3072x4096x3072,sub,copy-start,0.012422
matmul_3072x4096x3072,sub,copy-done,0.003672
matmul_3072x4096x3072,sub,fusion,107.382656
matmul_3072x4096x3072,sub,copy-start,0.0125
matmul_3072x4096x3072,sub,copy-done,0.003672
matmul_3072x4096x3072,sub,fusion,107.62625
matmul_3072x4096x3072,sub,copy-start,0.011406
matmul_3072x4096x3072,sub,copy-done,0.00375
matmul_3072x4096x3072,sub,fusion,107.734922
matmul_3072x4096x3072,sub,copy-start,0.0125
matmul_3072x4096x3072,sub,copy-done,0.003672
matmul_3072x4096x3072,sub,fusion,107.867422
matmul_3072x4096x3072,sub,copy-start,0.011328
matmul_3072x4096x3072,sub,copy-done,0.003672
matmul_3072x4096x3072,sub,fusion,107.468828
matmul_3072x4096x3072,sub,copy-start,0.0125
matmul_3072x4096x3072,sub,copy-done,0.002578
matmul_3072x4096x3072,sub,fusion,107.453672
matmul_3072x4096x3072,sub,copy-start,0.011328
matmul_3072x4096x3072,sub,copy-done,0.00375
matmul_3072x4096x3072,sub,fusion,107.417578
matmul_3072x4096x3072,sub,copy-start,0.0125
matmul_3072x4096x3072,sub,copy-done,0.002578
matmul_3072x4096x3072,sub,fusion,107.582578
matmul_3072x4096x3072,sub,copy-start,0.011328
matmul_3072x4096x3072,sub,copy-done,0.003672
matmul_3072x4096x3072,sub,fusion,107.348828
matmul_3072x4096x3584,main,jit_validation_matrix_multiply(10717468678901534304),145.7625
matmul_3072x4096x3584,main,jit_validation_matrix_multiply(10717468678901534304),124.62
matmul_3072x4096x3584,main,jit_validation_matrix_multiply(10717468678901534304),124.657656
matmul_3072x4096x3584,main,jit_validation_matrix_multiply(10717468678901534304),124.837578
matmul_3072x4096x3584,main,jit_validation_matrix_multiply(10717468678901534304),125.29875
matmul_3072x4096x3584,main,jit_validation_matrix_multiply(10717468678901534304),124.721328
matmul_3072x4096x3584,main,jit_validation_matrix_multiply(10717468678901534304),125.256172
matmul_3072x4096x3584,main,jit_validation_matrix_multiply(10717468678901534304),125.033984
matmul_3072x4096x3584,main,jit_validation_matrix_multiply(10717468678901534304),124.68875
matmul_3072x4096x3584,main,jit_validation_matrix_multiply(10717468678901534304),124.9425
matmul_3072x4096x3584,sub,copy-start,0.011328
matmul_3072x4096x3584,sub,copy-done,20.64
matmul_3072x4096x3584,sub,fusion,125.104922
matmul_3072x4096x3584,sub,copy-start,0.011328
matmul_3072x4096x3584,sub,copy-done,0.00375
matmul_3072x4096x3584,sub,fusion,124.597734
matmul_3072x4096x3584,sub,copy-start,0.011328
matmul_3072x4096x3584,sub,copy-done,0.00375
matmul_3072x4096x3584,sub,fusion,124.6375
matmul_3072x4096x3584,sub,copy-start,0.012422
matmul_3072x4096x3584,sub,copy-done,0.00375
matmul_3072x4096x3584,sub,fusion,124.817344
matmul_3072x4096x3584,sub,copy-start,0.0125
matmul_3072x4096x3584,sub,copy-done,0.00375
matmul_3072x4096x3584,sub,fusion,125.277344
matmul_3072x4096x3584,sub,copy-start,0.012422
matmul_3072x4096x3584,sub,copy-done,0.003672
matmul_3072x4096x3584,sub,fusion,124.700078
matmul_3072x4096x3584,sub,copy-start,0.0125
matmul_3072x4096x3584,sub,copy-done,0.002578
matmul_3072x4096x3584,sub,fusion,125.235
matmul_3072x4096x3584,sub,copy-start,0.012344
matmul_3072x4096x3584,sub,copy-done,0.00375
matmul_3072x4096x3584,sub,fusion,125.013828
matmul_3072x4096x3584,sub,copy-start,0.012344
matmul_3072x4096x3584,sub,copy-done,0.00375
matmul_3072x4096x3584,sub,fusion,124.667422
matmul_3072x4096x3584,sub,copy-start,0.0125
matmul_3072x4096x3584,sub,copy-done,0.003672
matmul_3072x4096x3584,sub,fusion,124.92125
matmul_3072x4096x4096,main,jit_validation_matrix_multiply(13082764781835471450),163.211172
matmul_3072x4096x4096,main,jit_validation_matrix_multiply(13082764781835471450),140.028594
matmul_3072x4096x4096,main,jit_validation_matrix_multiply(13082764781835471450),139.862578
matmul_3072x4096x4096,main,jit_validation_matrix_multiply(13082764781835471450),139.46625
matmul_3072x4096x4096,main,jit_validation_matrix_multiply(13082764781835471450),139.895
matmul_3072x4096x4096,main,jit_validation_matrix_multiply(13082764781835471450),139.90875
matmul_3072x4096x4096,main,jit_validation_matrix_multiply(13082764781835471450),139.742422
matmul_3072x4096x4096,main,jit_validation_matrix_multiply(13082764781835471450),139.7675
matmul_3072x4096x4096,main,jit_validation_matrix_multiply(13082764781835471450),139.447344
matmul_3072x4096x4096,main,jit_validation_matrix_multiply(13082764781835471450),139.893984
matmul_3072x4096x4096,sub,copy-start,0.0125
matmul_3072x4096x4096,sub,copy-done,23.52125
matmul_3072x4096x4096,sub,fusion,139.67125
matmul_3072x4096x4096,sub,copy-start,0.0125
matmul_3072x4096x4096,sub,copy-done,0.002578
matmul_3072x4096x4096,sub,fusion,140.006328
matmul_3072x4096x4096,sub,copy-start,0.011406
matmul_3072x4096x4096,sub,copy-done,0.00375
matmul_3072x4096x4096,sub,fusion,139.842422
matmul_3072x4096x4096,sub,copy-start,0.011328
matmul_3072x4096x4096,sub,copy-done,0.003594
matmul_3072x4096x4096,sub,fusion,139.443906
matmul_3072x4096x4096,sub,copy-start,0.0125
matmul_3072x4096x4096,sub,copy-done,0.00375
matmul_3072x4096x4096,sub,fusion,139.873672
matmul_3072x4096x4096,sub,copy-start,0.011406
matmul_3072x4096x4096,sub,copy-done,0.00375
matmul_3072x4096x4096,sub,fusion,139.887422
matmul_3072x4096x4096,sub,copy-start,0.011328
matmul_3072x4096x4096,sub,copy-done,0.00375
matmul_3072x4096x4096,sub,fusion,139.72125
matmul_3072x4096x4096,sub,copy-start,0.0125
matmul_3072x4096x4096,sub,copy-done,0.00375
matmul_3072x4096x4096,sub,fusion,139.746172
matmul_3072x4096x4096,sub,copy-start,0.011328
matmul_3072x4096x4096,sub,copy-done,0.00375
matmul_3072x4096x4096,sub,fusion,139.425
matmul_3072x4096x4096,sub,copy-start,0.011328
matmul_3072x4096x4096,sub,copy-done,0.00375
matmul_3072x4096x4096,sub,fusion,139.873828
matmul_3584x1024x1024,main,jit_validation_matrix_multiply(12422743632895492255),20.342656
matmul_3584x1024x1024,main,jit_validation_matrix_multiply(12422743632895492255),14.1575
matmul_3584x1024x1024,main,jit_validation_matrix_multiply(12422743632895492255),14.290078
matmul_3584x1024x1024,main,jit_validation_matrix_multiply(12422743632895492255),14.523828
matmul_3584x1024x1024,main,jit_validation_matrix_multiply(12422743632895492255),14.361328
matmul_3584x1024x1024,main,jit_validation_matrix_multiply(12422743632895492255),14.324922
matmul_3584x1024x1024,main,jit_validation_matrix_multiply(12422743632895492255),14.583672
matmul_3584x1024x1024,main,jit_validation_matrix_multiply(12422743632895492255),14.518672
matmul_3584x1024x1024,main,jit_validation_matrix_multiply(12422743632895492255),14.287578
matmul_3584x1024x1024,main,jit_validation_matrix_multiply(12422743632895492255),14.546172
matmul_3584x1024x1024,sub,copy-start,0.012344
matmul_3584x1024x1024,sub,copy-done,5.990078
matmul_3584x1024x1024,sub,fusion,14.335156
matmul_3584x1024x1024,sub,copy-start,0.012344
matmul_3584x1024x1024,sub,copy-done,0.0025
matmul_3584x1024x1024,sub,fusion,14.136406
matmul_3584x1024x1024,sub,copy-start,0.0125
matmul_3584x1024x1024,sub,copy-done,0.003672
matmul_3584x1024x1024,sub,fusion,14.269922
matmul_3584x1024x1024,sub,copy-start,0.011328
matmul_3584x1024x1024,sub,copy-done,0.0025
matmul_3584x1024x1024,sub,fusion,14.50375
matmul_3584x1024x1024,sub,copy-start,0.0125
matmul_3584x1024x1024,sub,copy-done,0.0025
matmul_3584x1024x1024,sub,fusion,14.34125
matmul_3584x1024x1024,sub,copy-start,0.0125
matmul_3584x1024x1024,sub,copy-done,0.0025
matmul_3584x1024x1024,sub,fusion,14.304844
matmul_3584x1024x1024,sub,copy-start,0.0125
matmul_3584x1024x1024,sub,copy-done,0.003672
matmul_3584x1024x1024,sub,fusion,14.562578
matmul_3584x1024x1024,sub,copy-start,0.0125
matmul_3584x1024x1024,sub,copy-done,0.003594
matmul_3584x1024x1024,sub,fusion,14.497422
matmul_3584x1024x1024,sub,copy-start,0.011328
matmul_3584x1024x1024,sub,copy-done,0.0025
matmul_3584x1024x1024,sub,fusion,14.2675
matmul_3584x1024x1024,sub,copy-start,0.0125
matmul_3584x1024x1024,sub,copy-done,0.0025
matmul_3584x1024x1024,sub,fusion,14.526094
matmul_3584x1024x1536,main,jit_validation_matrix_multiply(2496740306234480269),27.640078
matmul_3584x1024x1536,main,jit_validation_matrix_multiply(2496740306234480269),19.615
matmul_3584x1024x1536,main,jit_validation_matrix_multiply(2496740306234480269),19.501172
matmul_3584x1024x1536,main,jit_validation_matrix_multiply(2496740306234480269),19.703672
matmul_3584x1024x1536,main,jit_validation_matrix_multiply(2496740306234480269),19.618906
matmul_3584x1024x1536,main,jit_validation_matrix_multiply(2496740306234480269),19.45
matmul_3584x1024x1536,main,jit_validation_matrix_multiply(2496740306234480269),19.442578
matmul_3584x1024x1536,main,jit_validation_matrix_multiply(2496740306234480269),19.608828
matmul_3584x1024x1536,main,jit_validation_matrix_multiply(2496740306234480269),19.362578
matmul_3584x1024x1536,main,jit_validation_matrix_multiply(2496740306234480269),19.482578
matmul_3584x1024x1536,sub,copy-start,0.0125
matmul_3584x1024x1536,sub,copy-done,8.168828
matmul_3584x1024x1536,sub,fusion,19.453828
matmul_3584x1024x1536,sub,copy-start,0.012422
matmul_3584x1024x1536,sub,copy-done,0.002578
matmul_3584x1024x1536,sub,fusion,19.593828
matmul_3584x1024x1536,sub,copy-start,0.011328
matmul_3584x1024x1536,sub,copy-done,0.002578
matmul_3584x1024x1536,sub,fusion,19.481094
matmul_3584x1024x1536,sub,copy-start,0.0125
matmul_3584x1024x1536,sub,copy-done,0.003672
matmul_3584x1024x1536,sub,fusion,19.6825
matmul_3584x1024x1536,sub,copy-start,0.0125
matmul_3584x1024x1536,sub,copy-done,0.002578
matmul_3584x1024x1536,sub,fusion,19.598828
matmul_3584x1024x1536,sub,copy-start,0.0125
matmul_3584x1024x1536,sub,copy-done,0.0025
matmul_3584x1024x1536,sub,fusion,19.42875
matmul_3584x1024x1536,sub,copy-start,0.0125
matmul_3584x1024x1536,sub,copy-done,0.0025
matmul_3584x1024x1536,sub,fusion,19.4225
matmul_3584x1024x1536,sub,copy-start,0.0125
matmul_3584x1024x1536,sub,copy-done,0.0025
matmul_3584x1024x1536,sub,fusion,19.58875
matmul_3584x1024x1536,sub,copy-start,0.011328
matmul_3584x1024x1536,sub,copy-done,0.003672
matmul_3584x1024x1536,sub,fusion,19.3425
matmul_3584x1024x1536,sub,copy-start,0.011328
matmul_3584x1024x1536,sub,copy-done,0.003594
matmul_3584x1024x1536,sub,fusion,19.462422
matmul_3584x1024x2048,main,jit_validation_matrix_multiply(8288108343555452279),35.274922
matmul_3584x1024x2048,main,jit_validation_matrix_multiply(8288108343555452279),24.896406
matmul_3584x1024x2048,main,jit_validation_matrix_multiply(8288108343555452279),24.45375
matmul_3584x1024x2048,main,jit_validation_matrix_multiply(8288108343555452279),24.726328
matmul_3584x1024x2048,main,jit_validation_matrix_multiply(8288108343555452279),24.721172
matmul_3584x1024x2048,main,jit_validation_matrix_multiply(8288108343555452279),24.613984
matmul_3584x1024x2048,main,jit_validation_matrix_multiply(8288108343555452279),24.771328
matmul_3584x1024x2048,main,jit_validation_matrix_multiply(8288108343555452279),24.649922
matmul_3584x1024x2048,main,jit_validation_matrix_multiply(8288108343555452279),24.434922
matmul_3584x1024x2048,main,jit_validation_matrix_multiply(8288108343555452279),24.652578
matmul_3584x1024x2048,sub,copy-start,0.0125
matmul_3584x1024x2048,sub,copy-done,10.948828
matmul_3584x1024x2048,sub,fusion,24.3075
matmul_3584x1024x2048,sub,copy-start,0.0125
matmul_3584x1024x2048,sub,copy-done,0.003672
matmul_3584x1024x2048,sub,fusion,24.876328
matmul_3584x1024x2048,sub,copy-start,0.012344
matmul_3584x1024x2048,sub,copy-done,0.003672
matmul_3584x1024x2048,sub,fusion,24.433672
matmul_3584x1024x2048,sub,copy-start,0.011328
matmul_3584x1024x2048,sub,copy-done,0.002578
matmul_3584x1024x2048,sub,fusion,24.70625
matmul_3584x1024x2048,sub,copy-start,0.011406
matmul_3584x1024x2048,sub,copy-done,0.0025
matmul_3584x1024x2048,sub,fusion,24.69875
matmul_3584x1024x2048,sub,copy-start,0.012344
matmul_3584x1024x2048,sub,copy-done,0.0025
matmul_3584x1024x2048,sub,fusion,24.593906
matmul_3584x1024x2048,sub,copy-start,0.0125
matmul_3584x1024x2048,sub,copy-done,0.0025
matmul_3584x1024x2048,sub,fusion,24.75125
matmul_3584x1024x2048,sub,copy-start,0.011406
matmul_3584x1024x2048,sub,copy-done,0.0025
matmul_3584x1024x2048,sub,fusion,24.6275
matmul_3584x1024x2048,sub,copy-start,0.0125
matmul_3584x1024x2048,sub,copy-done,0.0025
matmul_3584x1024x2048,sub,fusion,24.414844
matmul_3584x1024x2048,sub,copy-start,0.011328
matmul_3584x1024x2048,sub,copy-done,0.002578
matmul_3584x1024x2048,sub,fusion,24.6325
matmul_3584x1024x2560,main,jit_validation_matrix_multiply(7845127155485076390),42.440078
matmul_3584x1024x2560,main,jit_validation_matrix_multiply(7845127155485076390),29.619922
matmul_3584x1024x2560,main,jit_validation_matrix_multiply(7845127155485076390),29.5575
matmul_3584x1024x2560,main,jit_validation_matrix_multiply(7845127155485076390),29.573672
matmul_3584x1024x2560,main,jit_validation_matrix_multiply(7845127155485076390),29.341328
matmul_3584x1024x2560,main,jit_validation_matrix_multiply(7845127155485076390),29.545
matmul_3584x1024x2560,main,jit_validation_matrix_multiply(7845127155485076390),29.55625
matmul_3584x1024x2560,main,jit_validation_matrix_multiply(7845127155485076390),29.765078
matmul_3584x1024x2560,main,jit_validation_matrix_multiply(7845127155485076390),29.601172
matmul_3584x1024x2560,main,jit_validation_matrix_multiply(7845127155485076390),29.658828
matmul_3584x1024x2560,sub,copy-start,0.0125
matmul_3584x1024x2560,sub,copy-done,13.14375
matmul_3584x1024x2560,sub,fusion,29.27875
matmul_3584x1024x2560,sub,copy-start,0.0125
matmul_3584x1024x2560,sub,copy-done,0.002578
matmul_3584x1024x2560,sub,fusion,29.59875
matmul_3584x1024x2560,sub,copy-start,0.012422
matmul_3584x1024x2560,sub,copy-done,0.002578
matmul_3584x1024x2560,sub,fusion,29.537344
matmul_3584x1024x2560,sub,copy-start,0.012344
matmul_3584x1024x2560,sub,copy-done,0.00375
matmul_3584x1024x2560,sub,fusion,29.551406
matmul_3584x1024x2560,sub,copy-start,0.011328
matmul_3584x1024x2560,sub,copy-done,0.00375
matmul_3584x1024x2560,sub,fusion,29.321172
matmul_3584x1024x2560,sub,copy-start,0.011328
matmul_3584x1024x2560,sub,copy-done,0.003672
matmul_3584x1024x2560,sub,fusion,29.52375
matmul_3584x1024x2560,sub,copy-start,0.0125
matmul_3584x1024x2560,sub,copy-done,0.00375
matmul_3584x1024x2560,sub,fusion,29.534922
matmul_3584x1024x2560,sub,copy-start,0.011328
matmul_3584x1024x2560,sub,copy-done,0.003672
matmul_3584x1024x2560,sub,fusion,29.743828
matmul_3584x1024x2560,sub,copy-start,0.0125
matmul_3584x1024x2560,sub,copy-done,0.002578
matmul_3584x1024x2560,sub,fusion,29.58
matmul_3584x1024x2560,sub,copy-start,0.011328
matmul_3584x1024x2560,sub,copy-done,0.003594
matmul_3584x1024x2560,sub,fusion,29.637656
matmul_3584x1024x3072,main,jit_validation_matrix_multiply(8560032640544471394),49.099922
matmul_3584x1024x3072,main,jit_validation_matrix_multiply(8560032640544471394),33.6575
matmul_3584x1024x3072,main,jit_validation_matrix_multiply(8560032640544471394),33.667422
matmul_3584x1024x3072,main,jit_validation_matrix_multiply(8560032640544471394),33.866406
matmul_3584x1024x3072,main,jit_validation_matrix_multiply(8560032640544471394),33.44
matmul_3584x1024x3072,main,jit_validation_matrix_multiply(8560032640544471394),33.297656
matmul_3584x1024x3072,main,jit_validation_matrix_multiply(8560032640544471394),33.571406
matmul_3584x1024x3072,main,jit_validation_matrix_multiply(8560032640544471394),33.624922
matmul_3584x1024x3072,main,jit_validation_matrix_multiply(8560032640544471394),33.60125
matmul_3584x1024x3072,main,jit_validation_matrix_multiply(8560032640544471394),33.61875
matmul_3584x1024x3072,sub,copy-start,0.012344
matmul_3584x1024x3072,sub,copy-done,15.6825
matmul_3584x1024x3072,sub,fusion,33.4
matmul_3584x1024x3072,sub,copy-start,0.0125
matmul_3584x1024x3072,sub,copy-done,0.002578
matmul_3584x1024x3072,sub,fusion,33.636328
matmul_3584x1024x3072,sub,copy-start,0.012344
matmul_3584x1024x3072,sub,copy-done,0.00375
matmul_3584x1024x3072,sub,fusion,33.645078
matmul_3584x1024x3072,sub,copy-start,0.011328
matmul_3584x1024x3072,sub,copy-done,0.00375
matmul_3584x1024x3072,sub,fusion,33.845078
matmul_3584x1024x3072,sub,copy-start,0.011328
matmul_3584x1024x3072,sub,copy-done,0.003672
matmul_3584x1024x3072,sub,fusion,33.417656
matmul_3584x1024x3072,sub,copy-start,0.011328
matmul_3584x1024x3072,sub,copy-done,0.00375
matmul_3584x1024x3072,sub,fusion,33.2775
matmul_3584x1024x3072,sub,copy-start,0.012344
matmul_3584x1024x3072,sub,copy-done,0.00375
matmul_3584x1024x3072,sub,fusion,33.55125
matmul_3584x1024x3072,sub,copy-start,0.011328
matmul_3584x1024x3072,sub,copy-done,0.003672
matmul_3584x1024x3072,sub,fusion,33.602578
matmul_3584x1024x3072,sub,copy-start,0.0125
matmul_3584x1024x3072,sub,copy-done,0.00375
matmul_3584x1024x3072,sub,fusion,33.580078
matmul_3584x1024x3072,sub,copy-start,0.0125
matmul_3584x1024x3072,sub,copy-done,0.003594
matmul_3584x1024x3072,sub,fusion,33.596328
matmul_3584x1024x3584,main,jit_validation_matrix_multiply(4455401255205650853),56.92875
matmul_3584x1024x3584,main,jit_validation_matrix_multiply(4455401255205650853),39.011328
matmul_3584x1024x3584,main,jit_validation_matrix_multiply(4455401255205650853),38.885
matmul_3584x1024x3584,main,jit_validation_matrix_multiply(4455401255205650853),38.767344
matmul_3584x1024x3584,main,jit_validation_matrix_multiply(4455401255205650853),39.461172
matmul_3584x1024x3584,main,jit_validation_matrix_multiply(4455401255205650853),39.02375
matmul_3584x1024x3584,main,jit_validation_matrix_multiply(4455401255205650853),38.862422
matmul_3584x1024x3584,main,jit_validation_matrix_multiply(4455401255205650853),38.904844
matmul_3584x1024x3584,main,jit_validation_matrix_multiply(4455401255205650853),38.653672
matmul_3584x1024x3584,main,jit_validation_matrix_multiply(4455401255205650853),38.726094
matmul_3584x1024x3584,sub,copy-start,0.012422
matmul_3584x1024x3584,sub,copy-done,18.098672
matmul_3584x1024x3584,sub,fusion,38.8125
matmul_3584x1024x3584,sub,copy-start,0.0125
matmul_3584x1024x3584,sub,copy-done,0.003672
matmul_3584x1024x3584,sub,fusion,38.991172
matmul_3584x1024x3584,sub,copy-start,0.0125
matmul_3584x1024x3584,sub,copy-done,0.003594
matmul_3584x1024x3584,sub,fusion,38.863672
matmul_3584x1024x3584,sub,copy-start,0.011328
matmul_3584x1024x3584,sub,copy-done,0.00375
matmul_3584x1024x3584,sub,fusion,38.745078
matmul_3584x1024x3584,sub,copy-start,0.012422
matmul_3584x1024x3584,sub,copy-done,0.00375
matmul_3584x1024x3584,sub,fusion,39.44
matmul_3584x1024x3584,sub,copy-start,0.0125
matmul_3584x1024x3584,sub,copy-done,0.003594
matmul_3584x1024x3584,sub,fusion,39.001484
matmul_3584x1024x3584,sub,copy-start,0.0125
matmul_3584x1024x3584,sub,copy-done,0.002578
matmul_3584x1024x3584,sub,fusion,38.841172
matmul_3584x1024x3584,sub,copy-start,0.0125
matmul_3584x1024x3584,sub,copy-done,0.002578
matmul_3584x1024x3584,sub,fusion,38.882734
matmul_3584x1024x3584,sub,copy-start,0.011328
matmul_3584x1024x3584,sub,copy-done,0.003672
matmul_3584x1024x3584,sub,fusion,38.631484
matmul_3584x1024x3584,sub,copy-start,0.011328
matmul_3584x1024x3584,sub,copy-done,0.00375
matmul_3584x1024x3584,sub,fusion,38.703984
matmul_3584x1024x4096,main,jit_validation_matrix_multiply(3355748884365658300),65.411328
matmul_3584x1024x4096,main,jit_validation_matrix_multiply(3355748884365658300),44.759922
matmul_3584x1024x4096,main,jit_validation_matrix_multiply(3355748884365658300),44.822422
matmul_3584x1024x4096,main,jit_validation_matrix_multiply(3355748884365658300),44.93875
matmul_3584x1024x4096,main,jit_validation_matrix_multiply(3355748884365658300),44.7225
matmul_3584x1024x4096,main,jit_validation_matrix_multiply(3355748884365658300),44.928672
matmul_3584x1024x4096,main,jit_validation_matrix_multiply(3355748884365658300),44.81875
matmul_3584x1024x4096,main,jit_validation_matrix_multiply(3355748884365658300),44.87125
matmul_3584x1024x4096,main,jit_validation_matrix_multiply(3355748884365658300),44.756094
matmul_3584x1024x4096,main,jit_validation_matrix_multiply(3355748884365658300),44.615
matmul_3584x1024x4096,sub,copy-start,0.012422
matmul_3584x1024x4096,sub,copy-done,20.59375
matmul_3584x1024x4096,sub,fusion,44.800078
matmul_3584x1024x4096,sub,copy-start,0.0125
matmul_3584x1024x4096,sub,copy-done,0.002578
matmul_3584x1024x4096,sub,fusion,44.73875
matmul_3584x1024x4096,sub,copy-start,0.0125
matmul_3584x1024x4096,sub,copy-done,0.002578
matmul_3584x1024x4096,sub,fusion,44.801172
matmul_3584x1024x4096,sub,copy-start,0.012344
matmul_3584x1024x4096,sub,copy-done,0.00375
matmul_3584x1024x4096,sub,fusion,44.917656
matmul_3584x1024x4096,sub,copy-start,0.012344
matmul_3584x1024x4096,sub,copy-done,0.00375
matmul_3584x1024x4096,sub,fusion,44.70125
matmul_3584x1024x4096,sub,copy-start,0.011406
matmul_3584x1024x4096,sub,copy-done,0.00375
matmul_3584x1024x4096,sub,fusion,44.906406
matmul_3584x1024x4096,sub,copy-start,0.012422
matmul_3584x1024x4096,sub,copy-done,0.00375
matmul_3584x1024x4096,sub,fusion,44.797578
matmul_3584x1024x4096,sub,copy-start,0.012344
matmul_3584x1024x4096,sub,copy-done,0.002578
matmul_3584x1024x4096,sub,fusion,44.851094
matmul_3584x1024x4096,sub,copy-start,0.011328
matmul_3584x1024x4096,sub,copy-done,0.002656
matmul_3584x1024x4096,sub,fusion,44.733828
matmul_3584x1024x4096,sub,copy-start,0.0125
matmul_3584x1024x4096,sub,copy-done,0.003594
matmul_3584x1024x4096,sub,fusion,44.592578
matmul_3584x1536x1024,main,jit_validation_matrix_multiply(14004749555939918580),26.00375
matmul_3584x1536x1024,main,jit_validation_matrix_multiply(14004749555939918580),20.756094
matmul_3584x1536x1024,main,jit_validation_matrix_multiply(14004749555939918580),19.947578
matmul_3584x1536x1024,main,jit_validation_matrix_multiply(14004749555939918580),20.010078
matmul_3584x1536x1024,main,jit_validation_matrix_multiply(14004749555939918580),20.053672
matmul_3584x1536x1024,main,jit_validation_matrix_multiply(14004749555939918580),20.183594
matmul_3584x1536x1024,main,jit_validation_matrix_multiply(14004749555939918580),20.04
matmul_3584x1536x1024,main,jit_validation_matrix_multiply(14004749555939918580),20.142422
matmul_3584x1536x1024,main,jit_validation_matrix_multiply(14004749555939918580),20.12875
matmul_3584x1536x1024,main,jit_validation_matrix_multiply(14004749555939918580),20.256172
matmul_3584x1536x1024,sub,copy-start,0.011328
matmul_3584x1536x1024,sub,copy-done,5.623828
matmul_3584x1536x1024,sub,fusion,20.362422
matmul_3584x1536x1024,sub,copy-start,0.0125
matmul_3584x1536x1024,sub,copy-done,0.0025
matmul_3584x1536x1024,sub,fusion,20.735
matmul_3584x1536x1024,sub,copy-start,0.011328
matmul_3584x1536x1024,sub,copy-done,0.002578
matmul_3584x1536x1024,sub,fusion,19.9275
matmul_3584x1536x1024,sub,copy-start,0.011328
matmul_3584x1536x1024,sub,copy-done,0.002578
matmul_3584x1536x1024,sub,fusion,19.99
matmul_3584x1536x1024,sub,copy-start,0.011328
matmul_3584x1536x1024,sub,copy-done,0.003672
matmul_3584x1536x1024,sub,fusion,20.033594
matmul_3584x1536x1024,sub,copy-start,0.011406
matmul_3584x1536x1024,sub,copy-done,0.002656
matmul_3584x1536x1024,sub,fusion,20.161406
matmul_3584x1536x1024,sub,copy-start,0.0125
matmul_3584x1536x1024,sub,copy-done,0.0025
matmul_3584x1536x1024,sub,fusion,20.019922
matmul_3584x1536x1024,sub,copy-start,0.0125
matmul_3584x1536x1024,sub,copy-done,0.0025
matmul_3584x1536x1024,sub,fusion,20.122344
matmul_3584x1536x1024,sub,copy-start,0.0125
matmul_3584x1536x1024,sub,copy-done,0.003672
matmul_3584x1536x1024,sub,fusion,20.108672
matmul_3584x1536x1024,sub,copy-start,0.0125
matmul_3584x1536x1024,sub,copy-done,0.002578
matmul_3584x1536x1024,sub,fusion,20.235
matmul_3584x1536x1536,main,jit_validation_matrix_multiply(4681249764349533832),35.565
matmul_3584x1536x1536,main,jit_validation_matrix_multiply(4681249764349533832),27.455078
matmul_3584x1536x1536,main,jit_validation_matrix_multiply(4681249764349533832),27.473672
matmul_3584x1536x1536,main,jit_validation_matrix_multiply(4681249764349533832),27.5875
matmul_3584x1536x1536,main,jit_validation_matrix_multiply(4681249764349533832),27.610234
matmul_3584x1536x1536,main,jit_validation_matrix_multiply(4681249764349533832),27.601172
matmul_3584x1536x1536,main,jit_validation_matrix_multiply(4681249764349533832),27.545078
matmul_3584x1536x1536,main,jit_validation_matrix_multiply(4681249764349533832),27.452422
matmul_3584x1536x1536,main,jit_validation_matrix_multiply(4681249764349533832),27.392578
matmul_3584x1536x1536,main,jit_validation_matrix_multiply(4681249764349533832),27.425
matmul_3584x1536x1536,sub,copy-start,0.0125
matmul_3584x1536x1536,sub,copy-done,8.103828
matmul_3584x1536x1536,sub,fusion,27.4425
matmul_3584x1536x1536,sub,copy-start,0.0125
matmul_3584x1536x1536,sub,copy-done,0.002578
matmul_3584x1536x1536,sub,fusion,27.435
matmul_3584x1536x1536,sub,copy-start,0.0125
matmul_3584x1536x1536,sub,copy-done,0.003672
matmul_3584x1536x1536,sub,fusion,27.452422
matmul_3584x1536x1536,sub,copy-start,0.011328
matmul_3584x1536x1536,sub,copy-done,0.0025
matmul_3584x1536x1536,sub,fusion,27.56625
matmul_3584x1536x1536,sub,copy-start,0.011328
matmul_3584x1536x1536,sub,copy-done,0.0025
matmul_3584x1536x1536,sub,fusion,27.590156
matmul_3584x1536x1536,sub,copy-start,0.011328
matmul_3584x1536x1536,sub,copy-done,0.002578
matmul_3584x1536x1536,sub,fusion,27.581094
matmul_3584x1536x1536,sub,copy-start,0.011328
matmul_3584x1536x1536,sub,copy-done,0.002578
matmul_3584x1536x1536,sub,fusion,27.525
matmul_3584x1536x1536,sub,copy-start,0.011328
matmul_3584x1536x1536,sub,copy-done,0.003594
matmul_3584x1536x1536,sub,fusion,27.431172
matmul_3584x1536x1536,sub,copy-start,0.012422
matmul_3584x1536x1536,sub,copy-done,0.003672
matmul_3584x1536x1536,sub,fusion,27.372422
matmul_3584x1536x1536,sub,copy-start,0.011328
matmul_3584x1536x1536,sub,copy-done,0.0025
matmul_3584x1536x1536,sub,fusion,27.40375
matmul_3584x1536x2048,main,jit_validation_matrix_multiply(4574765345194921364),45.9075
matmul_3584x1536x2048,main,jit_validation_matrix_multiply(4574765345194921364),35.70375
matmul_3584x1536x2048,main,jit_validation_matrix_multiply(4574765345194921364),35.3325
matmul_3584x1536x2048,main,jit_validation_matrix_multiply(4574765345194921364),35.385156
matmul_3584x1536x2048,main,jit_validation_matrix_multiply(4574765345194921364),35.457578
matmul_3584x1536x2048,main,jit_validation_matrix_multiply(4574765345194921364),35.21625
matmul_3584x1536x2048,main,jit_validation_matrix_multiply(4574765345194921364),35.326406
matmul_3584x1536x2048,main,jit_validation_matrix_multiply(4574765345194921364),35.522578
matmul_3584x1536x2048,main,jit_validation_matrix_multiply(4574765345194921364),35.553672
matmul_3584x1536x2048,main,jit_validation_matrix_multiply(4574765345194921364),35.511328
matmul_3584x1536x2048,sub,copy-start,0.012344
matmul_3584x1536x2048,sub,copy-done,10.67
matmul_3584x1536x2048,sub,fusion,35.22
matmul_3584x1536x2048,sub,copy-start,0.011406
matmul_3584x1536x2048,sub,copy-done,0.0025
matmul_3584x1536x2048,sub,fusion,35.6825
matmul_3584x1536x2048,sub,copy-start,0.0125
matmul_3584x1536x2048,sub,copy-done,0.002578
matmul_3584x1536x2048,sub,fusion,35.312344
matmul_3584x1536x2048,sub,copy-start,0.012422
matmul_3584x1536x2048,sub,copy-done,0.003672
matmul_3584x1536x2048,sub,fusion,35.365078
matmul_3584x1536x2048,sub,copy-start,0.012344
matmul_3584x1536x2048,sub,copy-done,0.0025
matmul_3584x1536x2048,sub,fusion,35.4375
matmul_3584x1536x2048,sub,copy-start,0.0125
matmul_3584x1536x2048,sub,copy-done,0.003672
matmul_3584x1536x2048,sub,fusion,35.196172
matmul_3584x1536x2048,sub,copy-start,0.011328
matmul_3584x1536x2048,sub,copy-done,0.002578
matmul_3584x1536x2048,sub,fusion,35.306328
matmul_3584x1536x2048,sub,copy-start,0.011328
matmul_3584x1536x2048,sub,copy-done,0.003594
matmul_3584x1536x2048,sub,fusion,35.5025
matmul_3584x1536x2048,sub,copy-start,0.011328
matmul_3584x1536x2048,sub,copy-done,0.002578
matmul_3584x1536x2048,sub,fusion,35.533594
matmul_3584x1536x2048,sub,copy-start,0.0125
matmul_3584x1536x2048,sub,copy-done,0.0025
matmul_3584x1536x2048,sub,fusion,35.49125
matmul_3584x1536x2560,main,jit_validation_matrix_multiply(10791149835504027343),54.185156
matmul_3584x1536x2560,main,jit_validation_matrix_multiply(10791149835504027343),41.373828
matmul_3584x1536x2560,main,jit_validation_matrix_multiply(10791149835504027343),41.531172
matmul_3584x1536x2560,main,jit_validation_matrix_multiply(10791149835504027343),41.55875
matmul_3584x1536x2560,main,jit_validation_matrix_multiply(10791149835504027343),41.597344
matmul_3584x1536x2560,main,jit_validation_matrix_multiply(10791149835504027343),41.266172
matmul_3584x1536x2560,main,jit_validation_matrix_multiply(10791149835504027343),41.47625
matmul_3584x1536x2560,main,jit_validation_matrix_multiply(10791149835504027343),41.623594
matmul_3584x1536x2560,main,jit_validation_matrix_multiply(10791149835504027343),41.50875
matmul_3584x1536x2560,main,jit_validation_matrix_multiply(10791149835504027343),41.042344
matmul_3584x1536x2560,sub,copy-start,0.012422
matmul_3584x1536x2560,sub,copy-done,13.137422
matmul_3584x1536x2560,sub,fusion,41.03125
matmul_3584x1536x2560,sub,copy-start,0.0125
matmul_3584x1536x2560,sub,copy-done,0.00375
matmul_3584x1536x2560,sub,fusion,41.353672
matmul_3584x1536x2560,sub,copy-start,0.011328
matmul_3584x1536x2560,sub,copy-done,0.002656
matmul_3584x1536x2560,sub,fusion,41.51
matmul_3584x1536x2560,sub,copy-start,0.011328
matmul_3584x1536x2560,sub,copy-done,0.00375
matmul_3584x1536x2560,sub,fusion,41.536328
matmul_3584x1536x2560,sub,copy-start,0.0125
matmul_3584x1536x2560,sub,copy-done,0.002656
matmul_3584x1536x2560,sub,fusion,41.575078
matmul_3584x1536x2560,sub,copy-start,0.012344
matmul_3584x1536x2560,sub,copy-done,0.00375
matmul_3584x1536x2560,sub,fusion,41.24375
matmul_3584x1536x2560,sub,copy-start,0.012422
matmul_3584x1536x2560,sub,copy-done,0.002578
matmul_3584x1536x2560,sub,fusion,41.456094
matmul_3584x1536x2560,sub,copy-start,0.0125
matmul_3584x1536x2560,sub,copy-done,0.002578
matmul_3584x1536x2560,sub,fusion,41.601328
matmul_3584x1536x2560,sub,copy-start,0.012344
matmul_3584x1536x2560,sub,copy-done,0.00375
matmul_3584x1536x2560,sub,fusion,41.488594
matmul_3584x1536x2560,sub,copy-start,0.011328
matmul_3584x1536x2560,sub,copy-done,0.002656
matmul_3584x1536x2560,sub,fusion,41.020078
matmul_3584x1536x3072,main,jit_validation_matrix_multiply(12899280090512317105),63.553672
matmul_3584x1536x3072,main,jit_validation_matrix_multiply(12899280090512317105),47.896094
matmul_3584x1536x3072,main,jit_validation_matrix_multiply(12899280090512317105),48.0425
matmul_3584x1536x3072,main,jit_validation_matrix_multiply(12899280090512317105),48.05125
matmul_3584x1536x3072,main,jit_validation_matrix_multiply(12899280090512317105),48.065156
matmul_3584x1536x3072,main,jit_validation_matrix_multiply(12899280090512317105),47.7675
matmul_3584x1536x3072,main,jit_validation_matrix_multiply(12899280090512317105),48.09625
matmul_3584x1536x3072,main,jit_validation_matrix_multiply(12899280090512317105),47.911172
matmul_3584x1536x3072,main,jit_validation_matrix_multiply(12899280090512317105),47.81125
matmul_3584x1536x3072,main,jit_validation_matrix_multiply(12899280090512317105),47.88875
matmul_3584x1536x3072,sub,copy-start,0.012422
matmul_3584x1536x3072,sub,copy-done,15.603672
matmul_3584x1536x3072,sub,fusion,47.932422
matmul_3584x1536x3072,sub,copy-start,0.011328
matmul_3584x1536x3072,sub,copy-done,0.002656
matmul_3584x1536x3072,sub,fusion,47.873984
matmul_3584x1536x3072,sub,copy-start,0.011328
matmul_3584x1536x3072,sub,copy-done,0.00375
matmul_3584x1536x3072,sub,fusion,48.02125
matmul_3584x1536x3072,sub,copy-start,0.012422
matmul_3584x1536x3072,sub,copy-done,0.002578
matmul_3584x1536x3072,sub,fusion,48.031094
matmul_3584x1536x3072,sub,copy-start,0.012422
matmul_3584x1536x3072,sub,copy-done,0.00375
matmul_3584x1536x3072,sub,fusion,48.045
matmul_3584x1536x3072,sub,copy-start,0.011328
matmul_3584x1536x3072,sub,copy-done,0.00375
matmul_3584x1536x3072,sub,fusion,47.746406
matmul_3584x1536x3072,sub,copy-start,0.011328
matmul_3584x1536x3072,sub,copy-done,0.00375
matmul_3584x1536x3072,sub,fusion,48.075078
matmul_3584x1536x3072,sub,copy-start,0.0125
matmul_3584x1536x3072,sub,copy-done,0.002578
matmul_3584x1536x3072,sub,fusion,47.89
matmul_3584x1536x3072,sub,copy-start,0.012422
matmul_3584x1536x3072,sub,copy-done,0.003672
matmul_3584x1536x3072,sub,fusion,47.789922
matmul_3584x1536x3072,sub,copy-start,0.0125
matmul_3584x1536x3072,sub,copy-done,0.003594
matmul_3584x1536x3072,sub,fusion,47.866406
matmul_3584x1536x3584,main,jit_validation_matrix_multiply(8154025588133334941),73.762422
matmul_3584x1536x3584,main,jit_validation_matrix_multiply(8154025588133334941),56.02
matmul_3584x1536x3584,main,jit_validation_matrix_multiply(8154025588133334941),55.751328
matmul_3584x1536x3584,main,jit_validation_matrix_multiply(8154025588133334941),55.87875
matmul_3584x1536x3584,main,jit_validation_matrix_multiply(8154025588133334941),55.918672
matmul_3584x1536x3584,main,jit_validation_matrix_multiply(8154025588133334941),55.74
matmul_3584x1536x3584,main,jit_validation_matrix_multiply(8154025588133334941),56.212344
matmul_3584x1536x3584,main,jit_validation_matrix_multiply(8154025588133334941),55.988828
matmul_3584x1536x3584,main,jit_validation_matrix_multiply(8154025588133334941),55.901328
matmul_3584x1536x3584,main,jit_validation_matrix_multiply(8154025588133334941),55.636406
matmul_3584x1536x3584,sub,copy-start,0.0125
matmul_3584x1536x3584,sub,copy-done,18.022578
matmul_3584x1536x3584,sub,fusion,55.72125
matmul_3584x1536x3584,sub,copy-start,0.012344
matmul_3584x1536x3584,sub,copy-done,0.002578
matmul_3584x1536x3584,sub,fusion,55.999844
matmul_3584x1536x3584,sub,copy-start,0.011328
matmul_3584x1536x3584,sub,copy-done,0.00375
matmul_3584x1536x3584,sub,fusion,55.730156
matmul_3584x1536x3584,sub,copy-start,0.011328
matmul_3584x1536x3584,sub,copy-done,0.003594
matmul_3584x1536x3584,sub,fusion,55.85625
matmul_3584x1536x3584,sub,copy-start,0.0125
matmul_3584x1536x3584,sub,copy-done,0.00375
matmul_3584x1536x3584,sub,fusion,55.897422
matmul_3584x1536x3584,sub,copy-start,0.011328
matmul_3584x1536x3584,sub,copy-done,0.00375
matmul_3584x1536x3584,sub,fusion,55.718828
matmul_3584x1536x3584,sub,copy-start,0.011328
matmul_3584x1536x3584,sub,copy-done,0.002656
matmul_3584x1536x3584,sub,fusion,56.19
matmul_3584x1536x3584,sub,copy-start,0.011328
matmul_3584x1536x3584,sub,copy-done,0.00375
matmul_3584x1536x3584,sub,fusion,55.9675
matmul_3584x1536x3584,sub,copy-start,0.011406
matmul_3584x1536x3584,sub,copy-done,0.00375
matmul_3584x1536x3584,sub,fusion,55.88
matmul_3584x1536x3584,sub,copy-start,0.012422
matmul_3584x1536x3584,sub,copy-done,0.003672
matmul_3584x1536x3584,sub,fusion,55.61625
matmul_3584x1536x4096,main,jit_validation_matrix_multiply(13744611739079235569),85.558594
matmul_3584x1536x4096,main,jit_validation_matrix_multiply(13744611739079235569),65.196172
matmul_3584x1536x4096,main,jit_validation_matrix_multiply(13744611739079235569),65.203828
matmul_3584x1536x4096,main,jit_validation_matrix_multiply(13744611739079235569),64.98125
matmul_3584x1536x4096,main,jit_validation_matrix_multiply(13744611739079235569),64.957422
matmul_3584x1536x4096,main,jit_validation_matrix_multiply(13744611739079235569),65.24125
matmul_3584x1536x4096,main,jit_validation_matrix_multiply(13744611739079235569),64.8975
matmul_3584x1536x4096,main,jit_validation_matrix_multiply(13744611739079235569),65.300156
matmul_3584x1536x4096,main,jit_validation_matrix_multiply(13744611739079235569),65.137656
matmul_3584x1536x4096,main,jit_validation_matrix_multiply(13744611739079235569),65.232344
matmul_3584x1536x4096,sub,copy-start,0.0125
matmul_3584x1536x4096,sub,copy-done,20.591406
matmul_3584x1536x4096,sub,fusion,64.947656
matmul_3584x1536x4096,sub,copy-start,0.012344
matmul_3584x1536x4096,sub,copy-done,0.002578
matmul_3584x1536x4096,sub,fusion,65.175
matmul_3584x1536x4096,sub,copy-start,0.011328
matmul_3584x1536x4096,sub,copy-done,0.003594
matmul_3584x1536x4096,sub,fusion,65.1825
matmul_3584x1536x4096,sub,copy-start,0.0125
matmul_3584x1536x4096,sub,copy-done,0.003594
matmul_3584x1536x4096,sub,fusion,64.95875
matmul_3584x1536x4096,sub,copy-start,0.011406
matmul_3584x1536x4096,sub,copy-done,0.002578
matmul_3584x1536x4096,sub,fusion,64.935234
matmul_3584x1536x4096,sub,copy-start,0.011328
matmul_3584x1536x4096,sub,copy-done,0.00375
matmul_3584x1536x4096,sub,fusion,65.218828
matmul_3584x1536x4096,sub,copy-start,0.011328
matmul_3584x1536x4096,sub,copy-done,0.00375
matmul_3584x1536x4096,sub,fusion,64.87625
matmul_3584x1536x4096,sub,copy-start,0.0125
matmul_3584x1536x4096,sub,copy-done,0.003672
matmul_3584x1536x4096,sub,fusion,65.28
matmul_3584x1536x4096,sub,copy-start,0.0125
matmul_3584x1536x4096,sub,copy-done,0.00375
matmul_3584x1536x4096,sub,fusion,65.117422
matmul_3584x1536x4096,sub,copy-start,0.011328
matmul_3584x1536x4096,sub,copy-done,0.00375
matmul_3584x1536x4096,sub,fusion,65.210156
matmul_3584x2048x1024,main,jit_validation_matrix_multiply(5129792380675975582),31.15
matmul_3584x2048x1024,main,jit_validation_matrix_multiply(5129792380675975582),25.6525
matmul_3584x2048x1024,main,jit_validation_matrix_multiply(5129792380675975582),25.788828
matmul_3584x2048x1024,main,jit_validation_matrix_multiply(5129792380675975582),25.993828
matmul_3584x2048x1024,main,jit_validation_matrix_multiply(5129792380675975582),25.688828
matmul_3584x2048x1024,main,jit_validation_matrix_multiply(5129792380675975582),25.681328
matmul_3584x2048x1024,main,jit_validation_matrix_multiply(5129792380675975582),25.62375
matmul_3584x2048x1024,main,jit_validation_matrix_multiply(5129792380675975582),25.545078
matmul_3584x2048x1024,main,jit_validation_matrix_multiply(5129792380675975582),25.437578
matmul_3584x2048x1024,main,jit_validation_matrix_multiply(5129792380675975582),25.633828
matmul_3584x2048x1024,sub,copy-start,0.0125
matmul_3584x2048x1024,sub,copy-done,5.636172
matmul_3584x2048x1024,sub,fusion,25.495
matmul_3584x2048x1024,sub,copy-start,0.011406
matmul_3584x2048x1024,sub,copy-done,0.003516
matmul_3584x2048x1024,sub,fusion,25.632422
matmul_3584x2048x1024,sub,copy-start,0.011328
matmul_3584x2048x1024,sub,copy-done,0.002656
matmul_3584x2048x1024,sub,fusion,25.76875
matmul_3584x2048x1024,sub,copy-start,0.011328
matmul_3584x2048x1024,sub,copy-done,0.0025
matmul_3584x2048x1024,sub,fusion,25.97375
matmul_3584x2048x1024,sub,copy-start,0.011328
matmul_3584x2048x1024,sub,copy-done,0.002578
matmul_3584x2048x1024,sub,fusion,25.66875
matmul_3584x2048x1024,sub,copy-start,0.012344
matmul_3584x2048x1024,sub,copy-done,0.0025
matmul_3584x2048x1024,sub,fusion,25.66125
matmul_3584x2048x1024,sub,copy-start,0.011406
matmul_3584x2048x1024,sub,copy-done,0.0025
matmul_3584x2048x1024,sub,fusion,25.6025
matmul_3584x2048x1024,sub,copy-start,0.011328
matmul_3584x2048x1024,sub,copy-done,0.002578
matmul_3584x2048x1024,sub,fusion,25.525
matmul_3584x2048x1024,sub,copy-start,0.0125
matmul_3584x2048x1024,sub,copy-done,0.0025
matmul_3584x2048x1024,sub,fusion,25.4175
matmul_3584x2048x1024,sub,copy-start,0.0125
matmul_3584x2048x1024,sub,copy-done,0.0025
matmul_3584x2048x1024,sub,fusion,25.61375
matmul_3584x2048x1536,main,jit_validation_matrix_multiply(14081093393432258443),43.951328
matmul_3584x2048x1536,main,jit_validation_matrix_multiply(14081093393432258443),35.98
matmul_3584x2048x1536,main,jit_validation_matrix_multiply(14081093393432258443),36.010078
matmul_3584x2048x1536,main,jit_validation_matrix_multiply(14081093393432258443),35.94125
matmul_3584x2048x1536,main,jit_validation_matrix_multiply(14081093393432258443),35.918672
matmul_3584x2048x1536,main,jit_validation_matrix_multiply(14081093393432258443),35.785156
matmul_3584x2048x1536,main,jit_validation_matrix_multiply(14081093393432258443),35.867344
matmul_3584x2048x1536,main,jit_validation_matrix_multiply(14081093393432258443),35.93625
matmul_3584x2048x1536,main,jit_validation_matrix_multiply(14081093393432258443),35.932422
matmul_3584x2048x1536,main,jit_validation_matrix_multiply(14081093393432258443),35.891328
matmul_3584x2048x1536,sub,copy-start,0.0125
matmul_3584x2048x1536,sub,copy-done,8.008672
matmul_3584x2048x1536,sub,fusion,35.926172
matmul_3584x2048x1536,sub,copy-start,0.0125
matmul_3584x2048x1536,sub,copy-done,0.0025
matmul_3584x2048x1536,sub,fusion,35.959922
matmul_3584x2048x1536,sub,copy-start,0.011328
matmul_3584x2048x1536,sub,copy-done,0.002656
matmul_3584x2048x1536,sub,fusion,35.99
matmul_3584x2048x1536,sub,copy-start,0.0125
matmul_3584x2048x1536,sub,copy-done,0.002578
matmul_3584x2048x1536,sub,fusion,35.921094
matmul_3584x2048x1536,sub,copy-start,0.0125
matmul_3584x2048x1536,sub,copy-done,0.0025
matmul_3584x2048x1536,sub,fusion,35.898594
matmul_3584x2048x1536,sub,copy-start,0.0125
matmul_3584x2048x1536,sub,copy-done,0.003672
matmul_3584x2048x1536,sub,fusion,35.765
matmul_3584x2048x1536,sub,copy-start,0.011328
matmul_3584x2048x1536,sub,copy-done,0.002578
matmul_3584x2048x1536,sub,fusion,35.846172
matmul_3584x2048x1536,sub,copy-start,0.011328
matmul_3584x2048x1536,sub,copy-done,0.003594
matmul_3584x2048x1536,sub,fusion,35.916172
matmul_3584x2048x1536,sub,copy-start,0.0125
matmul_3584x2048x1536,sub,copy-done,0.0025
matmul_3584x2048x1536,sub,fusion,35.912344
matmul_3584x2048x1536,sub,copy-start,0.012344
matmul_3584x2048x1536,sub,copy-done,0.002578
matmul_3584x2048x1536,sub,fusion,35.87125
matmul_3584x2048x2048,main,jit_validation_matrix_multiply(11529556677339282108),54.696172
matmul_3584x2048x2048,main,jit_validation_matrix_multiply(11529556677339282108),43.962578
matmul_3584x2048x2048,main,jit_validation_matrix_multiply(11529556677339282108),44.02375
matmul_3584x2048x2048,main,jit_validation_matrix_multiply(11529556677339282108),43.809844
matmul_3584x2048x2048,main,jit_validation_matrix_multiply(11529556677339282108),43.93
matmul_3584x2048x2048,main,jit_validation_matrix_multiply(11529556677339282108),44.01625
matmul_3584x2048x2048,main,jit_validation_matrix_multiply(11529556677339282108),43.891406
matmul_3584x2048x2048,main,jit_validation_matrix_multiply(11529556677339282108),44.299922
matmul_3584x2048x2048,main,jit_validation_matrix_multiply(11529556677339282108),43.877656
matmul_3584x2048x2048,main,jit_validation_matrix_multiply(11529556677339282108),44.014922
matmul_3584x2048x2048,sub,copy-start,0.0125
matmul_3584x2048x2048,sub,copy-done,10.697578
matmul_3584x2048x2048,sub,fusion,43.980078
matmul_3584x2048x2048,sub,copy-start,0.0125
matmul_3584x2048x2048,sub,copy-done,0.0025
matmul_3584x2048x2048,sub,fusion,43.9425
matmul_3584x2048x2048,sub,copy-start,0.012422
matmul_3584x2048x2048,sub,copy-done,0.002578
matmul_3584x2048x2048,sub,fusion,44.002656
matmul_3584x2048x2048,sub,copy-start,0.0125
matmul_3584x2048x2048,sub,copy-done,0.0025
matmul_3584x2048x2048,sub,fusion,43.78875
matmul_3584x2048x2048,sub,copy-start,0.0125
matmul_3584x2048x2048,sub,copy-done,0.003672
matmul_3584x2048x2048,sub,fusion,43.908906
matmul_3584x2048x2048,sub,copy-start,0.011328
matmul_3584x2048x2048,sub,copy-done,0.003672
matmul_3584x2048x2048,sub,fusion,43.996172
matmul_3584x2048x2048,sub,copy-start,0.0125
matmul_3584x2048x2048,sub,copy-done,0.002578
matmul_3584x2048x2048,sub,fusion,43.871328
matmul_3584x2048x2048,sub,copy-start,0.0125
matmul_3584x2048x2048,sub,copy-done,0.003594
matmul_3584x2048x2048,sub,fusion,44.27875
matmul_3584x2048x2048,sub,copy-start,0.011406
matmul_3584x2048x2048,sub,copy-done,0.002578
matmul_3584x2048x2048,sub,fusion,43.857578
matmul_3584x2048x2048,sub,copy-start,0.0125
matmul_3584x2048x2048,sub,copy-done,0.003672
matmul_3584x2048x2048,sub,fusion,43.99375
matmul_3584x2048x2560,main,jit_validation_matrix_multiply(120609515224369713),70.328594
matmul_3584x2048x2560,main,jit_validation_matrix_multiply(120609515224369713),57.627578
matmul_3584x2048x2560,main,jit_validation_matrix_multiply(120609515224369713),57.445078
matmul_3584x2048x2560,main,jit_validation_matrix_multiply(120609515224369713),57.630156
matmul_3584x2048x2560,main,jit_validation_matrix_multiply(120609515224369713),57.905078
matmul_3584x2048x2560,main,jit_validation_matrix_multiply(120609515224369713),57.48
matmul_3584x2048x2560,main,jit_validation_matrix_multiply(120609515224369713),57.733672
matmul_3584x2048x2560,main,jit_validation_matrix_multiply(120609515224369713),57.71
matmul_3584x2048x2560,main,jit_validation_matrix_multiply(120609515224369713),57.568906
matmul_3584x2048x2560,main,jit_validation_matrix_multiply(120609515224369713),57.811328
matmul_3584x2048x2560,sub,copy-start,0.0125
matmul_3584x2048x2560,sub,copy-done,13.171328
matmul_3584x2048x2560,sub,fusion,57.137578
matmul_3584x2048x2560,sub,copy-start,0.0125
matmul_3584x2048x2560,sub,copy-done,0.003594
matmul_3584x2048x2560,sub,fusion,57.60625
matmul_3584x2048x2560,sub,copy-start,0.0125
matmul_3584x2048x2560,sub,copy-done,0.00375
matmul_3584x2048x2560,sub,fusion,57.424922
matmul_3584x2048x2560,sub,copy-start,0.011406
matmul_3584x2048x2560,sub,copy-done,0.00375
matmul_3584x2048x2560,sub,fusion,57.61
matmul_3584x2048x2560,sub,copy-start,0.0125
matmul_3584x2048x2560,sub,copy-done,0.00375
matmul_3584x2048x2560,sub,fusion,57.883828
matmul_3584x2048x2560,sub,copy-start,0.0125
matmul_3584x2048x2560,sub,copy-done,0.002578
matmul_3584x2048x2560,sub,fusion,57.458828
matmul_3584x2048x2560,sub,copy-start,0.0125
matmul_3584x2048x2560,sub,copy-done,0.002656
matmul_3584x2048x2560,sub,fusion,57.712344
matmul_3584x2048x2560,sub,copy-start,0.011406
matmul_3584x2048x2560,sub,copy-done,0.00375
matmul_3584x2048x2560,sub,fusion,57.688828
matmul_3584x2048x2560,sub,copy-start,0.011328
matmul_3584x2048x2560,sub,copy-done,0.00375
matmul_3584x2048x2560,sub,fusion,57.54875
matmul_3584x2048x2560,sub,copy-start,0.012422
matmul_3584x2048x2560,sub,copy-done,0.00375
matmul_3584x2048x2560,sub,fusion,57.791172
matmul_3584x2048x3072,main,jit_validation_matrix_multiply(15279131014652224017),78.0525
matmul_3584x2048x3072,main,jit_validation_matrix_multiply(15279131014652224017),62.69375
matmul_3584x2048x3072,main,jit_validation_matrix_multiply(15279131014652224017),62.231172
matmul_3584x2048x3072,main,jit_validation_matrix_multiply(15279131014652224017),62.599844
matmul_3584x2048x3072,main,jit_validation_matrix_multiply(15279131014652224017),62.211406
matmul_3584x2048x3072,main,jit_validation_matrix_multiply(15279131014652224017),62.314844
matmul_3584x2048x3072,main,jit_validation_matrix_multiply(15279131014652224017),62.376172
matmul_3584x2048x3072,main,jit_validation_matrix_multiply(15279131014652224017),62.24625
matmul_3584x2048x3072,main,jit_validation_matrix_multiply(15279131014652224017),62.355156
matmul_3584x2048x3072,main,jit_validation_matrix_multiply(15279131014652224017),62.224844
matmul_3584x2048x3072,sub,copy-start,0.0125
matmul_3584x2048x3072,sub,copy-done,15.88625
matmul_3584x2048x3072,sub,fusion,62.147578
matmul_3584x2048x3072,sub,copy-start,0.011328
matmul_3584x2048x3072,sub,copy-done,0.00375
matmul_3584x2048x3072,sub,fusion,62.672656
matmul_3584x2048x3072,sub,copy-start,0.0125
matmul_3584x2048x3072,sub,copy-done,0.002578
matmul_3584x2048x3072,sub,fusion,62.209922
matmul_3584x2048x3072,sub,copy-start,0.011328
matmul_3584x2048x3072,sub,copy-done,0.00375
matmul_3584x2048x3072,sub,fusion,62.577578
matmul_3584x2048x3072,sub,copy-start,0.012422
matmul_3584x2048x3072,sub,copy-done,0.00375
matmul_3584x2048x3072,sub,fusion,62.19125
matmul_3584x2048x3072,sub,copy-start,0.011328
matmul_3584x2048x3072,sub,copy-done,0.00375
matmul_3584x2048x3072,sub,fusion,62.292734
matmul_3584x2048x3072,sub,copy-start,0.0125
matmul_3584x2048x3072,sub,copy-done,0.00375
matmul_3584x2048x3072,sub,fusion,62.354844
matmul_3584x2048x3072,sub,copy-start,0.011328
matmul_3584x2048x3072,sub,copy-done,0.00375
matmul_3584x2048x3072,sub,fusion,62.223828
matmul_3584x2048x3072,sub,copy-start,0.011406
matmul_3584x2048x3072,sub,copy-done,0.00375
matmul_3584x2048x3072,sub,fusion,62.335
matmul_3584x2048x3072,sub,copy-start,0.0125
matmul_3584x2048x3072,sub,copy-done,0.002578
matmul_3584x2048x3072,sub,fusion,62.2025
matmul_3584x2048x3584,main,jit_validation_matrix_multiply(1158449882427556693),91.028594
matmul_3584x2048x3584,main,jit_validation_matrix_multiply(1158449882427556693),72.637578
matmul_3584x2048x3584,main,jit_validation_matrix_multiply(1158449882427556693),72.703828
matmul_3584x2048x3584,main,jit_validation_matrix_multiply(1158449882427556693),72.761406
matmul_3584x2048x3584,main,jit_validation_matrix_multiply(1158449882427556693),72.726094
matmul_3584x2048x3584,main,jit_validation_matrix_multiply(1158449882427556693),72.513828
matmul_3584x2048x3584,main,jit_validation_matrix_multiply(1158449882427556693),73.071172
matmul_3584x2048x3584,main,jit_validation_matrix_multiply(1158449882427556693),73.072422
matmul_3584x2048x3584,main,jit_validation_matrix_multiply(1158449882427556693),72.427422
matmul_3584x2048x3584,main,jit_validation_matrix_multiply(1158449882427556693),72.905156
matmul_3584x2048x3584,sub,copy-start,0.011406
matmul_3584x2048x3584,sub,copy-done,18.053906
matmul_3584x2048x3584,sub,fusion,72.955156
matmul_3584x2048x3584,sub,copy-start,0.012422
matmul_3584x2048x3584,sub,copy-done,0.00375
matmul_3584x2048x3584,sub,fusion,72.617344
matmul_3584x2048x3584,sub,copy-start,0.011328
matmul_3584x2048x3584,sub,copy-done,0.00375
matmul_3584x2048x3584,sub,fusion,72.6825
matmul_3584x2048x3584,sub,copy-start,0.0125
matmul_3584x2048x3584,sub,copy-done,0.003672
matmul_3584x2048x3584,sub,fusion,72.74125
matmul_3584x2048x3584,sub,copy-start,0.011328
matmul_3584x2048x3584,sub,copy-done,0.00375
matmul_3584x2048x3584,sub,fusion,72.703984
matmul_3584x2048x3584,sub,copy-start,0.0125
matmul_3584x2048x3584,sub,copy-done,0.00375
matmul_3584x2048x3584,sub,fusion,72.493672
matmul_3584x2048x3584,sub,copy-start,0.012344
matmul_3584x2048x3584,sub,copy-done,0.002578
matmul_3584x2048x3584,sub,fusion,73.049844
matmul_3584x2048x3584,sub,copy-start,0.0125
matmul_3584x2048x3584,sub,copy-done,0.002656
matmul_3584x2048x3584,sub,fusion,73.050234
matmul_3584x2048x3584,sub,copy-start,0.0125
matmul_3584x2048x3584,sub,copy-done,0.002578
matmul_3584x2048x3584,sub,fusion,72.405078
matmul_3584x2048x3584,sub,copy-start,0.012422
matmul_3584x2048x3584,sub,copy-done,0.00375
matmul_3584x2048x3584,sub,fusion,72.884922
matmul_3584x2048x4096,main,jit_validation_matrix_multiply(9722162873882981810),105.23
matmul_3584x2048x4096,main,jit_validation_matrix_multiply(9722162873882981810),85.417422
matmul_3584x2048x4096,main,jit_validation_matrix_multiply(9722162873882981810),84.51625
matmul_3584x2048x4096,main,jit_validation_matrix_multiply(9722162873882981810),85.45
matmul_3584x2048x4096,main,jit_validation_matrix_multiply(9722162873882981810),84.885
matmul_3584x2048x4096,main,jit_validation_matrix_multiply(9722162873882981810),86.124922
matmul_3584x2048x4096,main,jit_validation_matrix_multiply(9722162873882981810),84.7375
matmul_3584x2048x4096,main,jit_validation_matrix_multiply(9722162873882981810),86.1525
matmul_3584x2048x4096,main,jit_validation_matrix_multiply(9722162873882981810),85.110156
matmul_3584x2048x4096,main,jit_validation_matrix_multiply(9722162873882981810),85.261172
matmul_3584x2048x4096,sub,copy-start,0.011328
matmul_3584x2048x4096,sub,copy-done,20.73125
matmul_3584x2048x4096,sub,fusion,84.480234
matmul_3584x2048x4096,sub,copy-start,0.012344
matmul_3584x2048x4096,sub,copy-done,0.002578
matmul_3584x2048x4096,sub,fusion,85.396172
matmul_3584x2048x4096,sub,copy-start,0.012422
matmul_3584x2048x4096,sub,copy-done,0.003672
matmul_3584x2048x4096,sub,fusion,84.495
matmul_3584x2048x4096,sub,copy-start,0.0125
matmul_3584x2048x4096,sub,copy-done,0.00375
matmul_3584x2048x4096,sub,fusion,85.428594
matmul_3584x2048x4096,sub,copy-start,0.0125
matmul_3584x2048x4096,sub,copy-done,0.003594
matmul_3584x2048x4096,sub,fusion,84.8625
matmul_3584x2048x4096,sub,copy-start,0.012422
matmul_3584x2048x4096,sub,copy-done,0.00375
matmul_3584x2048x4096,sub,fusion,86.102656
matmul_3584x2048x4096,sub,copy-start,0.012344
matmul_3584x2048x4096,sub,copy-done,0.00375
matmul_3584x2048x4096,sub,fusion,84.71625
matmul_3584x2048x4096,sub,copy-start,0.012344
matmul_3584x2048x4096,sub,copy-done,0.00375
matmul_3584x2048x4096,sub,fusion,86.131406
matmul_3584x2048x4096,sub,copy-start,0.012422
matmul_3584x2048x4096,sub,copy-done,0.003672
matmul_3584x2048x4096,sub,fusion,85.09
matmul_3584x2048x4096,sub,copy-start,0.012422
matmul_3584x2048x4096,sub,copy-done,0.003672
matmul_3584x2048x4096,sub,fusion,85.238828
matmul_3584x2560x1024,main,jit_validation_matrix_multiply(11764736743458260211),36.82875
matmul_3584x2560x1024,main,jit_validation_matrix_multiply(11764736743458260211),31.216328
matmul_3584x2560x1024,main,jit_validation_matrix_multiply(11764736743458260211),31.12375
matmul_3584x2560x1024,main,jit_validation_matrix_multiply(11764736743458260211),31.02
matmul_3584x2560x1024,main,jit_validation_matrix_multiply(11764736743458260211),31.1925
matmul_3584x2560x1024,main,jit_validation_matrix_multiply(11764736743458260211),31.297656
matmul_3584x2560x1024,main,jit_validation_matrix_multiply(11764736743458260211),31.391172
matmul_3584x2560x1024,main,jit_validation_matrix_multiply(11764736743458260211),31.225156
matmul_3584x2560x1024,main,jit_validation_matrix_multiply(11764736743458260211),31.336328
matmul_3584x2560x1024,main,jit_validation_matrix_multiply(11764736743458260211),31.214844
matmul_3584x2560x1024,sub,copy-start,0.012344
matmul_3584x2560x1024,sub,copy-done,5.655156
matmul_3584x2560x1024,sub,fusion,31.155
matmul_3584x2560x1024,sub,copy-start,0.011328
matmul_3584x2560x1024,sub,copy-done,0.002578
matmul_3584x2560x1024,sub,fusion,31.19625
matmul_3584x2560x1024,sub,copy-start,0.011328
matmul_3584x2560x1024,sub,copy-done,0.002578
matmul_3584x2560x1024,sub,fusion,31.1025
matmul_3584x2560x1024,sub,copy-start,0.0125
matmul_3584x2560x1024,sub,copy-done,0.003672
matmul_3584x2560x1024,sub,fusion,30.999922
matmul_3584x2560x1024,sub,copy-start,0.011328
matmul_3584x2560x1024,sub,copy-done,0.003672
matmul_3584x2560x1024,sub,fusion,31.171094
matmul_3584x2560x1024,sub,copy-start,0.011328
matmul_3584x2560x1024,sub,copy-done,0.002578
matmul_3584x2560x1024,sub,fusion,31.277578
matmul_3584x2560x1024,sub,copy-start,0.011328
matmul_3584x2560x1024,sub,copy-done,0.003672
matmul_3584x2560x1024,sub,fusion,31.371094
matmul_3584x2560x1024,sub,copy-start,0.011328
matmul_3584x2560x1024,sub,copy-done,0.003594
matmul_3584x2560x1024,sub,fusion,31.205
matmul_3584x2560x1024,sub,copy-start,0.011328
matmul_3584x2560x1024,sub,copy-done,0.002578
matmul_3584x2560x1024,sub,fusion,31.31625
matmul_3584x2560x1024,sub,copy-start,0.011328
matmul_3584x2560x1024,sub,copy-done,0.002578
matmul_3584x2560x1024,sub,fusion,31.19375
matmul_3584x2560x1536,main,jit_validation_matrix_multiply(4702555691850756160),50.696172
matmul_3584x2560x1536,main,jit_validation_matrix_multiply(4702555691850756160),42.93875
matmul_3584x2560x1536,main,jit_validation_matrix_multiply(4702555691850756160),43.538906
matmul_3584x2560x1536,main,jit_validation_matrix_multiply(4702555691850756160),42.749922
matmul_3584x2560x1536,main,jit_validation_matrix_multiply(4702555691850756160),42.50125
matmul_3584x2560x1536,main,jit_validation_matrix_multiply(4702555691850756160),42.42
matmul_3584x2560x1536,main,jit_validation_matrix_multiply(4702555691850756160),43.36125
matmul_3584x2560x1536,main,jit_validation_matrix_multiply(4702555691850756160),42.80625
matmul_3584x2560x1536,main,jit_validation_matrix_multiply(4702555691850756160),42.8175
matmul_3584x2560x1536,main,jit_validation_matrix_multiply(4702555691850756160),42.620078
matmul_3584x2560x1536,sub,copy-start,0.0125
matmul_3584x2560x1536,sub,copy-done,8.05625
matmul_3584x2560x1536,sub,fusion,42.62125
matmul_3584x2560x1536,sub,copy-start,0.0125
matmul_3584x2560x1536,sub,copy-done,0.003672
matmul_3584x2560x1536,sub,fusion,42.917422
matmul_3584x2560x1536,sub,copy-start,0.011328
matmul_3584x2560x1536,sub,copy-done,0.0025
matmul_3584x2560x1536,sub,fusion,43.518828
matmul_3584x2560x1536,sub,copy-start,0.0125
matmul_3584x2560x1536,sub,copy-done,0.0025
matmul_3584x2560x1536,sub,fusion,42.728828
matmul_3584x2560x1536,sub,copy-start,0.011328
matmul_3584x2560x1536,sub,copy-done,0.002578
matmul_3584x2560x1536,sub,fusion,42.480156
matmul_3584x2560x1536,sub,copy-start,0.0125
matmul_3584x2560x1536,sub,copy-done,0.003672
matmul_3584x2560x1536,sub,fusion,42.39875
matmul_3584x2560x1536,sub,copy-start,0.012422
matmul_3584x2560x1536,sub,copy-done,0.002578
matmul_3584x2560x1536,sub,fusion,43.340078
matmul_3584x2560x1536,sub,copy-start,0.011328
matmul_3584x2560x1536,sub,copy-done,0.002656
matmul_3584x2560x1536,sub,fusion,42.785
matmul_3584x2560x1536,sub,copy-start,0.011328
matmul_3584x2560x1536,sub,copy-done,0.002578
matmul_3584x2560x1536,sub,fusion,42.797422
matmul_3584x2560x1536,sub,copy-start,0.0125
matmul_3584x2560x1536,sub,copy-done,0.003594
matmul_3584x2560x1536,sub,fusion,42.6
matmul_3584x2560x2048,main,jit_validation_matrix_multiply(17616993446483416362),69.32625
matmul_3584x2560x2048,main,jit_validation_matrix_multiply(17616993446483416362),58.7925
matmul_3584x2560x2048,main,jit_validation_matrix_multiply(17616993446483416362),58.159922
matmul_3584x2560x2048,main,jit_validation_matrix_multiply(17616993446483416362),58.233594
matmul_3584x2560x2048,main,jit_validation_matrix_multiply(17616993446483416362),58.222422
matmul_3584x2560x2048,main,jit_validation_matrix_multiply(17616993446483416362),58.128828
matmul_3584x2560x2048,main,jit_validation_matrix_multiply(17616993446483416362),58.448594
matmul_3584x2560x2048,main,jit_validation_matrix_multiply(17616993446483416362),58.144844
matmul_3584x2560x2048,main,jit_validation_matrix_multiply(17616993446483416362),58.3275
matmul_3584x2560x2048,main,jit_validation_matrix_multiply(17616993446483416362),57.706172
matmul_3584x2560x2048,sub,copy-start,0.0125
matmul_3584x2560x2048,sub,copy-done,10.573672
matmul_3584x2560x2048,sub,fusion,58.735
matmul_3584x2560x2048,sub,copy-start,0.011328
matmul_3584x2560x2048,sub,copy-done,0.0025
matmul_3584x2560x2048,sub,fusion,58.771328
matmul_3584x2560x2048,sub,copy-start,0.011328
matmul_3584x2560x2048,sub,copy-done,0.003594
matmul_3584x2560x2048,sub,fusion,58.138906
matmul_3584x2560x2048,sub,copy-start,0.011328
matmul_3584x2560x2048,sub,copy-done,0.003672
matmul_3584x2560x2048,sub,fusion,58.212422
matmul_3584x2560x2048,sub,copy-start,0.012344
matmul_3584x2560x2048,sub,copy-done,0.003672
matmul_3584x2560x2048,sub,fusion,58.201328
matmul_3584x2560x2048,sub,copy-start,0.011328
matmul_3584x2560x2048,sub,copy-done,0.002578
matmul_3584x2560x2048,sub,fusion,58.10875
matmul_3584x2560x2048,sub,copy-start,0.0125
matmul_3584x2560x2048,sub,copy-done,0.003672
matmul_3584x2560x2048,sub,fusion,58.42625
matmul_3584x2560x2048,sub,copy-start,0.0125
matmul_3584x2560x2048,sub,copy-done,0.0025
matmul_3584x2560x2048,sub,fusion,58.123672
matmul_3584x2560x2048,sub,copy-start,0.0125
matmul_3584x2560x2048,sub,copy-done,0.0025
matmul_3584x2560x2048,sub,fusion,58.30625
matmul_3584x2560x2048,sub,copy-start,0.0125
matmul_3584x2560x2048,sub,copy-done,0.0025
matmul_3584x2560x2048,sub,fusion,57.685156
matmul_3584x2560x2560,main,jit_validation_matrix_multiply(7623652379871821611),78.492656
matmul_3584x2560x2560,main,jit_validation_matrix_multiply(7623652379871821611),65.596172
matmul_3584x2560x2560,main,jit_validation_matrix_multiply(7623652379871821611),65.505078
matmul_3584x2560x2560,main,jit_validation_matrix_multiply(7623652379871821611),65.532422
matmul_3584x2560x2560,main,jit_validation_matrix_multiply(7623652379871821611),65.3575
matmul_3584x2560x2560,main,jit_validation_matrix_multiply(7623652379871821611),65.383672
matmul_3584x2560x2560,main,jit_validation_matrix_multiply(7623652379871821611),65.38875
matmul_3584x2560x2560,main,jit_validation_matrix_multiply(7623652379871821611),65.503672
matmul_3584x2560x2560,main,jit_validation_matrix_multiply(7623652379871821611),65.021172
matmul_3584x2560x2560,main,jit_validation_matrix_multiply(7623652379871821611),65.683672
matmul_3584x2560x2560,sub,copy-start,0.012422
matmul_3584x2560x2560,sub,copy-done,13.09875
matmul_3584x2560x2560,sub,fusion,65.376328
matmul_3584x2560x2560,sub,copy-start,0.0125
matmul_3584x2560x2560,sub,copy-done,0.00375
matmul_3584x2560x2560,sub,fusion,65.574922
matmul_3584x2560x2560,sub,copy-start,0.0125
matmul_3584x2560x2560,sub,copy-done,0.00375
matmul_3584x2560x2560,sub,fusion,65.483828
matmul_3584x2560x2560,sub,copy-start,0.012344
matmul_3584x2560x2560,sub,copy-done,0.00375
matmul_3584x2560x2560,sub,fusion,65.510078
matmul_3584x2560x2560,sub,copy-start,0.011328
matmul_3584x2560x2560,sub,copy-done,0.003672
matmul_3584x2560x2560,sub,fusion,65.335234
matmul_3584x2560x2560,sub,copy-start,0.012344
matmul_3584x2560x2560,sub,copy-done,0.00375
matmul_3584x2560x2560,sub,fusion,65.361328
matmul_3584x2560x2560,sub,copy-start,0.012422
matmul_3584x2560x2560,sub,copy-done,0.00375
matmul_3584x2560x2560,sub,fusion,65.36625
matmul_3584x2560x2560,sub,copy-start,0.0125
matmul_3584x2560x2560,sub,copy-done,0.002578
matmul_3584x2560x2560,sub,fusion,65.4825
matmul_3584x2560x2560,sub,copy-start,0.012422
matmul_3584x2560x2560,sub,copy-done,0.002656
matmul_3584x2560x2560,sub,fusion,64.998906
matmul_3584x2560x2560,sub,copy-start,0.0125
matmul_3584x2560x2560,sub,copy-done,0.00375
matmul_3584x2560x2560,sub,fusion,65.6625
matmul_3584x2560x3072,main,jit_validation_matrix_multiply(3901422654747889999),92.4275
matmul_3584x2560x3072,main,jit_validation_matrix_multiply(3901422654747889999),76.513594
matmul_3584x2560x3072,main,jit_validation_matrix_multiply(3901422654747889999),76.468672
matmul_3584x2560x3072,main,jit_validation_matrix_multiply(3901422654747889999),76.69625
matmul_3584x2560x3072,main,jit_validation_matrix_multiply(3901422654747889999),76.768828
matmul_3584x2560x3072,main,jit_validation_matrix_multiply(3901422654747889999),76.962344
matmul_3584x2560x3072,main,jit_validation_matrix_multiply(3901422654747889999),76.805
matmul_3584x2560x3072,main,jit_validation_matrix_multiply(3901422654747889999),76.580078
matmul_3584x2560x3072,main,jit_validation_matrix_multiply(3901422654747889999),76.61
matmul_3584x2560x3072,main,jit_validation_matrix_multiply(3901422654747889999),76.669844
matmul_3584x2560x3072,sub,copy-start,0.011328
matmul_3584x2560x3072,sub,copy-done,15.872344
matmul_3584x2560x3072,sub,fusion,76.5375
matmul_3584x2560x3072,sub,copy-start,0.0125
matmul_3584x2560x3072,sub,copy-done,0.002578
matmul_3584x2560x3072,sub,fusion,76.491328
matmul_3584x2560x3072,sub,copy-start,0.0125
matmul_3584x2560x3072,sub,copy-done,0.002578
matmul_3584x2560x3072,sub,fusion,76.447344
matmul_3584x2560x3072,sub,copy-start,0.0125
matmul_3584x2560x3072,sub,copy-done,0.00375
matmul_3584x2560x3072,sub,fusion,76.674922
matmul_3584x2560x3072,sub,copy-start,0.0125
matmul_3584x2560x3072,sub,copy-done,0.00375
matmul_3584x2560x3072,sub,fusion,76.748672
matmul_3584x2560x3072,sub,copy-start,0.011328
matmul_3584x2560x3072,sub,copy-done,0.00375
matmul_3584x2560x3072,sub,fusion,76.94
matmul_3584x2560x3072,sub,copy-start,0.0125
matmul_3584x2560x3072,sub,copy-done,0.00375
matmul_3584x2560x3072,sub,fusion,76.783672
matmul_3584x2560x3072,sub,copy-start,0.0125
matmul_3584x2560x3072,sub,copy-done,0.00375
matmul_3584x2560x3072,sub,fusion,76.559922
matmul_3584x2560x3072,sub,copy-start,0.011328
matmul_3584x2560x3072,sub,copy-done,0.003594
matmul_3584x2560x3072,sub,fusion,76.5875
matmul_3584x2560x3072,sub,copy-start,0.011328
matmul_3584x2560x3072,sub,copy-done,0.00375
matmul_3584x2560x3072,sub,fusion,76.6475
matmul_3584x2560x3584,main,jit_validation_matrix_multiply(8093319067537003889),107.371328
matmul_3584x2560x3584,main,jit_validation_matrix_multiply(8093319067537003889),89.620078
matmul_3584x2560x3584,main,jit_validation_matrix_multiply(8093319067537003889),89.590078
matmul_3584x2560x3584,main,jit_validation_matrix_multiply(8093319067537003889),90.026172
matmul_3584x2560x3584,main,jit_validation_matrix_multiply(8093319067537003889),89.56875
matmul_3584x2560x3584,main,jit_validation_matrix_multiply(8093319067537003889),89.731172
matmul_3584x2560x3584,main,jit_validation_matrix_multiply(8093319067537003889),89.6125
matmul_3584x2560x3584,main,jit_validation_matrix_multiply(8093319067537003889),89.74875
matmul_3584x2560x3584,main,jit_validation_matrix_multiply(8093319067537003889),89.518672
matmul_3584x2560x3584,main,jit_validation_matrix_multiply(8093319067537003889),89.524844
matmul_3584x2560x3584,sub,copy-start,0.012344
matmul_3584x2560x3584,sub,copy-done,18.06875
matmul_3584x2560x3584,sub,fusion,89.285078
matmul_3584x2560x3584,sub,copy-start,0.0125
matmul_3584x2560x3584,sub,copy-done,0.002578
matmul_3584x2560x3584,sub,fusion,89.599922
matmul_3584x2560x3584,sub,copy-start,0.012344
matmul_3584x2560x3584,sub,copy-done,0.00375
matmul_3584x2560x3584,sub,fusion,89.56875
matmul_3584x2560x3584,sub,copy-start,0.012344
matmul_3584x2560x3584,sub,copy-done,0.00375
matmul_3584x2560x3584,sub,fusion,90.003828
matmul_3584x2560x3584,sub,copy-start,0.0125
matmul_3584x2560x3584,sub,copy-done,0.002578
matmul_3584x2560x3584,sub,fusion,89.547578
matmul_3584x2560x3584,sub,copy-start,0.012422
matmul_3584x2560x3584,sub,copy-done,0.002656
matmul_3584x2560x3584,sub,fusion,89.708828
matmul_3584x2560x3584,sub,copy-start,0.0125
matmul_3584x2560x3584,sub,copy-done,0.002578
matmul_3584x2560x3584,sub,fusion,89.591328
matmul_3584x2560x3584,sub,copy-start,0.011328
matmul_3584x2560x3584,sub,copy-done,0.00375
matmul_3584x2560x3584,sub,fusion,89.7275
matmul_3584x2560x3584,sub,copy-start,0.012422
matmul_3584x2560x3584,sub,copy-done,0.00375
matmul_3584x2560x3584,sub,fusion,89.496328
matmul_3584x2560x3584,sub,copy-start,0.0125
matmul_3584x2560x3584,sub,copy-done,0.002578
matmul_3584x2560x3584,sub,fusion,89.502578
matmul_3584x2560x4096,main,jit_validation_matrix_multiply(454715465074644153),127.829844
matmul_3584x2560x4096,main,jit_validation_matrix_multiply(454715465074644153),105.843672
matmul_3584x2560x4096,main,jit_validation_matrix_multiply(454715465074644153),107.77625
matmul_3584x2560x4096,main,jit_validation_matrix_multiply(454715465074644153),106.614844
matmul_3584x2560x4096,main,jit_validation_matrix_multiply(454715465074644153),107.5
matmul_3584x2560x4096,main,jit_validation_matrix_multiply(454715465074644153),106.0875
matmul_3584x2560x4096,main,jit_validation_matrix_multiply(454715465074644153),107.427344
matmul_3584x2560x4096,main,jit_validation_matrix_multiply(454715465074644153),106.553672
matmul_3584x2560x4096,main,jit_validation_matrix_multiply(454715465074644153),108.1875
matmul_3584x2560x4096,main,jit_validation_matrix_multiply(454715465074644153),106.71375
matmul_3584x2560x4096,sub,copy-start,0.0125
matmul_3584x2560x4096,sub,copy-done,20.684922
matmul_3584x2560x4096,sub,fusion,107.125156
matmul_3584x2560x4096,sub,copy-start,0.012344
matmul_3584x2560x4096,sub,copy-done,0.00375
matmul_3584x2560x4096,sub,fusion,105.821328
matmul_3584x2560x4096,sub,copy-start,0.011328
matmul_3584x2560x4096,sub,copy-done,0.00375
matmul_3584x2560x4096,sub,fusion,107.754922
matmul_3584x2560x4096,sub,copy-start,0.011328
matmul_3584x2560x4096,sub,copy-done,0.003672
matmul_3584x2560x4096,sub,fusion,106.592656
matmul_3584x2560x4096,sub,copy-start,0.012422
matmul_3584x2560x4096,sub,copy-done,0.003672
matmul_3584x2560x4096,sub,fusion,107.477578
matmul_3584x2560x4096,sub,copy-start,0.011328
matmul_3584x2560x4096,sub,copy-done,0.00375
matmul_3584x2560x4096,sub,fusion,106.06625
matmul_3584x2560x4096,sub,copy-start,0.011328
matmul_3584x2560x4096,sub,copy-done,0.00375
matmul_3584x2560x4096,sub,fusion,107.405
matmul_3584x2560x4096,sub,copy-start,0.011328
matmul_3584x2560x4096,sub,copy-done,0.003672
matmul_3584x2560x4096,sub,fusion,106.53125
matmul_3584x2560x4096,sub,copy-start,0.012422
matmul_3584x2560x4096,sub,copy-done,0.003672
matmul_3584x2560x4096,sub,fusion,108.166172
matmul_3584x2560x4096,sub,copy-start,0.011328
matmul_3584x2560x4096,sub,copy-done,0.00375
matmul_3584x2560x4096,sub,fusion,106.692578
matmul_3584x3072x1024,main,jit_validation_matrix_multiply(276730157926539384),41.58875
matmul_3584x3072x1024,main,jit_validation_matrix_multiply(276730157926539384),36.04
matmul_3584x3072x1024,main,jit_validation_matrix_multiply(276730157926539384),36.21375
matmul_3584x3072x1024,main,jit_validation_matrix_multiply(276730157926539384),36.285078
matmul_3584x3072x1024,main,jit_validation_matrix_multiply(276730157926539384),36.498594
matmul_3584x3072x1024,main,jit_validation_matrix_multiply(276730157926539384),35.892422
matmul_3584x3072x1024,main,jit_validation_matrix_multiply(276730157926539384),36.141172
matmul_3584x3072x1024,main,jit_validation_matrix_multiply(276730157926539384),36.921328
matmul_3584x3072x1024,main,jit_validation_matrix_multiply(276730157926539384),36.9225
matmul_3584x3072x1024,main,jit_validation_matrix_multiply(276730157926539384),36.2775
matmul_3584x3072x1024,sub,copy-start,0.012344
matmul_3584x3072x1024,sub,copy-done,5.577578
matmul_3584x3072x1024,sub,fusion,35.993594
matmul_3584x3072x1024,sub,copy-start,0.011328
matmul_3584x3072x1024,sub,copy-done,0.0025
matmul_3584x3072x1024,sub,fusion,36.018984
matmul_3584x3072x1024,sub,copy-start,0.011328
matmul_3584x3072x1024,sub,copy-done,0.002578
matmul_3584x3072x1024,sub,fusion,36.192578
matmul_3584x3072x1024,sub,copy-start,0.011406
matmul_3584x3072x1024,sub,copy-done,0.0025
matmul_3584x3072x1024,sub,fusion,36.265
matmul_3584x3072x1024,sub,copy-start,0.0125
matmul_3584x3072x1024,sub,copy-done,0.003672
matmul_3584x3072x1024,sub,fusion,36.477422
matmul_3584x3072x1024,sub,copy-start,0.011328
matmul_3584x3072x1024,sub,copy-done,0.003594
matmul_3584x3072x1024,sub,fusion,35.87125
matmul_3584x3072x1024,sub,copy-start,0.0125
matmul_3584x3072x1024,sub,copy-done,0.003672
matmul_3584x3072x1024,sub,fusion,36.120078
matmul_3584x3072x1024,sub,copy-start,0.012344
matmul_3584x3072x1024,sub,copy-done,0.003672
matmul_3584x3072x1024,sub,fusion,36.90125
matmul_3584x3072x1024,sub,copy-start,0.011406
matmul_3584x3072x1024,sub,copy-done,0.0025
matmul_3584x3072x1024,sub,fusion,36.902422
matmul_3584x3072x1024,sub,copy-start,0.011328
matmul_3584x3072x1024,sub,copy-done,0.003594
matmul_3584x3072x1024,sub,fusion,36.257422
matmul_3584x3072x1536,main,jit_validation_matrix_multiply(5313472245689672658),55.51625
matmul_3584x3072x1536,main,jit_validation_matrix_multiply(5313472245689672658),47.301172
matmul_3584x3072x1536,main,jit_validation_matrix_multiply(5313472245689672658),47.321172
matmul_3584x3072x1536,main,jit_validation_matrix_multiply(5313472245689672658),47.34625
matmul_3584x3072x1536,main,jit_validation_matrix_multiply(5313472245689672658),47.3925
matmul_3584x3072x1536,main,jit_validation_matrix_multiply(5313472245689672658),47.09375
matmul_3584x3072x1536,main,jit_validation_matrix_multiply(5313472245689672658),47.786172
matmul_3584x3072x1536,main,jit_validation_matrix_multiply(5313472245689672658),47.21625
matmul_3584x3072x1536,main,jit_validation_matrix_multiply(5313472245689672658),47.438672
matmul_3584x3072x1536,main,jit_validation_matrix_multiply(5313472245689672658),47.467344
matmul_3584x3072x1536,sub,copy-start,0.012344
matmul_3584x3072x1536,sub,copy-done,8.286328
matmul_3584x3072x1536,sub,fusion,47.212422
matmul_3584x3072x1536,sub,copy-start,0.0125
matmul_3584x3072x1536,sub,copy-done,0.003594
matmul_3584x3072x1536,sub,fusion,47.279922
matmul_3584x3072x1536,sub,copy-start,0.012344
matmul_3584x3072x1536,sub,copy-done,0.0025
matmul_3584x3072x1536,sub,fusion,47.300078
matmul_3584x3072x1536,sub,copy-start,0.012344
matmul_3584x3072x1536,sub,copy-done,0.002578
matmul_3584x3072x1536,sub,fusion,47.325078
matmul_3584x3072x1536,sub,copy-start,0.011328
matmul_3584x3072x1536,sub,copy-done,0.003594
matmul_3584x3072x1536,sub,fusion,47.372422
matmul_3584x3072x1536,sub,copy-start,0.0125
matmul_3584x3072x1536,sub,copy-done,0.0025
matmul_3584x3072x1536,sub,fusion,47.072578
matmul_3584x3072x1536,sub,copy-start,0.012422
matmul_3584x3072x1536,sub,copy-done,0.0025
matmul_3584x3072x1536,sub,fusion,47.765
matmul_3584x3072x1536,sub,copy-start,0.011328
matmul_3584x3072x1536,sub,copy-done,0.0025
matmul_3584x3072x1536,sub,fusion,47.195078
matmul_3584x3072x1536,sub,copy-start,0.0125
matmul_3584x3072x1536,sub,copy-done,0.0025
matmul_3584x3072x1536,sub,fusion,47.4175
matmul_3584x3072x1536,sub,copy-start,0.0125
matmul_3584x3072x1536,sub,copy-done,0.003672
matmul_3584x3072x1536,sub,fusion,47.446094
matmul_3584x3072x2048,main,jit_validation_matrix_multiply(16706887954782619929),74.384922
matmul_3584x3072x2048,main,jit_validation_matrix_multiply(16706887954782619929),63.719844
matmul_3584x3072x2048,main,jit_validation_matrix_multiply(16706887954782619929),63.715
matmul_3584x3072x2048,main,jit_validation_matrix_multiply(16706887954782619929),63.887422
matmul_3584x3072x2048,main,jit_validation_matrix_multiply(16706887954782619929),63.824922
matmul_3584x3072x2048,main,jit_validation_matrix_multiply(16706887954782619929),63.7025
matmul_3584x3072x2048,main,jit_validation_matrix_multiply(16706887954782619929),63.931172
matmul_3584x3072x2048,main,jit_validation_matrix_multiply(16706887954782619929),63.95875
matmul_3584x3072x2048,main,jit_validation_matrix_multiply(16706887954782619929),63.761172
matmul_3584x3072x2048,main,jit_validation_matrix_multiply(16706887954782619929),63.561484
matmul_3584x3072x2048,sub,copy-start,0.0125
matmul_3584x3072x2048,sub,copy-done,10.622656
matmul_3584x3072x2048,sub,fusion,63.74375
matmul_3584x3072x2048,sub,copy-start,0.011328
matmul_3584x3072x2048,sub,copy-done,0.003672
matmul_3584x3072x2048,sub,fusion,63.698672
matmul_3584x3072x2048,sub,copy-start,0.011328
matmul_3584x3072x2048,sub,copy-done,0.0025
matmul_3584x3072x2048,sub,fusion,63.69375
matmul_3584x3072x2048,sub,copy-start,0.012422
matmul_3584x3072x2048,sub,copy-done,0.003672
matmul_3584x3072x2048,sub,fusion,63.86625
matmul_3584x3072x2048,sub,copy-start,0.0125
matmul_3584x3072x2048,sub,copy-done,0.003672
matmul_3584x3072x2048,sub,fusion,63.80375
matmul_3584x3072x2048,sub,copy-start,0.011328
matmul_3584x3072x2048,sub,copy-done,0.003594
matmul_3584x3072x2048,sub,fusion,63.682422
matmul_3584x3072x2048,sub,copy-start,0.012344
matmul_3584x3072x2048,sub,copy-done,0.0025
matmul_3584x3072x2048,sub,fusion,63.909922
matmul_3584x3072x2048,sub,copy-start,0.012422
matmul_3584x3072x2048,sub,copy-done,0.002578
matmul_3584x3072x2048,sub,fusion,63.937734
matmul_3584x3072x2048,sub,copy-start,0.011406
matmul_3584x3072x2048,sub,copy-done,0.0025
matmul_3584x3072x2048,sub,fusion,63.74
matmul_3584x3072x2048,sub,copy-start,0.011328
matmul_3584x3072x2048,sub,copy-done,0.0025
matmul_3584x3072x2048,sub,fusion,63.541406
matmul_3584x3072x2560,main,jit_validation_matrix_multiply(5643359296956370762),90.470078
matmul_3584x3072x2560,main,jit_validation_matrix_multiply(5643359296956370762),77.53875
matmul_3584x3072x2560,main,jit_validation_matrix_multiply(5643359296956370762),77.751172
matmul_3584x3072x2560,main,jit_validation_matrix_multiply(5643359296956370762),77.220156
matmul_3584x3072x2560,main,jit_validation_matrix_multiply(5643359296956370762),77.71875
matmul_3584x3072x2560,main,jit_validation_matrix_multiply(5643359296956370762),77.43375
matmul_3584x3072x2560,main,jit_validation_matrix_multiply(5643359296956370762),77.45125
matmul_3584x3072x2560,main,jit_validation_matrix_multiply(5643359296956370762),77.0825
matmul_3584x3072x2560,main,jit_validation_matrix_multiply(5643359296956370762),77.644844
matmul_3584x3072x2560,main,jit_validation_matrix_multiply(5643359296956370762),77.347578
matmul_3584x3072x2560,sub,copy-start,0.011328
matmul_3584x3072x2560,sub,copy-done,13.122578
matmul_3584x3072x2560,sub,fusion,77.33
matmul_3584x3072x2560,sub,copy-start,0.0125
matmul_3584x3072x2560,sub,copy-done,0.003594
matmul_3584x3072x2560,sub,fusion,77.5175
matmul_3584x3072x2560,sub,copy-start,0.0125
matmul_3584x3072x2560,sub,copy-done,0.00375
matmul_3584x3072x2560,sub,fusion,77.729922
matmul_3584x3072x2560,sub,copy-start,0.012344
matmul_3584x3072x2560,sub,copy-done,0.00375
matmul_3584x3072x2560,sub,fusion,77.2
matmul_3584x3072x2560,sub,copy-start,0.0125
matmul_3584x3072x2560,sub,copy-done,0.00375
matmul_3584x3072x2560,sub,fusion,77.6975
matmul_3584x3072x2560,sub,copy-start,0.0125
matmul_3584x3072x2560,sub,copy-done,0.00375
matmul_3584x3072x2560,sub,fusion,77.412344
matmul_3584x3072x2560,sub,copy-start,0.012344
matmul_3584x3072x2560,sub,copy-done,0.00375
matmul_3584x3072x2560,sub,fusion,77.43
matmul_3584x3072x2560,sub,copy-start,0.0125
matmul_3584x3072x2560,sub,copy-done,0.003594
matmul_3584x3072x2560,sub,fusion,77.060156
matmul_3584x3072x2560,sub,copy-start,0.011328
matmul_3584x3072x2560,sub,copy-done,0.00375
matmul_3584x3072x2560,sub,fusion,77.6225
matmul_3584x3072x2560,sub,copy-start,0.012344
matmul_3584x3072x2560,sub,copy-done,0.00375
matmul_3584x3072x2560,sub,fusion,77.327422
matmul_3584x3072x3072,main,jit_validation_matrix_multiply(18142420607939500051),106.366172
matmul_3584x3072x3072,main,jit_validation_matrix_multiply(18142420607939500051),90.508672
matmul_3584x3072x3072,main,jit_validation_matrix_multiply(18142420607939500051),90.68875
matmul_3584x3072x3072,main,jit_validation_matrix_multiply(18142420607939500051),90.863828
matmul_3584x3072x3072,main,jit_validation_matrix_multiply(18142420607939500051),90.851094
matmul_3584x3072x3072,main,jit_validation_matrix_multiply(18142420607939500051),90.793672
matmul_3584x3072x3072,main,jit_validation_matrix_multiply(18142420607939500051),90.762656
matmul_3584x3072x3072,main,jit_validation_matrix_multiply(18142420607939500051),90.77
matmul_3584x3072x3072,main,jit_validation_matrix_multiply(18142420607939500051),90.717578
matmul_3584x3072x3072,main,jit_validation_matrix_multiply(18142420607939500051),91.162578
matmul_3584x3072x3072,sub,copy-start,0.011406
matmul_3584x3072x3072,sub,copy-done,15.587578
matmul_3584x3072x3072,sub,fusion,90.76
matmul_3584x3072x3072,sub,copy-start,0.012344
matmul_3584x3072x3072,sub,copy-done,0.002578
matmul_3584x3072x3072,sub,fusion,90.487344
matmul_3584x3072x3072,sub,copy-start,0.012344
matmul_3584x3072x3072,sub,copy-done,0.00375
matmul_3584x3072x3072,sub,fusion,90.667422
matmul_3584x3072x3072,sub,copy-start,0.011328
matmul_3584x3072x3072,sub,copy-done,0.00375
matmul_3584x3072x3072,sub,fusion,90.843672
matmul_3584x3072x3072,sub,copy-start,0.011328
matmul_3584x3072x3072,sub,copy-done,0.00375
matmul_3584x3072x3072,sub,fusion,90.82875
matmul_3584x3072x3072,sub,copy-start,0.0125
matmul_3584x3072x3072,sub,copy-done,0.002578
matmul_3584x3072x3072,sub,fusion,90.7725
matmul_3584x3072x3072,sub,copy-start,0.011328
matmul_3584x3072x3072,sub,copy-done,0.003672
matmul_3584x3072x3072,sub,fusion,90.741328
matmul_3584x3072x3072,sub,copy-start,0.012422
matmul_3584x3072x3072,sub,copy-done,0.00375
matmul_3584x3072x3072,sub,fusion,90.7475
matmul_3584x3072x3072,sub,copy-start,0.012344
matmul_3584x3072x3072,sub,copy-done,0.00375
matmul_3584x3072x3072,sub,fusion,90.696328
matmul_3584x3072x3072,sub,copy-start,0.011328
matmul_3584x3072x3072,sub,copy-done,0.002656
matmul_3584x3072x3072,sub,fusion,91.141406
matmul_3584x3072x3584,main,jit_validation_matrix_multiply(11207281658527140358),124.27625
matmul_3584x3072x3584,main,jit_validation_matrix_multiply(11207281658527140358),106.7725
matmul_3584x3072x3584,main,jit_validation_matrix_multiply(11207281658527140358),106.75125
matmul_3584x3072x3584,main,jit_validation_matrix_multiply(11207281658527140358),106.568906
matmul_3584x3072x3584,main,jit_validation_matrix_multiply(11207281658527140358),106.399922
matmul_3584x3072x3584,main,jit_validation_matrix_multiply(11207281658527140358),106.18875
matmul_3584x3072x3584,main,jit_validation_matrix_multiply(11207281658527140358),106.8975
matmul_3584x3072x3584,main,jit_validation_matrix_multiply(11207281658527140358),106.484922
matmul_3584x3072x3584,main,jit_validation_matrix_multiply(11207281658527140358),106.052656
matmul_3584x3072x3584,main,jit_validation_matrix_multiply(11207281658527140358),106.143672
matmul_3584x3072x3584,sub,copy-start,0.011328
matmul_3584x3072x3584,sub,copy-done,18.021328
matmul_3584x3072x3584,sub,fusion,106.236484
matmul_3584x3072x3584,sub,copy-start,0.011328
matmul_3584x3072x3584,sub,copy-done,0.003672
matmul_3584x3072x3584,sub,fusion,106.750078
matmul_3584x3072x3584,sub,copy-start,0.011406
matmul_3584x3072x3584,sub,copy-done,0.00375
matmul_3584x3072x3584,sub,fusion,106.729922
matmul_3584x3072x3584,sub,copy-start,0.012422
matmul_3584x3072x3584,sub,copy-done,0.00375
matmul_3584x3072x3584,sub,fusion,106.54875
matmul_3584x3072x3584,sub,copy-start,0.012344
matmul_3584x3072x3584,sub,copy-done,0.00375
matmul_3584x3072x3584,sub,fusion,106.377578
matmul_3584x3072x3584,sub,copy-start,0.012422
matmul_3584x3072x3584,sub,copy-done,0.003672
matmul_3584x3072x3584,sub,fusion,106.167656
matmul_3584x3072x3584,sub,copy-start,0.011328
matmul_3584x3072x3584,sub,copy-done,0.00375
matmul_3584x3072x3584,sub,fusion,106.875078
matmul_3584x3072x3584,sub,copy-start,0.012422
matmul_3584x3072x3584,sub,copy-done,0.002578
matmul_3584x3072x3584,sub,fusion,106.463672
matmul_3584x3072x3584,sub,copy-start,0.011328
matmul_3584x3072x3584,sub,copy-done,0.003672
matmul_3584x3072x3584,sub,fusion,106.031328
matmul_3584x3072x3584,sub,copy-start,0.0125
matmul_3584x3072x3584,sub,copy-done,0.002578
matmul_3584x3072x3584,sub,fusion,106.1225
matmul_3584x3072x4096,main,jit_validation_matrix_multiply(1416368150636313141),145.575
matmul_3584x3072x4096,main,jit_validation_matrix_multiply(1416368150636313141),126.363828
matmul_3584x3072x4096,main,jit_validation_matrix_multiply(1416368150636313141),125.03
matmul_3584x3072x4096,main,jit_validation_matrix_multiply(1416368150636313141),124.38625
matmul_3584x3072x4096,main,jit_validation_matrix_multiply(1416368150636313141),125.205156
matmul_3584x3072x4096,main,jit_validation_matrix_multiply(1416368150636313141),125.637344
matmul_3584x3072x4096,main,jit_validation_matrix_multiply(1416368150636313141),124.626484
matmul_3584x3072x4096,main,jit_validation_matrix_multiply(1416368150636313141),124.642422
matmul_3584x3072x4096,main,jit_validation_matrix_multiply(1416368150636313141),124.563828
matmul_3584x3072x4096,main,jit_validation_matrix_multiply(1416368150636313141),125.13
matmul_3584x3072x4096,sub,copy-start,0.0125
matmul_3584x3072x4096,sub,copy-done,20.596172
matmul_3584x3072x4096,sub,fusion,124.960234
matmul_3584x3072x4096,sub,copy-start,0.011328
matmul_3584x3072x4096,sub,copy-done,0.00375
matmul_3584x3072x4096,sub,fusion,126.343672
matmul_3584x3072x4096,sub,copy-start,0.011328
matmul_3584x3072x4096,sub,copy-done,0.003672
matmul_3584x3072x4096,sub,fusion,125.008828
matmul_3584x3072x4096,sub,copy-start,0.011328
matmul_3584x3072x4096,sub,copy-done,0.003672
matmul_3584x3072x4096,sub,fusion,124.363906
matmul_3584x3072x4096,sub,copy-start,0.011328
matmul_3584x3072x4096,sub,copy-done,0.003672
matmul_3584x3072x4096,sub,fusion,125.183828
matmul_3584x3072x4096,sub,copy-start,0.0125
matmul_3584x3072x4096,sub,copy-done,0.003672
matmul_3584x3072x4096,sub,fusion,125.615
matmul_3584x3072x4096,sub,copy-start,0.011328
matmul_3584x3072x4096,sub,copy-done,0.00375
matmul_3584x3072x4096,sub,fusion,124.606328
matmul_3584x3072x4096,sub,copy-start,0.011328
matmul_3584x3072x4096,sub,copy-done,0.003672
matmul_3584x3072x4096,sub,fusion,124.620156
matmul_3584x3072x4096,sub,copy-start,0.012344
matmul_3584x3072x4096,sub,copy-done,0.00375
matmul_3584x3072x4096,sub,fusion,124.542578
matmul_3584x3072x4096,sub,copy-start,0.0125
matmul_3584x3072x4096,sub,copy-done,0.003594
matmul_3584x3072x4096,sub,fusion,125.107578
matmul_3584x3584x1024,main,jit_validation_matrix_multiply(14207084896413910621),48.64125
matmul_3584x3584x1024,main,jit_validation_matrix_multiply(14207084896413910621),43.691172
matmul_3584x3584x1024,main,jit_validation_matrix_multiply(14207084896413910621),43.412422
matmul_3584x3584x1024,main,jit_validation_matrix_multiply(14207084896413910621),43.272578
matmul_3584x3584x1024,main,jit_validation_matrix_multiply(14207084896413910621),44.188594
matmul_3584x3584x1024,main,jit_validation_matrix_multiply(14207084896413910621),43.088594
matmul_3584x3584x1024,main,jit_validation_matrix_multiply(14207084896413910621),43.4175
matmul_3584x3584x1024,main,jit_validation_matrix_multiply(14207084896413910621),43.88625
matmul_3584x3584x1024,main,jit_validation_matrix_multiply(14207084896413910621),43.15125
matmul_3584x3584x1024,main,jit_validation_matrix_multiply(14207084896413910621),44.1125
matmul_3584x3584x1024,sub,copy-start,0.011328
matmul_3584x3584x1024,sub,copy-done,5.603828
matmul_3584x3584x1024,sub,fusion,43.018828
matmul_3584x3584x1024,sub,copy-start,0.0125
matmul_3584x3584x1024,sub,copy-done,0.003672
matmul_3584x3584x1024,sub,fusion,43.67
matmul_3584x3584x1024,sub,copy-start,0.011328
matmul_3584x3584x1024,sub,copy-done,0.002578
matmul_3584x3584x1024,sub,fusion,43.392344
matmul_3584x3584x1024,sub,copy-start,0.0125
matmul_3584x3584x1024,sub,copy-done,0.0025
matmul_3584x3584x1024,sub,fusion,43.2525
matmul_3584x3584x1024,sub,copy-start,0.0125
matmul_3584x3584x1024,sub,copy-done,0.0025
matmul_3584x3584x1024,sub,fusion,44.167422
matmul_3584x3584x1024,sub,copy-start,0.011328
matmul_3584x3584x1024,sub,copy-done,0.002578
matmul_3584x3584x1024,sub,fusion,43.067422
matmul_3584x3584x1024,sub,copy-start,0.0125
matmul_3584x3584x1024,sub,copy-done,0.002578
matmul_3584x3584x1024,sub,fusion,43.396328
matmul_3584x3584x1024,sub,copy-start,0.0125
matmul_3584x3584x1024,sub,copy-done,0.0025
matmul_3584x3584x1024,sub,fusion,43.866172
matmul_3584x3584x1024,sub,copy-start,0.0125
matmul_3584x3584x1024,sub,copy-done,0.002578
matmul_3584x3584x1024,sub,fusion,43.131172
matmul_3584x3584x1024,sub,copy-start,0.012422
matmul_3584x3584x1024,sub,copy-done,0.003672
matmul_3584x3584x1024,sub,fusion,44.09125
matmul_3584x3584x1536,main,jit_validation_matrix_multiply(13799091118420710567),70.6675
matmul_3584x3584x1536,main,jit_validation_matrix_multiply(13799091118420710567),61.805
matmul_3584x3584x1536,main,jit_validation_matrix_multiply(13799091118420710567),62.393672
matmul_3584x3584x1536,main,jit_validation_matrix_multiply(13799091118420710567),61.983828
matmul_3584x3584x1536,main,jit_validation_matrix_multiply(13799091118420710567),62.224844
matmul_3584x3584x1536,main,jit_validation_matrix_multiply(13799091118420710567),62.216172
matmul_3584x3584x1536,main,jit_validation_matrix_multiply(13799091118420710567),62.307422
matmul_3584x3584x1536,main,jit_validation_matrix_multiply(13799091118420710567),62.14875
matmul_3584x3584x1536,main,jit_validation_matrix_multiply(13799091118420710567),61.8225
matmul_3584x3584x1536,main,jit_validation_matrix_multiply(13799091118420710567),62.188828
matmul_3584x3584x1536,sub,copy-start,0.011328
matmul_3584x3584x1536,sub,copy-done,8.148594
matmul_3584x3584x1536,sub,fusion,62.500078
matmul_3584x3584x1536,sub,copy-start,0.0125
matmul_3584x3584x1536,sub,copy-done,0.0025
matmul_3584x3584x1536,sub,fusion,61.783828
matmul_3584x3584x1536,sub,copy-start,0.0125
matmul_3584x3584x1536,sub,copy-done,0.003672
matmul_3584x3584x1536,sub,fusion,62.3725
matmul_3584x3584x1536,sub,copy-start,0.012344
matmul_3584x3584x1536,sub,copy-done,0.0025
matmul_3584x3584x1536,sub,fusion,61.962578
matmul_3584x3584x1536,sub,copy-start,0.011328
matmul_3584x3584x1536,sub,copy-done,0.003672
matmul_3584x3584x1536,sub,fusion,62.203594
matmul_3584x3584x1536,sub,copy-start,0.012344
matmul_3584x3584x1536,sub,copy-done,0.0025
matmul_3584x3584x1536,sub,fusion,62.193984
matmul_3584x3584x1536,sub,copy-start,0.012344
matmul_3584x3584x1536,sub,copy-done,0.003672
matmul_3584x3584x1536,sub,fusion,62.286328
matmul_3584x3584x1536,sub,copy-start,0.011328
matmul_3584x3584x1536,sub,copy-done,0.002578
matmul_3584x3584x1536,sub,fusion,62.128672
matmul_3584x3584x1536,sub,copy-start,0.0125
matmul_3584x3584x1536,sub,copy-done,0.003672
matmul_3584x3584x1536,sub,fusion,61.802422
matmul_3584x3584x1536,sub,copy-start,0.011328
matmul_3584x3584x1536,sub,copy-done,0.002578
matmul_3584x3584x1536,sub,fusion,62.16875
matmul_3584x3584x2048,main,jit_validation_matrix_multiply(10338731938765464626),82.526172
matmul_3584x3584x2048,main,jit_validation_matrix_multiply(10338731938765464626),71.947422
matmul_3584x3584x2048,main,jit_validation_matrix_multiply(10338731938765464626),71.927422
matmul_3584x3584x2048,main,jit_validation_matrix_multiply(10338731938765464626),72.138828
matmul_3584x3584x2048,main,jit_validation_matrix_multiply(10338731938765464626),72.03125
matmul_3584x3584x2048,main,jit_validation_matrix_multiply(10338731938765464626),71.869844
matmul_3584x3584x2048,main,jit_validation_matrix_multiply(10338731938765464626),71.705078
matmul_3584x3584x2048,main,jit_validation_matrix_multiply(10338731938765464626),72.053594
matmul_3584x3584x2048,main,jit_validation_matrix_multiply(10338731938765464626),71.704844
matmul_3584x3584x2048,main,jit_validation_matrix_multiply(10338731938765464626),71.913672
matmul_3584x3584x2048,sub,copy-start,0.012344
matmul_3584x3584x2048,sub,copy-done,10.492578
matmul_3584x3584x2048,sub,fusion,72.014844
matmul_3584x3584x2048,sub,copy-start,0.0125
matmul_3584x3584x2048,sub,copy-done,0.0025
matmul_3584x3584x2048,sub,fusion,71.92625
matmul_3584x3584x2048,sub,copy-start,0.011328
matmul_3584x3584x2048,sub,copy-done,0.003672
matmul_3584x3584x2048,sub,fusion,71.907344
matmul_3584x3584x2048,sub,copy-start,0.011328
matmul_3584x3584x2048,sub,copy-done,0.002578
matmul_3584x3584x2048,sub,fusion,72.11875
matmul_3584x3584x2048,sub,copy-start,0.011406
matmul_3584x3584x2048,sub,copy-done,0.002578
matmul_3584x3584x2048,sub,fusion,72.01
matmul_3584x3584x2048,sub,copy-start,0.011328
matmul_3584x3584x2048,sub,copy-done,0.003672
matmul_3584x3584x2048,sub,fusion,71.848672
matmul_3584x3584x2048,sub,copy-start,0.011328
matmul_3584x3584x2048,sub,copy-done,0.0025
matmul_3584x3584x2048,sub,fusion,71.685
matmul_3584x3584x2048,sub,copy-start,0.0125
matmul_3584x3584x2048,sub,copy-done,0.0025
matmul_3584x3584x2048,sub,fusion,72.032422
matmul_3584x3584x2048,sub,copy-start,0.0125
matmul_3584x3584x2048,sub,copy-done,0.0025
matmul_3584x3584x2048,sub,fusion,71.683594
matmul_3584x3584x2048,sub,copy-start,0.011328
matmul_3584x3584x2048,sub,copy-done,0.002578
matmul_3584x3584x2048,sub,fusion,71.893594
matmul_3584x3584x2560,main,jit_validation_matrix_multiply(8781411141014072584),103.033984
matmul_3584x3584x2560,main,jit_validation_matrix_multiply(8781411141014072584),90.026328
matmul_3584x3584x2560,main,jit_validation_matrix_multiply(8781411141014072584),89.665234
matmul_3584x3584x2560,main,jit_validation_matrix_multiply(8781411141014072584),89.698516
matmul_3584x3584x2560,main,jit_validation_matrix_multiply(8781411141014072584),90.014844
matmul_3584x3584x2560,main,jit_validation_matrix_multiply(8781411141014072584),89.81
matmul_3584x3584x2560,main,jit_validation_matrix_multiply(8781411141014072584),89.711172
matmul_3584x3584x2560,main,jit_validation_matrix_multiply(8781411141014072584),89.888672
matmul_3584x3584x2560,main,jit_validation_matrix_multiply(8781411141014072584),90.0325
matmul_3584x3584x2560,main,jit_validation_matrix_multiply(8781411141014072584),89.911094
matmul_3584x3584x2560,sub,copy-start,0.0125
matmul_3584x3584x2560,sub,copy-done,13.1775
matmul_3584x3584x2560,sub,fusion,89.84
matmul_3584x3584x2560,sub,copy-start,0.011328
matmul_3584x3584x2560,sub,copy-done,0.002656
matmul_3584x3584x2560,sub,fusion,90.005156
matmul_3584x3584x2560,sub,copy-start,0.012422
matmul_3584x3584x2560,sub,copy-done,0.00375
matmul_3584x3584x2560,sub,fusion,89.645078
matmul_3584x3584x2560,sub,copy-start,0.0125
matmul_3584x3584x2560,sub,copy-done,0.003672
matmul_3584x3584x2560,sub,fusion,89.67625
matmul_3584x3584x2560,sub,copy-start,0.0125
matmul_3584x3584x2560,sub,copy-done,0.002578
matmul_3584x3584x2560,sub,fusion,89.992734
matmul_3584x3584x2560,sub,copy-start,0.0125
matmul_3584x3584x2560,sub,copy-done,0.003594
matmul_3584x3584x2560,sub,fusion,89.787578
matmul_3584x3584x2560,sub,copy-start,0.012344
matmul_3584x3584x2560,sub,copy-done,0.002578
matmul_3584x3584x2560,sub,fusion,89.689922
matmul_3584x3584x2560,sub,copy-start,0.012422
matmul_3584x3584x2560,sub,copy-done,0.00375
matmul_3584x3584x2560,sub,fusion,89.867422
matmul_3584x3584x2560,sub,copy-start,0.012344
matmul_3584x3584x2560,sub,copy-done,0.00375
matmul_3584x3584x2560,sub,fusion,90.011328
matmul_3584x3584x2560,sub,copy-start,0.0125
matmul_3584x3584x2560,sub,copy-done,0.002578
matmul_3584x3584x2560,sub,fusion,89.88875
matmul_3584x3584x3072,main,jit_validation_matrix_multiply(12979815860431246197),120.886172
matmul_3584x3584x3072,main,jit_validation_matrix_multiply(12979815860431246197),105.465
matmul_3584x3584x3072,main,jit_validation_matrix_multiply(12979815860431246197),105.346328
matmul_3584x3584x3072,main,jit_validation_matrix_multiply(12979815860431246197),105.267578
matmul_3584x3584x3072,main,jit_validation_matrix_multiply(12979815860431246197),105.001094
matmul_3584x3584x3072,main,jit_validation_matrix_multiply(12979815860431246197),105.5775
matmul_3584x3584x3072,main,jit_validation_matrix_multiply(12979815860431246197),104.987344
matmul_3584x3584x3072,main,jit_validation_matrix_multiply(12979815860431246197),105.05375
matmul_3584x3584x3072,main,jit_validation_matrix_multiply(12979815860431246197),105.18875
matmul_3584x3584x3072,main,jit_validation_matrix_multiply(12979815860431246197),105.683594
matmul_3584x3584x3072,sub,copy-start,0.0125
matmul_3584x3584x3072,sub,copy-done,15.569922
matmul_3584x3584x3072,sub,fusion,105.298672
matmul_3584x3584x3072,sub,copy-start,0.0125
matmul_3584x3584x3072,sub,copy-done,0.002578
matmul_3584x3584x3072,sub,fusion,105.443828
matmul_3584x3584x3072,sub,copy-start,0.012344
matmul_3584x3584x3072,sub,copy-done,0.002578
matmul_3584x3584x3072,sub,fusion,105.326172
matmul_3584x3584x3072,sub,copy-start,0.011328
matmul_3584x3584x3072,sub,copy-done,0.003672
matmul_3584x3584x3072,sub,fusion,105.24625
matmul_3584x3584x3072,sub,copy-start,0.0125
matmul_3584x3584x3072,sub,copy-done,0.003672
matmul_3584x3584x3072,sub,fusion,104.978906
matmul_3584x3584x3072,sub,copy-start,0.011328
matmul_3584x3584x3072,sub,copy-done,0.00375
matmul_3584x3584x3072,sub,fusion,105.55625
matmul_3584x3584x3072,sub,copy-start,0.0125
matmul_3584x3584x3072,sub,copy-done,0.00375
matmul_3584x3584x3072,sub,fusion,104.965078
matmul_3584x3584x3072,sub,copy-start,0.0125
matmul_3584x3584x3072,sub,copy-done,0.002578
matmul_3584x3584x3072,sub,fusion,105.032578
matmul_3584x3584x3072,sub,copy-start,0.012344
matmul_3584x3584x3072,sub,copy-done,0.00375
matmul_3584x3584x3072,sub,fusion,105.167578
matmul_3584x3584x3072,sub,copy-start,0.012422
matmul_3584x3584x3072,sub,copy-done,0.002656
matmul_3584x3584x3072,sub,fusion,105.661328
matmul_3584x3584x3584,main,jit_validation_matrix_multiply(14247852161052482280),141.075078
matmul_3584x3584x3584,main,jit_validation_matrix_multiply(14247852161052482280),123.061094
matmul_3584x3584x3584,main,jit_validation_matrix_multiply(14247852161052482280),123.36
matmul_3584x3584x3584,main,jit_validation_matrix_multiply(14247852161052482280),122.531172
matmul_3584x3584x3584,main,jit_validation_matrix_multiply(14247852161052482280),123.24875
matmul_3584x3584x3584,main,jit_validation_matrix_multiply(14247852161052482280),123.79625
matmul_3584x3584x3584,main,jit_validation_matrix_multiply(14247852161052482280),122.951172
matmul_3584x3584x3584,main,jit_validation_matrix_multiply(14247852161052482280),123.12
matmul_3584x3584x3584,main,jit_validation_matrix_multiply(14247852161052482280),122.476406
matmul_3584x3584x3584,main,jit_validation_matrix_multiply(14247852161052482280),122.622734
matmul_3584x3584x3584,sub,copy-start,0.011328
matmul_3584x3584x3584,sub,copy-done,18.131406
matmul_3584x3584x3584,sub,fusion,122.92625
matmul_3584x3584x3584,sub,copy-start,0.011328
matmul_3584x3584x3584,sub,copy-done,0.002656
matmul_3584x3584x3584,sub,fusion,123.038984
matmul_3584x3584x3584,sub,copy-start,0.0125
matmul_3584x3584x3584,sub,copy-done,0.003672
matmul_3584x3584x3584,sub,fusion,123.338828
matmul_3584x3584x3584,sub,copy-start,0.012344
matmul_3584x3584x3584,sub,copy-done,0.00375
matmul_3584x3584x3584,sub,fusion,122.508984
matmul_3584x3584x3584,sub,copy-start,0.012422
matmul_3584x3584x3584,sub,copy-done,0.003672
matmul_3584x3584x3584,sub,fusion,123.227656
matmul_3584x3584x3584,sub,copy-start,0.011328
matmul_3584x3584x3584,sub,copy-done,0.00375
matmul_3584x3584x3584,sub,fusion,123.775078
matmul_3584x3584x3584,sub,copy-start,0.0125
matmul_3584x3584x3584,sub,copy-done,0.002578
matmul_3584x3584x3584,sub,fusion,122.929922
matmul_3584x3584x3584,sub,copy-start,0.012422
matmul_3584x3584x3584,sub,copy-done,0.00375
matmul_3584x3584x3584,sub,fusion,123.09875
matmul_3584x3584x3584,sub,copy-start,0.011328
matmul_3584x3584x3584,sub,copy-done,0.003672
matmul_3584x3584x3584,sub,fusion,122.455078
matmul_3584x3584x3584,sub,copy-start,0.0125
matmul_3584x3584x3584,sub,copy-done,0.00375
matmul_3584x3584x3584,sub,fusion,122.6025
matmul_3584x3584x4096,main,jit_validation_matrix_multiply(16650847625665332672),168.17
matmul_3584x3584x4096,main,jit_validation_matrix_multiply(16650847625665332672),148.4575
matmul_3584x3584x4096,main,jit_validation_matrix_multiply(16650847625665332672),147.414844
matmul_3584x3584x4096,main,jit_validation_matrix_multiply(16650847625665332672),148.981172
matmul_3584x3584x4096,main,jit_validation_matrix_multiply(16650847625665332672),147.851328
matmul_3584x3584x4096,main,jit_validation_matrix_multiply(16650847625665332672),147.31125
matmul_3584x3584x4096,main,jit_validation_matrix_multiply(16650847625665332672),147.6875
matmul_3584x3584x4096,main,jit_validation_matrix_multiply(16650847625665332672),148.87875
matmul_3584x3584x4096,main,jit_validation_matrix_multiply(16650847625665332672),147.00875
matmul_3584x3584x4096,main,jit_validation_matrix_multiply(16650847625665332672),147.979922
matmul_3584x3584x4096,sub,copy-start,0.011328
matmul_3584x3584x4096,sub,copy-done,20.566328
matmul_3584x3584x4096,sub,fusion,147.585156
matmul_3584x3584x4096,sub,copy-start,0.0125
matmul_3584x3584x4096,sub,copy-done,0.003672
matmul_3584x3584x4096,sub,fusion,148.43625
matmul_3584x3584x4096,sub,copy-start,0.0125
matmul_3584x3584x4096,sub,copy-done,0.002578
matmul_3584x3584x4096,sub,fusion,147.392734
matmul_3584x3584x4096,sub,copy-start,0.012344
matmul_3584x3584x4096,sub,copy-done,0.00375
matmul_3584x3584x4096,sub,fusion,148.96
matmul_3584x3584x4096,sub,copy-start,0.012422
matmul_3584x3584x4096,sub,copy-done,0.002656
matmul_3584x3584x4096,sub,fusion,147.830078
matmul_3584x3584x4096,sub,copy-start,0.012422
matmul_3584x3584x4096,sub,copy-done,0.003672
matmul_3584x3584x4096,sub,fusion,147.29
matmul_3584x3584x4096,sub,copy-start,0.0125
matmul_3584x3584x4096,sub,copy-done,0.003594
matmul_3584x3584x4096,sub,fusion,147.665078
matmul_3584x3584x4096,sub,copy-start,0.011328
matmul_3584x3584x4096,sub,copy-done,0.003594
matmul_3584x3584x4096,sub,fusion,148.856328
matmul_3584x3584x4096,sub,copy-start,0.0125
matmul_3584x3584x4096,sub,copy-done,0.003594
matmul_3584x3584x4096,sub,fusion,146.986406
matmul_3584x3584x4096,sub,copy-start,0.0125
matmul_3584x3584x4096,sub,copy-done,0.002578
matmul_3584x3584x4096,sub,fusion,147.958594
matmul_3584x4096x1024,main,jit_validation_matrix_multiply(12365190928496819169),49.97625
matmul_3584x4096x1024,main,jit_validation_matrix_multiply(12365190928496819169),43.282422
matmul_3584x4096x1024,main,jit_validation_matrix_multiply(12365190928496819169),43.3
matmul_3584x4096x1024,main,jit_validation_matrix_multiply(12365190928496819169),43.233594
matmul_3584x4096x1024,main,jit_validation_matrix_multiply(12365190928496819169),43.434922
matmul_3584x4096x1024,main,jit_validation_matrix_multiply(12365190928496819169),43.28125
matmul_3584x4096x1024,main,jit_validation_matrix_multiply(12365190928496819169),43.2775
matmul_3584x4096x1024,main,jit_validation_matrix_multiply(12365190928496819169),43.24875
matmul_3584x4096x1024,main,jit_validation_matrix_multiply(12365190928496819169),43.571406
matmul_3584x4096x1024,main,jit_validation_matrix_multiply(12365190928496819169),43.326172
matmul_3584x4096x1024,sub,copy-start,0.011328
matmul_3584x4096x1024,sub,copy-done,6.7775
matmul_3584x4096x1024,sub,fusion,43.181328
matmul_3584x4096x1024,sub,copy-start,0.012344
matmul_3584x4096x1024,sub,copy-done,0.003672
matmul_3584x4096x1024,sub,fusion,43.261328
matmul_3584x4096x1024,sub,copy-start,0.0125
matmul_3584x4096x1024,sub,copy-done,0.0025
matmul_3584x4096x1024,sub,fusion,43.279922
matmul_3584x4096x1024,sub,copy-start,0.011328
matmul_3584x4096x1024,sub,copy-done,0.002578
matmul_3584x4096x1024,sub,fusion,43.212422
matmul_3584x4096x1024,sub,copy-start,0.0125
matmul_3584x4096x1024,sub,copy-done,0.002578
matmul_3584x4096x1024,sub,fusion,43.41375
matmul_3584x4096x1024,sub,copy-start,0.012422
matmul_3584x4096x1024,sub,copy-done,0.003672
matmul_3584x4096x1024,sub,fusion,43.260078
matmul_3584x4096x1024,sub,copy-start,0.0125
matmul_3584x4096x1024,sub,copy-done,0.0025
matmul_3584x4096x1024,sub,fusion,43.256484
matmul_3584x4096x1024,sub,copy-start,0.011328
matmul_3584x4096x1024,sub,copy-done,0.0025
matmul_3584x4096x1024,sub,fusion,43.227656
matmul_3584x4096x1024,sub,copy-start,0.011328
matmul_3584x4096x1024,sub,copy-done,0.002578
matmul_3584x4096x1024,sub,fusion,43.551328
matmul_3584x4096x1024,sub,copy-start,0.0125
matmul_3584x4096x1024,sub,copy-done,0.003594
matmul_3584x4096x1024,sub,fusion,43.304922
matmul_3584x4096x1536,main,jit_validation_matrix_multiply(12459951530970327083),71.735234
matmul_3584x4096x1536,main,jit_validation_matrix_multiply(12459951530970327083),62.695
matmul_3584x4096x1536,main,jit_validation_matrix_multiply(12459951530970327083),62.3275
matmul_3584x4096x1536,main,jit_validation_matrix_multiply(12459951530970327083),62.56875
matmul_3584x4096x1536,main,jit_validation_matrix_multiply(12459951530970327083),62.969922
matmul_3584x4096x1536,main,jit_validation_matrix_multiply(12459951530970327083),62.806172
matmul_3584x4096x1536,main,jit_validation_matrix_multiply(12459951530970327083),62.91
matmul_3584x4096x1536,main,jit_validation_matrix_multiply(12459951530970327083),62.368672
matmul_3584x4096x1536,main,jit_validation_matrix_multiply(12459951530970327083),62.196016
matmul_3584x4096x1536,main,jit_validation_matrix_multiply(12459951530970327083),62.60875
matmul_3584x4096x1536,sub,copy-start,0.011328
matmul_3584x4096x1536,sub,copy-done,9.136328
matmul_3584x4096x1536,sub,fusion,62.5825
matmul_3584x4096x1536,sub,copy-start,0.012422
matmul_3584x4096x1536,sub,copy-done,0.002578
matmul_3584x4096x1536,sub,fusion,62.673906
matmul_3584x4096x1536,sub,copy-start,0.011406
matmul_3584x4096x1536,sub,copy-done,0.002578
matmul_3584x4096x1536,sub,fusion,62.306406
matmul_3584x4096x1536,sub,copy-start,0.012422
matmul_3584x4096x1536,sub,copy-done,0.002578
matmul_3584x4096x1536,sub,fusion,62.547578
matmul_3584x4096x1536,sub,copy-start,0.012422
matmul_3584x4096x1536,sub,copy-done,0.003672
matmul_3584x4096x1536,sub,fusion,62.948828
matmul_3584x4096x1536,sub,copy-start,0.011328
matmul_3584x4096x1536,sub,copy-done,0.003594
matmul_3584x4096x1536,sub,fusion,62.785156
matmul_3584x4096x1536,sub,copy-start,0.012344
matmul_3584x4096x1536,sub,copy-done,0.0025
matmul_3584x4096x1536,sub,fusion,62.88875
matmul_3584x4096x1536,sub,copy-start,0.012344
matmul_3584x4096x1536,sub,copy-done,0.0025
matmul_3584x4096x1536,sub,fusion,62.3475
matmul_3584x4096x1536,sub,copy-start,0.0125
matmul_3584x4096x1536,sub,copy-done,0.002578
matmul_3584x4096x1536,sub,fusion,62.17375
matmul_3584x4096x1536,sub,copy-start,0.0125
matmul_3584x4096x1536,sub,copy-done,0.003672
matmul_3584x4096x1536,sub,fusion,62.588672
matmul_3584x4096x2048,main,jit_validation_matrix_multiply(4113008406552765448),92.728672
matmul_3584x4096x2048,main,jit_validation_matrix_multiply(4113008406552765448),80.56
matmul_3584x4096x2048,main,jit_validation_matrix_multiply(4113008406552765448),80.558906
matmul_3584x4096x2048,main,jit_validation_matrix_multiply(4113008406552765448),80.381172
matmul_3584x4096x2048,main,jit_validation_matrix_multiply(4113008406552765448),80.435
matmul_3584x4096x2048,main,jit_validation_matrix_multiply(4113008406552765448),80.51625
matmul_3584x4096x2048,main,jit_validation_matrix_multiply(4113008406552765448),80.552656
matmul_3584x4096x2048,main,jit_validation_matrix_multiply(4113008406552765448),80.733672
matmul_3584x4096x2048,main,jit_validation_matrix_multiply(4113008406552765448),80.097578
matmul_3584x4096x2048,main,jit_validation_matrix_multiply(4113008406552765448),80.340156
matmul_3584x4096x2048,sub,copy-start,0.012344
matmul_3584x4096x2048,sub,copy-done,12.22125
matmul_3584x4096x2048,sub,fusion,80.487578
matmul_3584x4096x2048,sub,copy-start,0.011406
matmul_3584x4096x2048,sub,copy-done,0.00375
matmul_3584x4096x2048,sub,fusion,80.53875
matmul_3584x4096x2048,sub,copy-start,0.012344
matmul_3584x4096x2048,sub,copy-done,0.00375
matmul_3584x4096x2048,sub,fusion,80.537656
matmul_3584x4096x2048,sub,copy-start,0.012344
matmul_3584x4096x2048,sub,copy-done,0.002656
matmul_3584x4096x2048,sub,fusion,80.36
matmul_3584x4096x2048,sub,copy-start,0.011406
matmul_3584x4096x2048,sub,copy-done,0.00375
matmul_3584x4096x2048,sub,fusion,80.413672
matmul_3584x4096x2048,sub,copy-start,0.011328
matmul_3584x4096x2048,sub,copy-done,0.00375
matmul_3584x4096x2048,sub,fusion,80.495078
matmul_3584x4096x2048,sub,copy-start,0.011328
matmul_3584x4096x2048,sub,copy-done,0.00375
matmul_3584x4096x2048,sub,fusion,80.531328
matmul_3584x4096x2048,sub,copy-start,0.012422
matmul_3584x4096x2048,sub,copy-done,0.002578
matmul_3584x4096x2048,sub,fusion,80.712344
matmul_3584x4096x2048,sub,copy-start,0.0125
matmul_3584x4096x2048,sub,copy-done,0.003594
matmul_3584x4096x2048,sub,fusion,80.077422
matmul_3584x4096x2048,sub,copy-start,0.011406
matmul_3584x4096x2048,sub,copy-done,0.00375
matmul_3584x4096x2048,sub,fusion,80.32
matmul_3584x4096x2560,main,jit_validation_matrix_multiply(13009414425317717243),118.084922
matmul_3584x4096x2560,main,jit_validation_matrix_multiply(13009414425317717243),103.23125
matmul_3584x4096x2560,main,jit_validation_matrix_multiply(13009414425317717243),102.612344
matmul_3584x4096x2560,main,jit_validation_matrix_multiply(13009414425317717243),103.241172
matmul_3584x4096x2560,main,jit_validation_matrix_multiply(13009414425317717243),103.253594
matmul_3584x4096x2560,main,jit_validation_matrix_multiply(13009414425317717243),102.84375
matmul_3584x4096x2560,main,jit_validation_matrix_multiply(13009414425317717243),103.0775
matmul_3584x4096x2560,main,jit_validation_matrix_multiply(13009414425317717243),102.9375
matmul_3584x4096x2560,main,jit_validation_matrix_multiply(13009414425317717243),103.02
matmul_3584x4096x2560,main,jit_validation_matrix_multiply(13009414425317717243),103.2875
matmul_3584x4096x2560,sub,copy-start,0.011328
matmul_3584x4096x2560,sub,copy-done,14.922344
matmul_3584x4096x2560,sub,fusion,103.144922
matmul_3584x4096x2560,sub,copy-start,0.0125
matmul_3584x4096x2560,sub,copy-done,0.003672
matmul_3584x4096x2560,sub,fusion,103.21
matmul_3584x4096x2560,sub,copy-start,0.0125
matmul_3584x4096x2560,sub,copy-done,0.002578
matmul_3584x4096x2560,sub,fusion,102.590156
matmul_3584x4096x2560,sub,copy-start,0.012422
matmul_3584x4096x2560,sub,copy-done,0.002578
matmul_3584x4096x2560,sub,fusion,103.22
matmul_3584x4096x2560,sub,copy-start,0.0125
matmul_3584x4096x2560,sub,copy-done,0.003672
matmul_3584x4096x2560,sub,fusion,103.23125
matmul_3584x4096x2560,sub,copy-start,0.012422
matmul_3584x4096x2560,sub,copy-done,0.00375
matmul_3584x4096x2560,sub,fusion,102.8225
matmul_3584x4096x2560,sub,copy-start,0.012344
matmul_3584x4096x2560,sub,copy-done,0.002656
matmul_3584x4096x2560,sub,fusion,103.056328
matmul_3584x4096x2560,sub,copy-start,0.011328
matmul_3584x4096x2560,sub,copy-done,0.00375
matmul_3584x4096x2560,sub,fusion,102.916406
matmul_3584x4096x2560,sub,copy-start,0.0125
matmul_3584x4096x2560,sub,copy-done,0.003594
matmul_3584x4096x2560,sub,fusion,102.998828
matmul_3584x4096x2560,sub,copy-start,0.011328
matmul_3584x4096x2560,sub,copy-done,0.00375
matmul_3584x4096x2560,sub,fusion,103.266328
matmul_3584x4096x3072,main,jit_validation_matrix_multiply(13232835069000772766),156.09875
matmul_3584x4096x3072,main,jit_validation_matrix_multiply(13232835069000772766),138.223672
matmul_3584x4096x3072,main,jit_validation_matrix_multiply(13232835069000772766),138.081328
matmul_3584x4096x3072,main,jit_validation_matrix_multiply(13232835069000772766),137.97125
matmul_3584x4096x3072,main,jit_validation_matrix_multiply(13232835069000772766),138.482344
matmul_3584x4096x3072,main,jit_validation_matrix_multiply(13232835069000772766),138.47125
matmul_3584x4096x3072,main,jit_validation_matrix_multiply(13232835069000772766),138.295
matmul_3584x4096x3072,main,jit_validation_matrix_multiply(13232835069000772766),138.08625
matmul_3584x4096x3072,main,jit_validation_matrix_multiply(13232835069000772766),138.25625
matmul_3584x4096x3072,main,jit_validation_matrix_multiply(13232835069000772766),138.0875
matmul_3584x4096x3072,sub,copy-start,0.012422
matmul_3584x4096x3072,sub,copy-done,17.671328
matmul_3584x4096x3072,sub,fusion,138.408984
matmul_3584x4096x3072,sub,copy-start,0.011328
matmul_3584x4096x3072,sub,copy-done,0.003672
matmul_3584x4096x3072,sub,fusion,138.201406
matmul_3584x4096x3072,sub,copy-start,0.012422
matmul_3584x4096x3072,sub,copy-done,0.003672
matmul_3584x4096x3072,sub,fusion,138.061172
matmul_3584x4096x3072,sub,copy-start,0.011328
matmul_3584x4096x3072,sub,copy-done,0.00375
matmul_3584x4096x3072,sub,fusion,137.948828
matmul_3584x4096x3072,sub,copy-start,0.0125
matmul_3584x4096x3072,sub,copy-done,0.002578
matmul_3584x4096x3072,sub,fusion,138.460078
matmul_3584x4096x3072,sub,copy-start,0.0125
matmul_3584x4096x3072,sub,copy-done,0.00375
matmul_3584x4096x3072,sub,fusion,138.45
matmul_3584x4096x3072,sub,copy-start,0.012422
matmul_3584x4096x3072,sub,copy-done,0.003672
matmul_3584x4096x3072,sub,fusion,138.273828
matmul_3584x4096x3072,sub,copy-start,0.012422
matmul_3584x4096x3072,sub,copy-done,0.00375
matmul_3584x4096x3072,sub,fusion,138.064844
matmul_3584x4096x3072,sub,copy-start,0.012422
matmul_3584x4096x3072,sub,copy-done,0.00375
matmul_3584x4096x3072,sub,fusion,138.235
matmul_3584x4096x3072,sub,copy-start,0.011328
matmul_3584x4096x3072,sub,copy-done,0.00375
matmul_3584x4096x3072,sub,fusion,138.06625
matmul_3584x4096x3584,main,jit_validation_matrix_multiply(3498857688787347769),165.016172
matmul_3584x4096x3584,main,jit_validation_matrix_multiply(3498857688787347769),145.13875
matmul_3584x4096x3584,main,jit_validation_matrix_multiply(3498857688787347769),145.020078
matmul_3584x4096x3584,main,jit_validation_matrix_multiply(3498857688787347769),144.824844
matmul_3584x4096x3584,main,jit_validation_matrix_multiply(3498857688787347769),144.908672
matmul_3584x4096x3584,main,jit_validation_matrix_multiply(3498857688787347769),145.021172
matmul_3584x4096x3584,main,jit_validation_matrix_multiply(3498857688787347769),145.209922
matmul_3584x4096x3584,main,jit_validation_matrix_multiply(3498857688787347769),145.028594
matmul_3584x4096x3584,main,jit_validation_matrix_multiply(3498857688787347769),144.659844
matmul_3584x4096x3584,main,jit_validation_matrix_multiply(3498857688787347769),144.497422
matmul_3584x4096x3584,sub,copy-start,0.011406
matmul_3584x4096x3584,sub,copy-done,20.543828
matmul_3584x4096x3584,sub,fusion,144.4525
matmul_3584x4096x3584,sub,copy-start,0.011328
matmul_3584x4096x3584,sub,copy-done,0.00375
matmul_3584x4096x3584,sub,fusion,145.1175
matmul_3584x4096x3584,sub,copy-start,0.0125
matmul_3584x4096x3584,sub,copy-done,0.002578
matmul_3584x4096x3584,sub,fusion,144.998906
matmul_3584x4096x3584,sub,copy-start,0.012422
matmul_3584x4096x3584,sub,copy-done,0.002656
matmul_3584x4096x3584,sub,fusion,144.802656
matmul_3584x4096x3584,sub,copy-start,0.0125
matmul_3584x4096x3584,sub,copy-done,0.002656
matmul_3584x4096x3584,sub,fusion,144.886328
matmul_3584x4096x3584,sub,copy-start,0.011328
matmul_3584x4096x3584,sub,copy-done,0.003672
matmul_3584x4096x3584,sub,fusion,144.998828
matmul_3584x4096x3584,sub,copy-start,0.0125
matmul_3584x4096x3584,sub,copy-done,0.002656
matmul_3584x4096x3584,sub,fusion,145.187656
matmul_3584x4096x3584,sub,copy-start,0.011328
matmul_3584x4096x3584,sub,copy-done,0.002656
matmul_3584x4096x3584,sub,fusion,145.00625
matmul_3584x4096x3584,sub,copy-start,0.012422
matmul_3584x4096x3584,sub,copy-done,0.002656
matmul_3584x4096x3584,sub,fusion,144.6375
matmul_3584x4096x3584,sub,copy-start,0.0125
matmul_3584x4096x3584,sub,copy-done,0.00375
matmul_3584x4096x3584,sub,fusion,144.476328
matmul_3584x4096x4096,main,jit_validation_matrix_multiply(4156734747164227093),185.37875
matmul_3584x4096x4096,main,jit_validation_matrix_multiply(4156734747164227093),161.50125
matmul_3584x4096x4096,main,jit_validation_matrix_multiply(4156734747164227093),161.622344
matmul_3584x4096x4096,main,jit_validation_matrix_multiply(4156734747164227093),161.74375
matmul_3584x4096x4096,main,jit_validation_matrix_multiply(4156734747164227093),161.773594
matmul_3584x4096x4096,main,jit_validation_matrix_multiply(4156734747164227093),161.122344
matmul_3584x4096x4096,main,jit_validation_matrix_multiply(4156734747164227093),161.002422
matmul_3584x4096x4096,main,jit_validation_matrix_multiply(4156734747164227093),161.753672
matmul_3584x4096x4096,main,jit_validation_matrix_multiply(4156734747164227093),162.21125
matmul_3584x4096x4096,main,jit_validation_matrix_multiply(4156734747164227093),161.806172
matmul_3584x4096x4096,sub,copy-start,0.011328
matmul_3584x4096x4096,sub,copy-done,23.418828
matmul_3584x4096x4096,sub,fusion,161.941328
matmul_3584x4096x4096,sub,copy-start,0.011328
matmul_3584x4096x4096,sub,copy-done,0.00375
matmul_3584x4096x4096,sub,fusion,161.479922
matmul_3584x4096x4096,sub,copy-start,0.0125
matmul_3584x4096x4096,sub,copy-done,0.002578
matmul_3584x4096x4096,sub,fusion,161.600078
matmul_3584x4096x4096,sub,copy-start,0.011328
matmul_3584x4096x4096,sub,copy-done,0.003594
matmul_3584x4096x4096,sub,fusion,161.721406
matmul_3584x4096x4096,sub,copy-start,0.011328
matmul_3584x4096x4096,sub,copy-done,0.002656
matmul_3584x4096x4096,sub,fusion,161.751328
matmul_3584x4096x4096,sub,copy-start,0.0125
matmul_3584x4096x4096,sub,copy-done,0.003672
matmul_3584x4096x4096,sub,fusion,161.099922
matmul_3584x4096x4096,sub,copy-start,0.011406
matmul_3584x4096x4096,sub,copy-done,0.00375
matmul_3584x4096x4096,sub,fusion,160.980078
matmul_3584x4096x4096,sub,copy-start,0.0125
matmul_3584x4096x4096,sub,copy-done,0.002578
matmul_3584x4096x4096,sub,fusion,161.7325
matmul_3584x4096x4096,sub,copy-start,0.0125
matmul_3584x4096x4096,sub,copy-done,0.003594
matmul_3584x4096x4096,sub,fusion,162.18875
matmul_3584x4096x4096,sub,copy-start,0.0125
matmul_3584x4096x4096,sub,copy-done,0.00375
matmul_3584x4096x4096,sub,fusion,161.784844
matmul_4096x1024x1024,main,jit_validation_matrix_multiply(9390330573598242057),22.184844
matmul_4096x1024x1024,main,jit_validation_matrix_multiply(9390330573598242057),15.859922
matmul_4096x1024x1024,main,jit_validation_matrix_multiply(9390330573598242057),16.12625
matmul_4096x1024x1024,main,jit_validation_matrix_multiply(9390330573598242057),16.051172
matmul_4096x1024x1024,main,jit_validation_matrix_multiply(9390330573598242057),15.78875
matmul_4096x1024x1024,main,jit_validation_matrix_multiply(9390330573598242057),15.79625
matmul_4096x1024x1024,main,jit_validation_matrix_multiply(9390330573598242057),16.060078
matmul_4096x1024x1024,main,jit_validation_matrix_multiply(9390330573598242057),15.60625
matmul_4096x1024x1024,main,jit_validation_matrix_multiply(9390330573598242057),15.953984
matmul_4096x1024x1024,main,jit_validation_matrix_multiply(9390330573598242057),15.91875
matmul_4096x1024x1024,sub,copy-start,0.0125
matmul_4096x1024x1024,sub,copy-done,6.33375
matmul_4096x1024x1024,sub,fusion,15.831406
matmul_4096x1024x1024,sub,copy-start,0.012422
matmul_4096x1024x1024,sub,copy-done,0.002578
matmul_4096x1024x1024,sub,fusion,15.838906
matmul_4096x1024x1024,sub,copy-start,0.012422
matmul_4096x1024x1024,sub,copy-done,0.002578
matmul_4096x1024x1024,sub,fusion,16.105156
matmul_4096x1024x1024,sub,copy-start,0.0125
matmul_4096x1024x1024,sub,copy-done,0.0025
matmul_4096x1024x1024,sub,fusion,16.031094
matmul_4096x1024x1024,sub,copy-start,0.0125
matmul_4096x1024x1024,sub,copy-done,0.003594
matmul_4096x1024x1024,sub,fusion,15.767578
matmul_4096x1024x1024,sub,copy-start,0.011328
matmul_4096x1024x1024,sub,copy-done,0.002656
matmul_4096x1024x1024,sub,fusion,15.775156
matmul_4096x1024x1024,sub,copy-start,0.0125
matmul_4096x1024x1024,sub,copy-done,0.003672
matmul_4096x1024x1024,sub,fusion,16.039922
matmul_4096x1024x1024,sub,copy-start,0.011328
matmul_4096x1024x1024,sub,copy-done,0.003594
matmul_4096x1024x1024,sub,fusion,15.585078
matmul_4096x1024x1024,sub,copy-start,0.011328
matmul_4096x1024x1024,sub,copy-done,0.003594
matmul_4096x1024x1024,sub,fusion,15.933828
matmul_4096x1024x1024,sub,copy-start,0.012422
matmul_4096x1024x1024,sub,copy-done,0.003672
matmul_4096x1024x1024,sub,fusion,15.898672
matmul_4096x1024x1536,main,jit_validation_matrix_multiply(9379229923326986931),30.523828
matmul_4096x1024x1536,main,jit_validation_matrix_multiply(9379229923326986931),21.607422
matmul_4096x1024x1536,main,jit_validation_matrix_multiply(9379229923326986931),21.536328
matmul_4096x1024x1536,main,jit_validation_matrix_multiply(9379229923326986931),21.345156
matmul_4096x1024x1536,main,jit_validation_matrix_multiply(9379229923326986931),21.482344
matmul_4096x1024x1536,main,jit_validation_matrix_multiply(9379229923326986931),21.389922
matmul_4096x1024x1536,main,jit_validation_matrix_multiply(9379229923326986931),21.524922
matmul_4096x1024x1536,main,jit_validation_matrix_multiply(9379229923326986931),21.58125
matmul_4096x1024x1536,main,jit_validation_matrix_multiply(9379229923326986931),21.467422
matmul_4096x1024x1536,main,jit_validation_matrix_multiply(9379229923326986931),21.466484
matmul_4096x1024x1536,sub,copy-start,0.0125
matmul_4096x1024x1536,sub,copy-done,9.206172
matmul_4096x1024x1536,sub,fusion,21.3
matmul_4096x1024x1536,sub,copy-start,0.011328
matmul_4096x1024x1536,sub,copy-done,0.003672
matmul_4096x1024x1536,sub,fusion,21.587344
matmul_4096x1024x1536,sub,copy-start,0.012344
matmul_4096x1024x1536,sub,copy-done,0.0025
matmul_4096x1024x1536,sub,fusion,21.51625
matmul_4096x1024x1536,sub,copy-start,0.011328
matmul_4096x1024x1536,sub,copy-done,0.002578
matmul_4096x1024x1536,sub,fusion,21.325078
matmul_4096x1024x1536,sub,copy-start,0.0125
matmul_4096x1024x1536,sub,copy-done,0.0025
matmul_4096x1024x1536,sub,fusion,21.461094
matmul_4096x1024x1536,sub,copy-start,0.012344
matmul_4096x1024x1536,sub,copy-done,0.003672
matmul_4096x1024x1536,sub,fusion,21.368672
matmul_4096x1024x1536,sub,copy-start,0.0125
matmul_4096x1024x1536,sub,copy-done,0.0025
matmul_4096x1024x1536,sub,fusion,21.504844
matmul_4096x1024x1536,sub,copy-start,0.011406
matmul_4096x1024x1536,sub,copy-done,0.003516
matmul_4096x1024x1536,sub,fusion,21.561172
matmul_4096x1024x1536,sub,copy-start,0.011328
matmul_4096x1024x1536,sub,copy-done,0.002578
matmul_4096x1024x1536,sub,fusion,21.447344
matmul_4096x1024x1536,sub,copy-start,0.012422
matmul_4096x1024x1536,sub,copy-done,0.003672
matmul_4096x1024x1536,sub,fusion,21.446328
matmul_4096x1024x2048,main,jit_validation_matrix_multiply(4193665795852893911),39.453828
matmul_4096x1024x2048,main,jit_validation_matrix_multiply(4193665795852893911),27.6525
matmul_4096x1024x2048,main,jit_validation_matrix_multiply(4193665795852893911),27.5975
matmul_4096x1024x2048,main,jit_validation_matrix_multiply(4193665795852893911),27.366328
matmul_4096x1024x2048,main,jit_validation_matrix_multiply(4193665795852893911),27.325078
matmul_4096x1024x2048,main,jit_validation_matrix_multiply(4193665795852893911),27.505
matmul_4096x1024x2048,main,jit_validation_matrix_multiply(4193665795852893911),27.5625
matmul_4096x1024x2048,main,jit_validation_matrix_multiply(4193665795852893911),27.393828
matmul_4096x1024x2048,main,jit_validation_matrix_multiply(4193665795852893911),27.437422
matmul_4096x1024x2048,main,jit_validation_matrix_multiply(4193665795852893911),27.662578
matmul_4096x1024x2048,sub,copy-start,0.011328
matmul_4096x1024x2048,sub,copy-done,12.040078
matmul_4096x1024x2048,sub,fusion,27.39625
matmul_4096x1024x2048,sub,copy-start,0.0125
matmul_4096x1024x2048,sub,copy-done,0.00375
matmul_4096x1024x2048,sub,fusion,27.632344
matmul_4096x1024x2048,sub,copy-start,0.012422
matmul_4096x1024x2048,sub,copy-done,0.00375
matmul_4096x1024x2048,sub,fusion,27.575
matmul_4096x1024x2048,sub,copy-start,0.011328
matmul_4096x1024x2048,sub,copy-done,0.00375
matmul_4096x1024x2048,sub,fusion,27.346172
matmul_4096x1024x2048,sub,copy-start,0.012422
matmul_4096x1024x2048,sub,copy-done,0.003672
matmul_4096x1024x2048,sub,fusion,27.304922
matmul_4096x1024x2048,sub,copy-start,0.012344
matmul_4096x1024x2048,sub,copy-done,0.00375
matmul_4096x1024x2048,sub,fusion,27.483672
matmul_4096x1024x2048,sub,copy-start,0.012422
matmul_4096x1024x2048,sub,copy-done,0.002656
matmul_4096x1024x2048,sub,fusion,27.54125
matmul_4096x1024x2048,sub,copy-start,0.0125
matmul_4096x1024x2048,sub,copy-done,0.003594
matmul_4096x1024x2048,sub,fusion,27.373672
matmul_4096x1024x2048,sub,copy-start,0.011328
matmul_4096x1024x2048,sub,copy-done,0.002656
matmul_4096x1024x2048,sub,fusion,27.41625
matmul_4096x1024x2048,sub,copy-start,0.0125
matmul_4096x1024x2048,sub,copy-done,0.003672
matmul_4096x1024x2048,sub,fusion,27.642422
matmul_4096x1024x2560,main,jit_validation_matrix_multiply(1781358391809642309),47.16375
matmul_4096x1024x2560,main,jit_validation_matrix_multiply(1781358391809642309),32.603594
matmul_4096x1024x2560,main,jit_validation_matrix_multiply(1781358391809642309),32.401094
matmul_4096x1024x2560,main,jit_validation_matrix_multiply(1781358391809642309),32.497656
matmul_4096x1024x2560,main,jit_validation_matrix_multiply(1781358391809642309),32.60625
matmul_4096x1024x2560,main,jit_validation_matrix_multiply(1781358391809642309),32.51125
matmul_4096x1024x2560,main,jit_validation_matrix_multiply(1781358391809642309),32.473672
matmul_4096x1024x2560,main,jit_validation_matrix_multiply(1781358391809642309),32.625156
matmul_4096x1024x2560,main,jit_validation_matrix_multiply(1781358391809642309),32.541406
matmul_4096x1024x2560,main,jit_validation_matrix_multiply(1781358391809642309),32.58625
matmul_4096x1024x2560,sub,copy-start,0.0125
matmul_4096x1024x2560,sub,copy-done,14.86875
matmul_4096x1024x2560,sub,fusion,32.276328
matmul_4096x1024x2560,sub,copy-start,0.0125
matmul_4096x1024x2560,sub,copy-done,0.002578
matmul_4096x1024x2560,sub,fusion,32.581328
matmul_4096x1024x2560,sub,copy-start,0.0125
matmul_4096x1024x2560,sub,copy-done,0.003672
matmul_4096x1024x2560,sub,fusion,32.378906
matmul_4096x1024x2560,sub,copy-start,0.011328
matmul_4096x1024x2560,sub,copy-done,0.00375
matmul_4096x1024x2560,sub,fusion,32.4775
matmul_4096x1024x2560,sub,copy-start,0.012422
matmul_4096x1024x2560,sub,copy-done,0.00375
matmul_4096x1024x2560,sub,fusion,32.583828
matmul_4096x1024x2560,sub,copy-start,0.012422
matmul_4096x1024x2560,sub,copy-done,0.00375
matmul_4096x1024x2560,sub,fusion,32.491094
matmul_4096x1024x2560,sub,copy-start,0.012344
matmul_4096x1024x2560,sub,copy-done,0.00375
matmul_4096x1024x2560,sub,fusion,32.451484
matmul_4096x1024x2560,sub,copy-start,0.012422
matmul_4096x1024x2560,sub,copy-done,0.00375
matmul_4096x1024x2560,sub,fusion,32.605
matmul_4096x1024x2560,sub,copy-start,0.011328
matmul_4096x1024x2560,sub,copy-done,0.00375
matmul_4096x1024x2560,sub,fusion,32.520078
matmul_4096x1024x2560,sub,copy-start,0.0125
matmul_4096x1024x2560,sub,copy-done,0.002578
matmul_4096x1024x2560,sub,fusion,32.565078
matmul_4096x1024x3072,main,jit_validation_matrix_multiply(10525661683314632056),55.871406
matmul_4096x1024x3072,main,jit_validation_matrix_multiply(10525661683314632056),38.138594
matmul_4096x1024x3072,main,jit_validation_matrix_multiply(10525661683314632056),38.580156
matmul_4096x1024x3072,main,jit_validation_matrix_multiply(10525661683314632056),38.28875
matmul_4096x1024x3072,main,jit_validation_matrix_multiply(10525661683314632056),38.361406
matmul_4096x1024x3072,main,jit_validation_matrix_multiply(10525661683314632056),38.1425
matmul_4096x1024x3072,main,jit_validation_matrix_multiply(10525661683314632056),38.12
matmul_4096x1024x3072,main,jit_validation_matrix_multiply(10525661683314632056),38.249844
matmul_4096x1024x3072,main,jit_validation_matrix_multiply(10525661683314632056),38.173828
matmul_4096x1024x3072,main,jit_validation_matrix_multiply(10525661683314632056),38.234922
matmul_4096x1024x3072,sub,copy-start,0.0125
matmul_4096x1024x3072,sub,copy-done,17.78625
matmul_4096x1024x3072,sub,fusion,38.068672
matmul_4096x1024x3072,sub,copy-start,0.0125
matmul_4096x1024x3072,sub,copy-done,0.002578
matmul_4096x1024x3072,sub,fusion,38.116484
matmul_4096x1024x3072,sub,copy-start,0.012422
matmul_4096x1024x3072,sub,copy-done,0.00375
matmul_4096x1024x3072,sub,fusion,38.56
matmul_4096x1024x3072,sub,copy-start,0.011328
matmul_4096x1024x3072,sub,copy-done,0.003594
matmul_4096x1024x3072,sub,fusion,38.266406
matmul_4096x1024x3072,sub,copy-start,0.012422
matmul_4096x1024x3072,sub,copy-done,0.00375
matmul_4096x1024x3072,sub,fusion,38.340078
matmul_4096x1024x3072,sub,copy-start,0.011328
matmul_4096x1024x3072,sub,copy-done,0.003594
matmul_4096x1024x3072,sub,fusion,38.120156
matmul_4096x1024x3072,sub,copy-start,0.011328
matmul_4096x1024x3072,sub,copy-done,0.003672
matmul_4096x1024x3072,sub,fusion,38.097656
matmul_4096x1024x3072,sub,copy-start,0.0125
matmul_4096x1024x3072,sub,copy-done,0.002578
matmul_4096x1024x3072,sub,fusion,38.227734
matmul_4096x1024x3072,sub,copy-start,0.0125
matmul_4096x1024x3072,sub,copy-done,0.002578
matmul_4096x1024x3072,sub,fusion,38.153672
matmul_4096x1024x3072,sub,copy-start,0.011328
matmul_4096x1024x3072,sub,copy-done,0.003672
matmul_4096x1024x3072,sub,fusion,38.212656
matmul_4096x1024x3584,main,jit_validation_matrix_multiply(7631034585348290450),66.648672
matmul_4096x1024x3584,main,jit_validation_matrix_multiply(7631034585348290450),46.126406
matmul_4096x1024x3584,main,jit_validation_matrix_multiply(7631034585348290450),45.87125
matmul_4096x1024x3584,main,jit_validation_matrix_multiply(7631034585348290450),46.002578
matmul_4096x1024x3584,main,jit_validation_matrix_multiply(7631034585348290450),45.7325
matmul_4096x1024x3584,main,jit_validation_matrix_multiply(7631034585348290450),46.09875
matmul_4096x1024x3584,main,jit_validation_matrix_multiply(7631034585348290450),46.058828
matmul_4096x1024x3584,main,jit_validation_matrix_multiply(7631034585348290450),46.252656
matmul_4096x1024x3584,main,jit_validation_matrix_multiply(7631034585348290450),45.893828
matmul_4096x1024x3584,main,jit_validation_matrix_multiply(7631034585348290450),46.107656
matmul_4096x1024x3584,sub,copy-start,0.0125
matmul_4096x1024x3584,sub,copy-done,20.687578
matmul_4096x1024x3584,sub,fusion,45.9425
matmul_4096x1024x3584,sub,copy-start,0.0125
matmul_4096x1024x3584,sub,copy-done,0.002656
matmul_4096x1024x3584,sub,fusion,46.105156
matmul_4096x1024x3584,sub,copy-start,0.011328
matmul_4096x1024x3584,sub,copy-done,0.002656
matmul_4096x1024x3584,sub,fusion,45.850078
matmul_4096x1024x3584,sub,copy-start,0.012422
matmul_4096x1024x3584,sub,copy-done,0.003672
matmul_4096x1024x3584,sub,fusion,45.982422
matmul_4096x1024x3584,sub,copy-start,0.0125
matmul_4096x1024x3584,sub,copy-done,0.003594
matmul_4096x1024x3584,sub,fusion,45.71125
matmul_4096x1024x3584,sub,copy-start,0.012422
matmul_4096x1024x3584,sub,copy-done,0.003672
matmul_4096x1024x3584,sub,fusion,46.0775
matmul_4096x1024x3584,sub,copy-start,0.011328
matmul_4096x1024x3584,sub,copy-done,0.003672
matmul_4096x1024x3584,sub,fusion,46.0375
matmul_4096x1024x3584,sub,copy-start,0.0125
matmul_4096x1024x3584,sub,copy-done,0.003594
matmul_4096x1024x3584,sub,fusion,46.231328
matmul_4096x1024x3584,sub,copy-start,0.0125
matmul_4096x1024x3584,sub,copy-done,0.00375
matmul_4096x1024x3584,sub,fusion,45.873672
matmul_4096x1024x3584,sub,copy-start,0.011328
matmul_4096x1024x3584,sub,copy-done,0.003672
matmul_4096x1024x3584,sub,fusion,46.086328
matmul_4096x1024x4096,main,jit_validation_matrix_multiply(12524429509367292526),74.473906
matmul_4096x1024x4096,main,jit_validation_matrix_multiply(12524429509367292526),50.996172
matmul_4096x1024x4096,main,jit_validation_matrix_multiply(12524429509367292526),50.9725
matmul_4096x1024x4096,main,jit_validation_matrix_multiply(12524429509367292526),51.113906
matmul_4096x1024x4096,main,jit_validation_matrix_multiply(12524429509367292526),51.2425
matmul_4096x1024x4096,main,jit_validation_matrix_multiply(12524429509367292526),51.11875
matmul_4096x1024x4096,main,jit_validation_matrix_multiply(12524429509367292526),51.145
matmul_4096x1024x4096,main,jit_validation_matrix_multiply(12524429509367292526),51.447344
matmul_4096x1024x4096,main,jit_validation_matrix_multiply(12524429509367292526),51.01125
matmul_4096x1024x4096,main,jit_validation_matrix_multiply(12524429509367292526),50.725
matmul_4096x1024x4096,sub,copy-start,0.0125
matmul_4096x1024x4096,sub,copy-done,23.477578
matmul_4096x1024x4096,sub,fusion,50.978828
matmul_4096x1024x4096,sub,copy-start,0.012344
matmul_4096x1024x4096,sub,copy-done,0.00375
matmul_4096x1024x4096,sub,fusion,50.975078
matmul_4096x1024x4096,sub,copy-start,0.011328
matmul_4096x1024x4096,sub,copy-done,0.00375
matmul_4096x1024x4096,sub,fusion,50.951328
matmul_4096x1024x4096,sub,copy-start,0.0125
matmul_4096x1024x4096,sub,copy-done,0.00375
matmul_4096x1024x4096,sub,fusion,51.093672
matmul_4096x1024x4096,sub,copy-start,0.011328
matmul_4096x1024x4096,sub,copy-done,0.003594
matmul_4096x1024x4096,sub,fusion,51.220078
matmul_4096x1024x4096,sub,copy-start,0.012422
matmul_4096x1024x4096,sub,copy-done,0.003672
matmul_4096x1024x4096,sub,fusion,51.0975
matmul_4096x1024x4096,sub,copy-start,0.0125
matmul_4096x1024x4096,sub,copy-done,0.003594
matmul_4096x1024x4096,sub,fusion,51.122578
matmul_4096x1024x4096,sub,copy-start,0.0125
matmul_4096x1024x4096,sub,copy-done,0.002578
matmul_4096x1024x4096,sub,fusion,51.425234
matmul_4096x1024x4096,sub,copy-start,0.011328
matmul_4096x1024x4096,sub,copy-done,0.00375
matmul_4096x1024x4096,sub,fusion,50.99
matmul_4096x1024x4096,sub,copy-start,0.012344
matmul_4096x1024x4096,sub,copy-done,0.00375
matmul_4096x1024x4096,sub,fusion,50.70375
matmul_4096x1536x1024,main,jit_validation_matrix_multiply(16142952624195661376),28.385
matmul_4096x1536x1024,main,jit_validation_matrix_multiply(16142952624195661376),22.107656
matmul_4096x1536x1024,main,jit_validation_matrix_multiply(16142952624195661376),22.049844
matmul_4096x1536x1024,main,jit_validation_matrix_multiply(16142952624195661376),22.100078
matmul_4096x1536x1024,main,jit_validation_matrix_multiply(16142952624195661376),21.816406
matmul_4096x1536x1024,main,jit_validation_matrix_multiply(16142952624195661376),22.107422
matmul_4096x1536x1024,main,jit_validation_matrix_multiply(16142952624195661376),21.998672
matmul_4096x1536x1024,main,jit_validation_matrix_multiply(16142952624195661376),22.221094
matmul_4096x1536x1024,main,jit_validation_matrix_multiply(16142952624195661376),22.266406
matmul_4096x1536x1024,main,jit_validation_matrix_multiply(16142952624195661376),22.052422
matmul_4096x1536x1024,sub,copy-start,0.011328
matmul_4096x1536x1024,sub,copy-done,6.38125
matmul_4096x1536x1024,sub,fusion,21.986328
matmul_4096x1536x1024,sub,copy-start,0.011328
matmul_4096x1536x1024,sub,copy-done,0.003594
matmul_4096x1536x1024,sub,fusion,22.087578
matmul_4096x1536x1024,sub,copy-start,0.011328
matmul_4096x1536x1024,sub,copy-done,0.002578
matmul_4096x1536x1024,sub,fusion,22.02875
matmul_4096x1536x1024,sub,copy-start,0.0125
matmul_4096x1536x1024,sub,copy-done,0.0025
matmul_4096x1536x1024,sub,fusion,22.08
matmul_4096x1536x1024,sub,copy-start,0.011406
matmul_4096x1536x1024,sub,copy-done,0.0025
matmul_4096x1536x1024,sub,fusion,21.795156
matmul_4096x1536x1024,sub,copy-start,0.012344
matmul_4096x1536x1024,sub,copy-done,0.003672
matmul_4096x1536x1024,sub,fusion,22.086328
matmul_4096x1536x1024,sub,copy-start,0.012422
matmul_4096x1536x1024,sub,copy-done,0.003594
matmul_4096x1536x1024,sub,fusion,21.977422
matmul_4096x1536x1024,sub,copy-start,0.0125
matmul_4096x1536x1024,sub,copy-done,0.0025
matmul_4096x1536x1024,sub,fusion,22.2
matmul_4096x1536x1024,sub,copy-start,0.011328
matmul_4096x1536x1024,sub,copy-done,0.002578
matmul_4096x1536x1024,sub,fusion,22.246328
matmul_4096x1536x1024,sub,copy-start,0.011328
matmul_4096x1536x1024,sub,copy-done,0.003672
matmul_4096x1536x1024,sub,fusion,22.032344
matmul_4096x1536x1536,main,jit_validation_matrix_multiply(455032637060724720),39.7825
matmul_4096x1536x1536,main,jit_validation_matrix_multiply(455032637060724720),30.35
matmul_4096x1536x1536,main,jit_validation_matrix_multiply(455032637060724720),30.451328
matmul_4096x1536x1536,main,jit_validation_matrix_multiply(455032637060724720),30.376406
matmul_4096x1536x1536,main,jit_validation_matrix_multiply(455032637060724720),30.21875
matmul_4096x1536x1536,main,jit_validation_matrix_multiply(455032637060724720),30.219922
matmul_4096x1536x1536,main,jit_validation_matrix_multiply(455032637060724720),30.379844
matmul_4096x1536x1536,main,jit_validation_matrix_multiply(455032637060724720),30.482578
matmul_4096x1536x1536,main,jit_validation_matrix_multiply(455032637060724720),30.216172
matmul_4096x1536x1536,main,jit_validation_matrix_multiply(455032637060724720),30.44
matmul_4096x1536x1536,sub,copy-start,0.0125
matmul_4096x1536x1536,sub,copy-done,9.253594
matmul_4096x1536x1536,sub,fusion,30.51125
matmul_4096x1536x1536,sub,copy-start,0.0125
matmul_4096x1536x1536,sub,copy-done,0.0025
matmul_4096x1536x1536,sub,fusion,30.331094
matmul_4096x1536x1536,sub,copy-start,0.0125
matmul_4096x1536x1536,sub,copy-done,0.003594
matmul_4096x1536x1536,sub,fusion,30.431172
matmul_4096x1536x1536,sub,copy-start,0.011328
matmul_4096x1536x1536,sub,copy-done,0.003594
matmul_4096x1536x1536,sub,fusion,30.356328
matmul_4096x1536x1536,sub,copy-start,0.012344
matmul_4096x1536x1536,sub,copy-done,0.0025
matmul_4096x1536x1536,sub,fusion,30.198672
matmul_4096x1536x1536,sub,copy-start,0.0125
matmul_4096x1536x1536,sub,copy-done,0.0025
matmul_4096x1536x1536,sub,fusion,30.199844
matmul_4096x1536x1536,sub,copy-start,0.0125
matmul_4096x1536x1536,sub,copy-done,0.0025
matmul_4096x1536x1536,sub,fusion,30.358672
matmul_4096x1536x1536,sub,copy-start,0.011328
matmul_4096x1536x1536,sub,copy-done,0.0025
matmul_4096x1536x1536,sub,fusion,30.4625
matmul_4096x1536x1536,sub,copy-start,0.011406
matmul_4096x1536x1536,sub,copy-done,0.002656
matmul_4096x1536x1536,sub,fusion,30.195
matmul_4096x1536x1536,sub,copy-start,0.012344
matmul_4096x1536x1536,sub,copy-done,0.003672
matmul_4096x1536x1536,sub,fusion,30.419922
matmul_4096x1536x2048,main,jit_validation_matrix_multiply(16613384423433887535),51.332578
matmul_4096x1536x2048,main,jit_validation_matrix_multiply(16613384423433887535),39.314922
matmul_4096x1536x2048,main,jit_validation_matrix_multiply(16613384423433887535),39.021172
matmul_4096x1536x2048,main,jit_validation_matrix_multiply(16613384423433887535),39.41625
matmul_4096x1536x2048,main,jit_validation_matrix_multiply(16613384423433887535),40.105
matmul_4096x1536x2048,main,jit_validation_matrix_multiply(16613384423433887535),39.69375
matmul_4096x1536x2048,main,jit_validation_matrix_multiply(16613384423433887535),39.72625
matmul_4096x1536x2048,main,jit_validation_matrix_multiply(16613384423433887535),39.928828
matmul_4096x1536x2048,main,jit_validation_matrix_multiply(16613384423433887535),39.854922
matmul_4096x1536x2048,main,jit_validation_matrix_multiply(16613384423433887535),39.64625
matmul_4096x1536x2048,sub,copy-start,0.0125
matmul_4096x1536x2048,sub,copy-done,12.03375
matmul_4096x1536x2048,sub,fusion,39.28125
matmul_4096x1536x2048,sub,copy-start,0.0125
matmul_4096x1536x2048,sub,copy-done,0.002578
matmul_4096x1536x2048,sub,fusion,39.29375
matmul_4096x1536x2048,sub,copy-start,0.011328
matmul_4096x1536x2048,sub,copy-done,0.002656
matmul_4096x1536x2048,sub,fusion,39.0
matmul_4096x1536x2048,sub,copy-start,0.012344
matmul_4096x1536x2048,sub,copy-done,0.002578
matmul_4096x1536x2048,sub,fusion,39.396094
matmul_4096x1536x2048,sub,copy-start,0.0125
matmul_4096x1536x2048,sub,copy-done,0.003672
matmul_4096x1536x2048,sub,fusion,40.083906
matmul_4096x1536x2048,sub,copy-start,0.011328
matmul_4096x1536x2048,sub,copy-done,0.003672
matmul_4096x1536x2048,sub,fusion,39.6725
matmul_4096x1536x2048,sub,copy-start,0.0125
matmul_4096x1536x2048,sub,copy-done,0.003672
matmul_4096x1536x2048,sub,fusion,39.705
matmul_4096x1536x2048,sub,copy-start,0.011328
matmul_4096x1536x2048,sub,copy-done,0.00375
matmul_4096x1536x2048,sub,fusion,39.9075
matmul_4096x1536x2048,sub,copy-start,0.011328
matmul_4096x1536x2048,sub,copy-done,0.003672
matmul_4096x1536x2048,sub,fusion,39.832734
matmul_4096x1536x2048,sub,copy-start,0.012422
matmul_4096x1536x2048,sub,copy-done,0.002578
matmul_4096x1536x2048,sub,fusion,39.626094
matmul_4096x1536x2560,main,jit_validation_matrix_multiply(8893165286153841843),60.482734
matmul_4096x1536x2560,main,jit_validation_matrix_multiply(8893165286153841843),45.698672
matmul_4096x1536x2560,main,jit_validation_matrix_multiply(8893165286153841843),45.911172
matmul_4096x1536x2560,main,jit_validation_matrix_multiply(8893165286153841843),45.653906
matmul_4096x1536x2560,main,jit_validation_matrix_multiply(8893165286153841843),45.915156
matmul_4096x1536x2560,main,jit_validation_matrix_multiply(8893165286153841843),45.672422
matmul_4096x1536x2560,main,jit_validation_matrix_multiply(8893165286153841843),45.896172
matmul_4096x1536x2560,main,jit_validation_matrix_multiply(8893165286153841843),45.622344
matmul_4096x1536x2560,main,jit_validation_matrix_multiply(8893165286153841843),45.831406
matmul_4096x1536x2560,main,jit_validation_matrix_multiply(8893165286153841843),45.966406
matmul_4096x1536x2560,sub,copy-start,0.011328
matmul_4096x1536x2560,sub,copy-done,14.91625
matmul_4096x1536x2560,sub,fusion,45.548906
matmul_4096x1536x2560,sub,copy-start,0.012422
matmul_4096x1536x2560,sub,copy-done,0.00375
matmul_4096x1536x2560,sub,fusion,45.676406
matmul_4096x1536x2560,sub,copy-start,0.0125
matmul_4096x1536x2560,sub,copy-done,0.003672
matmul_4096x1536x2560,sub,fusion,45.888984
matmul_4096x1536x2560,sub,copy-start,0.012344
matmul_4096x1536x2560,sub,copy-done,0.00375
matmul_4096x1536x2560,sub,fusion,45.63375
matmul_4096x1536x2560,sub,copy-start,0.012422
matmul_4096x1536x2560,sub,copy-done,0.00375
matmul_4096x1536x2560,sub,fusion,45.893828
matmul_4096x1536x2560,sub,copy-start,0.011406
matmul_4096x1536x2560,sub,copy-done,0.00375
matmul_4096x1536x2560,sub,fusion,45.65
matmul_4096x1536x2560,sub,copy-start,0.012422
matmul_4096x1536x2560,sub,copy-done,0.00375
matmul_4096x1536x2560,sub,fusion,45.874922
matmul_4096x1536x2560,sub,copy-start,0.012344
matmul_4096x1536x2560,sub,copy-done,0.002656
matmul_4096x1536x2560,sub,fusion,45.600078
matmul_4096x1536x2560,sub,copy-start,0.012422
matmul_4096x1536x2560,sub,copy-done,0.00375
matmul_4096x1536x2560,sub,fusion,45.81125
matmul_4096x1536x2560,sub,copy-start,0.0125
matmul_4096x1536x2560,sub,copy-done,0.003672
matmul_4096x1536x2560,sub,fusion,45.94625
matmul_4096x1536x3072,main,jit_validation_matrix_multiply(17744992245123746825),72.416406
matmul_4096x1536x3072,main,jit_validation_matrix_multiply(17744992245123746825),54.682344
matmul_4096x1536x3072,main,jit_validation_matrix_multiply(17744992245123746825),54.7875
matmul_4096x1536x3072,main,jit_validation_matrix_multiply(17744992245123746825),54.856406
matmul_4096x1536x3072,main,jit_validation_matrix_multiply(17744992245123746825),54.91375
matmul_4096x1536x3072,main,jit_validation_matrix_multiply(17744992245123746825),54.805
matmul_4096x1536x3072,main,jit_validation_matrix_multiply(17744992245123746825),55.0425
matmul_4096x1536x3072,main,jit_validation_matrix_multiply(17744992245123746825),55.011328
matmul_4096x1536x3072,main,jit_validation_matrix_multiply(17744992245123746825),54.959922
matmul_4096x1536x3072,main,jit_validation_matrix_multiply(17744992245123746825),54.756328
matmul_4096x1536x3072,sub,copy-start,0.011328
matmul_4096x1536x3072,sub,copy-done,17.728672
matmul_4096x1536x3072,sub,fusion,54.671172
matmul_4096x1536x3072,sub,copy-start,0.011328
matmul_4096x1536x3072,sub,copy-done,0.00375
matmul_4096x1536x3072,sub,fusion,54.660078
matmul_4096x1536x3072,sub,copy-start,0.0125
matmul_4096x1536x3072,sub,copy-done,0.00375
matmul_4096x1536x3072,sub,fusion,54.766172
matmul_4096x1536x3072,sub,copy-start,0.011328
matmul_4096x1536x3072,sub,copy-done,0.003594
matmul_4096x1536x3072,sub,fusion,54.835078
matmul_4096x1536x3072,sub,copy-start,0.012422
matmul_4096x1536x3072,sub,copy-done,0.00375
matmul_4096x1536x3072,sub,fusion,54.8925
matmul_4096x1536x3072,sub,copy-start,0.0125
matmul_4096x1536x3072,sub,copy-done,0.00375
matmul_4096x1536x3072,sub,fusion,54.783672
matmul_4096x1536x3072,sub,copy-start,0.0125
matmul_4096x1536x3072,sub,copy-done,0.00375
matmul_4096x1536x3072,sub,fusion,55.021328
matmul_4096x1536x3072,sub,copy-start,0.0125
matmul_4096x1536x3072,sub,copy-done,0.003594
matmul_4096x1536x3072,sub,fusion,54.99
matmul_4096x1536x3072,sub,copy-start,0.0125
matmul_4096x1536x3072,sub,copy-done,0.00375
matmul_4096x1536x3072,sub,fusion,54.938594
matmul_4096x1536x3072,sub,copy-start,0.012344
matmul_4096x1536x3072,sub,copy-done,0.00375
matmul_4096x1536x3072,sub,fusion,54.736172
matmul_4096x1536x3584,main,jit_validation_matrix_multiply(17665551124186570433),85.943594
matmul_4096x1536x3584,main,jit_validation_matrix_multiply(17665551124186570433),64.994844
matmul_4096x1536x3584,main,jit_validation_matrix_multiply(17665551124186570433),65.154844
matmul_4096x1536x3584,main,jit_validation_matrix_multiply(17665551124186570433),65.541094
matmul_4096x1536x3584,main,jit_validation_matrix_multiply(17665551124186570433),65.3275
matmul_4096x1536x3584,main,jit_validation_matrix_multiply(17665551124186570433),65.307656
matmul_4096x1536x3584,main,jit_validation_matrix_multiply(17665551124186570433),64.511172
matmul_4096x1536x3584,main,jit_validation_matrix_multiply(17665551124186570433),65.16
matmul_4096x1536x3584,main,jit_validation_matrix_multiply(17665551124186570433),65.084922
matmul_4096x1536x3584,main,jit_validation_matrix_multiply(17665551124186570433),65.402656
matmul_4096x1536x3584,sub,copy-start,0.011328
matmul_4096x1536x3584,sub,copy-done,21.04875
matmul_4096x1536x3584,sub,fusion,64.876406
matmul_4096x1536x3584,sub,copy-start,0.011328
matmul_4096x1536x3584,sub,copy-done,0.00375
matmul_4096x1536x3584,sub,fusion,64.972656
matmul_4096x1536x3584,sub,copy-start,0.0125
matmul_4096x1536x3584,sub,copy-done,0.002578
matmul_4096x1536x3584,sub,fusion,65.132578
matmul_4096x1536x3584,sub,copy-start,0.011328
matmul_4096x1536x3584,sub,copy-done,0.00375
matmul_4096x1536x3584,sub,fusion,65.518906
matmul_4096x1536x3584,sub,copy-start,0.012422
matmul_4096x1536x3584,sub,copy-done,0.00375
matmul_4096x1536x3584,sub,fusion,65.30625
matmul_4096x1536x3584,sub,copy-start,0.011328
matmul_4096x1536x3584,sub,copy-done,0.003672
matmul_4096x1536x3584,sub,fusion,65.286328
matmul_4096x1536x3584,sub,copy-start,0.012422
matmul_4096x1536x3584,sub,copy-done,0.002578
matmul_4096x1536x3584,sub,fusion,64.489922
matmul_4096x1536x3584,sub,copy-start,0.011328
matmul_4096x1536x3584,sub,copy-done,0.00375
matmul_4096x1536x3584,sub,fusion,65.13875
matmul_4096x1536x3584,sub,copy-start,0.011406
matmul_4096x1536x3584,sub,copy-done,0.002578
matmul_4096x1536x3584,sub,fusion,65.0625
matmul_4096x1536x3584,sub,copy-start,0.011328
matmul_4096x1536x3584,sub,copy-done,0.003594
matmul_4096x1536x3584,sub,fusion,65.381328
matmul_4096x1536x4096,main,jit_validation_matrix_multiply(12764249937322992939),98.247344
matmul_4096x1536x4096,main,jit_validation_matrix_multiply(12764249937322992939),74.388828
matmul_4096x1536x4096,main,jit_validation_matrix_multiply(12764249937322992939),75.144922
matmul_4096x1536x4096,main,jit_validation_matrix_multiply(12764249937322992939),74.5575
matmul_4096x1536x4096,main,jit_validation_matrix_multiply(12764249937322992939),74.92875
matmul_4096x1536x4096,main,jit_validation_matrix_multiply(12764249937322992939),74.048594
matmul_4096x1536x4096,main,jit_validation_matrix_multiply(12764249937322992939),74.5025
matmul_4096x1536x4096,main,jit_validation_matrix_multiply(12764249937322992939),74.47375
matmul_4096x1536x4096,main,jit_validation_matrix_multiply(12764249937322992939),74.85
matmul_4096x1536x4096,main,jit_validation_matrix_multiply(12764249937322992939),74.24625
matmul_4096x1536x4096,sub,copy-start,0.0125
matmul_4096x1536x4096,sub,copy-done,23.614922
matmul_4096x1536x4096,sub,fusion,74.612734
matmul_4096x1536x4096,sub,copy-start,0.0125
matmul_4096x1536x4096,sub,copy-done,0.00375
matmul_4096x1536x4096,sub,fusion,74.368672
matmul_4096x1536x4096,sub,copy-start,0.0125
matmul_4096x1536x4096,sub,copy-done,0.002578
matmul_4096x1536x4096,sub,fusion,75.123672
matmul_4096x1536x4096,sub,copy-start,0.011328
matmul_4096x1536x4096,sub,copy-done,0.00375
matmul_4096x1536x4096,sub,fusion,74.535078
matmul_4096x1536x4096,sub,copy-start,0.011328
matmul_4096x1536x4096,sub,copy-done,0.00375
matmul_4096x1536x4096,sub,fusion,74.90625
matmul_4096x1536x4096,sub,copy-start,0.0125
matmul_4096x1536x4096,sub,copy-done,0.002578
matmul_4096x1536x4096,sub,fusion,74.026328
matmul_4096x1536x4096,sub,copy-start,0.012344
matmul_4096x1536x4096,sub,copy-done,0.00375
matmul_4096x1536x4096,sub,fusion,74.481172
matmul_4096x1536x4096,sub,copy-start,0.011328
matmul_4096x1536x4096,sub,copy-done,0.00375
matmul_4096x1536x4096,sub,fusion,74.452422
matmul_4096x1536x4096,sub,copy-start,0.012344
matmul_4096x1536x4096,sub,copy-done,0.00375
matmul_4096x1536x4096,sub,fusion,74.828828
matmul_4096x1536x4096,sub,copy-start,0.012422
matmul_4096x1536x4096,sub,copy-done,0.003672
matmul_4096x1536x4096,sub,fusion,74.225
matmul_4096x2048x1024,main,jit_validation_matrix_multiply(8774263588577638228),34.86125
matmul_4096x2048x1024,main,jit_validation_matrix_multiply(8774263588577638228),28.454922
matmul_4096x2048x1024,main,jit_validation_matrix_multiply(8774263588577638228),28.530156
matmul_4096x2048x1024,main,jit_validation_matrix_multiply(8774263588577638228),28.566328
matmul_4096x2048x1024,main,jit_validation_matrix_multiply(8774263588577638228),28.639844
matmul_4096x2048x1024,main,jit_validation_matrix_multiply(8774263588577638228),28.516172
matmul_4096x2048x1024,main,jit_validation_matrix_multiply(8774263588577638228),28.541172
matmul_4096x2048x1024,main,jit_validation_matrix_multiply(8774263588577638228),28.410078
matmul_4096x2048x1024,main,jit_validation_matrix_multiply(8774263588577638228),28.552422
matmul_4096x2048x1024,main,jit_validation_matrix_multiply(8774263588577638228),28.55375
matmul_4096x2048x1024,sub,copy-start,0.012344
matmul_4096x2048x1024,sub,copy-done,6.371328
matmul_4096x2048x1024,sub,fusion,28.472344
matmul_4096x2048x1024,sub,copy-start,0.012344
matmul_4096x2048x1024,sub,copy-done,0.0025
matmul_4096x2048x1024,sub,fusion,28.433672
matmul_4096x2048x1024,sub,copy-start,0.0125
matmul_4096x2048x1024,sub,copy-done,0.0025
matmul_4096x2048x1024,sub,fusion,28.510078
matmul_4096x2048x1024,sub,copy-start,0.0125
matmul_4096x2048x1024,sub,copy-done,0.0025
matmul_4096x2048x1024,sub,fusion,28.54625
matmul_4096x2048x1024,sub,copy-start,0.0125
matmul_4096x2048x1024,sub,copy-done,0.002578
matmul_4096x2048x1024,sub,fusion,28.618594
matmul_4096x2048x1024,sub,copy-start,0.0125
matmul_4096x2048x1024,sub,copy-done,0.0025
matmul_4096x2048x1024,sub,fusion,28.496094
matmul_4096x2048x1024,sub,copy-start,0.011328
matmul_4096x2048x1024,sub,copy-done,0.002578
matmul_4096x2048x1024,sub,fusion,28.521094
matmul_4096x2048x1024,sub,copy-start,0.011328
matmul_4096x2048x1024,sub,copy-done,0.0025
matmul_4096x2048x1024,sub,fusion,28.39
matmul_4096x2048x1024,sub,copy-start,0.012422
matmul_4096x2048x1024,sub,copy-done,0.002578
matmul_4096x2048x1024,sub,fusion,28.53125
matmul_4096x2048x1024,sub,copy-start,0.011328
matmul_4096x2048x1024,sub,copy-done,0.0025
matmul_4096x2048x1024,sub,fusion,28.5325
matmul_4096x2048x1536,main,jit_validation_matrix_multiply(13215198674499765967),46.987656
matmul_4096x2048x1536,main,jit_validation_matrix_multiply(13215198674499765967),38.023906
matmul_4096x2048x1536,main,jit_validation_matrix_multiply(13215198674499765967),38.26125
matmul_4096x2048x1536,main,jit_validation_matrix_multiply(13215198674499765967),38.036328
matmul_4096x2048x1536,main,jit_validation_matrix_multiply(13215198674499765967),38.089844
matmul_4096x2048x1536,main,jit_validation_matrix_multiply(13215198674499765967),38.030156
matmul_4096x2048x1536,main,jit_validation_matrix_multiply(13215198674499765967),38.136406
matmul_4096x2048x1536,main,jit_validation_matrix_multiply(13215198674499765967),37.986172
matmul_4096x2048x1536,main,jit_validation_matrix_multiply(13215198674499765967),38.388906
matmul_4096x2048x1536,main,jit_validation_matrix_multiply(13215198674499765967),38.004922
matmul_4096x2048x1536,sub,copy-start,0.0125
matmul_4096x2048x1536,sub,copy-done,9.307422
matmul_4096x2048x1536,sub,fusion,37.662578
matmul_4096x2048x1536,sub,copy-start,0.011328
matmul_4096x2048x1536,sub,copy-done,0.002578
matmul_4096x2048x1536,sub,fusion,38.003828
matmul_4096x2048x1536,sub,copy-start,0.0125
matmul_4096x2048x1536,sub,copy-done,0.003672
matmul_4096x2048x1536,sub,fusion,38.241172
matmul_4096x2048x1536,sub,copy-start,0.011328
matmul_4096x2048x1536,sub,copy-done,0.0025
matmul_4096x2048x1536,sub,fusion,38.01625
matmul_4096x2048x1536,sub,copy-start,0.0125
matmul_4096x2048x1536,sub,copy-done,0.002578
matmul_4096x2048x1536,sub,fusion,38.067656
matmul_4096x2048x1536,sub,copy-start,0.0125
matmul_4096x2048x1536,sub,copy-done,0.0025
matmul_4096x2048x1536,sub,fusion,38.010078
matmul_4096x2048x1536,sub,copy-start,0.012344
matmul_4096x2048x1536,sub,copy-done,0.002578
matmul_4096x2048x1536,sub,fusion,38.116328
matmul_4096x2048x1536,sub,copy-start,0.0125
matmul_4096x2048x1536,sub,copy-done,0.0025
matmul_4096x2048x1536,sub,fusion,37.965156
matmul_4096x2048x1536,sub,copy-start,0.011406
matmul_4096x2048x1536,sub,copy-done,0.0025
matmul_4096x2048x1536,sub,fusion,38.368828
matmul_4096x2048x1536,sub,copy-start,0.0125
matmul_4096x2048x1536,sub,copy-done,0.0025
matmul_4096x2048x1536,sub,fusion,37.982734
matmul_4096x2048x2048,main,jit_validation_matrix_multiply(15762776644857170924),62.51125
matmul_4096x2048x2048,main,jit_validation_matrix_multiply(15762776644857170924),49.841406
matmul_4096x2048x2048,main,jit_validation_matrix_multiply(15762776644857170924),50.432656
matmul_4096x2048x2048,main,jit_validation_matrix_multiply(15762776644857170924),50.142422
matmul_4096x2048x2048,main,jit_validation_matrix_multiply(15762776644857170924),50.271172
matmul_4096x2048x2048,main,jit_validation_matrix_multiply(15762776644857170924),50.0575
matmul_4096x2048x2048,main,jit_validation_matrix_multiply(15762776644857170924),50.489922
matmul_4096x2048x2048,main,jit_validation_matrix_multiply(15762776644857170924),50.363594
matmul_4096x2048x2048,main,jit_validation_matrix_multiply(15762776644857170924),50.420156
matmul_4096x2048x2048,main,jit_validation_matrix_multiply(15762776644857170924),50.236406
matmul_4096x2048x2048,sub,copy-start,0.011406
matmul_4096x2048x2048,sub,copy-done,12.081328
matmul_4096x2048x2048,sub,fusion,50.411328
matmul_4096x2048x2048,sub,copy-start,0.012422
matmul_4096x2048x2048,sub,copy-done,0.003672
matmul_4096x2048x2048,sub,fusion,49.82125
matmul_4096x2048x2048,sub,copy-start,0.011328
matmul_4096x2048x2048,sub,copy-done,0.00375
matmul_4096x2048x2048,sub,fusion,50.411328
matmul_4096x2048x2048,sub,copy-start,0.011406
matmul_4096x2048x2048,sub,copy-done,0.002578
matmul_4096x2048x2048,sub,fusion,50.120078
matmul_4096x2048x2048,sub,copy-start,0.012422
matmul_4096x2048x2048,sub,copy-done,0.003672
matmul_4096x2048x2048,sub,fusion,50.248984
matmul_4096x2048x2048,sub,copy-start,0.0125
matmul_4096x2048x2048,sub,copy-done,0.00375
matmul_4096x2048x2048,sub,fusion,50.036172
matmul_4096x2048x2048,sub,copy-start,0.0125
matmul_4096x2048x2048,sub,copy-done,0.002578
matmul_4096x2048x2048,sub,fusion,50.46875
matmul_4096x2048x2048,sub,copy-start,0.012344
matmul_4096x2048x2048,sub,copy-done,0.002656
matmul_4096x2048x2048,sub,fusion,50.341328
matmul_4096x2048x2048,sub,copy-start,0.012422
matmul_4096x2048x2048,sub,copy-done,0.00375
matmul_4096x2048x2048,sub,fusion,50.4
matmul_4096x2048x2048,sub,copy-start,0.012422
matmul_4096x2048x2048,sub,copy-done,0.00375
matmul_4096x2048x2048,sub,fusion,50.21625
matmul_4096x2048x2560,main,jit_validation_matrix_multiply(8673351006701752406),74.7425
matmul_4096x2048x2560,main,jit_validation_matrix_multiply(8673351006701752406),60.259844
matmul_4096x2048x2560,main,jit_validation_matrix_multiply(8673351006701752406),60.193672
matmul_4096x2048x2560,main,jit_validation_matrix_multiply(8673351006701752406),59.9025
matmul_4096x2048x2560,main,jit_validation_matrix_multiply(8673351006701752406),60.11875
matmul_4096x2048x2560,main,jit_validation_matrix_multiply(8673351006701752406),60.05
matmul_4096x2048x2560,main,jit_validation_matrix_multiply(8673351006701752406),59.842422
matmul_4096x2048x2560,main,jit_validation_matrix_multiply(8673351006701752406),60.153672
matmul_4096x2048x2560,main,jit_validation_matrix_multiply(8673351006701752406),59.7925
matmul_4096x2048x2560,main,jit_validation_matrix_multiply(8673351006701752406),59.884844
matmul_4096x2048x2560,sub,copy-start,0.012422
matmul_4096x2048x2560,sub,copy-done,14.913828
matmul_4096x2048x2560,sub,fusion,59.81
matmul_4096x2048x2560,sub,copy-start,0.012422
matmul_4096x2048x2560,sub,copy-done,0.002656
matmul_4096x2048x2560,sub,fusion,60.2375
matmul_4096x2048x2560,sub,copy-start,0.0125
matmul_4096x2048x2560,sub,copy-done,0.002578
matmul_4096x2048x2560,sub,fusion,60.1725
matmul_4096x2048x2560,sub,copy-start,0.011406
matmul_4096x2048x2560,sub,copy-done,0.00375
matmul_4096x2048x2560,sub,fusion,59.881172
matmul_4096x2048x2560,sub,copy-start,0.0125
matmul_4096x2048x2560,sub,copy-done,0.00375
matmul_4096x2048x2560,sub,fusion,60.098594
matmul_4096x2048x2560,sub,copy-start,0.0125
matmul_4096x2048x2560,sub,copy-done,0.003594
matmul_4096x2048x2560,sub,fusion,60.028672
matmul_4096x2048x2560,sub,copy-start,0.0125
matmul_4096x2048x2560,sub,copy-done,0.002656
matmul_4096x2048x2560,sub,fusion,59.82125
matmul_4096x2048x2560,sub,copy-start,0.012344
matmul_4096x2048x2560,sub,copy-done,0.00375
matmul_4096x2048x2560,sub,fusion,60.132422
matmul_4096x2048x2560,sub,copy-start,0.011328
matmul_4096x2048x2560,sub,copy-done,0.00375
matmul_4096x2048x2560,sub,fusion,59.77125
matmul_4096x2048x2560,sub,copy-start,0.0125
matmul_4096x2048x2560,sub,copy-done,0.002578
matmul_4096x2048x2560,sub,fusion,59.862734
matmul_4096x2048x3072,main,jit_validation_matrix_multiply(1750101874089230568),88.8875
matmul_4096x2048x3072,main,jit_validation_matrix_multiply(1750101874089230568),71.410156
matmul_4096x2048x3072,main,jit_validation_matrix_multiply(1750101874089230568),71.37875
matmul_4096x2048x3072,main,jit_validation_matrix_multiply(1750101874089230568),71.3025
matmul_4096x2048x3072,main,jit_validation_matrix_multiply(1750101874089230568),71.7525
matmul_4096x2048x3072,main,jit_validation_matrix_multiply(1750101874089230568),71.502578
matmul_4096x2048x3072,main,jit_validation_matrix_multiply(1750101874089230568),71.3225
matmul_4096x2048x3072,main,jit_validation_matrix_multiply(1750101874089230568),71.514922
matmul_4096x2048x3072,main,jit_validation_matrix_multiply(1750101874089230568),71.256484
matmul_4096x2048x3072,main,jit_validation_matrix_multiply(1750101874089230568),71.486094
matmul_4096x2048x3072,sub,copy-start,0.0125
matmul_4096x2048x3072,sub,copy-done,17.74
matmul_4096x2048x3072,sub,fusion,71.128828
matmul_4096x2048x3072,sub,copy-start,0.011328
matmul_4096x2048x3072,sub,copy-done,0.003594
matmul_4096x2048x3072,sub,fusion,71.388828
matmul_4096x2048x3072,sub,copy-start,0.0125
matmul_4096x2048x3072,sub,copy-done,0.003594
matmul_4096x2048x3072,sub,fusion,71.356328
matmul_4096x2048x3072,sub,copy-start,0.012344
matmul_4096x2048x3072,sub,copy-done,0.00375
matmul_4096x2048x3072,sub,fusion,71.282344
matmul_4096x2048x3072,sub,copy-start,0.012344
matmul_4096x2048x3072,sub,copy-done,0.00375
matmul_4096x2048x3072,sub,fusion,71.731328
matmul_4096x2048x3072,sub,copy-start,0.0125
matmul_4096x2048x3072,sub,copy-done,0.00375
matmul_4096x2048x3072,sub,fusion,71.482422
matmul_4096x2048x3072,sub,copy-start,0.011328
matmul_4096x2048x3072,sub,copy-done,0.003672
matmul_4096x2048x3072,sub,fusion,71.300078
matmul_4096x2048x3072,sub,copy-start,0.012344
matmul_4096x2048x3072,sub,copy-done,0.00375
matmul_4096x2048x3072,sub,fusion,71.492578
matmul_4096x2048x3072,sub,copy-start,0.011328
matmul_4096x2048x3072,sub,copy-done,0.00375
matmul_4096x2048x3072,sub,fusion,71.236328
matmul_4096x2048x3072,sub,copy-start,0.011328
matmul_4096x2048x3072,sub,copy-done,0.00375
matmul_4096x2048x3072,sub,fusion,71.46375
matmul_4096x2048x3584,main,jit_validation_matrix_multiply(4458400773931137578),105.583828
matmul_4096x2048x3584,main,jit_validation_matrix_multiply(4458400773931137578),84.889922
matmul_4096x2048x3584,main,jit_validation_matrix_multiply(4458400773931137578),84.868672
matmul_4096x2048x3584,main,jit_validation_matrix_multiply(4458400773931137578),84.89875
matmul_4096x2048x3584,main,jit_validation_matrix_multiply(4458400773931137578),84.823906
matmul_4096x2048x3584,main,jit_validation_matrix_multiply(4458400773931137578),84.651172
matmul_4096x2048x3584,main,jit_validation_matrix_multiply(4458400773931137578),84.542344
matmul_4096x2048x3584,main,jit_validation_matrix_multiply(4458400773931137578),84.994844
matmul_4096x2048x3584,main,jit_validation_matrix_multiply(4458400773931137578),84.6725
matmul_4096x2048x3584,main,jit_validation_matrix_multiply(4458400773931137578),85.565156
matmul_4096x2048x3584,sub,copy-start,0.011328
matmul_4096x2048x3584,sub,copy-done,20.681328
matmul_4096x2048x3584,sub,fusion,84.885
matmul_4096x2048x3584,sub,copy-start,0.012344
matmul_4096x2048x3584,sub,copy-done,0.00375
matmul_4096x2048x3584,sub,fusion,84.8675
matmul_4096x2048x3584,sub,copy-start,0.0125
matmul_4096x2048x3584,sub,copy-done,0.002578
matmul_4096x2048x3584,sub,fusion,84.847344
matmul_4096x2048x3584,sub,copy-start,0.0125
matmul_4096x2048x3584,sub,copy-done,0.003672
matmul_4096x2048x3584,sub,fusion,84.876328
matmul_4096x2048x3584,sub,copy-start,0.011328
matmul_4096x2048x3584,sub,copy-done,0.003594
matmul_4096x2048x3584,sub,fusion,84.802578
matmul_4096x2048x3584,sub,copy-start,0.0125
matmul_4096x2048x3584,sub,copy-done,0.002656
matmul_4096x2048x3584,sub,fusion,84.63
matmul_4096x2048x3584,sub,copy-start,0.011328
matmul_4096x2048x3584,sub,copy-done,0.00375
matmul_4096x2048x3584,sub,fusion,84.520078
matmul_4096x2048x3584,sub,copy-start,0.0125
matmul_4096x2048x3584,sub,copy-done,0.002578
matmul_4096x2048x3584,sub,fusion,84.972578
matmul_4096x2048x3584,sub,copy-start,0.011328
matmul_4096x2048x3584,sub,copy-done,0.00375
matmul_4096x2048x3584,sub,fusion,84.650078
matmul_4096x2048x3584,sub,copy-start,0.012422
matmul_4096x2048x3584,sub,copy-done,0.003672
matmul_4096x2048x3584,sub,fusion,85.545
matmul_4096x2048x4096,main,jit_validation_matrix_multiply(15362622566091802556),121.89625
matmul_4096x2048x4096,main,jit_validation_matrix_multiply(15362622566091802556),98.315
matmul_4096x2048x4096,main,jit_validation_matrix_multiply(15362622566091802556),97.67375
matmul_4096x2048x4096,main,jit_validation_matrix_multiply(15362622566091802556),97.844844
matmul_4096x2048x4096,main,jit_validation_matrix_multiply(15362622566091802556),97.453594
matmul_4096x2048x4096,main,jit_validation_matrix_multiply(15362622566091802556),97.644922
matmul_4096x2048x4096,main,jit_validation_matrix_multiply(15362622566091802556),97.2225
matmul_4096x2048x4096,main,jit_validation_matrix_multiply(15362622566091802556),97.724844
matmul_4096x2048x4096,main,jit_validation_matrix_multiply(15362622566091802556),97.57375
matmul_4096x2048x4096,main,jit_validation_matrix_multiply(15362622566091802556),97.867422
matmul_4096x2048x4096,sub,copy-start,0.012422
matmul_4096x2048x4096,sub,copy-done,23.5125
matmul_4096x2048x4096,sub,fusion,98.365
matmul_4096x2048x4096,sub,copy-start,0.012422
matmul_4096x2048x4096,sub,copy-done,0.00375
matmul_4096x2048x4096,sub,fusion,98.293828
matmul_4096x2048x4096,sub,copy-start,0.011406
matmul_4096x2048x4096,sub,copy-done,0.00375
matmul_4096x2048x4096,sub,fusion,97.652422
matmul_4096x2048x4096,sub,copy-start,0.0125
matmul_4096x2048x4096,sub,copy-done,0.002578
matmul_4096x2048x4096,sub,fusion,97.822656
matmul_4096x2048x4096,sub,copy-start,0.011328
matmul_4096x2048x4096,sub,copy-done,0.00375
matmul_4096x2048x4096,sub,fusion,97.431328
matmul_4096x2048x4096,sub,copy-start,0.0125
matmul_4096x2048x4096,sub,copy-done,0.002656
matmul_4096x2048x4096,sub,fusion,97.622578
matmul_4096x2048x4096,sub,copy-start,0.011328
matmul_4096x2048x4096,sub,copy-done,0.00375
matmul_4096x2048x4096,sub,fusion,97.201406
matmul_4096x2048x4096,sub,copy-start,0.011328
matmul_4096x2048x4096,sub,copy-done,0.002656
matmul_4096x2048x4096,sub,fusion,97.702578
matmul_4096x2048x4096,sub,copy-start,0.011328
matmul_4096x2048x4096,sub,copy-done,0.00375
matmul_4096x2048x4096,sub,fusion,97.5525
matmul_4096x2048x4096,sub,copy-start,0.012344
matmul_4096x2048x4096,sub,copy-done,0.002578
matmul_4096x2048x4096,sub,fusion,97.84625
matmul_4096x2560x1024,main,jit_validation_matrix_multiply(7063706026947003109),41.070078
matmul_4096x2560x1024,main,jit_validation_matrix_multiply(7063706026947003109),34.466328
matmul_4096x2560x1024,main,jit_validation_matrix_multiply(7063706026947003109),34.6275
matmul_4096x2560x1024,main,jit_validation_matrix_multiply(7063706026947003109),34.59625
matmul_4096x2560x1024,main,jit_validation_matrix_multiply(7063706026947003109),34.8125
matmul_4096x2560x1024,main,jit_validation_matrix_multiply(7063706026947003109),34.712422
matmul_4096x2560x1024,main,jit_validation_matrix_multiply(7063706026947003109),34.362422
matmul_4096x2560x1024,main,jit_validation_matrix_multiply(7063706026947003109),34.591172
matmul_4096x2560x1024,main,jit_validation_matrix_multiply(7063706026947003109),34.84375
matmul_4096x2560x1024,main,jit_validation_matrix_multiply(7063706026947003109),34.623672
matmul_4096x2560x1024,sub,copy-start,0.012344
matmul_4096x2560x1024,sub,copy-done,6.41875
matmul_4096x2560x1024,sub,fusion,34.634922
matmul_4096x2560x1024,sub,copy-start,0.0125
matmul_4096x2560x1024,sub,copy-done,0.003672
matmul_4096x2560x1024,sub,fusion,34.446172
matmul_4096x2560x1024,sub,copy-start,0.012422
matmul_4096x2560x1024,sub,copy-done,0.002578
matmul_4096x2560x1024,sub,fusion,34.60625
matmul_4096x2560x1024,sub,copy-start,0.0125
matmul_4096x2560x1024,sub,copy-done,0.003594
matmul_4096x2560x1024,sub,fusion,34.576172
matmul_4096x2560x1024,sub,copy-start,0.012422
matmul_4096x2560x1024,sub,copy-done,0.003672
matmul_4096x2560x1024,sub,fusion,34.792422
matmul_4096x2560x1024,sub,copy-start,0.0125
matmul_4096x2560x1024,sub,copy-done,0.0025
matmul_4096x2560x1024,sub,fusion,34.692344
matmul_4096x2560x1024,sub,copy-start,0.0125
matmul_4096x2560x1024,sub,copy-done,0.0025
matmul_4096x2560x1024,sub,fusion,34.342344
matmul_4096x2560x1024,sub,copy-start,0.0125
matmul_4096x2560x1024,sub,copy-done,0.003672
matmul_4096x2560x1024,sub,fusion,34.57
matmul_4096x2560x1024,sub,copy-start,0.012422
matmul_4096x2560x1024,sub,copy-done,0.0025
matmul_4096x2560x1024,sub,fusion,34.8225
matmul_4096x2560x1024,sub,copy-start,0.0125
matmul_4096x2560x1024,sub,copy-done,0.002578
matmul_4096x2560x1024,sub,fusion,34.603516
matmul_4096x2560x1536,main,jit_validation_matrix_multiply(10775508193493346231),56.404922
matmul_4096x2560x1536,main,jit_validation_matrix_multiply(10775508193493346231),46.93
matmul_4096x2560x1536,main,jit_validation_matrix_multiply(10775508193493346231),47.94375
matmul_4096x2560x1536,main,jit_validation_matrix_multiply(10775508193493346231),47.2475
matmul_4096x2560x1536,main,jit_validation_matrix_multiply(10775508193493346231),47.65
matmul_4096x2560x1536,main,jit_validation_matrix_multiply(10775508193493346231),47.326172
matmul_4096x2560x1536,main,jit_validation_matrix_multiply(10775508193493346231),46.934922
matmul_4096x2560x1536,main,jit_validation_matrix_multiply(10775508193493346231),47.15625
matmul_4096x2560x1536,main,jit_validation_matrix_multiply(10775508193493346231),47.8
matmul_4096x2560x1536,main,jit_validation_matrix_multiply(10775508193493346231),47.22625
matmul_4096x2560x1536,sub,copy-start,0.012344
matmul_4096x2560x1536,sub,copy-done,9.247578
matmul_4096x2560x1536,sub,fusion,47.137578
matmul_4096x2560x1536,sub,copy-start,0.011328
matmul_4096x2560x1536,sub,copy-done,0.0025
matmul_4096x2560x1536,sub,fusion,46.90875
matmul_4096x2560x1536,sub,copy-start,0.011328
matmul_4096x2560x1536,sub,copy-done,0.002578
matmul_4096x2560x1536,sub,fusion,47.922578
matmul_4096x2560x1536,sub,copy-start,0.0125
matmul_4096x2560x1536,sub,copy-done,0.003672
matmul_4096x2560x1536,sub,fusion,47.226328
matmul_4096x2560x1536,sub,copy-start,0.012422
matmul_4096x2560x1536,sub,copy-done,0.0025
matmul_4096x2560x1536,sub,fusion,47.628906
matmul_4096x2560x1536,sub,copy-start,0.012422
matmul_4096x2560x1536,sub,copy-done,0.003672
matmul_4096x2560x1536,sub,fusion,47.305
matmul_4096x2560x1536,sub,copy-start,0.012422
matmul_4096x2560x1536,sub,copy-done,0.0025
matmul_4096x2560x1536,sub,fusion,46.913906
matmul_4096x2560x1536,sub,copy-start,0.0125
matmul_4096x2560x1536,sub,copy-done,0.0025
matmul_4096x2560x1536,sub,fusion,47.135234
matmul_4096x2560x1536,sub,copy-start,0.0125
matmul_4096x2560x1536,sub,copy-done,0.003672
matmul_4096x2560x1536,sub,fusion,47.778828
matmul_4096x2560x1536,sub,copy-start,0.011328
matmul_4096x2560x1536,sub,copy-done,0.003672
matmul_4096x2560x1536,sub,fusion,47.206094
matmul_4096x2560x2048,main,jit_validation_matrix_multiply(608679497873858794),77.0
matmul_4096x2560x2048,main,jit_validation_matrix_multiply(608679497873858794),65.08625
matmul_4096x2560x2048,main,jit_validation_matrix_multiply(608679497873858794),65.24625
matmul_4096x2560x2048,main,jit_validation_matrix_multiply(608679497873858794),65.023594
matmul_4096x2560x2048,main,jit_validation_matrix_multiply(608679497873858794),65.40875
matmul_4096x2560x2048,main,jit_validation_matrix_multiply(608679497873858794),64.85625
matmul_4096x2560x2048,main,jit_validation_matrix_multiply(608679497873858794),65.125
matmul_4096x2560x2048,main,jit_validation_matrix_multiply(608679497873858794),65.232578
matmul_4096x2560x2048,main,jit_validation_matrix_multiply(608679497873858794),64.608672
matmul_4096x2560x2048,main,jit_validation_matrix_multiply(608679497873858794),65.205234
matmul_4096x2560x2048,sub,copy-start,0.012422
matmul_4096x2560x2048,sub,copy-done,12.27375
matmul_4096x2560x2048,sub,fusion,64.707578
matmul_4096x2560x2048,sub,copy-start,0.011406
matmul_4096x2560x2048,sub,copy-done,0.00375
matmul_4096x2560x2048,sub,fusion,65.06375
matmul_4096x2560x2048,sub,copy-start,0.011328
matmul_4096x2560x2048,sub,copy-done,0.00375
matmul_4096x2560x2048,sub,fusion,65.22375
matmul_4096x2560x2048,sub,copy-start,0.0125
matmul_4096x2560x2048,sub,copy-done,0.002578
matmul_4096x2560x2048,sub,fusion,65.001406
matmul_4096x2560x2048,sub,copy-start,0.0125
matmul_4096x2560x2048,sub,copy-done,0.003594
matmul_4096x2560x2048,sub,fusion,65.386406
matmul_4096x2560x2048,sub,copy-start,0.011328
matmul_4096x2560x2048,sub,copy-done,0.003672
matmul_4096x2560x2048,sub,fusion,64.83375
matmul_4096x2560x2048,sub,copy-start,0.012422
matmul_4096x2560x2048,sub,copy-done,0.00375
matmul_4096x2560x2048,sub,fusion,65.102656
matmul_4096x2560x2048,sub,copy-start,0.012344
matmul_4096x2560x2048,sub,copy-done,0.00375
matmul_4096x2560x2048,sub,fusion,65.211328
matmul_4096x2560x2048,sub,copy-start,0.012344
matmul_4096x2560x2048,sub,copy-done,0.00375
matmul_4096x2560x2048,sub,fusion,64.586328
matmul_4096x2560x2048,sub,copy-start,0.011328
matmul_4096x2560x2048,sub,copy-done,0.00375
matmul_4096x2560x2048,sub,fusion,65.185078
matmul_4096x2560x2560,main,jit_validation_matrix_multiply(7092896136405382153),88.223906
matmul_4096x2560x2560,main,jit_validation_matrix_multiply(7092896136405382153),73.772578
matmul_4096x2560x2560,main,jit_validation_matrix_multiply(7092896136405382153),73.683906
matmul_4096x2560x2560,main,jit_validation_matrix_multiply(7092896136405382153),73.580078
matmul_4096x2560x2560,main,jit_validation_matrix_multiply(7092896136405382153),73.991484
matmul_4096x2560x2560,main,jit_validation_matrix_multiply(7092896136405382153),73.90125
matmul_4096x2560x2560,main,jit_validation_matrix_multiply(7092896136405382153),73.69625
matmul_4096x2560x2560,main,jit_validation_matrix_multiply(7092896136405382153),73.491094
matmul_4096x2560x2560,main,jit_validation_matrix_multiply(7092896136405382153),73.84375
matmul_4096x2560x2560,main,jit_validation_matrix_multiply(7092896136405382153),73.548594
matmul_4096x2560x2560,sub,copy-start,0.012344
matmul_4096x2560x2560,sub,copy-done,14.83875
matmul_4096x2560x2560,sub,fusion,73.36875
matmul_4096x2560x2560,sub,copy-start,0.012422
matmul_4096x2560x2560,sub,copy-done,0.003672
matmul_4096x2560x2560,sub,fusion,73.752422
matmul_4096x2560x2560,sub,copy-start,0.012422
matmul_4096x2560x2560,sub,copy-done,0.00375
matmul_4096x2560x2560,sub,fusion,73.663672
matmul_4096x2560x2560,sub,copy-start,0.011328
matmul_4096x2560x2560,sub,copy-done,0.002656
matmul_4096x2560x2560,sub,fusion,73.558906
matmul_4096x2560x2560,sub,copy-start,0.0125
matmul_4096x2560x2560,sub,copy-done,0.00375
matmul_4096x2560x2560,sub,fusion,73.97125
matmul_4096x2560x2560,sub,copy-start,0.011328
matmul_4096x2560x2560,sub,copy-done,0.003594
matmul_4096x2560x2560,sub,fusion,73.878828
matmul_4096x2560x2560,sub,copy-start,0.0125
matmul_4096x2560x2560,sub,copy-done,0.003594
matmul_4096x2560x2560,sub,fusion,73.674922
matmul_4096x2560x2560,sub,copy-start,0.011328
matmul_4096x2560x2560,sub,copy-done,0.002656
matmul_4096x2560x2560,sub,fusion,73.46875
matmul_4096x2560x2560,sub,copy-start,0.012422
matmul_4096x2560x2560,sub,copy-done,0.003672
matmul_4096x2560x2560,sub,fusion,73.821328
matmul_4096x2560x2560,sub,copy-start,0.0125
matmul_4096x2560x2560,sub,copy-done,0.002578
matmul_4096x2560x2560,sub,fusion,73.526328
matmul_4096x2560x3072,main,jit_validation_matrix_multiply(16062425916340275951),105.22625
matmul_4096x2560x3072,main,jit_validation_matrix_multiply(16062425916340275951),87.757422
matmul_4096x2560x3072,main,jit_validation_matrix_multiply(16062425916340275951),87.74875
matmul_4096x2560x3072,main,jit_validation_matrix_multiply(16062425916340275951),88.133672
matmul_4096x2560x3072,main,jit_validation_matrix_multiply(16062425916340275951),87.65875
matmul_4096x2560x3072,main,jit_validation_matrix_multiply(16062425916340275951),87.81125
matmul_4096x2560x3072,main,jit_validation_matrix_multiply(16062425916340275951),87.825
matmul_4096x2560x3072,main,jit_validation_matrix_multiply(16062425916340275951),88.285078
matmul_4096x2560x3072,main,jit_validation_matrix_multiply(16062425916340275951),87.991406
matmul_4096x2560x3072,main,jit_validation_matrix_multiply(16062425916340275951),88.392578
matmul_4096x2560x3072,sub,copy-start,0.012422
matmul_4096x2560x3072,sub,copy-done,17.747578
matmul_4096x2560x3072,sub,fusion,87.460156
matmul_4096x2560x3072,sub,copy-start,0.0125
matmul_4096x2560x3072,sub,copy-done,0.003672
matmul_4096x2560x3072,sub,fusion,87.73625
matmul_4096x2560x3072,sub,copy-start,0.0125
matmul_4096x2560x3072,sub,copy-done,0.002578
matmul_4096x2560x3072,sub,fusion,87.728594
matmul_4096x2560x3072,sub,copy-start,0.011328
matmul_4096x2560x3072,sub,copy-done,0.00375
matmul_4096x2560x3072,sub,fusion,88.1125
matmul_4096x2560x3072,sub,copy-start,0.011328
matmul_4096x2560x3072,sub,copy-done,0.00375
matmul_4096x2560x3072,sub,fusion,87.636484
matmul_4096x2560x3072,sub,copy-start,0.0125
matmul_4096x2560x3072,sub,copy-done,0.003594
matmul_4096x2560x3072,sub,fusion,87.790078
matmul_4096x2560x3072,sub,copy-start,0.0125
matmul_4096x2560x3072,sub,copy-done,0.002656
matmul_4096x2560x3072,sub,fusion,87.803828
matmul_4096x2560x3072,sub,copy-start,0.012422
matmul_4096x2560x3072,sub,copy-done,0.002578
matmul_4096x2560x3072,sub,fusion,88.264922
matmul_4096x2560x3072,sub,copy-start,0.011328
matmul_4096x2560x3072,sub,copy-done,0.00375
matmul_4096x2560x3072,sub,fusion,87.97125
matmul_4096x2560x3072,sub,copy-start,0.011328
matmul_4096x2560x3072,sub,copy-done,0.00375
matmul_4096x2560x3072,sub,fusion,88.372422
matmul_4096x2560x3584,main,jit_validation_matrix_multiply(5753714982982860834),124.84625
matmul_4096x2560x3584,main,jit_validation_matrix_multiply(5753714982982860834),104.60875
matmul_4096x2560x3584,main,jit_validation_matrix_multiply(5753714982982860834),105.236094
matmul_4096x2560x3584,main,jit_validation_matrix_multiply(5753714982982860834),105.017578
matmul_4096x2560x3584,main,jit_validation_matrix_multiply(5753714982982860834),104.691094
matmul_4096x2560x3584,main,jit_validation_matrix_multiply(5753714982982860834),105.271172
matmul_4096x2560x3584,main,jit_validation_matrix_multiply(5753714982982860834),104.773594
matmul_4096x2560x3584,main,jit_validation_matrix_multiply(5753714982982860834),105.2125
matmul_4096x2560x3584,main,jit_validation_matrix_multiply(5753714982982860834),105.12125
matmul_4096x2560x3584,main,jit_validation_matrix_multiply(5753714982982860834),105.52625
matmul_4096x2560x3584,sub,copy-start,0.0125
matmul_4096x2560x3584,sub,copy-done,20.6
matmul_4096x2560x3584,sub,fusion,104.228672
matmul_4096x2560x3584,sub,copy-start,0.011328
matmul_4096x2560x3584,sub,copy-done,0.003594
matmul_4096x2560x3584,sub,fusion,104.586406
matmul_4096x2560x3584,sub,copy-start,0.0125
matmul_4096x2560x3584,sub,copy-done,0.002656
matmul_4096x2560x3584,sub,fusion,105.213984
matmul_4096x2560x3584,sub,copy-start,0.012422
matmul_4096x2560x3584,sub,copy-done,0.00375
matmul_4096x2560x3584,sub,fusion,104.997422
matmul_4096x2560x3584,sub,copy-start,0.011328
matmul_4096x2560x3584,sub,copy-done,0.002656
matmul_4096x2560x3584,sub,fusion,104.668828
matmul_4096x2560x3584,sub,copy-start,0.012422
matmul_4096x2560x3584,sub,copy-done,0.00375
matmul_4096x2560x3584,sub,fusion,105.248906
matmul_4096x2560x3584,sub,copy-start,0.0125
matmul_4096x2560x3584,sub,copy-done,0.002656
matmul_4096x2560x3584,sub,fusion,104.75125
matmul_4096x2560x3584,sub,copy-start,0.012422
matmul_4096x2560x3584,sub,copy-done,0.00375
matmul_4096x2560x3584,sub,fusion,105.190078
matmul_4096x2560x3584,sub,copy-start,0.012422
matmul_4096x2560x3584,sub,copy-done,0.003672
matmul_4096x2560x3584,sub,fusion,105.1
matmul_4096x2560x3584,sub,copy-start,0.0125
matmul_4096x2560x3584,sub,copy-done,0.00375
matmul_4096x2560x3584,sub,fusion,105.505
matmul_4096x2560x4096,main,jit_validation_matrix_multiply(13735703856522156376),145.314844
matmul_4096x2560x4096,main,jit_validation_matrix_multiply(13735703856522156376),121.5975
matmul_4096x2560x4096,main,jit_validation_matrix_multiply(13735703856522156376),121.796328
matmul_4096x2560x4096,main,jit_validation_matrix_multiply(13735703856522156376),121.530078
matmul_4096x2560x4096,main,jit_validation_matrix_multiply(13735703856522156376),121.33625
matmul_4096x2560x4096,main,jit_validation_matrix_multiply(13735703856522156376),121.4525
matmul_4096x2560x4096,main,jit_validation_matrix_multiply(13735703856522156376),121.893594
matmul_4096x2560x4096,main,jit_validation_matrix_multiply(13735703856522156376),120.77
matmul_4096x2560x4096,main,jit_validation_matrix_multiply(13735703856522156376),121.835
matmul_4096x2560x4096,main,jit_validation_matrix_multiply(13735703856522156376),121.07375
matmul_4096x2560x4096,sub,copy-start,0.011328
matmul_4096x2560x4096,sub,copy-done,23.41125
matmul_4096x2560x4096,sub,fusion,121.885156
matmul_4096x2560x4096,sub,copy-start,0.0125
matmul_4096x2560x4096,sub,copy-done,0.003672
matmul_4096x2560x4096,sub,fusion,121.57625
matmul_4096x2560x4096,sub,copy-start,0.0125
matmul_4096x2560x4096,sub,copy-done,0.003594
matmul_4096x2560x4096,sub,fusion,121.775
matmul_4096x2560x4096,sub,copy-start,0.0125
matmul_4096x2560x4096,sub,copy-done,0.003594
matmul_4096x2560x4096,sub,fusion,121.50875
matmul_4096x2560x4096,sub,copy-start,0.011328
matmul_4096x2560x4096,sub,copy-done,0.00375
matmul_4096x2560x4096,sub,fusion,121.315156
matmul_4096x2560x4096,sub,copy-start,0.011328
matmul_4096x2560x4096,sub,copy-done,0.00375
matmul_4096x2560x4096,sub,fusion,121.430078
matmul_4096x2560x4096,sub,copy-start,0.0125
matmul_4096x2560x4096,sub,copy-done,0.002578
matmul_4096x2560x4096,sub,fusion,121.871328
matmul_4096x2560x4096,sub,copy-start,0.011328
matmul_4096x2560x4096,sub,copy-done,0.003672
matmul_4096x2560x4096,sub,fusion,120.74875
matmul_4096x2560x4096,sub,copy-start,0.011328
matmul_4096x2560x4096,sub,copy-done,0.003594
matmul_4096x2560x4096,sub,fusion,121.812734
matmul_4096x2560x4096,sub,copy-start,0.011328
matmul_4096x2560x4096,sub,copy-done,0.00375
matmul_4096x2560x4096,sub,fusion,121.052578
matmul_4096x3072x1024,main,jit_validation_matrix_multiply(15791576275454382738),47.581172
matmul_4096x3072x1024,main,jit_validation_matrix_multiply(15791576275454382738),42.077344
matmul_4096x3072x1024,main,jit_validation_matrix_multiply(15791576275454382738),42.556406
matmul_4096x3072x1024,main,jit_validation_matrix_multiply(15791576275454382738),41.605
matmul_4096x3072x1024,main,jit_validation_matrix_multiply(15791576275454382738),42.078594
matmul_4096x3072x1024,main,jit_validation_matrix_multiply(15791576275454382738),41.711328
matmul_4096x3072x1024,main,jit_validation_matrix_multiply(15791576275454382738),41.211172
matmul_4096x3072x1024,main,jit_validation_matrix_multiply(15791576275454382738),41.501406
matmul_4096x3072x1024,main,jit_validation_matrix_multiply(15791576275454382738),42.382344
matmul_4096x3072x1024,main,jit_validation_matrix_multiply(15791576275454382738),41.7075
matmul_4096x3072x1024,sub,copy-start,0.012344
matmul_4096x3072x1024,sub,copy-done,6.336328
matmul_4096x3072x1024,sub,fusion,41.226484
matmul_4096x3072x1024,sub,copy-start,0.011328
matmul_4096x3072x1024,sub,copy-done,0.003672
matmul_4096x3072x1024,sub,fusion,42.05625
matmul_4096x3072x1024,sub,copy-start,0.0125
matmul_4096x3072x1024,sub,copy-done,0.0025
matmul_4096x3072x1024,sub,fusion,42.536328
matmul_4096x3072x1024,sub,copy-start,0.011328
matmul_4096x3072x1024,sub,copy-done,0.002656
matmul_4096x3072x1024,sub,fusion,41.583906
matmul_4096x3072x1024,sub,copy-start,0.011328
matmul_4096x3072x1024,sub,copy-done,0.002578
matmul_4096x3072x1024,sub,fusion,42.057578
matmul_4096x3072x1024,sub,copy-start,0.012344
matmul_4096x3072x1024,sub,copy-done,0.003672
matmul_4096x3072x1024,sub,fusion,41.69125
matmul_4096x3072x1024,sub,copy-start,0.0125
matmul_4096x3072x1024,sub,copy-done,0.003672
matmul_4096x3072x1024,sub,fusion,41.19
matmul_4096x3072x1024,sub,copy-start,0.011328
matmul_4096x3072x1024,sub,copy-done,0.002656
matmul_4096x3072x1024,sub,fusion,41.481328
matmul_4096x3072x1024,sub,copy-start,0.0125
matmul_4096x3072x1024,sub,copy-done,0.002578
matmul_4096x3072x1024,sub,fusion,42.361172
matmul_4096x3072x1024,sub,copy-start,0.0125
matmul_4096x3072x1024,sub,copy-done,0.002578
matmul_4096x3072x1024,sub,fusion,41.686406
matmul_4096x3072x1536,main,jit_validation_matrix_multiply(5093662358157366786),63.3
matmul_4096x3072x1536,main,jit_validation_matrix_multiply(5093662358157366786),54.395
matmul_4096x3072x1536,main,jit_validation_matrix_multiply(5093662358157366786),54.445
matmul_4096x3072x1536,main,jit_validation_matrix_multiply(5093662358157366786),54.26375
matmul_4096x3072x1536,main,jit_validation_matrix_multiply(5093662358157366786),54.293828
matmul_4096x3072x1536,main,jit_validation_matrix_multiply(5093662358157366786),54.331328
matmul_4096x3072x1536,main,jit_validation_matrix_multiply(5093662358157366786),54.031094
matmul_4096x3072x1536,main,jit_validation_matrix_multiply(5093662358157366786),54.456094
matmul_4096x3072x1536,main,jit_validation_matrix_multiply(5093662358157366786),54.16875
matmul_4096x3072x1536,main,jit_validation_matrix_multiply(5093662358157366786),54.18
matmul_4096x3072x1536,sub,copy-start,0.011328
matmul_4096x3072x1536,sub,copy-done,9.211328
matmul_4096x3072x1536,sub,fusion,54.071172
matmul_4096x3072x1536,sub,copy-start,0.012344
matmul_4096x3072x1536,sub,copy-done,0.003672
matmul_4096x3072x1536,sub,fusion,54.374922
matmul_4096x3072x1536,sub,copy-start,0.011328
matmul_4096x3072x1536,sub,copy-done,0.002578
matmul_4096x3072x1536,sub,fusion,54.423906
matmul_4096x3072x1536,sub,copy-start,0.012422
matmul_4096x3072x1536,sub,copy-done,0.002578
matmul_4096x3072x1536,sub,fusion,54.242734
matmul_4096x3072x1536,sub,copy-start,0.0125
matmul_4096x3072x1536,sub,copy-done,0.0025
matmul_4096x3072x1536,sub,fusion,54.27375
matmul_4096x3072x1536,sub,copy-start,0.0125
matmul_4096x3072x1536,sub,copy-done,0.003672
matmul_4096x3072x1536,sub,fusion,54.31125
matmul_4096x3072x1536,sub,copy-start,0.012422
matmul_4096x3072x1536,sub,copy-done,0.002578
matmul_4096x3072x1536,sub,fusion,54.009922
matmul_4096x3072x1536,sub,copy-start,0.011406
matmul_4096x3072x1536,sub,copy-done,0.002656
matmul_4096x3072x1536,sub,fusion,54.433828
matmul_4096x3072x1536,sub,copy-start,0.011328
matmul_4096x3072x1536,sub,copy-done,0.002578
matmul_4096x3072x1536,sub,fusion,54.147656
matmul_4096x3072x1536,sub,copy-start,0.012422
matmul_4096x3072x1536,sub,copy-done,0.002578
matmul_4096x3072x1536,sub,fusion,54.158828
matmul_4096x3072x2048,main,jit_validation_matrix_multiply(11240990600062014528),81.922656
matmul_4096x3072x2048,main,jit_validation_matrix_multiply(11240990600062014528),70.182578
matmul_4096x3072x2048,main,jit_validation_matrix_multiply(11240990600062014528),69.676328
matmul_4096x3072x2048,main,jit_validation_matrix_multiply(11240990600062014528),69.882578
matmul_4096x3072x2048,main,jit_validation_matrix_multiply(11240990600062014528),70.053672
matmul_4096x3072x2048,main,jit_validation_matrix_multiply(11240990600062014528),69.746172
matmul_4096x3072x2048,main,jit_validation_matrix_multiply(11240990600062014528),69.605
matmul_4096x3072x2048,main,jit_validation_matrix_multiply(11240990600062014528),69.787344
matmul_4096x3072x2048,main,jit_validation_matrix_multiply(11240990600062014528),69.7
matmul_4096x3072x2048,main,jit_validation_matrix_multiply(11240990600062014528),70.325078
matmul_4096x3072x2048,sub,copy-start,0.012344
matmul_4096x3072x2048,sub,copy-done,12.077578
matmul_4096x3072x2048,sub,fusion,69.828672
matmul_4096x3072x2048,sub,copy-start,0.0125
matmul_4096x3072x2048,sub,copy-done,0.003672
matmul_4096x3072x2048,sub,fusion,70.161328
matmul_4096x3072x2048,sub,copy-start,0.0125
matmul_4096x3072x2048,sub,copy-done,0.003594
matmul_4096x3072x2048,sub,fusion,69.655
matmul_4096x3072x2048,sub,copy-start,0.0125
matmul_4096x3072x2048,sub,copy-done,0.003672
matmul_4096x3072x2048,sub,fusion,69.861328
matmul_4096x3072x2048,sub,copy-start,0.011406
matmul_4096x3072x2048,sub,copy-done,0.00375
matmul_4096x3072x2048,sub,fusion,70.031328
matmul_4096x3072x2048,sub,copy-start,0.011406
matmul_4096x3072x2048,sub,copy-done,0.003594
matmul_4096x3072x2048,sub,fusion,69.723984
matmul_4096x3072x2048,sub,copy-start,0.012422
matmul_4096x3072x2048,sub,copy-done,0.002578
matmul_4096x3072x2048,sub,fusion,69.584844
matmul_4096x3072x2048,sub,copy-start,0.0125
matmul_4096x3072x2048,sub,copy-done,0.002578
matmul_4096x3072x2048,sub,fusion,69.765078
matmul_4096x3072x2048,sub,copy-start,0.012422
matmul_4096x3072x2048,sub,copy-done,0.003672
matmul_4096x3072x2048,sub,fusion,69.678828
matmul_4096x3072x2048,sub,copy-start,0.011328
matmul_4096x3072x2048,sub,copy-done,0.003672
matmul_4096x3072x2048,sub,fusion,70.303828
matmul_4096x3072x2560,main,jit_validation_matrix_multiply(2995530217060836182),100.997422
matmul_4096x3072x2560,main,jit_validation_matrix_multiply(2995530217060836182),85.874922
matmul_4096x3072x2560,main,jit_validation_matrix_multiply(2995530217060836182),86.066172
matmul_4096x3072x2560,main,jit_validation_matrix_multiply(2995530217060836182),86.48
matmul_4096x3072x2560,main,jit_validation_matrix_multiply(2995530217060836182),85.843672
matmul_4096x3072x2560,main,jit_validation_matrix_multiply(2995530217060836182),85.586328
matmul_4096x3072x2560,main,jit_validation_matrix_multiply(2995530217060836182),86.004844
matmul_4096x3072x2560,main,jit_validation_matrix_multiply(2995530217060836182),85.819922
matmul_4096x3072x2560,main,jit_validation_matrix_multiply(2995530217060836182),86.2975
matmul_4096x3072x2560,main,jit_validation_matrix_multiply(2995530217060836182),86.106172
matmul_4096x3072x2560,sub,copy-start,0.0125
matmul_4096x3072x2560,sub,copy-done,14.9
matmul_4096x3072x2560,sub,fusion,86.079844
matmul_4096x3072x2560,sub,copy-start,0.0125
matmul_4096x3072x2560,sub,copy-done,0.002656
matmul_4096x3072x2560,sub,fusion,85.852656
matmul_4096x3072x2560,sub,copy-start,0.011328
matmul_4096x3072x2560,sub,copy-done,0.002656
matmul_4096x3072x2560,sub,fusion,86.045
matmul_4096x3072x2560,sub,copy-start,0.011328
matmul_4096x3072x2560,sub,copy-done,0.003672
matmul_4096x3072x2560,sub,fusion,86.457734
matmul_4096x3072x2560,sub,copy-start,0.011328
matmul_4096x3072x2560,sub,copy-done,0.003672
matmul_4096x3072x2560,sub,fusion,85.821328
matmul_4096x3072x2560,sub,copy-start,0.011328
matmul_4096x3072x2560,sub,copy-done,0.00375
matmul_4096x3072x2560,sub,fusion,85.565
matmul_4096x3072x2560,sub,copy-start,0.0125
matmul_4096x3072x2560,sub,copy-done,0.002578
matmul_4096x3072x2560,sub,fusion,85.982578
matmul_4096x3072x2560,sub,copy-start,0.012344
matmul_4096x3072x2560,sub,copy-done,0.002656
matmul_4096x3072x2560,sub,fusion,85.79875
matmul_4096x3072x2560,sub,copy-start,0.012422
matmul_4096x3072x2560,sub,copy-done,0.00375
matmul_4096x3072x2560,sub,fusion,86.275078
matmul_4096x3072x2560,sub,copy-start,0.011328
matmul_4096x3072x2560,sub,copy-done,0.003672
matmul_4096x3072x2560,sub,fusion,86.083828
matmul_4096x3072x3072,main,jit_validation_matrix_multiply(4614657548975140398),122.03
matmul_4096x3072x3072,main,jit_validation_matrix_multiply(4614657548975140398),104.506094
matmul_4096x3072x3072,main,jit_validation_matrix_multiply(4614657548975140398),104.154844
matmul_4096x3072x3072,main,jit_validation_matrix_multiply(4614657548975140398),104.399844
matmul_4096x3072x3072,main,jit_validation_matrix_multiply(4614657548975140398),104.529844
matmul_4096x3072x3072,main,jit_validation_matrix_multiply(4614657548975140398),104.418672
matmul_4096x3072x3072,main,jit_validation_matrix_multiply(4614657548975140398),104.227422
matmul_4096x3072x3072,main,jit_validation_matrix_multiply(4614657548975140398),104.425078
matmul_4096x3072x3072,main,jit_validation_matrix_multiply(4614657548975140398),104.468828
matmul_4096x3072x3072,main,jit_validation_matrix_multiply(4614657548975140398),104.566172
matmul_4096x3072x3072,sub,copy-start,0.012422
matmul_4096x3072x3072,sub,copy-done,17.70375
matmul_4096x3072x3072,sub,fusion,104.308828
matmul_4096x3072x3072,sub,copy-start,0.011328
matmul_4096x3072x3072,sub,copy-done,0.003672
matmul_4096x3072x3072,sub,fusion,104.483906
matmul_4096x3072x3072,sub,copy-start,0.011406
matmul_4096x3072x3072,sub,copy-done,0.003672
matmul_4096x3072x3072,sub,fusion,104.132656
matmul_4096x3072x3072,sub,copy-start,0.0125
matmul_4096x3072x3072,sub,copy-done,0.002578
matmul_4096x3072x3072,sub,fusion,104.3775
matmul_4096x3072x3072,sub,copy-start,0.0125
matmul_4096x3072x3072,sub,copy-done,0.002578
matmul_4096x3072x3072,sub,fusion,104.507734
matmul_4096x3072x3072,sub,copy-start,0.012422
matmul_4096x3072x3072,sub,copy-done,0.002656
matmul_4096x3072x3072,sub,fusion,104.396406
matmul_4096x3072x3072,sub,copy-start,0.012344
matmul_4096x3072x3072,sub,copy-done,0.002578
matmul_4096x3072x3072,sub,fusion,104.20625
matmul_4096x3072x3072,sub,copy-start,0.011328
matmul_4096x3072x3072,sub,copy-done,0.003594
matmul_4096x3072x3072,sub,fusion,104.40375
matmul_4096x3072x3072,sub,copy-start,0.012344
matmul_4096x3072x3072,sub,copy-done,0.00375
matmul_4096x3072x3072,sub,fusion,104.448672
matmul_4096x3072x3072,sub,copy-start,0.011328
matmul_4096x3072x3072,sub,copy-done,0.003672
matmul_4096x3072x3072,sub,fusion,104.543984
matmul_4096x3072x3584,main,jit_validation_matrix_multiply(11640155526098789103),145.508516
matmul_4096x3072x3584,main,jit_validation_matrix_multiply(11640155526098789103),124.724922
matmul_4096x3072x3584,main,jit_validation_matrix_multiply(11640155526098789103),124.47875
matmul_4096x3072x3584,main,jit_validation_matrix_multiply(11640155526098789103),124.06
matmul_4096x3072x3584,main,jit_validation_matrix_multiply(11640155526098789103),124.48
matmul_4096x3072x3584,main,jit_validation_matrix_multiply(11640155526098789103),125.009922
matmul_4096x3072x3584,main,jit_validation_matrix_multiply(11640155526098789103),124.817578
matmul_4096x3072x3584,main,jit_validation_matrix_multiply(11640155526098789103),124.426328
matmul_4096x3072x3584,main,jit_validation_matrix_multiply(11640155526098789103),124.879922
matmul_4096x3072x3584,main,jit_validation_matrix_multiply(11640155526098789103),124.344844
matmul_4096x3072x3584,sub,copy-start,0.0125
matmul_4096x3072x3584,sub,copy-done,20.48
matmul_4096x3072x3584,sub,fusion,125.009922
matmul_4096x3072x3584,sub,copy-start,0.012344
matmul_4096x3072x3584,sub,copy-done,0.00375
matmul_4096x3072x3584,sub,fusion,124.70375
matmul_4096x3072x3584,sub,copy-start,0.011328
matmul_4096x3072x3584,sub,copy-done,0.003594
matmul_4096x3072x3584,sub,fusion,124.45625
matmul_4096x3072x3584,sub,copy-start,0.0125
matmul_4096x3072x3584,sub,copy-done,0.002578
matmul_4096x3072x3584,sub,fusion,124.038984
matmul_4096x3072x3584,sub,copy-start,0.011328
matmul_4096x3072x3584,sub,copy-done,0.00375
matmul_4096x3072x3584,sub,fusion,124.45875
matmul_4096x3072x3584,sub,copy-start,0.012422
matmul_4096x3072x3584,sub,copy-done,0.002656
matmul_4096x3072x3584,sub,fusion,124.987656
matmul_4096x3072x3584,sub,copy-start,0.0125
matmul_4096x3072x3584,sub,copy-done,0.00375
matmul_4096x3072x3584,sub,fusion,124.797344
matmul_4096x3072x3584,sub,copy-start,0.011328
matmul_4096x3072x3584,sub,copy-done,0.00375
matmul_4096x3072x3584,sub,fusion,124.405
matmul_4096x3072x3584,sub,copy-start,0.012422
matmul_4096x3072x3584,sub,copy-done,0.002578
matmul_4096x3072x3584,sub,fusion,124.858672
matmul_4096x3072x3584,sub,copy-start,0.011328
matmul_4096x3072x3584,sub,copy-done,0.00375
matmul_4096x3072x3584,sub,fusion,124.322578
matmul_4096x3072x4096,main,jit_validation_matrix_multiply(16528157025412844703),167.748828
matmul_4096x3072x4096,main,jit_validation_matrix_multiply(16528157025412844703),144.042344
matmul_4096x3072x4096,main,jit_validation_matrix_multiply(16528157025412844703),143.33875
matmul_4096x3072x4096,main,jit_validation_matrix_multiply(16528157025412844703),144.315
matmul_4096x3072x4096,main,jit_validation_matrix_multiply(16528157025412844703),143.873672
matmul_4096x3072x4096,main,jit_validation_matrix_multiply(16528157025412844703),143.88125
matmul_4096x3072x4096,main,jit_validation_matrix_multiply(16528157025412844703),143.7025
matmul_4096x3072x4096,main,jit_validation_matrix_multiply(16528157025412844703),144.32375
matmul_4096x3072x4096,main,jit_validation_matrix_multiply(16528157025412844703),143.269844
matmul_4096x3072x4096,main,jit_validation_matrix_multiply(16528157025412844703),144.603672
matmul_4096x3072x4096,sub,copy-start,0.012344
matmul_4096x3072x4096,sub,copy-done,23.758828
matmul_4096x3072x4096,sub,fusion,143.972578
matmul_4096x3072x4096,sub,copy-start,0.0125
matmul_4096x3072x4096,sub,copy-done,0.00375
matmul_4096x3072x4096,sub,fusion,144.02
matmul_4096x3072x4096,sub,copy-start,0.011328
matmul_4096x3072x4096,sub,copy-done,0.00375
matmul_4096x3072x4096,sub,fusion,143.317578
matmul_4096x3072x4096,sub,copy-start,0.0125
matmul_4096x3072x4096,sub,copy-done,0.00375
matmul_4096x3072x4096,sub,fusion,144.29375
matmul_4096x3072x4096,sub,copy-start,0.012344
matmul_4096x3072x4096,sub,copy-done,0.00375
matmul_4096x3072x4096,sub,fusion,143.851484
matmul_4096x3072x4096,sub,copy-start,0.011328
matmul_4096x3072x4096,sub,copy-done,0.003594
matmul_4096x3072x4096,sub,fusion,143.858828
matmul_4096x3072x4096,sub,copy-start,0.011406
matmul_4096x3072x4096,sub,copy-done,0.00375
matmul_4096x3072x4096,sub,fusion,143.68125
matmul_4096x3072x4096,sub,copy-start,0.011328
matmul_4096x3072x4096,sub,copy-done,0.003594
matmul_4096x3072x4096,sub,fusion,144.301328
matmul_4096x3072x4096,sub,copy-start,0.011328
matmul_4096x3072x4096,sub,copy-done,0.00375
matmul_4096x3072x4096,sub,fusion,143.2475
matmul_4096x3072x4096,sub,copy-start,0.011406
matmul_4096x3072x4096,sub,copy-done,0.003594
matmul_4096x3072x4096,sub,fusion,144.581484
matmul_4096x3584x1024,main,jit_validation_matrix_multiply(742221859990835141),54.57125
matmul_4096x3584x1024,main,jit_validation_matrix_multiply(742221859990835141),48.24875
matmul_4096x3584x1024,main,jit_validation_matrix_multiply(742221859990835141),48.188828
matmul_4096x3584x1024,main,jit_validation_matrix_multiply(742221859990835141),48.54875
matmul_4096x3584x1024,main,jit_validation_matrix_multiply(742221859990835141),48.07625
matmul_4096x3584x1024,main,jit_validation_matrix_multiply(742221859990835141),49.263906
matmul_4096x3584x1024,main,jit_validation_matrix_multiply(742221859990835141),48.658594
matmul_4096x3584x1024,main,jit_validation_matrix_multiply(742221859990835141),48.659844
matmul_4096x3584x1024,main,jit_validation_matrix_multiply(742221859990835141),48.797578
matmul_4096x3584x1024,main,jit_validation_matrix_multiply(742221859990835141),48.942656
matmul_4096x3584x1024,sub,copy-start,0.012422
matmul_4096x3584x1024,sub,copy-done,6.3775
matmul_4096x3584x1024,sub,fusion,48.175078
matmul_4096x3584x1024,sub,copy-start,0.012422
matmul_4096x3584x1024,sub,copy-done,0.002578
matmul_4096x3584x1024,sub,fusion,48.227734
matmul_4096x3584x1024,sub,copy-start,0.012422
matmul_4096x3584x1024,sub,copy-done,0.003672
matmul_4096x3584x1024,sub,fusion,48.168672
matmul_4096x3584x1024,sub,copy-start,0.012422
matmul_4096x3584x1024,sub,copy-done,0.002578
matmul_4096x3584x1024,sub,fusion,48.527578
matmul_4096x3584x1024,sub,copy-start,0.011328
matmul_4096x3584x1024,sub,copy-done,0.002578
matmul_4096x3584x1024,sub,fusion,48.056172
matmul_4096x3584x1024,sub,copy-start,0.011328
matmul_4096x3584x1024,sub,copy-done,0.002656
matmul_4096x3584x1024,sub,fusion,49.243828
matmul_4096x3584x1024,sub,copy-start,0.011328
matmul_4096x3584x1024,sub,copy-done,0.003672
matmul_4096x3584x1024,sub,fusion,48.637422
matmul_4096x3584x1024,sub,copy-start,0.011328
matmul_4096x3584x1024,sub,copy-done,0.003672
matmul_4096x3584x1024,sub,fusion,48.63875
matmul_4096x3584x1024,sub,copy-start,0.0125
matmul_4096x3584x1024,sub,copy-done,0.003672
matmul_4096x3584x1024,sub,fusion,48.7775
matmul_4096x3584x1024,sub,copy-start,0.0125
matmul_4096x3584x1024,sub,copy-done,0.002578
matmul_4096x3584x1024,sub,fusion,48.922578
matmul_4096x3584x1536,main,jit_validation_matrix_multiply(14406331711257815992),78.3175
matmul_4096x3584x1536,main,jit_validation_matrix_multiply(14406331711257815992),69.214844
matmul_4096x3584x1536,main,jit_validation_matrix_multiply(14406331711257815992),69.335156
matmul_4096x3584x1536,main,jit_validation_matrix_multiply(14406331711257815992),69.52125
matmul_4096x3584x1536,main,jit_validation_matrix_multiply(14406331711257815992),69.21375
matmul_4096x3584x1536,main,jit_validation_matrix_multiply(14406331711257815992),69.2225
matmul_4096x3584x1536,main,jit_validation_matrix_multiply(14406331711257815992),69.232344
matmul_4096x3584x1536,main,jit_validation_matrix_multiply(14406331711257815992),69.378906
matmul_4096x3584x1536,main,jit_validation_matrix_multiply(14406331711257815992),69.48875
matmul_4096x3584x1536,main,jit_validation_matrix_multiply(14406331711257815992),69.473672
matmul_4096x3584x1536,sub,copy-start,0.012422
matmul_4096x3584x1536,sub,copy-done,9.17625
matmul_4096x3584x1536,sub,fusion,69.122734
matmul_4096x3584x1536,sub,copy-start,0.0125
matmul_4096x3584x1536,sub,copy-done,0.002578
matmul_4096x3584x1536,sub,fusion,69.192734
matmul_4096x3584x1536,sub,copy-start,0.0125
matmul_4096x3584x1536,sub,copy-done,0.002578
matmul_4096x3584x1536,sub,fusion,69.315078
matmul_4096x3584x1536,sub,copy-start,0.011328
matmul_4096x3584x1536,sub,copy-done,0.002578
matmul_4096x3584x1536,sub,fusion,69.500234
matmul_4096x3584x1536,sub,copy-start,0.011328
matmul_4096x3584x1536,sub,copy-done,0.0025
matmul_4096x3584x1536,sub,fusion,69.192734
matmul_4096x3584x1536,sub,copy-start,0.011328
matmul_4096x3584x1536,sub,copy-done,0.002578
matmul_4096x3584x1536,sub,fusion,69.201484
matmul_4096x3584x1536,sub,copy-start,0.011328
matmul_4096x3584x1536,sub,copy-done,0.003672
matmul_4096x3584x1536,sub,fusion,69.21125
matmul_4096x3584x1536,sub,copy-start,0.011328
matmul_4096x3584x1536,sub,copy-done,0.003594
matmul_4096x3584x1536,sub,fusion,69.35875
matmul_4096x3584x1536,sub,copy-start,0.011328
matmul_4096x3584x1536,sub,copy-done,0.002656
matmul_4096x3584x1536,sub,fusion,69.467578
matmul_4096x3584x1536,sub,copy-start,0.011328
matmul_4096x3584x1536,sub,copy-done,0.002578
matmul_4096x3584x1536,sub,fusion,69.453594
matmul_4096x3584x2048,main,jit_validation_matrix_multiply(1896200833846178348),97.333828
matmul_4096x3584x2048,main,jit_validation_matrix_multiply(1896200833846178348),85.424844
matmul_4096x3584x2048,main,jit_validation_matrix_multiply(1896200833846178348),85.09125
matmul_4096x3584x2048,main,jit_validation_matrix_multiply(1896200833846178348),85.52875
matmul_4096x3584x2048,main,jit_validation_matrix_multiply(1896200833846178348),85.390078
matmul_4096x3584x2048,main,jit_validation_matrix_multiply(1896200833846178348),85.086172
matmul_4096x3584x2048,main,jit_validation_matrix_multiply(1896200833846178348),85.208594
matmul_4096x3584x2048,main,jit_validation_matrix_multiply(1896200833846178348),85.413594
matmul_4096x3584x2048,main,jit_validation_matrix_multiply(1896200833846178348),85.53375
matmul_4096x3584x2048,main,jit_validation_matrix_multiply(1896200833846178348),85.291094
matmul_4096x3584x2048,sub,copy-start,0.011328
matmul_4096x3584x2048,sub,copy-done,12.193672
matmul_4096x3584x2048,sub,fusion,85.123594
matmul_4096x3584x2048,sub,copy-start,0.011328
matmul_4096x3584x2048,sub,copy-done,0.00375
matmul_4096x3584x2048,sub,fusion,85.402578
matmul_4096x3584x2048,sub,copy-start,0.012344
matmul_4096x3584x2048,sub,copy-done,0.002578
matmul_4096x3584x2048,sub,fusion,85.071094
matmul_4096x3584x2048,sub,copy-start,0.012344
matmul_4096x3584x2048,sub,copy-done,0.00375
matmul_4096x3584x2048,sub,fusion,85.507578
matmul_4096x3584x2048,sub,copy-start,0.012422
matmul_4096x3584x2048,sub,copy-done,0.00375
matmul_4096x3584x2048,sub,fusion,85.368828
matmul_4096x3584x2048,sub,copy-start,0.012344
matmul_4096x3584x2048,sub,copy-done,0.00375
matmul_4096x3584x2048,sub,fusion,85.06375
matmul_4096x3584x2048,sub,copy-start,0.0125
matmul_4096x3584x2048,sub,copy-done,0.002656
matmul_4096x3584x2048,sub,fusion,85.18625
matmul_4096x3584x2048,sub,copy-start,0.011328
matmul_4096x3584x2048,sub,copy-done,0.00375
matmul_4096x3584x2048,sub,fusion,85.391328
matmul_4096x3584x2048,sub,copy-start,0.011328
matmul_4096x3584x2048,sub,copy-done,0.00375
matmul_4096x3584x2048,sub,fusion,85.512578
matmul_4096x3584x2048,sub,copy-start,0.0125
matmul_4096x3584x2048,sub,copy-done,0.002578
matmul_4096x3584x2048,sub,fusion,85.268828
matmul_4096x3584x2560,main,jit_validation_matrix_multiply(11605848746452772732),115.752344
matmul_4096x3584x2560,main,jit_validation_matrix_multiply(11605848746452772732),101.248672
matmul_4096x3584x2560,main,jit_validation_matrix_multiply(11605848746452772732),101.4025
matmul_4096x3584x2560,main,jit_validation_matrix_multiply(11605848746452772732),101.210078
matmul_4096x3584x2560,main,jit_validation_matrix_multiply(11605848746452772732),101.2775
matmul_4096x3584x2560,main,jit_validation_matrix_multiply(11605848746452772732),101.26
matmul_4096x3584x2560,main,jit_validation_matrix_multiply(11605848746452772732),101.532422
matmul_4096x3584x2560,main,jit_validation_matrix_multiply(11605848746452772732),101.030078
matmul_4096x3584x2560,main,jit_validation_matrix_multiply(11605848746452772732),100.886172
matmul_4096x3584x2560,main,jit_validation_matrix_multiply(11605848746452772732),101.395
matmul_4096x3584x2560,sub,copy-start,0.0125
matmul_4096x3584x2560,sub,copy-done,14.811172
matmul_4096x3584x2560,sub,fusion,100.922734
matmul_4096x3584x2560,sub,copy-start,0.0125
matmul_4096x3584x2560,sub,copy-done,0.00375
matmul_4096x3584x2560,sub,fusion,101.2275
matmul_4096x3584x2560,sub,copy-start,0.0125
matmul_4096x3584x2560,sub,copy-done,0.002656
matmul_4096x3584x2560,sub,fusion,101.38125
matmul_4096x3584x2560,sub,copy-start,0.0125
matmul_4096x3584x2560,sub,copy-done,0.003594
matmul_4096x3584x2560,sub,fusion,101.189922
matmul_4096x3584x2560,sub,copy-start,0.0125
matmul_4096x3584x2560,sub,copy-done,0.00375
matmul_4096x3584x2560,sub,fusion,101.257344
matmul_4096x3584x2560,sub,copy-start,0.0125
matmul_4096x3584x2560,sub,copy-done,0.002578
matmul_4096x3584x2560,sub,fusion,101.238828
matmul_4096x3584x2560,sub,copy-start,0.0125
matmul_4096x3584x2560,sub,copy-done,0.00375
matmul_4096x3584x2560,sub,fusion,101.51125
matmul_4096x3584x2560,sub,copy-start,0.011328
matmul_4096x3584x2560,sub,copy-done,0.00375
matmul_4096x3584x2560,sub,fusion,101.009922
matmul_4096x3584x2560,sub,copy-start,0.011406
matmul_4096x3584x2560,sub,copy-done,0.00375
matmul_4096x3584x2560,sub,fusion,100.863906
matmul_4096x3584x2560,sub,copy-start,0.012422
matmul_4096x3584x2560,sub,copy-done,0.00375
matmul_4096x3584x2560,sub,fusion,101.37375
matmul_4096x3584x3072,main,jit_validation_matrix_multiply(10078738617061971661),138.29375
matmul_4096x3584x3072,main,jit_validation_matrix_multiply(10078738617061971661),120.83375
matmul_4096x3584x3072,main,jit_validation_matrix_multiply(10078738617061971661),121.012344
matmul_4096x3584x3072,main,jit_validation_matrix_multiply(10078738617061971661),120.967656
matmul_4096x3584x3072,main,jit_validation_matrix_multiply(10078738617061971661),121.176406
matmul_4096x3584x3072,main,jit_validation_matrix_multiply(10078738617061971661),120.93875
matmul_4096x3584x3072,main,jit_validation_matrix_multiply(10078738617061971661),120.701094
matmul_4096x3584x3072,main,jit_validation_matrix_multiply(10078738617061971661),120.75375
matmul_4096x3584x3072,main,jit_validation_matrix_multiply(10078738617061971661),121.323672
matmul_4096x3584x3072,main,jit_validation_matrix_multiply(10078738617061971661),121.480078
matmul_4096x3584x3072,sub,copy-start,0.0125
matmul_4096x3584x3072,sub,copy-done,17.779922
matmul_4096x3584x3072,sub,fusion,120.49625
matmul_4096x3584x3072,sub,copy-start,0.011328
matmul_4096x3584x3072,sub,copy-done,0.00375
matmul_4096x3584x3072,sub,fusion,120.812422
matmul_4096x3584x3072,sub,copy-start,0.011328
matmul_4096x3584x3072,sub,copy-done,0.00375
matmul_4096x3584x3072,sub,fusion,120.990234
matmul_4096x3584x3072,sub,copy-start,0.011328
matmul_4096x3584x3072,sub,copy-done,0.003594
matmul_4096x3584x3072,sub,fusion,120.946328
matmul_4096x3584x3072,sub,copy-start,0.011328
matmul_4096x3584x3072,sub,copy-done,0.003594
matmul_4096x3584x3072,sub,fusion,121.155078
matmul_4096x3584x3072,sub,copy-start,0.011328
matmul_4096x3584x3072,sub,copy-done,0.00375
matmul_4096x3584x3072,sub,fusion,120.917578
matmul_4096x3584x3072,sub,copy-start,0.0125
matmul_4096x3584x3072,sub,copy-done,0.002656
matmul_4096x3584x3072,sub,fusion,120.678906
matmul_4096x3584x3072,sub,copy-start,0.0125
matmul_4096x3584x3072,sub,copy-done,0.00375
matmul_4096x3584x3072,sub,fusion,120.733594
matmul_4096x3584x3072,sub,copy-start,0.012344
matmul_4096x3584x3072,sub,copy-done,0.002578
matmul_4096x3584x3072,sub,fusion,121.302578
matmul_4096x3584x3072,sub,copy-start,0.012422
matmul_4096x3584x3072,sub,copy-done,0.00375
matmul_4096x3584x3072,sub,fusion,121.459922
matmul_4096x3584x3584,main,jit_validation_matrix_multiply(17220795090801438457),166.632656
matmul_4096x3584x3584,main,jit_validation_matrix_multiply(17220795090801438457),145.778672
matmul_4096x3584x3584,main,jit_validation_matrix_multiply(17220795090801438457),146.47625
matmul_4096x3584x3584,main,jit_validation_matrix_multiply(17220795090801438457),145.977578
matmul_4096x3584x3584,main,jit_validation_matrix_multiply(17220795090801438457),145.72125
matmul_4096x3584x3584,main,jit_validation_matrix_multiply(17220795090801438457),145.8325
matmul_4096x3584x3584,main,jit_validation_matrix_multiply(17220795090801438457),146.52625
matmul_4096x3584x3584,main,jit_validation_matrix_multiply(17220795090801438457),145.68875
matmul_4096x3584x3584,main,jit_validation_matrix_multiply(17220795090801438457),146.1525
matmul_4096x3584x3584,main,jit_validation_matrix_multiply(17220795090801438457),146.32
matmul_4096x3584x3584,sub,copy-start,0.011328
matmul_4096x3584x3584,sub,copy-done,20.613984
matmul_4096x3584x3584,sub,fusion,146.001328
matmul_4096x3584x3584,sub,copy-start,0.012422
matmul_4096x3584x3584,sub,copy-done,0.002656
matmul_4096x3584x3584,sub,fusion,145.756406
matmul_4096x3584x3584,sub,copy-start,0.0125
matmul_4096x3584x3584,sub,copy-done,0.003672
matmul_4096x3584x3584,sub,fusion,146.454922
matmul_4096x3584x3584,sub,copy-start,0.012422
matmul_4096x3584x3584,sub,copy-done,0.003672
matmul_4096x3584x3584,sub,fusion,145.957422
matmul_4096x3584x3584,sub,copy-start,0.011328
matmul_4096x3584x3584,sub,copy-done,0.00375
matmul_4096x3584x3584,sub,fusion,145.698828
matmul_4096x3584x3584,sub,copy-start,0.011328
matmul_4096x3584x3584,sub,copy-done,0.003594
matmul_4096x3584x3584,sub,fusion,145.810078
matmul_4096x3584x3584,sub,copy-start,0.0125
matmul_4096x3584x3584,sub,copy-done,0.00375
matmul_4096x3584x3584,sub,fusion,146.505078
matmul_4096x3584x3584,sub,copy-start,0.0125
matmul_4096x3584x3584,sub,copy-done,0.00375
matmul_4096x3584x3584,sub,fusion,145.667422
matmul_4096x3584x3584,sub,copy-start,0.012422
matmul_4096x3584x3584,sub,copy-done,0.00375
matmul_4096x3584x3584,sub,fusion,146.131328
matmul_4096x3584x3584,sub,copy-start,0.011328
matmul_4096x3584x3584,sub,copy-done,0.003672
matmul_4096x3584x3584,sub,fusion,146.29875
matmul_4096x3584x4096,main,jit_validation_matrix_multiply(3954772960309885856),193.9825
matmul_4096x3584x4096,main,jit_validation_matrix_multiply(3954772960309885856),169.441172
matmul_4096x3584x4096,main,jit_validation_matrix_multiply(3954772960309885856),171.16
matmul_4096x3584x4096,main,jit_validation_matrix_multiply(3954772960309885856),169.066328
matmul_4096x3584x4096,main,jit_validation_matrix_multiply(3954772960309885856),171.295
matmul_4096x3584x4096,main,jit_validation_matrix_multiply(3954772960309885856),169.3725
matmul_4096x3584x4096,main,jit_validation_matrix_multiply(3954772960309885856),170.209922
matmul_4096x3584x4096,main,jit_validation_matrix_multiply(3954772960309885856),169.713672
matmul_4096x3584x4096,main,jit_validation_matrix_multiply(3954772960309885856),170.95125
matmul_4096x3584x4096,main,jit_validation_matrix_multiply(3954772960309885856),169.516406
matmul_4096x3584x4096,sub,copy-start,0.012422
matmul_4096x3584x4096,sub,copy-done,23.44
matmul_4096x3584x4096,sub,fusion,170.523906
matmul_4096x3584x4096,sub,copy-start,0.0125
matmul_4096x3584x4096,sub,copy-done,0.002578
matmul_4096x3584x4096,sub,fusion,169.42
matmul_4096x3584x4096,sub,copy-start,0.011328
matmul_4096x3584x4096,sub,copy-done,0.003672
matmul_4096x3584x4096,sub,fusion,171.137734
matmul_4096x3584x4096,sub,copy-start,0.011328
matmul_4096x3584x4096,sub,copy-done,0.00375
matmul_4096x3584x4096,sub,fusion,169.046172
matmul_4096x3584x4096,sub,copy-start,0.0125
matmul_4096x3584x4096,sub,copy-done,0.002578
matmul_4096x3584x4096,sub,fusion,171.273828
matmul_4096x3584x4096,sub,copy-start,0.012422
matmul_4096x3584x4096,sub,copy-done,0.003672
matmul_4096x3584x4096,sub,fusion,169.350078
matmul_4096x3584x4096,sub,copy-start,0.011406
matmul_4096x3584x4096,sub,copy-done,0.00375
matmul_4096x3584x4096,sub,fusion,170.1875
matmul_4096x3584x4096,sub,copy-start,0.0125
matmul_4096x3584x4096,sub,copy-done,0.00375
matmul_4096x3584x4096,sub,fusion,169.692344
matmul_4096x3584x4096,sub,copy-start,0.012422
matmul_4096x3584x4096,sub,copy-done,0.002656
matmul_4096x3584x4096,sub,fusion,170.930078
matmul_4096x3584x4096,sub,copy-start,0.012422
matmul_4096x3584x4096,sub,copy-done,0.00375
matmul_4096x3584x4096,sub,fusion,169.49625
matmul_4096x4096x1024,main,jit_validation_matrix_multiply(7114086183641466902),61.955
matmul_4096x4096x1024,main,jit_validation_matrix_multiply(7114086183641466902),55.56625
matmul_4096x4096x1024,main,jit_validation_matrix_multiply(7114086183641466902),55.593828
matmul_4096x4096x1024,main,jit_validation_matrix_multiply(7114086183641466902),55.5125
matmul_4096x4096x1024,main,jit_validation_matrix_multiply(7114086183641466902),55.61125
matmul_4096x4096x1024,main,jit_validation_matrix_multiply(7114086183641466902),55.82125
matmul_4096x4096x1024,main,jit_validation_matrix_multiply(7114086183641466902),55.41
matmul_4096x4096x1024,main,jit_validation_matrix_multiply(7114086183641466902),55.75375
matmul_4096x4096x1024,main,jit_validation_matrix_multiply(7114086183641466902),55.33125
matmul_4096x4096x1024,main,jit_validation_matrix_multiply(7114086183641466902),55.63625
matmul_4096x4096x1024,sub,copy-start,0.011328
matmul_4096x4096x1024,sub,copy-done,6.333828
matmul_4096x4096x1024,sub,fusion,55.602656
matmul_4096x4096x1024,sub,copy-start,0.0125
matmul_4096x4096x1024,sub,copy-done,0.002578
matmul_4096x4096x1024,sub,fusion,55.545078
matmul_4096x4096x1024,sub,copy-start,0.0125
matmul_4096x4096x1024,sub,copy-done,0.002578
matmul_4096x4096x1024,sub,fusion,55.573672
matmul_4096x4096x1024,sub,copy-start,0.011328
matmul_4096x4096x1024,sub,copy-done,0.002578
matmul_4096x4096x1024,sub,fusion,55.491328
matmul_4096x4096x1024,sub,copy-start,0.0125
matmul_4096x4096x1024,sub,copy-done,0.0025
matmul_4096x4096x1024,sub,fusion,55.590234
matmul_4096x4096x1024,sub,copy-start,0.011328
matmul_4096x4096x1024,sub,copy-done,0.002578
matmul_4096x4096x1024,sub,fusion,55.800156
matmul_4096x4096x1024,sub,copy-start,0.0125
matmul_4096x4096x1024,sub,copy-done,0.003672
matmul_4096x4096x1024,sub,fusion,55.389922
matmul_4096x4096x1024,sub,copy-start,0.011328
matmul_4096x4096x1024,sub,copy-done,0.003594
matmul_4096x4096x1024,sub,fusion,55.733672
matmul_4096x4096x1024,sub,copy-start,0.011328
matmul_4096x4096x1024,sub,copy-done,0.003672
matmul_4096x4096x1024,sub,fusion,55.311172
matmul_4096x4096x1024,sub,copy-start,0.0125
matmul_4096x4096x1024,sub,copy-done,0.0025
matmul_4096x4096x1024,sub,fusion,55.615156
matmul_4096x4096x1536,main,jit_validation_matrix_multiply(2267535579715713037),79.8825
matmul_4096x4096x1536,main,jit_validation_matrix_multiply(2267535579715713037),70.547578
matmul_4096x4096x1536,main,jit_validation_matrix_multiply(2267535579715713037),70.125
matmul_4096x4096x1536,main,jit_validation_matrix_multiply(2267535579715713037),70.12375
matmul_4096x4096x1536,main,jit_validation_matrix_multiply(2267535579715713037),69.913594
matmul_4096x4096x1536,main,jit_validation_matrix_multiply(2267535579715713037),69.953984
matmul_4096x4096x1536,main,jit_validation_matrix_multiply(2267535579715713037),69.75375
matmul_4096x4096x1536,main,jit_validation_matrix_multiply(2267535579715713037),70.23625
matmul_4096x4096x1536,main,jit_validation_matrix_multiply(2267535579715713037),70.19625
matmul_4096x4096x1536,main,jit_validation_matrix_multiply(2267535579715713037),70.1025
matmul_4096x4096x1536,sub,copy-start,0.011328
matmul_4096x4096x1536,sub,copy-done,9.236328
matmul_4096x4096x1536,sub,fusion,70.62875
matmul_4096x4096x1536,sub,copy-start,0.011328
matmul_4096x4096x1536,sub,copy-done,0.0025
matmul_4096x4096x1536,sub,fusion,70.5275
matmul_4096x4096x1536,sub,copy-start,0.012422
matmul_4096x4096x1536,sub,copy-done,0.003672
matmul_4096x4096x1536,sub,fusion,70.103906
matmul_4096x4096x1536,sub,copy-start,0.012344
matmul_4096x4096x1536,sub,copy-done,0.003672
matmul_4096x4096x1536,sub,fusion,70.103672
matmul_4096x4096x1536,sub,copy-start,0.0125
matmul_4096x4096x1536,sub,copy-done,0.0025
matmul_4096x4096x1536,sub,fusion,69.892422
matmul_4096x4096x1536,sub,copy-start,0.012344
matmul_4096x4096x1536,sub,copy-done,0.0025
matmul_4096x4096x1536,sub,fusion,69.933906
matmul_4096x4096x1536,sub,copy-start,0.012422
matmul_4096x4096x1536,sub,copy-done,0.002578
matmul_4096x4096x1536,sub,fusion,69.732578
matmul_4096x4096x1536,sub,copy-start,0.0125
matmul_4096x4096x1536,sub,copy-done,0.002578
matmul_4096x4096x1536,sub,fusion,70.216094
matmul_4096x4096x1536,sub,copy-start,0.0125
matmul_4096x4096x1536,sub,copy-done,0.0025
matmul_4096x4096x1536,sub,fusion,70.175156
matmul_4096x4096x1536,sub,copy-start,0.0125
matmul_4096x4096x1536,sub,copy-done,0.0025
matmul_4096x4096x1536,sub,fusion,70.081406
matmul_4096x4096x2048,main,jit_validation_matrix_multiply(9408689630576882315),107.77375
matmul_4096x4096x2048,main,jit_validation_matrix_multiply(9408689630576882315),96.043594
matmul_4096x4096x2048,main,jit_validation_matrix_multiply(9408689630576882315),95.69625
matmul_4096x4096x2048,main,jit_validation_matrix_multiply(9408689630576882315),96.513594
matmul_4096x4096x2048,main,jit_validation_matrix_multiply(9408689630576882315),95.46625
matmul_4096x4096x2048,main,jit_validation_matrix_multiply(9408689630576882315),95.60125
matmul_4096x4096x2048,main,jit_validation_matrix_multiply(9408689630576882315),95.593672
matmul_4096x4096x2048,main,jit_validation_matrix_multiply(9408689630576882315),96.269844
matmul_4096x4096x2048,main,jit_validation_matrix_multiply(9408689630576882315),95.834844
matmul_4096x4096x2048,main,jit_validation_matrix_multiply(9408689630576882315),97.120156
matmul_4096x4096x2048,sub,copy-start,0.011328
matmul_4096x4096x2048,sub,copy-done,11.96875
matmul_4096x4096x2048,sub,fusion,95.786328
matmul_4096x4096x2048,sub,copy-start,0.0125
matmul_4096x4096x2048,sub,copy-done,0.003672
matmul_4096x4096x2048,sub,fusion,96.021172
matmul_4096x4096x2048,sub,copy-start,0.012422
matmul_4096x4096x2048,sub,copy-done,0.003672
matmul_4096x4096x2048,sub,fusion,95.675156
matmul_4096x4096x2048,sub,copy-start,0.0125
matmul_4096x4096x2048,sub,copy-done,0.002578
matmul_4096x4096x2048,sub,fusion,96.491406
matmul_4096x4096x2048,sub,copy-start,0.012422
matmul_4096x4096x2048,sub,copy-done,0.00375
matmul_4096x4096x2048,sub,fusion,95.443828
matmul_4096x4096x2048,sub,copy-start,0.011328
matmul_4096x4096x2048,sub,copy-done,0.003672
matmul_4096x4096x2048,sub,fusion,95.578828
matmul_4096x4096x2048,sub,copy-start,0.012344
matmul_4096x4096x2048,sub,copy-done,0.00375
matmul_4096x4096x2048,sub,fusion,95.571406
matmul_4096x4096x2048,sub,copy-start,0.0125
matmul_4096x4096x2048,sub,copy-done,0.00375
matmul_4096x4096x2048,sub,fusion,96.247578
matmul_4096x4096x2048,sub,copy-start,0.0125
matmul_4096x4096x2048,sub,copy-done,0.003594
matmul_4096x4096x2048,sub,fusion,95.812656
matmul_4096x4096x2048,sub,copy-start,0.011406
matmul_4096x4096x2048,sub,copy-done,0.00375
matmul_4096x4096x2048,sub,fusion,97.1
matmul_4096x4096x2560,main,jit_validation_matrix_multiply(1076521367305913949),129.436172
matmul_4096x4096x2560,main,jit_validation_matrix_multiply(1076521367305913949),114.7325
matmul_4096x4096x2560,main,jit_validation_matrix_multiply(1076521367305913949),114.941094
matmul_4096x4096x2560,main,jit_validation_matrix_multiply(1076521367305913949),114.632344
matmul_4096x4096x2560,main,jit_validation_matrix_multiply(1076521367305913949),114.874922
matmul_4096x4096x2560,main,jit_validation_matrix_multiply(1076521367305913949),114.66625
matmul_4096x4096x2560,main,jit_validation_matrix_multiply(1076521367305913949),114.811172
matmul_4096x4096x2560,main,jit_validation_matrix_multiply(1076521367305913949),114.917656
matmul_4096x4096x2560,main,jit_validation_matrix_multiply(1076521367305913949),114.396172
matmul_4096x4096x2560,main,jit_validation_matrix_multiply(1076521367305913949),114.915
matmul_4096x4096x2560,sub,copy-start,0.012344
matmul_4096x4096x2560,sub,copy-done,14.895
matmul_4096x4096x2560,sub,fusion,114.522578
matmul_4096x4096x2560,sub,copy-start,0.0125
matmul_4096x4096x2560,sub,copy-done,0.003594
matmul_4096x4096x2560,sub,fusion,114.710078
matmul_4096x4096x2560,sub,copy-start,0.011328
matmul_4096x4096x2560,sub,copy-done,0.003594
matmul_4096x4096x2560,sub,fusion,114.91875
matmul_4096x4096x2560,sub,copy-start,0.011328
matmul_4096x4096x2560,sub,copy-done,0.00375
matmul_4096x4096x2560,sub,fusion,114.610156
matmul_4096x4096x2560,sub,copy-start,0.012344
matmul_4096x4096x2560,sub,copy-done,0.002578
matmul_4096x4096x2560,sub,fusion,114.853594
matmul_4096x4096x2560,sub,copy-start,0.011328
matmul_4096x4096x2560,sub,copy-done,0.00375
matmul_4096x4096x2560,sub,fusion,114.645
matmul_4096x4096x2560,sub,copy-start,0.012422
matmul_4096x4096x2560,sub,copy-done,0.002578
matmul_4096x4096x2560,sub,fusion,114.789844
matmul_4096x4096x2560,sub,copy-start,0.011406
matmul_4096x4096x2560,sub,copy-done,0.00375
matmul_4096x4096x2560,sub,fusion,114.8975
matmul_4096x4096x2560,sub,copy-start,0.011328
matmul_4096x4096x2560,sub,copy-done,0.003672
matmul_4096x4096x2560,sub,fusion,114.37375
matmul_4096x4096x2560,sub,copy-start,0.011328
matmul_4096x4096x2560,sub,copy-done,0.003594
matmul_4096x4096x2560,sub,fusion,114.892656
matmul_4096x4096x3072,main,jit_validation_matrix_multiply(14349060009173849353),154.82125
matmul_4096x4096x3072,main,jit_validation_matrix_multiply(14349060009173849353),137.026172
matmul_4096x4096x3072,main,jit_validation_matrix_multiply(14349060009173849353),137.372344
matmul_4096x4096x3072,main,jit_validation_matrix_multiply(14349060009173849353),137.157344
matmul_4096x4096x3072,main,jit_validation_matrix_multiply(14349060009173849353),137.272344
matmul_4096x4096x3072,main,jit_validation_matrix_multiply(14349060009173849353),137.244922
matmul_4096x4096x3072,main,jit_validation_matrix_multiply(14349060009173849353),138.128594
matmul_4096x4096x3072,main,jit_validation_matrix_multiply(14349060009173849353),137.77
matmul_4096x4096x3072,main,jit_validation_matrix_multiply(14349060009173849353),137.635
matmul_4096x4096x3072,main,jit_validation_matrix_multiply(14349060009173849353),137.136172
matmul_4096x4096x3072,sub,copy-start,0.012344
matmul_4096x4096x3072,sub,copy-done,17.775078
matmul_4096x4096x3072,sub,fusion,137.028594
matmul_4096x4096x3072,sub,copy-start,0.0125
matmul_4096x4096x3072,sub,copy-done,0.002656
matmul_4096x4096x3072,sub,fusion,137.003984
matmul_4096x4096x3072,sub,copy-start,0.0125
matmul_4096x4096x3072,sub,copy-done,0.002578
matmul_4096x4096x3072,sub,fusion,137.350156
matmul_4096x4096x3072,sub,copy-start,0.0125
matmul_4096x4096x3072,sub,copy-done,0.002578
matmul_4096x4096x3072,sub,fusion,137.135078
matmul_4096x4096x3072,sub,copy-start,0.0125
matmul_4096x4096x3072,sub,copy-done,0.002578
matmul_4096x4096x3072,sub,fusion,137.250234
matmul_4096x4096x3072,sub,copy-start,0.0125
matmul_4096x4096x3072,sub,copy-done,0.002656
matmul_4096x4096x3072,sub,fusion,137.2225
matmul_4096x4096x3072,sub,copy-start,0.011328
matmul_4096x4096x3072,sub,copy-done,0.002656
matmul_4096x4096x3072,sub,fusion,138.106328
matmul_4096x4096x3072,sub,copy-start,0.012422
matmul_4096x4096x3072,sub,copy-done,0.00375
matmul_4096x4096x3072,sub,fusion,137.748828
matmul_4096x4096x3072,sub,copy-start,0.012422
matmul_4096x4096x3072,sub,copy-done,0.003672
matmul_4096x4096x3072,sub,fusion,137.61375
matmul_4096x4096x3072,sub,copy-start,0.0125
matmul_4096x4096x3072,sub,copy-done,0.002656
matmul_4096x4096x3072,sub,fusion,137.113984
matmul_4096x4096x3584,main,jit_validation_matrix_multiply(4107208230527003869),185.871172
matmul_4096x4096x3584,main,jit_validation_matrix_multiply(4107208230527003869),166.158906
matmul_4096x4096x3584,main,jit_validation_matrix_multiply(4107208230527003869),165.155
matmul_4096x4096x3584,main,jit_validation_matrix_multiply(4107208230527003869),165.40625
matmul_4096x4096x3584,main,jit_validation_matrix_multiply(4107208230527003869),165.7975
matmul_4096x4096x3584,main,jit_validation_matrix_multiply(4107208230527003869),165.46875
matmul_4096x4096x3584,main,jit_validation_matrix_multiply(4107208230527003869),165.858906
matmul_4096x4096x3584,main,jit_validation_matrix_multiply(4107208230527003869),166.043516
matmul_4096x4096x3584,main,jit_validation_matrix_multiply(4107208230527003869),165.218594
matmul_4096x4096x3584,main,jit_validation_matrix_multiply(4107208230527003869),165.88125
matmul_4096x4096x3584,sub,copy-start,0.0125
matmul_4096x4096x3584,sub,copy-done,20.64
matmul_4096x4096x3584,sub,fusion,165.212578
matmul_4096x4096x3584,sub,copy-start,0.0125
matmul_4096x4096x3584,sub,copy-done,0.003594
matmul_4096x4096x3584,sub,fusion,166.13875
matmul_4096x4096x3584,sub,copy-start,0.011328
matmul_4096x4096x3584,sub,copy-done,0.00375
matmul_4096x4096x3584,sub,fusion,165.133672
matmul_4096x4096x3584,sub,copy-start,0.012422
matmul_4096x4096x3584,sub,copy-done,0.00375
matmul_4096x4096x3584,sub,fusion,165.385
matmul_4096x4096x3584,sub,copy-start,0.0125
matmul_4096x4096x3584,sub,copy-done,0.00375
matmul_4096x4096x3584,sub,fusion,165.776328
matmul_4096x4096x3584,sub,copy-start,0.012344
matmul_4096x4096x3584,sub,copy-done,0.002578
matmul_4096x4096x3584,sub,fusion,165.4475
matmul_4096x4096x3584,sub,copy-start,0.012422
matmul_4096x4096x3584,sub,copy-done,0.003672
matmul_4096x4096x3584,sub,fusion,165.83875
matmul_4096x4096x3584,sub,copy-start,0.0125
matmul_4096x4096x3584,sub,copy-done,0.003672
matmul_4096x4096x3584,sub,fusion,166.021406
matmul_4096x4096x3584,sub,copy-start,0.011328
matmul_4096x4096x3584,sub,copy-done,0.002656
matmul_4096x4096x3584,sub,fusion,165.196406
matmul_4096x4096x3584,sub,copy-start,0.011406
matmul_4096x4096x3584,sub,copy-done,0.00375
matmul_4096x4096x3584,sub,fusion,165.86
matmul_4096x4096x4096,main,jit_validation_matrix_multiply(2754145459629626745),212.787422
matmul_4096x4096x4096,main,jit_validation_matrix_multiply(2754145459629626745),189.479922
matmul_4096x4096x4096,main,jit_validation_matrix_multiply(2754145459629626745),189.1525
matmul_4096x4096x4096,main,jit_validation_matrix_multiply(2754145459629626745),189.287344
matmul_4096x4096x4096,main,jit_validation_matrix_multiply(2754145459629626745),189.18375
matmul_4096x4096x4096,main,jit_validation_matrix_multiply(2754145459629626745),189.326172
matmul_4096x4096x4096,main,jit_validation_matrix_multiply(2754145459629626745),189.483906
matmul_4096x4096x4096,main,jit_validation_matrix_multiply(2754145459629626745),189.552422
matmul_4096x4096x4096,main,jit_validation_matrix_multiply(2754145459629626745),189.1275
matmul_4096x4096x4096,main,jit_validation_matrix_multiply(2754145459629626745),188.9
matmul_4096x4096x4096,sub,copy-start,0.012344
matmul_4096x4096x4096,sub,copy-done,23.396172
matmul_4096x4096x4096,sub,fusion,189.373906
matmul_4096x4096x4096,sub,copy-start,0.012422
matmul_4096x4096x4096,sub,copy-done,0.003672
matmul_4096x4096x4096,sub,fusion,189.457656
matmul_4096x4096x4096,sub,copy-start,0.012422
matmul_4096x4096x4096,sub,copy-done,0.003672
matmul_4096x4096x4096,sub,fusion,189.131172
matmul_4096x4096x4096,sub,copy-start,0.0125
matmul_4096x4096x4096,sub,copy-done,0.002656
matmul_4096x4096x4096,sub,fusion,189.265234
matmul_4096x4096x4096,sub,copy-start,0.011328
matmul_4096x4096x4096,sub,copy-done,0.00375
matmul_4096x4096x4096,sub,fusion,189.162656
matmul_4096x4096x4096,sub,copy-start,0.0125
matmul_4096x4096x4096,sub,copy-done,0.002578
matmul_4096x4096x4096,sub,fusion,189.305
matmul_4096x4096x4096,sub,copy-start,0.011328
matmul_4096x4096x4096,sub,copy-done,0.00375
matmul_4096x4096x4096,sub,fusion,189.46375
matmul_4096x4096x4096,sub,copy-start,0.0125
matmul_4096x4096x4096,sub,copy-done,0.00375
matmul_4096x4096x4096,sub,fusion,189.531172
matmul_4096x4096x4096,sub,copy-start,0.011328
matmul_4096x4096x4096,sub,copy-done,0.003672
matmul_4096x4096x4096,sub,fusion,189.10625
matmul_4096x4096x4096,sub,copy-start,0.0125
matmul_4096x4096x4096,sub,copy-done,0.003672
matmul_4096x4096x4096,sub,fusion,188.877656
