kernel_name,event_type,event_name,dur(us)
"product_reduce_(32,)",main,jit_kernel_with_params(10884332750978646035),1.588661
"product_reduce_(32,)",main,jit_kernel_with_params(10884332750978646035),1.588661
"product_reduce_(32,)",main,jit_kernel_with_params(10884332750978646035),1.590089
"product_reduce_(32,)",main,jit_kernel_with_params(10884332750978646035),1.59
"product_reduce_(32,)",main,jit_kernel_with_params(10884332750978646035),1.588661
"product_reduce_(32,)",main,jit_kernel_with_params(10884332750978646035),1.591339
"product_reduce_(32,)",main,jit_kernel_with_params(10884332750978646035),1.592768
"product_reduce_(32,)",main,jit_kernel_with_params(10884332750978646035),1.694285
"product_reduce_(32,)",main,jit_kernel_with_params(10884332750978646035),1.59
"product_reduce_(32,)",main,jit_kernel_with_params(10884332750978646035),1.588571
"product_reduce_(32,)",sub,convert_reduce_fusion,0.947143
"product_reduce_(32,)",sub,convert_reduce_fusion,0.947143
"product_reduce_(32,)",sub,convert_reduce_fusion,0.948482
"product_reduce_(32,)",sub,convert_reduce_fusion,0.947053
"product_reduce_(32,)",sub,convert_reduce_fusion,0.947143
"product_reduce_(32,)",sub,convert_reduce_fusion,0.947142
"product_reduce_(32,)",sub,convert_reduce_fusion,0.947142
"product_reduce_(32,)",sub,convert_reduce_fusion,1.051428
"product_reduce_(32,)",sub,convert_reduce_fusion,0.947232
"product_reduce_(32,)",sub,convert_reduce_fusion,0.945714
"product_reduce_(64,)",main,jit_kernel_with_params(82979226305018410),1.57991
"product_reduce_(64,)",main,jit_kernel_with_params(82979226305018410),1.644375
"product_reduce_(64,)",main,jit_kernel_with_params(82979226305018410),1.58134
"product_reduce_(64,)",main,jit_kernel_with_params(82979226305018410),1.581339
"product_reduce_(64,)",main,jit_kernel_with_params(82979226305018410),1.58134
"product_reduce_(64,)",main,jit_kernel_with_params(82979226305018410),1.597232
"product_reduce_(64,)",main,jit_kernel_with_params(82979226305018410),1.581429
"product_reduce_(64,)",main,jit_kernel_with_params(82979226305018410),1.580089
"product_reduce_(64,)",main,jit_kernel_with_params(82979226305018410),1.581339
"product_reduce_(64,)",main,jit_kernel_with_params(82979226305018410),1.58
"product_reduce_(64,)",sub,convert_reduce_fusion,0.935714
"product_reduce_(64,)",sub,convert_reduce_fusion,0.938483
"product_reduce_(64,)",sub,convert_reduce_fusion,0.937232
"product_reduce_(64,)",sub,convert_reduce_fusion,0.937232
"product_reduce_(64,)",sub,convert_reduce_fusion,0.937232
"product_reduce_(64,)",sub,convert_reduce_fusion,0.955714
"product_reduce_(64,)",sub,convert_reduce_fusion,0.938483
"product_reduce_(64,)",sub,convert_reduce_fusion,0.938572
"product_reduce_(64,)",sub,convert_reduce_fusion,0.937232
"product_reduce_(64,)",sub,convert_reduce_fusion,0.937143
"product_reduce_(96,)",main,jit_kernel_with_params(18052055748485727687),1.581429
"product_reduce_(96,)",main,jit_kernel_with_params(18052055748485727687),1.738661
"product_reduce_(96,)",main,jit_kernel_with_params(18052055748485727687),1.588483
"product_reduce_(96,)",main,jit_kernel_with_params(18052055748485727687),1.582858
"product_reduce_(96,)",main,jit_kernel_with_params(18052055748485727687),1.59009
"product_reduce_(96,)",main,jit_kernel_with_params(18052055748485727687),1.678661
"product_reduce_(96,)",main,jit_kernel_with_params(18052055748485727687),1.582768
"product_reduce_(96,)",main,jit_kernel_with_params(18052055748485727687),1.582857
"product_reduce_(96,)",main,jit_kernel_with_params(18052055748485727687),1.582858
"product_reduce_(96,)",main,jit_kernel_with_params(18052055748485727687),1.582857
"product_reduce_(96,)",sub,convert_reduce_fusion,0.93866
"product_reduce_(96,)",sub,convert_reduce_fusion,0.93991
"product_reduce_(96,)",sub,convert_reduce_fusion,0.94
"product_reduce_(96,)",sub,convert_reduce_fusion,0.94
"product_reduce_(96,)",sub,convert_reduce_fusion,0.93991
"product_reduce_(96,)",sub,convert_reduce_fusion,0.93991
"product_reduce_(96,)",sub,convert_reduce_fusion,0.938572
"product_reduce_(96,)",sub,convert_reduce_fusion,0.94
"product_reduce_(96,)",sub,convert_reduce_fusion,0.94
"product_reduce_(96,)",sub,convert_reduce_fusion,0.94
"product_reduce_(128,)",main,jit_kernel_with_params(17437075287842536902),1.581428
"product_reduce_(128,)",main,jit_kernel_with_params(17437075287842536902),1.582857
"product_reduce_(128,)",main,jit_kernel_with_params(17437075287842536902),1.582857
"product_reduce_(128,)",main,jit_kernel_with_params(17437075287842536902),1.581518
"product_reduce_(128,)",main,jit_kernel_with_params(17437075287842536902),1.588482
"product_reduce_(128,)",main,jit_kernel_with_params(17437075287842536902),1.581429
"product_reduce_(128,)",main,jit_kernel_with_params(17437075287842536902),1.592767
"product_reduce_(128,)",main,jit_kernel_with_params(17437075287842536902),1.582857
"product_reduce_(128,)",main,jit_kernel_with_params(17437075287842536902),1.585714
"product_reduce_(128,)",main,jit_kernel_with_params(17437075287842536902),1.642857
"product_reduce_(128,)",sub,convert_reduce_fusion,0.938482
"product_reduce_(128,)",sub,convert_reduce_fusion,0.94
"product_reduce_(128,)",sub,convert_reduce_fusion,0.94
"product_reduce_(128,)",sub,convert_reduce_fusion,0.93991
"product_reduce_(128,)",sub,convert_reduce_fusion,0.942857
"product_reduce_(128,)",sub,convert_reduce_fusion,0.938661
"product_reduce_(128,)",sub,convert_reduce_fusion,0.942857
"product_reduce_(128,)",sub,convert_reduce_fusion,0.94
"product_reduce_(128,)",sub,convert_reduce_fusion,0.942857
"product_reduce_(128,)",sub,convert_reduce_fusion,0.94
"product_reduce_(160,)",main,jit_kernel_with_params(14544304420625019979),1.579911
"product_reduce_(160,)",main,jit_kernel_with_params(14544304420625019979),1.582768
"product_reduce_(160,)",main,jit_kernel_with_params(14544304420625019979),1.581429
"product_reduce_(160,)",main,jit_kernel_with_params(14544304420625019979),1.58009
"product_reduce_(160,)",main,jit_kernel_with_params(14544304420625019979),1.581339
"product_reduce_(160,)",main,jit_kernel_with_params(14544304420625019979),1.582946
"product_reduce_(160,)",main,jit_kernel_with_params(14544304420625019979),1.58134
"product_reduce_(160,)",main,jit_kernel_with_params(14544304420625019979),1.581429
"product_reduce_(160,)",main,jit_kernel_with_params(14544304420625019979),1.581429
"product_reduce_(160,)",main,jit_kernel_with_params(14544304420625019979),1.581339
"product_reduce_(160,)",sub,convert_reduce_fusion,0.935714
"product_reduce_(160,)",sub,convert_reduce_fusion,0.938572
"product_reduce_(160,)",sub,convert_reduce_fusion,0.938661
"product_reduce_(160,)",sub,convert_reduce_fusion,0.938571
"product_reduce_(160,)",sub,convert_reduce_fusion,0.937232
"product_reduce_(160,)",sub,convert_reduce_fusion,0.938571
"product_reduce_(160,)",sub,convert_reduce_fusion,0.937232
"product_reduce_(160,)",sub,convert_reduce_fusion,0.938483
"product_reduce_(160,)",sub,convert_reduce_fusion,0.938661
"product_reduce_(160,)",sub,convert_reduce_fusion,0.937233
"product_reduce_(192,)",main,jit_kernel_with_params(5926989573303139853),1.592768
"product_reduce_(192,)",main,jit_kernel_with_params(5926989573303139853),1.692767
"product_reduce_(192,)",main,jit_kernel_with_params(5926989573303139853),1.588482
"product_reduce_(192,)",main,jit_kernel_with_params(5926989573303139853),1.588482
"product_reduce_(192,)",main,jit_kernel_with_params(5926989573303139853),1.59
"product_reduce_(192,)",main,jit_kernel_with_params(5926989573303139853),1.587143
"product_reduce_(192,)",main,jit_kernel_with_params(5926989573303139853),1.585804
"product_reduce_(192,)",main,jit_kernel_with_params(5926989573303139853),1.588661
"product_reduce_(192,)",main,jit_kernel_with_params(5926989573303139853),1.585804
"product_reduce_(192,)",main,jit_kernel_with_params(5926989573303139853),1.588571
"product_reduce_(192,)",sub,convert_reduce_fusion,0.948661
"product_reduce_(192,)",sub,convert_reduce_fusion,1.048661
"product_reduce_(192,)",sub,convert_reduce_fusion,0.944286
"product_reduce_(192,)",sub,convert_reduce_fusion,0.944286
"product_reduce_(192,)",sub,convert_reduce_fusion,0.945625
"product_reduce_(192,)",sub,convert_reduce_fusion,0.944196
"product_reduce_(192,)",sub,convert_reduce_fusion,0.944286
"product_reduce_(192,)",sub,convert_reduce_fusion,0.947143
"product_reduce_(192,)",sub,convert_reduce_fusion,0.944286
"product_reduce_(192,)",sub,convert_reduce_fusion,0.945714
"product_reduce_(224,)",main,jit_kernel_with_params(8803106973571873905),1.691429
"product_reduce_(224,)",main,jit_kernel_with_params(8803106973571873905),1.581429
"product_reduce_(224,)",main,jit_kernel_with_params(8803106973571873905),1.644375
"product_reduce_(224,)",main,jit_kernel_with_params(8803106973571873905),1.581429
"product_reduce_(224,)",main,jit_kernel_with_params(8803106973571873905),1.582857
"product_reduce_(224,)",main,jit_kernel_with_params(8803106973571873905),1.58134
"product_reduce_(224,)",main,jit_kernel_with_params(8803106973571873905),1.581517
"product_reduce_(224,)",main,jit_kernel_with_params(8803106973571873905),1.581339
"product_reduce_(224,)",main,jit_kernel_with_params(8803106973571873905),1.581339
"product_reduce_(224,)",main,jit_kernel_with_params(8803106973571873905),1.580089
"product_reduce_(224,)",sub,convert_reduce_fusion,1.048572
"product_reduce_(224,)",sub,convert_reduce_fusion,0.938482
"product_reduce_(224,)",sub,convert_reduce_fusion,0.938483
"product_reduce_(224,)",sub,convert_reduce_fusion,0.938482
"product_reduce_(224,)",sub,convert_reduce_fusion,0.938482
"product_reduce_(224,)",sub,convert_reduce_fusion,0.937232
"product_reduce_(224,)",sub,convert_reduce_fusion,0.939911
"product_reduce_(224,)",sub,convert_reduce_fusion,0.937232
"product_reduce_(224,)",sub,convert_reduce_fusion,0.937232
"product_reduce_(224,)",sub,convert_reduce_fusion,0.938571
"product_reduce_(256,)",main,jit_kernel_with_params(15860501764627093873),1.577233
"product_reduce_(256,)",main,jit_kernel_with_params(15860501764627093873),1.581339
"product_reduce_(256,)",main,jit_kernel_with_params(15860501764627093873),1.585714
"product_reduce_(256,)",main,jit_kernel_with_params(15860501764627093873),1.580089
"product_reduce_(256,)",main,jit_kernel_with_params(15860501764627093873),1.582768
"product_reduce_(256,)",main,jit_kernel_with_params(15860501764627093873),1.582768
"product_reduce_(256,)",main,jit_kernel_with_params(15860501764627093873),1.581428
"product_reduce_(256,)",main,jit_kernel_with_params(15860501764627093873),1.581339
"product_reduce_(256,)",main,jit_kernel_with_params(15860501764627093873),1.582768
"product_reduce_(256,)",main,jit_kernel_with_params(15860501764627093873),1.582857
"product_reduce_(256,)",sub,convert_reduce_fusion,0.935714
"product_reduce_(256,)",sub,convert_reduce_fusion,0.937232
"product_reduce_(256,)",sub,convert_reduce_fusion,0.942857
"product_reduce_(256,)",sub,convert_reduce_fusion,0.938572
"product_reduce_(256,)",sub,convert_reduce_fusion,0.938571
"product_reduce_(256,)",sub,convert_reduce_fusion,0.938571
"product_reduce_(256,)",sub,convert_reduce_fusion,0.938482
"product_reduce_(256,)",sub,convert_reduce_fusion,0.937232
"product_reduce_(256,)",sub,convert_reduce_fusion,0.938571
"product_reduce_(256,)",sub,convert_reduce_fusion,0.938572
"product_reduce_(288,)",main,jit_kernel_with_params(1836535518688488704),1.588572
"product_reduce_(288,)",main,jit_kernel_with_params(1836535518688488704),1.615714
"product_reduce_(288,)",main,jit_kernel_with_params(1836535518688488704),1.59
"product_reduce_(288,)",main,jit_kernel_with_params(1836535518688488704),1.588572
"product_reduce_(288,)",main,jit_kernel_with_params(1836535518688488704),1.589911
"product_reduce_(288,)",main,jit_kernel_with_params(1836535518688488704),1.58866
"product_reduce_(288,)",main,jit_kernel_with_params(1836535518688488704),1.71
"product_reduce_(288,)",main,jit_kernel_with_params(1836535518688488704),1.588571
"product_reduce_(288,)",main,jit_kernel_with_params(1836535518688488704),1.588571
"product_reduce_(288,)",main,jit_kernel_with_params(1836535518688488704),1.591429
"product_reduce_(288,)",sub,convert_reduce_fusion,0.945715
"product_reduce_(288,)",sub,convert_reduce_fusion,0.972947
"product_reduce_(288,)",sub,convert_reduce_fusion,0.947054
"product_reduce_(288,)",sub,convert_reduce_fusion,0.945714
"product_reduce_(288,)",sub,convert_reduce_fusion,0.945803
"product_reduce_(288,)",sub,convert_reduce_fusion,0.947143
"product_reduce_(288,)",sub,convert_reduce_fusion,1.067054
"product_reduce_(288,)",sub,convert_reduce_fusion,0.945714
"product_reduce_(288,)",sub,convert_reduce_fusion,0.945714
"product_reduce_(288,)",sub,convert_reduce_fusion,0.947053
"product_reduce_(320,)",main,jit_kernel_with_params(2715822113629723531),1.588572
"product_reduce_(320,)",main,jit_kernel_with_params(2715822113629723531),1.597053
"product_reduce_(320,)",main,jit_kernel_with_params(2715822113629723531),1.588572
"product_reduce_(320,)",main,jit_kernel_with_params(2715822113629723531),1.589911
"product_reduce_(320,)",main,jit_kernel_with_params(2715822113629723531),1.588571
"product_reduce_(320,)",main,jit_kernel_with_params(2715822113629723531),1.592768
"product_reduce_(320,)",main,jit_kernel_with_params(2715822113629723531),1.591429
"product_reduce_(320,)",main,jit_kernel_with_params(2715822113629723531),1.600089
"product_reduce_(320,)",main,jit_kernel_with_params(2715822113629723531),1.588571
"product_reduce_(320,)",main,jit_kernel_with_params(2715822113629723531),1.591429
"product_reduce_(320,)",sub,convert_reduce_fusion,0.945714
"product_reduce_(320,)",sub,convert_reduce_fusion,0.945804
"product_reduce_(320,)",sub,convert_reduce_fusion,0.945714
"product_reduce_(320,)",sub,convert_reduce_fusion,0.945804
"product_reduce_(320,)",sub,convert_reduce_fusion,0.945714
"product_reduce_(320,)",sub,convert_reduce_fusion,0.947142
"product_reduce_(320,)",sub,convert_reduce_fusion,0.948571
"product_reduce_(320,)",sub,convert_reduce_fusion,0.947143
"product_reduce_(320,)",sub,convert_reduce_fusion,0.945714
"product_reduce_(320,)",sub,convert_reduce_fusion,0.948572
"product_reduce_(352,)",main,jit_kernel_with_params(8609065357271432145),1.581428
"product_reduce_(352,)",main,jit_kernel_with_params(8609065357271432145),1.582858
"product_reduce_(352,)",main,jit_kernel_with_params(8609065357271432145),1.582857
"product_reduce_(352,)",main,jit_kernel_with_params(8609065357271432145),1.582857
"product_reduce_(352,)",main,jit_kernel_with_params(8609065357271432145),1.584196
"product_reduce_(352,)",main,jit_kernel_with_params(8609065357271432145),1.582857
"product_reduce_(352,)",main,jit_kernel_with_params(8609065357271432145),1.59009
"product_reduce_(352,)",main,jit_kernel_with_params(8609065357271432145),1.588482
"product_reduce_(352,)",main,jit_kernel_with_params(8609065357271432145),1.765715
"product_reduce_(352,)",main,jit_kernel_with_params(8609065357271432145),1.582858
"product_reduce_(352,)",sub,convert_reduce_fusion,0.937143
"product_reduce_(352,)",sub,convert_reduce_fusion,0.94
"product_reduce_(352,)",sub,convert_reduce_fusion,0.94
"product_reduce_(352,)",sub,convert_reduce_fusion,0.94
"product_reduce_(352,)",sub,convert_reduce_fusion,0.938572
"product_reduce_(352,)",sub,convert_reduce_fusion,0.94
"product_reduce_(352,)",sub,convert_reduce_fusion,0.939911
"product_reduce_(352,)",sub,convert_reduce_fusion,0.94
"product_reduce_(352,)",sub,convert_reduce_fusion,1.122857
"product_reduce_(352,)",sub,convert_reduce_fusion,0.94
"product_reduce_(384,)",main,jit_kernel_with_params(11361567940718900992),1.591518
"product_reduce_(384,)",main,jit_kernel_with_params(11361567940718900992),1.591518
"product_reduce_(384,)",main,jit_kernel_with_params(11361567940718900992),1.592857
"product_reduce_(384,)",main,jit_kernel_with_params(11361567940718900992),1.595803
"product_reduce_(384,)",main,jit_kernel_with_params(11361567940718900992),1.624375
"product_reduce_(384,)",main,jit_kernel_with_params(11361567940718900992),1.59
"product_reduce_(384,)",main,jit_kernel_with_params(11361567940718900992),1.589911
"product_reduce_(384,)",main,jit_kernel_with_params(11361567940718900992),1.592768
"product_reduce_(384,)",main,jit_kernel_with_params(11361567940718900992),1.591428
"product_reduce_(384,)",main,jit_kernel_with_params(11361567940718900992),1.651518
"product_reduce_(384,)",sub,convert_reduce_fusion,0.947142
"product_reduce_(384,)",sub,convert_reduce_fusion,0.95
"product_reduce_(384,)",sub,convert_reduce_fusion,0.949911
"product_reduce_(384,)",sub,convert_reduce_fusion,0.947054
"product_reduce_(384,)",sub,convert_reduce_fusion,0.947054
"product_reduce_(384,)",sub,convert_reduce_fusion,0.947054
"product_reduce_(384,)",sub,convert_reduce_fusion,0.945803
"product_reduce_(384,)",sub,convert_reduce_fusion,0.948661
"product_reduce_(384,)",sub,convert_reduce_fusion,0.948572
"product_reduce_(384,)",sub,convert_reduce_fusion,1.01
"product_reduce_(416,)",main,jit_kernel_with_params(10804487558428779927),1.591429
"product_reduce_(416,)",main,jit_kernel_with_params(10804487558428779927),1.592768
"product_reduce_(416,)",main,jit_kernel_with_params(10804487558428779927),1.592767
"product_reduce_(416,)",main,jit_kernel_with_params(10804487558428779927),1.591429
"product_reduce_(416,)",main,jit_kernel_with_params(10804487558428779927),1.59
"product_reduce_(416,)",main,jit_kernel_with_params(10804487558428779927),1.591428
"product_reduce_(416,)",main,jit_kernel_with_params(10804487558428779927),1.592947
"product_reduce_(416,)",main,jit_kernel_with_params(10804487558428779927),1.588571
"product_reduce_(416,)",main,jit_kernel_with_params(10804487558428779927),1.590089
"product_reduce_(416,)",main,jit_kernel_with_params(10804487558428779927),1.588661
"product_reduce_(416,)",sub,convert_reduce_fusion,0.948571
"product_reduce_(416,)",sub,convert_reduce_fusion,0.947143
"product_reduce_(416,)",sub,convert_reduce_fusion,0.948661
"product_reduce_(416,)",sub,convert_reduce_fusion,0.947233
"product_reduce_(416,)",sub,convert_reduce_fusion,0.947053
"product_reduce_(416,)",sub,convert_reduce_fusion,0.948572
"product_reduce_(416,)",sub,convert_reduce_fusion,0.948571
"product_reduce_(416,)",sub,convert_reduce_fusion,0.945715
"product_reduce_(416,)",sub,convert_reduce_fusion,0.948483
"product_reduce_(416,)",sub,convert_reduce_fusion,0.947143
"product_reduce_(448,)",main,jit_kernel_with_params(17528633333753126457),1.745714
"product_reduce_(448,)",main,jit_kernel_with_params(17528633333753126457),1.588482
"product_reduce_(448,)",main,jit_kernel_with_params(17528633333753126457),1.587233
"product_reduce_(448,)",main,jit_kernel_with_params(17528633333753126457),1.588572
"product_reduce_(448,)",main,jit_kernel_with_params(17528633333753126457),1.597054
"product_reduce_(448,)",main,jit_kernel_with_params(17528633333753126457),1.729911
"product_reduce_(448,)",main,jit_kernel_with_params(17528633333753126457),1.588482
"product_reduce_(448,)",main,jit_kernel_with_params(17528633333753126457),1.588572
"product_reduce_(448,)",main,jit_kernel_with_params(17528633333753126457),1.587232
"product_reduce_(448,)",main,jit_kernel_with_params(17528633333753126457),1.588572
"product_reduce_(448,)",sub,convert_reduce_fusion,0.942946
"product_reduce_(448,)",sub,convert_reduce_fusion,0.944286
"product_reduce_(448,)",sub,convert_reduce_fusion,0.945625
"product_reduce_(448,)",sub,convert_reduce_fusion,0.945714
"product_reduce_(448,)",sub,convert_reduce_fusion,0.944285
"product_reduce_(448,)",sub,convert_reduce_fusion,1.085804
"product_reduce_(448,)",sub,convert_reduce_fusion,0.944286
"product_reduce_(448,)",sub,convert_reduce_fusion,0.945714
"product_reduce_(448,)",sub,convert_reduce_fusion,0.945625
"product_reduce_(448,)",sub,convert_reduce_fusion,0.945714
"product_reduce_(480,)",main,jit_kernel_with_params(10683600490658194103),1.587232
"product_reduce_(480,)",main,jit_kernel_with_params(10683600490658194103),1.591518
"product_reduce_(480,)",main,jit_kernel_with_params(10683600490658194103),1.669911
"product_reduce_(480,)",main,jit_kernel_with_params(10683600490658194103),1.59009
"product_reduce_(480,)",main,jit_kernel_with_params(10683600490658194103),1.589911
"product_reduce_(480,)",main,jit_kernel_with_params(10683600490658194103),1.588482
"product_reduce_(480,)",main,jit_kernel_with_params(10683600490658194103),1.588482
"product_reduce_(480,)",main,jit_kernel_with_params(10683600490658194103),1.59009
"product_reduce_(480,)",main,jit_kernel_with_params(10683600490658194103),1.591339
"product_reduce_(480,)",main,jit_kernel_with_params(10683600490658194103),1.587053
"product_reduce_(480,)",sub,convert_reduce_fusion,0.945625
"product_reduce_(480,)",sub,convert_reduce_fusion,0.95
"product_reduce_(480,)",sub,convert_reduce_fusion,1.025804
"product_reduce_(480,)",sub,convert_reduce_fusion,0.945625
"product_reduce_(480,)",sub,convert_reduce_fusion,0.945803
"product_reduce_(480,)",sub,convert_reduce_fusion,0.944286
"product_reduce_(480,)",sub,convert_reduce_fusion,0.944285
"product_reduce_(480,)",sub,convert_reduce_fusion,0.948482
"product_reduce_(480,)",sub,convert_reduce_fusion,0.947143
"product_reduce_(480,)",sub,convert_reduce_fusion,0.942946
"product_reduce_(512,)",main,jit_kernel_with_params(12357851960442050746),1.59
"product_reduce_(512,)",main,jit_kernel_with_params(12357851960442050746),1.591518
"product_reduce_(512,)",main,jit_kernel_with_params(12357851960442050746),1.59
"product_reduce_(512,)",main,jit_kernel_with_params(12357851960442050746),1.591429
"product_reduce_(512,)",main,jit_kernel_with_params(12357851960442050746),1.59
"product_reduce_(512,)",main,jit_kernel_with_params(12357851960442050746),1.589911
"product_reduce_(512,)",main,jit_kernel_with_params(12357851960442050746),1.588661
"product_reduce_(512,)",main,jit_kernel_with_params(12357851960442050746),1.591429
"product_reduce_(512,)",main,jit_kernel_with_params(12357851960442050746),1.59
"product_reduce_(512,)",main,jit_kernel_with_params(12357851960442050746),1.591429
"product_reduce_(512,)",sub,convert_reduce_fusion,0.947054
"product_reduce_(512,)",sub,convert_reduce_fusion,0.95
"product_reduce_(512,)",sub,convert_reduce_fusion,0.947054
"product_reduce_(512,)",sub,convert_reduce_fusion,0.948572
"product_reduce_(512,)",sub,convert_reduce_fusion,0.947053
"product_reduce_(512,)",sub,convert_reduce_fusion,0.945803
"product_reduce_(512,)",sub,convert_reduce_fusion,0.947143
"product_reduce_(512,)",sub,convert_reduce_fusion,0.948572
"product_reduce_(512,)",sub,convert_reduce_fusion,0.947054
"product_reduce_(512,)",sub,convert_reduce_fusion,0.948572
"product_reduce_(544,)",main,jit_kernel_with_params(10030827559274369793),1.585803
"product_reduce_(544,)",main,jit_kernel_with_params(10030827559274369793),1.59
"product_reduce_(544,)",main,jit_kernel_with_params(10030827559274369793),1.589911
"product_reduce_(544,)",main,jit_kernel_with_params(10030827559274369793),1.637232
"product_reduce_(544,)",main,jit_kernel_with_params(10030827559274369793),1.588572
"product_reduce_(544,)",main,jit_kernel_with_params(10030827559274369793),1.589911
"product_reduce_(544,)",main,jit_kernel_with_params(10030827559274369793),1.58866
"product_reduce_(544,)",main,jit_kernel_with_params(10030827559274369793),1.58991
"product_reduce_(544,)",main,jit_kernel_with_params(10030827559274369793),1.654286
"product_reduce_(544,)",main,jit_kernel_with_params(10030827559274369793),1.588661
"product_reduce_(544,)",sub,convert_reduce_fusion,0.944286
"product_reduce_(544,)",sub,convert_reduce_fusion,0.947054
"product_reduce_(544,)",sub,convert_reduce_fusion,0.945803
"product_reduce_(544,)",sub,convert_reduce_fusion,0.947143
"product_reduce_(544,)",sub,convert_reduce_fusion,0.945714
"product_reduce_(544,)",sub,convert_reduce_fusion,0.945803
"product_reduce_(544,)",sub,convert_reduce_fusion,0.947143
"product_reduce_(544,)",sub,convert_reduce_fusion,0.945804
"product_reduce_(544,)",sub,convert_reduce_fusion,1.011429
"product_reduce_(544,)",sub,convert_reduce_fusion,0.947142
"product_reduce_(576,)",main,jit_kernel_with_params(396455903608954161),1.747232
"product_reduce_(576,)",main,jit_kernel_with_params(396455903608954161),1.590089
"product_reduce_(576,)",main,jit_kernel_with_params(396455903608954161),1.591518
"product_reduce_(576,)",main,jit_kernel_with_params(396455903608954161),1.591428
"product_reduce_(576,)",main,jit_kernel_with_params(396455903608954161),1.59
"product_reduce_(576,)",main,jit_kernel_with_params(396455903608954161),1.592857
"product_reduce_(576,)",main,jit_kernel_with_params(396455903608954161),1.625715
"product_reduce_(576,)",main,jit_kernel_with_params(396455903608954161),1.590089
"product_reduce_(576,)",main,jit_kernel_with_params(396455903608954161),1.591429
"product_reduce_(576,)",main,jit_kernel_with_params(396455903608954161),1.591428
"product_reduce_(576,)",sub,convert_reduce_fusion,1.105625
"product_reduce_(576,)",sub,convert_reduce_fusion,0.948482
"product_reduce_(576,)",sub,convert_reduce_fusion,0.95
"product_reduce_(576,)",sub,convert_reduce_fusion,0.948572
"product_reduce_(576,)",sub,convert_reduce_fusion,0.947053
"product_reduce_(576,)",sub,convert_reduce_fusion,0.948482
"product_reduce_(576,)",sub,convert_reduce_fusion,0.982857
"product_reduce_(576,)",sub,convert_reduce_fusion,0.948482
"product_reduce_(576,)",sub,convert_reduce_fusion,0.948571
"product_reduce_(576,)",sub,convert_reduce_fusion,0.948572
"product_reduce_(608,)",main,jit_kernel_with_params(17215912752794662677),1.591429
"product_reduce_(608,)",main,jit_kernel_with_params(17215912752794662677),1.591428
"product_reduce_(608,)",main,jit_kernel_with_params(17215912752794662677),1.591429
"product_reduce_(608,)",main,jit_kernel_with_params(17215912752794662677),1.59134
"product_reduce_(608,)",main,jit_kernel_with_params(17215912752794662677),1.592857
"product_reduce_(608,)",main,jit_kernel_with_params(17215912752794662677),1.802857
"product_reduce_(608,)",main,jit_kernel_with_params(17215912752794662677),1.591428
"product_reduce_(608,)",main,jit_kernel_with_params(17215912752794662677),1.591428
"product_reduce_(608,)",main,jit_kernel_with_params(17215912752794662677),1.591518
"product_reduce_(608,)",main,jit_kernel_with_params(17215912752794662677),1.718661
"product_reduce_(608,)",sub,convert_reduce_fusion,0.948571
"product_reduce_(608,)",sub,convert_reduce_fusion,0.948571
"product_reduce_(608,)",sub,convert_reduce_fusion,0.948572
"product_reduce_(608,)",sub,convert_reduce_fusion,0.947143
"product_reduce_(608,)",sub,convert_reduce_fusion,0.949911
"product_reduce_(608,)",sub,convert_reduce_fusion,1.16
"product_reduce_(608,)",sub,convert_reduce_fusion,0.948571
"product_reduce_(608,)",sub,convert_reduce_fusion,0.948571
"product_reduce_(608,)",sub,convert_reduce_fusion,0.95
"product_reduce_(608,)",sub,convert_reduce_fusion,0.948482
"product_reduce_(640,)",main,jit_kernel_with_params(8713476649228652144),1.591518
"product_reduce_(640,)",main,jit_kernel_with_params(8713476649228652144),1.59
"product_reduce_(640,)",main,jit_kernel_with_params(8713476649228652144),1.59134
"product_reduce_(640,)",main,jit_kernel_with_params(8713476649228652144),1.59
"product_reduce_(640,)",main,jit_kernel_with_params(8713476649228652144),1.591518
"product_reduce_(640,)",main,jit_kernel_with_params(8713476649228652144),1.664286
"product_reduce_(640,)",main,jit_kernel_with_params(8713476649228652144),1.59134
"product_reduce_(640,)",main,jit_kernel_with_params(8713476649228652144),1.588661
"product_reduce_(640,)",main,jit_kernel_with_params(8713476649228652144),1.591429
"product_reduce_(640,)",main,jit_kernel_with_params(8713476649228652144),1.701428
"product_reduce_(640,)",sub,convert_reduce_fusion,0.947143
"product_reduce_(640,)",sub,convert_reduce_fusion,0.947053
"product_reduce_(640,)",sub,convert_reduce_fusion,0.947143
"product_reduce_(640,)",sub,convert_reduce_fusion,0.947232
"product_reduce_(640,)",sub,convert_reduce_fusion,0.947232
"product_reduce_(640,)",sub,convert_reduce_fusion,1.021339
"product_reduce_(640,)",sub,convert_reduce_fusion,0.947143
"product_reduce_(640,)",sub,convert_reduce_fusion,0.947142
"product_reduce_(640,)",sub,convert_reduce_fusion,0.948572
"product_reduce_(640,)",sub,convert_reduce_fusion,1.058482
"product_reduce_(672,)",main,jit_kernel_with_params(6101926711752313181),1.77
"product_reduce_(672,)",main,jit_kernel_with_params(6101926711752313181),1.591518
"product_reduce_(672,)",main,jit_kernel_with_params(6101926711752313181),1.59
"product_reduce_(672,)",main,jit_kernel_with_params(6101926711752313181),1.591429
"product_reduce_(672,)",main,jit_kernel_with_params(6101926711752313181),1.592768
"product_reduce_(672,)",main,jit_kernel_with_params(6101926711752313181),1.59009
"product_reduce_(672,)",main,jit_kernel_with_params(6101926711752313181),1.59009
"product_reduce_(672,)",main,jit_kernel_with_params(6101926711752313181),1.592857
"product_reduce_(672,)",main,jit_kernel_with_params(6101926711752313181),1.591429
"product_reduce_(672,)",main,jit_kernel_with_params(6101926711752313181),1.59
"product_reduce_(672,)",sub,convert_reduce_fusion,1.127054
"product_reduce_(672,)",sub,convert_reduce_fusion,0.95
"product_reduce_(672,)",sub,convert_reduce_fusion,0.947232
"product_reduce_(672,)",sub,convert_reduce_fusion,0.948571
"product_reduce_(672,)",sub,convert_reduce_fusion,0.948661
"product_reduce_(672,)",sub,convert_reduce_fusion,0.948482
"product_reduce_(672,)",sub,convert_reduce_fusion,0.948482
"product_reduce_(672,)",sub,convert_reduce_fusion,0.949911
"product_reduce_(672,)",sub,convert_reduce_fusion,0.948572
"product_reduce_(672,)",sub,convert_reduce_fusion,0.947232
"product_reduce_(704,)",main,jit_kernel_with_params(12347029107733905541),1.755804
"product_reduce_(704,)",main,jit_kernel_with_params(12347029107733905541),1.588571
"product_reduce_(704,)",main,jit_kernel_with_params(12347029107733905541),1.76
"product_reduce_(704,)",main,jit_kernel_with_params(12347029107733905541),1.588571
"product_reduce_(704,)",main,jit_kernel_with_params(12347029107733905541),1.587143
"product_reduce_(704,)",main,jit_kernel_with_params(12347029107733905541),1.59
"product_reduce_(704,)",main,jit_kernel_with_params(12347029107733905541),1.588571
"product_reduce_(704,)",main,jit_kernel_with_params(12347029107733905541),1.588571
"product_reduce_(704,)",main,jit_kernel_with_params(12347029107733905541),1.588572
"product_reduce_(704,)",main,jit_kernel_with_params(12347029107733905541),1.588482
"product_reduce_(704,)",sub,convert_reduce_fusion,1.114196
"product_reduce_(704,)",sub,convert_reduce_fusion,0.945714
"product_reduce_(704,)",sub,convert_reduce_fusion,0.945714
"product_reduce_(704,)",sub,convert_reduce_fusion,0.945714
"product_reduce_(704,)",sub,convert_reduce_fusion,0.944196
"product_reduce_(704,)",sub,convert_reduce_fusion,0.945714
"product_reduce_(704,)",sub,convert_reduce_fusion,0.945714
"product_reduce_(704,)",sub,convert_reduce_fusion,0.945714
"product_reduce_(704,)",sub,convert_reduce_fusion,0.945714
"product_reduce_(704,)",sub,convert_reduce_fusion,0.944286
"product_reduce_(736,)",main,jit_kernel_with_params(3368778448667737770),1.655714
"product_reduce_(736,)",main,jit_kernel_with_params(3368778448667737770),1.59
"product_reduce_(736,)",main,jit_kernel_with_params(3368778448667737770),1.59
"product_reduce_(736,)",main,jit_kernel_with_params(3368778448667737770),1.592768
"product_reduce_(736,)",main,jit_kernel_with_params(3368778448667737770),1.59009
"product_reduce_(736,)",main,jit_kernel_with_params(3368778448667737770),1.591339
"product_reduce_(736,)",main,jit_kernel_with_params(3368778448667737770),1.644196
"product_reduce_(736,)",main,jit_kernel_with_params(3368778448667737770),1.588571
"product_reduce_(736,)",main,jit_kernel_with_params(3368778448667737770),1.591429
"product_reduce_(736,)",main,jit_kernel_with_params(3368778448667737770),1.591339
"product_reduce_(736,)",sub,convert_reduce_fusion,1.012946
"product_reduce_(736,)",sub,convert_reduce_fusion,0.947232
"product_reduce_(736,)",sub,convert_reduce_fusion,0.947053
"product_reduce_(736,)",sub,convert_reduce_fusion,0.948661
"product_reduce_(736,)",sub,convert_reduce_fusion,0.948482
"product_reduce_(736,)",sub,convert_reduce_fusion,0.947143
"product_reduce_(736,)",sub,convert_reduce_fusion,1.000089
"product_reduce_(736,)",sub,convert_reduce_fusion,0.945714
"product_reduce_(736,)",sub,convert_reduce_fusion,0.948572
"product_reduce_(736,)",sub,convert_reduce_fusion,0.947143
"product_reduce_(768,)",main,jit_kernel_with_params(6945719624274883799),1.6
"product_reduce_(768,)",main,jit_kernel_with_params(6945719624274883799),1.602767
"product_reduce_(768,)",main,jit_kernel_with_params(6945719624274883799),1.602857
"product_reduce_(768,)",main,jit_kernel_with_params(6945719624274883799),1.601518
"product_reduce_(768,)",main,jit_kernel_with_params(6945719624274883799),1.645714
"product_reduce_(768,)",main,jit_kernel_with_params(6945719624274883799),1.602767
"product_reduce_(768,)",main,jit_kernel_with_params(6945719624274883799),1.712768
"product_reduce_(768,)",main,jit_kernel_with_params(6945719624274883799),1.602768
"product_reduce_(768,)",main,jit_kernel_with_params(6945719624274883799),1.601429
"product_reduce_(768,)",main,jit_kernel_with_params(6945719624274883799),1.640089
"product_reduce_(768,)",sub,convert_reduce_fusion,0.957143
"product_reduce_(768,)",sub,convert_reduce_fusion,0.958571
"product_reduce_(768,)",sub,convert_reduce_fusion,0.96
"product_reduce_(768,)",sub,convert_reduce_fusion,0.95991
"product_reduce_(768,)",sub,convert_reduce_fusion,1.002857
"product_reduce_(768,)",sub,convert_reduce_fusion,0.958571
"product_reduce_(768,)",sub,convert_reduce_fusion,1.06866
"product_reduce_(768,)",sub,convert_reduce_fusion,0.958571
"product_reduce_(768,)",sub,convert_reduce_fusion,0.958482
"product_reduce_(768,)",sub,convert_reduce_fusion,0.958572
"product_reduce_(800,)",main,jit_kernel_with_params(15777158950223826095),1.594285
"product_reduce_(800,)",main,jit_kernel_with_params(15777158950223826095),1.597053
"product_reduce_(800,)",main,jit_kernel_with_params(15777158950223826095),1.595625
"product_reduce_(800,)",main,jit_kernel_with_params(15777158950223826095),1.594286
"product_reduce_(800,)",main,jit_kernel_with_params(15777158950223826095),1.595804
"product_reduce_(800,)",main,jit_kernel_with_params(15777158950223826095),1.627232
"product_reduce_(800,)",main,jit_kernel_with_params(15777158950223826095),1.622947
"product_reduce_(800,)",main,jit_kernel_with_params(15777158950223826095),1.594286
"product_reduce_(800,)",main,jit_kernel_with_params(15777158950223826095),1.597053
"product_reduce_(800,)",main,jit_kernel_with_params(15777158950223826095),1.597054
"product_reduce_(800,)",sub,convert_reduce_fusion,0.951428
"product_reduce_(800,)",sub,convert_reduce_fusion,0.952857
"product_reduce_(800,)",sub,convert_reduce_fusion,0.951518
"product_reduce_(800,)",sub,convert_reduce_fusion,0.951428
"product_reduce_(800,)",sub,convert_reduce_fusion,0.954196
"product_reduce_(800,)",sub,convert_reduce_fusion,0.985625
"product_reduce_(800,)",sub,convert_reduce_fusion,0.981429
"product_reduce_(800,)",sub,convert_reduce_fusion,0.951428
"product_reduce_(800,)",sub,convert_reduce_fusion,0.952857
"product_reduce_(800,)",sub,convert_reduce_fusion,0.952858
"product_reduce_(832,)",main,jit_kernel_with_params(9947227952953877319),1.59134
"product_reduce_(832,)",main,jit_kernel_with_params(9947227952953877319),1.59134
"product_reduce_(832,)",main,jit_kernel_with_params(9947227952953877319),1.592857
"product_reduce_(832,)",main,jit_kernel_with_params(9947227952953877319),1.591429
"product_reduce_(832,)",main,jit_kernel_with_params(9947227952953877319),1.774285
"product_reduce_(832,)",main,jit_kernel_with_params(9947227952953877319),1.600089
"product_reduce_(832,)",main,jit_kernel_with_params(9947227952953877319),1.6
"product_reduce_(832,)",main,jit_kernel_with_params(9947227952953877319),1.59
"product_reduce_(832,)",main,jit_kernel_with_params(9947227952953877319),1.594286
"product_reduce_(832,)",main,jit_kernel_with_params(9947227952953877319),1.724375
"product_reduce_(832,)",sub,convert_reduce_fusion,0.947143
"product_reduce_(832,)",sub,convert_reduce_fusion,0.947143
"product_reduce_(832,)",sub,convert_reduce_fusion,0.94991
"product_reduce_(832,)",sub,convert_reduce_fusion,0.948571
"product_reduce_(832,)",sub,convert_reduce_fusion,1.131429
"product_reduce_(832,)",sub,convert_reduce_fusion,0.958571
"product_reduce_(832,)",sub,convert_reduce_fusion,0.948571
"product_reduce_(832,)",sub,convert_reduce_fusion,0.947232
"product_reduce_(832,)",sub,convert_reduce_fusion,0.95
"product_reduce_(832,)",sub,convert_reduce_fusion,0.948572
"product_reduce_(864,)",main,jit_kernel_with_params(9114795724608216025),1.588572
"product_reduce_(864,)",main,jit_kernel_with_params(9114795724608216025),1.59
"product_reduce_(864,)",main,jit_kernel_with_params(9114795724608216025),1.59
"product_reduce_(864,)",main,jit_kernel_with_params(9114795724608216025),1.594286
"product_reduce_(864,)",main,jit_kernel_with_params(9114795724608216025),1.591428
"product_reduce_(864,)",main,jit_kernel_with_params(9114795724608216025),1.59
"product_reduce_(864,)",main,jit_kernel_with_params(9114795724608216025),1.597143
"product_reduce_(864,)",main,jit_kernel_with_params(9114795724608216025),1.588661
"product_reduce_(864,)",main,jit_kernel_with_params(9114795724608216025),1.587232
"product_reduce_(864,)",main,jit_kernel_with_params(9114795724608216025),1.588661
"product_reduce_(864,)",sub,convert_reduce_fusion,0.945715
"product_reduce_(864,)",sub,convert_reduce_fusion,0.947054
"product_reduce_(864,)",sub,convert_reduce_fusion,0.947053
"product_reduce_(864,)",sub,convert_reduce_fusion,0.951429
"product_reduce_(864,)",sub,convert_reduce_fusion,0.945804
"product_reduce_(864,)",sub,convert_reduce_fusion,0.947054
"product_reduce_(864,)",sub,convert_reduce_fusion,0.954286
"product_reduce_(864,)",sub,convert_reduce_fusion,0.947142
"product_reduce_(864,)",sub,convert_reduce_fusion,0.945625
"product_reduce_(864,)",sub,convert_reduce_fusion,0.947142
"product_reduce_(896,)",main,jit_kernel_with_params(2463187232885671804),1.591339
"product_reduce_(896,)",main,jit_kernel_with_params(2463187232885671804),1.592768
"product_reduce_(896,)",main,jit_kernel_with_params(2463187232885671804),1.591429
"product_reduce_(896,)",main,jit_kernel_with_params(2463187232885671804),1.591429
"product_reduce_(896,)",main,jit_kernel_with_params(2463187232885671804),1.594286
"product_reduce_(896,)",main,jit_kernel_with_params(2463187232885671804),1.592946
"product_reduce_(896,)",main,jit_kernel_with_params(2463187232885671804),1.590089
"product_reduce_(896,)",main,jit_kernel_with_params(2463187232885671804),1.592768
"product_reduce_(896,)",main,jit_kernel_with_params(2463187232885671804),1.611428
"product_reduce_(896,)",main,jit_kernel_with_params(2463187232885671804),1.59
"product_reduce_(896,)",sub,convert_reduce_fusion,0.947142
"product_reduce_(896,)",sub,convert_reduce_fusion,0.94866
"product_reduce_(896,)",sub,convert_reduce_fusion,0.948571
"product_reduce_(896,)",sub,convert_reduce_fusion,0.948571
"product_reduce_(896,)",sub,convert_reduce_fusion,0.948571
"product_reduce_(896,)",sub,convert_reduce_fusion,0.951339
"product_reduce_(896,)",sub,convert_reduce_fusion,0.948482
"product_reduce_(896,)",sub,convert_reduce_fusion,0.94866
"product_reduce_(896,)",sub,convert_reduce_fusion,0.948572
"product_reduce_(896,)",sub,convert_reduce_fusion,0.947232
"product_reduce_(928,)",main,jit_kernel_with_params(13080731811715403268),1.588572
"product_reduce_(928,)",main,jit_kernel_with_params(13080731811715403268),1.591339
"product_reduce_(928,)",main,jit_kernel_with_params(13080731811715403268),1.59
"product_reduce_(928,)",main,jit_kernel_with_params(13080731811715403268),1.59
"product_reduce_(928,)",main,jit_kernel_with_params(13080731811715403268),1.589911
"product_reduce_(928,)",main,jit_kernel_with_params(13080731811715403268),1.59009
"product_reduce_(928,)",main,jit_kernel_with_params(13080731811715403268),1.59009
"product_reduce_(928,)",main,jit_kernel_with_params(13080731811715403268),1.588572
"product_reduce_(928,)",main,jit_kernel_with_params(13080731811715403268),1.59009
"product_reduce_(928,)",main,jit_kernel_with_params(13080731811715403268),1.588661
"product_reduce_(928,)",sub,convert_reduce_fusion,0.945715
"product_reduce_(928,)",sub,convert_reduce_fusion,0.947143
"product_reduce_(928,)",sub,convert_reduce_fusion,0.947232
"product_reduce_(928,)",sub,convert_reduce_fusion,0.947054
"product_reduce_(928,)",sub,convert_reduce_fusion,0.945803
"product_reduce_(928,)",sub,convert_reduce_fusion,0.948482
"product_reduce_(928,)",sub,convert_reduce_fusion,0.948482
"product_reduce_(928,)",sub,convert_reduce_fusion,0.945714
"product_reduce_(928,)",sub,convert_reduce_fusion,0.948482
"product_reduce_(928,)",sub,convert_reduce_fusion,0.947143
"product_reduce_(960,)",main,jit_kernel_with_params(13104166430716640780),1.591429
"product_reduce_(960,)",main,jit_kernel_with_params(13104166430716640780),1.592857
"product_reduce_(960,)",main,jit_kernel_with_params(13104166430716640780),1.592768
"product_reduce_(960,)",main,jit_kernel_with_params(13104166430716640780),1.590089
"product_reduce_(960,)",main,jit_kernel_with_params(13104166430716640780),1.6
"product_reduce_(960,)",main,jit_kernel_with_params(13104166430716640780),1.591428
"product_reduce_(960,)",main,jit_kernel_with_params(13104166430716640780),1.618661
"product_reduce_(960,)",main,jit_kernel_with_params(13104166430716640780),1.592857
"product_reduce_(960,)",main,jit_kernel_with_params(13104166430716640780),1.59
"product_reduce_(960,)",main,jit_kernel_with_params(13104166430716640780),1.590089
"product_reduce_(960,)",sub,convert_reduce_fusion,0.948572
"product_reduce_(960,)",sub,convert_reduce_fusion,0.949911
"product_reduce_(960,)",sub,convert_reduce_fusion,0.94866
"product_reduce_(960,)",sub,convert_reduce_fusion,0.948482
"product_reduce_(960,)",sub,convert_reduce_fusion,0.957143
"product_reduce_(960,)",sub,convert_reduce_fusion,0.948572
"product_reduce_(960,)",sub,convert_reduce_fusion,0.948482
"product_reduce_(960,)",sub,convert_reduce_fusion,0.948571
"product_reduce_(960,)",sub,convert_reduce_fusion,0.947232
"product_reduce_(960,)",sub,convert_reduce_fusion,0.948483
"product_reduce_(992,)",main,jit_kernel_with_params(11750420656139855890),1.592946
"product_reduce_(992,)",main,jit_kernel_with_params(11750420656139855890),1.602946
"product_reduce_(992,)",main,jit_kernel_with_params(11750420656139855890),1.588661
"product_reduce_(992,)",main,jit_kernel_with_params(11750420656139855890),1.589911
"product_reduce_(992,)",main,jit_kernel_with_params(11750420656139855890),1.731518
"product_reduce_(992,)",main,jit_kernel_with_params(11750420656139855890),1.588661
"product_reduce_(992,)",main,jit_kernel_with_params(11750420656139855890),1.591428
"product_reduce_(992,)",main,jit_kernel_with_params(11750420656139855890),1.590089
"product_reduce_(992,)",main,jit_kernel_with_params(11750420656139855890),1.591339
"product_reduce_(992,)",main,jit_kernel_with_params(11750420656139855890),1.591339
"product_reduce_(992,)",sub,convert_reduce_fusion,0.948482
"product_reduce_(992,)",sub,convert_reduce_fusion,0.947232
"product_reduce_(992,)",sub,convert_reduce_fusion,0.947143
"product_reduce_(992,)",sub,convert_reduce_fusion,0.945804
"product_reduce_(992,)",sub,convert_reduce_fusion,0.947232
"product_reduce_(992,)",sub,convert_reduce_fusion,0.947143
"product_reduce_(992,)",sub,convert_reduce_fusion,0.948571
"product_reduce_(992,)",sub,convert_reduce_fusion,0.948482
"product_reduce_(992,)",sub,convert_reduce_fusion,0.947142
"product_reduce_(992,)",sub,convert_reduce_fusion,0.947143
"product_reduce_(1024,)",main,jit_kernel_with_params(8578790742953311004),1.727054
"product_reduce_(1024,)",main,jit_kernel_with_params(8578790742953311004),1.588661
"product_reduce_(1024,)",main,jit_kernel_with_params(8578790742953311004),1.740089
"product_reduce_(1024,)",main,jit_kernel_with_params(8578790742953311004),1.658571
"product_reduce_(1024,)",main,jit_kernel_with_params(8578790742953311004),1.588661
"product_reduce_(1024,)",main,jit_kernel_with_params(8578790742953311004),1.771429
"product_reduce_(1024,)",main,jit_kernel_with_params(8578790742953311004),1.59
"product_reduce_(1024,)",main,jit_kernel_with_params(8578790742953311004),1.589911
"product_reduce_(1024,)",main,jit_kernel_with_params(8578790742953311004),1.591339
"product_reduce_(1024,)",main,jit_kernel_with_params(8578790742953311004),1.58866
"product_reduce_(1024,)",sub,convert_reduce_fusion,1.082946
"product_reduce_(1024,)",sub,convert_reduce_fusion,0.947143
"product_reduce_(1024,)",sub,convert_reduce_fusion,0.947232
"product_reduce_(1024,)",sub,convert_reduce_fusion,1.015625
"product_reduce_(1024,)",sub,convert_reduce_fusion,0.947143
"product_reduce_(1024,)",sub,convert_reduce_fusion,1.128571
"product_reduce_(1024,)",sub,convert_reduce_fusion,0.947053
"product_reduce_(1024,)",sub,convert_reduce_fusion,0.945803
"product_reduce_(1024,)",sub,convert_reduce_fusion,0.947143
"product_reduce_(1024,)",sub,convert_reduce_fusion,0.947143
"product_reduce_(1056,)",main,jit_kernel_with_params(5686120694319270401),1.992857
"product_reduce_(1056,)",main,jit_kernel_with_params(5686120694319270401),1.994286
"product_reduce_(1056,)",main,jit_kernel_with_params(5686120694319270401),2.082768
"product_reduce_(1056,)",main,jit_kernel_with_params(5686120694319270401),1.992947
"product_reduce_(1056,)",main,jit_kernel_with_params(5686120694319270401),1.991428
"product_reduce_(1056,)",main,jit_kernel_with_params(5686120694319270401),1.994285
"product_reduce_(1056,)",main,jit_kernel_with_params(5686120694319270401),1.992857
"product_reduce_(1056,)",main,jit_kernel_with_params(5686120694319270401),1.992768
"product_reduce_(1056,)",main,jit_kernel_with_params(5686120694319270401),1.991339
"product_reduce_(1056,)",main,jit_kernel_with_params(5686120694319270401),2.0
"product_reduce_(1056,)",sub,convert_reduce_fusion,1.351429
"product_reduce_(1056,)",sub,convert_reduce_fusion,1.351428
"product_reduce_(1056,)",sub,convert_reduce_fusion,1.438571
"product_reduce_(1056,)",sub,convert_reduce_fusion,1.351339
"product_reduce_(1056,)",sub,convert_reduce_fusion,1.348571
"product_reduce_(1056,)",sub,convert_reduce_fusion,1.351428
"product_reduce_(1056,)",sub,convert_reduce_fusion,1.350089
"product_reduce_(1056,)",sub,convert_reduce_fusion,1.348661
"product_reduce_(1056,)",sub,convert_reduce_fusion,1.347143
"product_reduce_(1056,)",sub,convert_reduce_fusion,1.35
"product_reduce_(1088,)",main,jit_kernel_with_params(1048831165899371565),2.208571
"product_reduce_(1088,)",main,jit_kernel_with_params(1048831165899371565),1.992768
"product_reduce_(1088,)",main,jit_kernel_with_params(1048831165899371565),1.992857
"product_reduce_(1088,)",main,jit_kernel_with_params(1048831165899371565),1.992857
"product_reduce_(1088,)",main,jit_kernel_with_params(1048831165899371565),1.992857
"product_reduce_(1088,)",main,jit_kernel_with_params(1048831165899371565),2.112857
"product_reduce_(1088,)",main,jit_kernel_with_params(1048831165899371565),1.991429
"product_reduce_(1088,)",main,jit_kernel_with_params(1048831165899371565),2.082768
"product_reduce_(1088,)",main,jit_kernel_with_params(1048831165899371565),1.994285
"product_reduce_(1088,)",main,jit_kernel_with_params(1048831165899371565),1.989911
"product_reduce_(1088,)",sub,convert_reduce_fusion,1.565714
"product_reduce_(1088,)",sub,convert_reduce_fusion,1.34866
"product_reduce_(1088,)",sub,convert_reduce_fusion,1.349911
"product_reduce_(1088,)",sub,convert_reduce_fusion,1.34991
"product_reduce_(1088,)",sub,convert_reduce_fusion,1.35009
"product_reduce_(1088,)",sub,convert_reduce_fusion,1.469911
"product_reduce_(1088,)",sub,convert_reduce_fusion,1.348571
"product_reduce_(1088,)",sub,convert_reduce_fusion,1.438571
"product_reduce_(1088,)",sub,convert_reduce_fusion,1.351429
"product_reduce_(1088,)",sub,convert_reduce_fusion,1.345804
"product_reduce_(1120,)",main,jit_kernel_with_params(4748632565215010210),2.005625
"product_reduce_(1120,)",main,jit_kernel_with_params(4748632565215010210),2.004196
"product_reduce_(1120,)",main,jit_kernel_with_params(4748632565215010210),2.002768
"product_reduce_(1120,)",main,jit_kernel_with_params(4748632565215010210),2.002857
"product_reduce_(1120,)",main,jit_kernel_with_params(4748632565215010210),2.004375
"product_reduce_(1120,)",main,jit_kernel_with_params(4748632565215010210),2.152857
"product_reduce_(1120,)",main,jit_kernel_with_params(4748632565215010210),2.008571
"product_reduce_(1120,)",main,jit_kernel_with_params(4748632565215010210),2.002857
"product_reduce_(1120,)",main,jit_kernel_with_params(4748632565215010210),2.001429
"product_reduce_(1120,)",main,jit_kernel_with_params(4748632565215010210),2.004286
"product_reduce_(1120,)",sub,convert_reduce_fusion,1.36
"product_reduce_(1120,)",sub,convert_reduce_fusion,1.360089
"product_reduce_(1120,)",sub,convert_reduce_fusion,1.358572
"product_reduce_(1120,)",sub,convert_reduce_fusion,1.36
"product_reduce_(1120,)",sub,convert_reduce_fusion,1.362768
"product_reduce_(1120,)",sub,convert_reduce_fusion,1.358661
"product_reduce_(1120,)",sub,convert_reduce_fusion,1.361429
"product_reduce_(1120,)",sub,convert_reduce_fusion,1.36
"product_reduce_(1120,)",sub,convert_reduce_fusion,1.358482
"product_reduce_(1120,)",sub,convert_reduce_fusion,1.361339
"product_reduce_(1152,)",main,jit_kernel_with_params(14532960205494564773),2.148571
"product_reduce_(1152,)",main,jit_kernel_with_params(14532960205494564773),1.98866
"product_reduce_(1152,)",main,jit_kernel_with_params(14532960205494564773),2.011518
"product_reduce_(1152,)",main,jit_kernel_with_params(14532960205494564773),2.200089
"product_reduce_(1152,)",main,jit_kernel_with_params(14532960205494564773),1.992857
"product_reduce_(1152,)",main,jit_kernel_with_params(14532960205494564773),1.99
"product_reduce_(1152,)",main,jit_kernel_with_params(14532960205494564773),2.004375
"product_reduce_(1152,)",main,jit_kernel_with_params(14532960205494564773),1.99
"product_reduce_(1152,)",main,jit_kernel_with_params(14532960205494564773),1.989911
"product_reduce_(1152,)",main,jit_kernel_with_params(14532960205494564773),1.992857
"product_reduce_(1152,)",sub,convert_reduce_fusion,1.347232
"product_reduce_(1152,)",sub,convert_reduce_fusion,1.347143
"product_reduce_(1152,)",sub,convert_reduce_fusion,1.37
"product_reduce_(1152,)",sub,convert_reduce_fusion,1.558571
"product_reduce_(1152,)",sub,convert_reduce_fusion,1.349911
"product_reduce_(1152,)",sub,convert_reduce_fusion,1.347054
"product_reduce_(1152,)",sub,convert_reduce_fusion,1.362767
"product_reduce_(1152,)",sub,convert_reduce_fusion,1.347232
"product_reduce_(1152,)",sub,convert_reduce_fusion,1.345803
"product_reduce_(1152,)",sub,convert_reduce_fusion,1.349911
"product_reduce_(1184,)",main,jit_kernel_with_params(11742731065785068437),1.99
"product_reduce_(1184,)",main,jit_kernel_with_params(11742731065785068437),1.991518
"product_reduce_(1184,)",main,jit_kernel_with_params(11742731065785068437),1.991429
"product_reduce_(1184,)",main,jit_kernel_with_params(11742731065785068437),2.020089
"product_reduce_(1184,)",main,jit_kernel_with_params(11742731065785068437),1.99
"product_reduce_(1184,)",main,jit_kernel_with_params(11742731065785068437),2.018661
"product_reduce_(1184,)",main,jit_kernel_with_params(11742731065785068437),1.991339
"product_reduce_(1184,)",main,jit_kernel_with_params(11742731065785068437),1.992767
"product_reduce_(1184,)",main,jit_kernel_with_params(11742731065785068437),1.991339
"product_reduce_(1184,)",main,jit_kernel_with_params(11742731065785068437),1.991429
"product_reduce_(1184,)",sub,convert_reduce_fusion,1.347054
"product_reduce_(1184,)",sub,convert_reduce_fusion,1.348572
"product_reduce_(1184,)",sub,convert_reduce_fusion,1.348571
"product_reduce_(1184,)",sub,convert_reduce_fusion,1.35
"product_reduce_(1184,)",sub,convert_reduce_fusion,1.347054
"product_reduce_(1184,)",sub,convert_reduce_fusion,1.348482
"product_reduce_(1184,)",sub,convert_reduce_fusion,1.347143
"product_reduce_(1184,)",sub,convert_reduce_fusion,1.348661
"product_reduce_(1184,)",sub,convert_reduce_fusion,1.347143
"product_reduce_(1184,)",sub,convert_reduce_fusion,1.348571
"product_reduce_(1216,)",main,jit_kernel_with_params(9675516765505104147),1.992768
"product_reduce_(1216,)",main,jit_kernel_with_params(9675516765505104147),1.99009
"product_reduce_(1216,)",main,jit_kernel_with_params(9675516765505104147),1.99
"product_reduce_(1216,)",main,jit_kernel_with_params(9675516765505104147),2.005714
"product_reduce_(1216,)",main,jit_kernel_with_params(9675516765505104147),1.994196
"product_reduce_(1216,)",main,jit_kernel_with_params(9675516765505104147),2.135804
"product_reduce_(1216,)",main,jit_kernel_with_params(9675516765505104147),1.991339
"product_reduce_(1216,)",main,jit_kernel_with_params(9675516765505104147),1.989911
"product_reduce_(1216,)",main,jit_kernel_with_params(9675516765505104147),2.078482
"product_reduce_(1216,)",main,jit_kernel_with_params(9675516765505104147),1.991517
"product_reduce_(1216,)",sub,convert_reduce_fusion,1.35
"product_reduce_(1216,)",sub,convert_reduce_fusion,1.348482
"product_reduce_(1216,)",sub,convert_reduce_fusion,1.347054
"product_reduce_(1216,)",sub,convert_reduce_fusion,1.362857
"product_reduce_(1216,)",sub,convert_reduce_fusion,1.35
"product_reduce_(1216,)",sub,convert_reduce_fusion,1.494196
"product_reduce_(1216,)",sub,convert_reduce_fusion,1.347142
"product_reduce_(1216,)",sub,convert_reduce_fusion,1.345804
"product_reduce_(1216,)",sub,convert_reduce_fusion,1.434375
"product_reduce_(1216,)",sub,convert_reduce_fusion,1.35
"product_reduce_(1248,)",main,jit_kernel_with_params(16252608560591519587),2.158571
"product_reduce_(1248,)",main,jit_kernel_with_params(16252608560591519587),2.022857
"product_reduce_(1248,)",main,jit_kernel_with_params(16252608560591519587),2.025625
"product_reduce_(1248,)",main,jit_kernel_with_params(16252608560591519587),1.992768
"product_reduce_(1248,)",main,jit_kernel_with_params(16252608560591519587),1.990089
"product_reduce_(1248,)",main,jit_kernel_with_params(16252608560591519587),2.108661
"product_reduce_(1248,)",main,jit_kernel_with_params(16252608560591519587),2.062767
"product_reduce_(1248,)",main,jit_kernel_with_params(16252608560591519587),1.992858
"product_reduce_(1248,)",main,jit_kernel_with_params(16252608560591519587),2.148572
"product_reduce_(1248,)",main,jit_kernel_with_params(16252608560591519587),2.148661
"product_reduce_(1248,)",sub,convert_reduce_fusion,1.515625
"product_reduce_(1248,)",sub,convert_reduce_fusion,1.38
"product_reduce_(1248,)",sub,convert_reduce_fusion,1.381428
"product_reduce_(1248,)",sub,convert_reduce_fusion,1.348661
"product_reduce_(1248,)",sub,convert_reduce_fusion,1.348482
"product_reduce_(1248,)",sub,convert_reduce_fusion,1.467143
"product_reduce_(1248,)",sub,convert_reduce_fusion,1.418571
"product_reduce_(1248,)",sub,convert_reduce_fusion,1.350089
"product_reduce_(1248,)",sub,convert_reduce_fusion,1.347232
"product_reduce_(1248,)",sub,convert_reduce_fusion,1.507143
"product_reduce_(1280,)",main,jit_kernel_with_params(15141949716155708068),2.162768
"product_reduce_(1280,)",main,jit_kernel_with_params(15141949716155708068),2.001339
"product_reduce_(1280,)",main,jit_kernel_with_params(15141949716155708068),2.0
"product_reduce_(1280,)",main,jit_kernel_with_params(15141949716155708068),2.045714
"product_reduce_(1280,)",main,jit_kernel_with_params(15141949716155708068),2.0
"product_reduce_(1280,)",main,jit_kernel_with_params(15141949716155708068),2.001518
"product_reduce_(1280,)",main,jit_kernel_with_params(15141949716155708068),2.17134
"product_reduce_(1280,)",main,jit_kernel_with_params(15141949716155708068),1.997232
"product_reduce_(1280,)",main,jit_kernel_with_params(15141949716155708068),2.001429
"product_reduce_(1280,)",main,jit_kernel_with_params(15141949716155708068),2.0
"product_reduce_(1280,)",sub,convert_reduce_fusion,1.360089
"product_reduce_(1280,)",sub,convert_reduce_fusion,1.357232
"product_reduce_(1280,)",sub,convert_reduce_fusion,1.357143
"product_reduce_(1280,)",sub,convert_reduce_fusion,1.402857
"product_reduce_(1280,)",sub,convert_reduce_fusion,1.357143
"product_reduce_(1280,)",sub,convert_reduce_fusion,1.359911
"product_reduce_(1280,)",sub,convert_reduce_fusion,1.527143
"product_reduce_(1280,)",sub,convert_reduce_fusion,1.355715
"product_reduce_(1280,)",sub,convert_reduce_fusion,1.357053
"product_reduce_(1280,)",sub,convert_reduce_fusion,1.357143
"product_reduce_(1312,)",main,jit_kernel_with_params(15782053202281523002),1.991428
"product_reduce_(1312,)",main,jit_kernel_with_params(15782053202281523002),1.991518
"product_reduce_(1312,)",main,jit_kernel_with_params(15782053202281523002),1.995714
"product_reduce_(1312,)",main,jit_kernel_with_params(15782053202281523002),2.177143
"product_reduce_(1312,)",main,jit_kernel_with_params(15782053202281523002),1.988661
"product_reduce_(1312,)",main,jit_kernel_with_params(15782053202281523002),1.99
"product_reduce_(1312,)",main,jit_kernel_with_params(15782053202281523002),1.992857
"product_reduce_(1312,)",main,jit_kernel_with_params(15782053202281523002),2.002768
"product_reduce_(1312,)",main,jit_kernel_with_params(15782053202281523002),1.991429
"product_reduce_(1312,)",main,jit_kernel_with_params(15782053202281523002),1.991339
"product_reduce_(1312,)",sub,convert_reduce_fusion,1.348571
"product_reduce_(1312,)",sub,convert_reduce_fusion,1.35
"product_reduce_(1312,)",sub,convert_reduce_fusion,1.351339
"product_reduce_(1312,)",sub,convert_reduce_fusion,1.534285
"product_reduce_(1312,)",sub,convert_reduce_fusion,1.347142
"product_reduce_(1312,)",sub,convert_reduce_fusion,1.347232
"product_reduce_(1312,)",sub,convert_reduce_fusion,1.349911
"product_reduce_(1312,)",sub,convert_reduce_fusion,1.358572
"product_reduce_(1312,)",sub,convert_reduce_fusion,1.348571
"product_reduce_(1312,)",sub,convert_reduce_fusion,1.347143
"product_reduce_(1344,)",main,jit_kernel_with_params(8968101454876183454),2.002857
"product_reduce_(1344,)",main,jit_kernel_with_params(8968101454876183454),2.002858
"product_reduce_(1344,)",main,jit_kernel_with_params(8968101454876183454),2.001429
"product_reduce_(1344,)",main,jit_kernel_with_params(8968101454876183454),2.002946
"product_reduce_(1344,)",main,jit_kernel_with_params(8968101454876183454),2.002857
"product_reduce_(1344,)",main,jit_kernel_with_params(8968101454876183454),2.000089
"product_reduce_(1344,)",main,jit_kernel_with_params(8968101454876183454),2.005715
"product_reduce_(1344,)",main,jit_kernel_with_params(8968101454876183454),2.002768
"product_reduce_(1344,)",main,jit_kernel_with_params(8968101454876183454),2.001429
"product_reduce_(1344,)",main,jit_kernel_with_params(8968101454876183454),2.004286
"product_reduce_(1344,)",sub,convert_reduce_fusion,1.36
"product_reduce_(1344,)",sub,convert_reduce_fusion,1.36
"product_reduce_(1344,)",sub,convert_reduce_fusion,1.358482
"product_reduce_(1344,)",sub,convert_reduce_fusion,1.361428
"product_reduce_(1344,)",sub,convert_reduce_fusion,1.36
"product_reduce_(1344,)",sub,convert_reduce_fusion,1.358571
"product_reduce_(1344,)",sub,convert_reduce_fusion,1.361339
"product_reduce_(1344,)",sub,convert_reduce_fusion,1.358571
"product_reduce_(1344,)",sub,convert_reduce_fusion,1.358482
"product_reduce_(1344,)",sub,convert_reduce_fusion,1.361518
"product_reduce_(1376,)",main,jit_kernel_with_params(4684741408014485492),2.058571
"product_reduce_(1376,)",main,jit_kernel_with_params(4684741408014485492),1.992947
"product_reduce_(1376,)",main,jit_kernel_with_params(4684741408014485492),1.991428
"product_reduce_(1376,)",main,jit_kernel_with_params(4684741408014485492),1.99
"product_reduce_(1376,)",main,jit_kernel_with_params(4684741408014485492),2.044197
"product_reduce_(1376,)",main,jit_kernel_with_params(4684741408014485492),1.991339
"product_reduce_(1376,)",main,jit_kernel_with_params(4684741408014485492),1.992857
"product_reduce_(1376,)",main,jit_kernel_with_params(4684741408014485492),2.19
"product_reduce_(1376,)",main,jit_kernel_with_params(4684741408014485492),1.991339
"product_reduce_(1376,)",main,jit_kernel_with_params(4684741408014485492),1.99
"product_reduce_(1376,)",sub,convert_reduce_fusion,1.415625
"product_reduce_(1376,)",sub,convert_reduce_fusion,1.351339
"product_reduce_(1376,)",sub,convert_reduce_fusion,1.348482
"product_reduce_(1376,)",sub,convert_reduce_fusion,1.347232
"product_reduce_(1376,)",sub,convert_reduce_fusion,1.400089
"product_reduce_(1376,)",sub,convert_reduce_fusion,1.347143
"product_reduce_(1376,)",sub,convert_reduce_fusion,1.348571
"product_reduce_(1376,)",sub,convert_reduce_fusion,1.547232
"product_reduce_(1376,)",sub,convert_reduce_fusion,1.347143
"product_reduce_(1376,)",sub,convert_reduce_fusion,1.347054
"product_reduce_(1408,)",main,jit_kernel_with_params(3531321023406444872),1.997143
"product_reduce_(1408,)",main,jit_kernel_with_params(3531321023406444872),1.992946
"product_reduce_(1408,)",main,jit_kernel_with_params(3531321023406444872),1.994286
"product_reduce_(1408,)",main,jit_kernel_with_params(3531321023406444872),1.994286
"product_reduce_(1408,)",main,jit_kernel_with_params(3531321023406444872),1.991339
"product_reduce_(1408,)",main,jit_kernel_with_params(3531321023406444872),2.027143
"product_reduce_(1408,)",main,jit_kernel_with_params(3531321023406444872),1.995714
"product_reduce_(1408,)",main,jit_kernel_with_params(3531321023406444872),1.992857
"product_reduce_(1408,)",main,jit_kernel_with_params(3531321023406444872),1.994286
"product_reduce_(1408,)",main,jit_kernel_with_params(3531321023406444872),1.997054
"product_reduce_(1408,)",sub,convert_reduce_fusion,1.354286
"product_reduce_(1408,)",sub,convert_reduce_fusion,1.348572
"product_reduce_(1408,)",sub,convert_reduce_fusion,1.351428
"product_reduce_(1408,)",sub,convert_reduce_fusion,1.351428
"product_reduce_(1408,)",sub,convert_reduce_fusion,1.347143
"product_reduce_(1408,)",sub,convert_reduce_fusion,1.384375
"product_reduce_(1408,)",sub,convert_reduce_fusion,1.352947
"product_reduce_(1408,)",sub,convert_reduce_fusion,1.349911
"product_reduce_(1408,)",sub,convert_reduce_fusion,1.351429
"product_reduce_(1408,)",sub,convert_reduce_fusion,1.351429
"product_reduce_(1440,)",main,jit_kernel_with_params(1400008336101603958),2.177143
"product_reduce_(1440,)",main,jit_kernel_with_params(1400008336101603958),2.141429
"product_reduce_(1440,)",main,jit_kernel_with_params(1400008336101603958),2.020089
"product_reduce_(1440,)",main,jit_kernel_with_params(1400008336101603958),1.991429
"product_reduce_(1440,)",main,jit_kernel_with_params(1400008336101603958),1.994286
"product_reduce_(1440,)",main,jit_kernel_with_params(1400008336101603958),1.988661
"product_reduce_(1440,)",main,jit_kernel_with_params(1400008336101603958),1.991518
"product_reduce_(1440,)",main,jit_kernel_with_params(1400008336101603958),1.991429
"product_reduce_(1440,)",main,jit_kernel_with_params(1400008336101603958),1.99
"product_reduce_(1440,)",main,jit_kernel_with_params(1400008336101603958),1.992857
"product_reduce_(1440,)",sub,convert_reduce_fusion,1.535714
"product_reduce_(1440,)",sub,convert_reduce_fusion,1.498661
"product_reduce_(1440,)",sub,convert_reduce_fusion,1.347143
"product_reduce_(1440,)",sub,convert_reduce_fusion,1.348571
"product_reduce_(1440,)",sub,convert_reduce_fusion,1.348482
"product_reduce_(1440,)",sub,convert_reduce_fusion,1.347143
"product_reduce_(1440,)",sub,convert_reduce_fusion,1.347232
"product_reduce_(1440,)",sub,convert_reduce_fusion,1.348571
"product_reduce_(1440,)",sub,convert_reduce_fusion,1.347232
"product_reduce_(1440,)",sub,convert_reduce_fusion,1.34991
"product_reduce_(1472,)",main,jit_kernel_with_params(5916673446023552396),2.068482
"product_reduce_(1472,)",main,jit_kernel_with_params(5916673446023552396),1.994286
"product_reduce_(1472,)",main,jit_kernel_with_params(5916673446023552396),1.991429
"product_reduce_(1472,)",main,jit_kernel_with_params(5916673446023552396),2.001429
"product_reduce_(1472,)",main,jit_kernel_with_params(5916673446023552396),1.992857
"product_reduce_(1472,)",main,jit_kernel_with_params(5916673446023552396),2.107143
"product_reduce_(1472,)",main,jit_kernel_with_params(5916673446023552396),1.994285
"product_reduce_(1472,)",main,jit_kernel_with_params(5916673446023552396),1.994197
"product_reduce_(1472,)",main,jit_kernel_with_params(5916673446023552396),2.165714
"product_reduce_(1472,)",main,jit_kernel_with_params(5916673446023552396),1.991428
"product_reduce_(1472,)",sub,convert_reduce_fusion,1.424285
"product_reduce_(1472,)",sub,convert_reduce_fusion,1.351428
"product_reduce_(1472,)",sub,convert_reduce_fusion,1.348571
"product_reduce_(1472,)",sub,convert_reduce_fusion,1.34991
"product_reduce_(1472,)",sub,convert_reduce_fusion,1.350089
"product_reduce_(1472,)",sub,convert_reduce_fusion,1.464375
"product_reduce_(1472,)",sub,convert_reduce_fusion,1.351428
"product_reduce_(1472,)",sub,convert_reduce_fusion,1.35
"product_reduce_(1472,)",sub,convert_reduce_fusion,1.522857
"product_reduce_(1472,)",sub,convert_reduce_fusion,1.348572
"product_reduce_(1504,)",main,jit_kernel_with_params(1403527160696092443),2.059911
"product_reduce_(1504,)",main,jit_kernel_with_params(1403527160696092443),1.991429
"product_reduce_(1504,)",main,jit_kernel_with_params(1403527160696092443),2.0
"product_reduce_(1504,)",main,jit_kernel_with_params(1403527160696092443),1.998571
"product_reduce_(1504,)",main,jit_kernel_with_params(1403527160696092443),2.001428
"product_reduce_(1504,)",main,jit_kernel_with_params(1403527160696092443),2.00134
"product_reduce_(1504,)",main,jit_kernel_with_params(1403527160696092443),2.0
"product_reduce_(1504,)",main,jit_kernel_with_params(1403527160696092443),1.99134
"product_reduce_(1504,)",main,jit_kernel_with_params(1403527160696092443),1.997233
"product_reduce_(1504,)",main,jit_kernel_with_params(1403527160696092443),1.998661
"product_reduce_(1504,)",sub,convert_reduce_fusion,1.417143
"product_reduce_(1504,)",sub,convert_reduce_fusion,1.348571
"product_reduce_(1504,)",sub,convert_reduce_fusion,1.357143
"product_reduce_(1504,)",sub,convert_reduce_fusion,1.355804
"product_reduce_(1504,)",sub,convert_reduce_fusion,1.358482
"product_reduce_(1504,)",sub,convert_reduce_fusion,1.357232
"product_reduce_(1504,)",sub,convert_reduce_fusion,1.357142
"product_reduce_(1504,)",sub,convert_reduce_fusion,1.347143
"product_reduce_(1504,)",sub,convert_reduce_fusion,1.355714
"product_reduce_(1504,)",sub,convert_reduce_fusion,1.357054
"product_reduce_(1536,)",main,jit_kernel_with_params(15649885115317898798),2.144196
"product_reduce_(1536,)",main,jit_kernel_with_params(15649885115317898798),1.991429
"product_reduce_(1536,)",main,jit_kernel_with_params(15649885115317898798),1.991517
"product_reduce_(1536,)",main,jit_kernel_with_params(15649885115317898798),2.140089
"product_reduce_(1536,)",main,jit_kernel_with_params(15649885115317898798),1.990089
"product_reduce_(1536,)",main,jit_kernel_with_params(15649885115317898798),1.99134
"product_reduce_(1536,)",main,jit_kernel_with_params(15649885115317898798),1.991517
"product_reduce_(1536,)",main,jit_kernel_with_params(15649885115317898798),1.991429
"product_reduce_(1536,)",main,jit_kernel_with_params(15649885115317898798),1.989911
"product_reduce_(1536,)",main,jit_kernel_with_params(15649885115317898798),1.992857
"product_reduce_(1536,)",sub,convert_reduce_fusion,1.347143
"product_reduce_(1536,)",sub,convert_reduce_fusion,1.348571
"product_reduce_(1536,)",sub,convert_reduce_fusion,1.347232
"product_reduce_(1536,)",sub,convert_reduce_fusion,1.498572
"product_reduce_(1536,)",sub,convert_reduce_fusion,1.348482
"product_reduce_(1536,)",sub,convert_reduce_fusion,1.347143
"product_reduce_(1536,)",sub,convert_reduce_fusion,1.35
"product_reduce_(1536,)",sub,convert_reduce_fusion,1.348483
"product_reduce_(1536,)",sub,convert_reduce_fusion,1.345803
"product_reduce_(1536,)",sub,convert_reduce_fusion,1.348571
"product_reduce_(1568,)",main,jit_kernel_with_params(15935788331690350784),2.001429
"product_reduce_(1568,)",main,jit_kernel_with_params(15935788331690350784),2.002857
"product_reduce_(1568,)",main,jit_kernel_with_params(15935788331690350784),2.15
"product_reduce_(1568,)",main,jit_kernel_with_params(15935788331690350784),2.005625
"product_reduce_(1568,)",main,jit_kernel_with_params(15935788331690350784),2.004197
"product_reduce_(1568,)",main,jit_kernel_with_params(15935788331690350784),2.161428
"product_reduce_(1568,)",main,jit_kernel_with_params(15935788331690350784),2.001429
"product_reduce_(1568,)",main,jit_kernel_with_params(15935788331690350784),2.018661
"product_reduce_(1568,)",main,jit_kernel_with_params(15935788331690350784),2.001517
"product_reduce_(1568,)",main,jit_kernel_with_params(15935788331690350784),2.002857
"product_reduce_(1568,)",sub,convert_reduce_fusion,1.358482
"product_reduce_(1568,)",sub,convert_reduce_fusion,1.36
"product_reduce_(1568,)",sub,convert_reduce_fusion,1.507232
"product_reduce_(1568,)",sub,convert_reduce_fusion,1.36
"product_reduce_(1568,)",sub,convert_reduce_fusion,1.360089
"product_reduce_(1568,)",sub,convert_reduce_fusion,1.518482
"product_reduce_(1568,)",sub,convert_reduce_fusion,1.358661
"product_reduce_(1568,)",sub,convert_reduce_fusion,1.35991
"product_reduce_(1568,)",sub,convert_reduce_fusion,1.359911
"product_reduce_(1568,)",sub,convert_reduce_fusion,1.36
"product_reduce_(1600,)",main,jit_kernel_with_params(10746541796524281469),1.992768
"product_reduce_(1600,)",main,jit_kernel_with_params(10746541796524281469),1.992857
"product_reduce_(1600,)",main,jit_kernel_with_params(10746541796524281469),1.992768
"product_reduce_(1600,)",main,jit_kernel_with_params(10746541796524281469),2.182768
"product_reduce_(1600,)",main,jit_kernel_with_params(10746541796524281469),1.994286
"product_reduce_(1600,)",main,jit_kernel_with_params(10746541796524281469),1.991518
"product_reduce_(1600,)",main,jit_kernel_with_params(10746541796524281469),1.991429
"product_reduce_(1600,)",main,jit_kernel_with_params(10746541796524281469),1.991339
"product_reduce_(1600,)",main,jit_kernel_with_params(10746541796524281469),2.072857
"product_reduce_(1600,)",main,jit_kernel_with_params(10746541796524281469),1.994196
"product_reduce_(1600,)",sub,convert_reduce_fusion,1.348661
"product_reduce_(1600,)",sub,convert_reduce_fusion,1.349911
"product_reduce_(1600,)",sub,convert_reduce_fusion,1.348661
"product_reduce_(1600,)",sub,convert_reduce_fusion,1.538571
"product_reduce_(1600,)",sub,convert_reduce_fusion,1.351428
"product_reduce_(1600,)",sub,convert_reduce_fusion,1.347232
"product_reduce_(1600,)",sub,convert_reduce_fusion,1.348572
"product_reduce_(1600,)",sub,convert_reduce_fusion,1.347142
"product_reduce_(1600,)",sub,convert_reduce_fusion,1.42991
"product_reduce_(1600,)",sub,convert_reduce_fusion,1.35
"product_reduce_(1632,)",main,jit_kernel_with_params(18322240473503523268),2.134286
"product_reduce_(1632,)",main,jit_kernel_with_params(18322240473503523268),2.005714
"product_reduce_(1632,)",main,jit_kernel_with_params(18322240473503523268),2.004196
"product_reduce_(1632,)",main,jit_kernel_with_params(18322240473503523268),2.005714
"product_reduce_(1632,)",main,jit_kernel_with_params(18322240473503523268),2.005625
"product_reduce_(1632,)",main,jit_kernel_with_params(18322240473503523268),2.002767
"product_reduce_(1632,)",main,jit_kernel_with_params(18322240473503523268),2.008482
"product_reduce_(1632,)",main,jit_kernel_with_params(18322240473503523268),2.002857
"product_reduce_(1632,)",main,jit_kernel_with_params(18322240473503523268),2.16
"product_reduce_(1632,)",main,jit_kernel_with_params(18322240473503523268),2.160089
"product_reduce_(1632,)",sub,convert_reduce_fusion,1.491429
"product_reduce_(1632,)",sub,convert_reduce_fusion,1.360089
"product_reduce_(1632,)",sub,convert_reduce_fusion,1.360089
"product_reduce_(1632,)",sub,convert_reduce_fusion,1.362857
"product_reduce_(1632,)",sub,convert_reduce_fusion,1.361429
"product_reduce_(1632,)",sub,convert_reduce_fusion,1.358571
"product_reduce_(1632,)",sub,convert_reduce_fusion,1.360089
"product_reduce_(1632,)",sub,convert_reduce_fusion,1.36
"product_reduce_(1632,)",sub,convert_reduce_fusion,1.358571
"product_reduce_(1632,)",sub,convert_reduce_fusion,1.362857
"product_reduce_(1664,)",main,jit_kernel_with_params(12316571160036130612),1.994285
"product_reduce_(1664,)",main,jit_kernel_with_params(12316571160036130612),2.211428
"product_reduce_(1664,)",main,jit_kernel_with_params(12316571160036130612),2.052857
"product_reduce_(1664,)",main,jit_kernel_with_params(12316571160036130612),2.051428
"product_reduce_(1664,)",main,jit_kernel_with_params(12316571160036130612),1.99
"product_reduce_(1664,)",main,jit_kernel_with_params(12316571160036130612),1.98866
"product_reduce_(1664,)",main,jit_kernel_with_params(12316571160036130612),1.992857
"product_reduce_(1664,)",main,jit_kernel_with_params(12316571160036130612),1.991429
"product_reduce_(1664,)",main,jit_kernel_with_params(12316571160036130612),2.041429
"product_reduce_(1664,)",main,jit_kernel_with_params(12316571160036130612),1.990089
"product_reduce_(1664,)",sub,convert_reduce_fusion,1.351429
"product_reduce_(1664,)",sub,convert_reduce_fusion,1.568571
"product_reduce_(1664,)",sub,convert_reduce_fusion,1.410089
"product_reduce_(1664,)",sub,convert_reduce_fusion,1.408572
"product_reduce_(1664,)",sub,convert_reduce_fusion,1.347232
"product_reduce_(1664,)",sub,convert_reduce_fusion,1.347143
"product_reduce_(1664,)",sub,convert_reduce_fusion,1.34991
"product_reduce_(1664,)",sub,convert_reduce_fusion,1.348571
"product_reduce_(1664,)",sub,convert_reduce_fusion,1.398661
"product_reduce_(1664,)",sub,convert_reduce_fusion,1.348482
"product_reduce_(1696,)",main,jit_kernel_with_params(1897132384685087368),1.992857
"product_reduce_(1696,)",main,jit_kernel_with_params(1897132384685087368),2.127232
"product_reduce_(1696,)",main,jit_kernel_with_params(1897132384685087368),1.991429
"product_reduce_(1696,)",main,jit_kernel_with_params(1897132384685087368),1.988572
"product_reduce_(1696,)",main,jit_kernel_with_params(1897132384685087368),1.991339
"product_reduce_(1696,)",main,jit_kernel_with_params(1897132384685087368),1.99
"product_reduce_(1696,)",main,jit_kernel_with_params(1897132384685087368),2.0
"product_reduce_(1696,)",main,jit_kernel_with_params(1897132384685087368),1.99134
"product_reduce_(1696,)",main,jit_kernel_with_params(1897132384685087368),1.995804
"product_reduce_(1696,)",main,jit_kernel_with_params(1897132384685087368),1.991339
"product_reduce_(1696,)",sub,convert_reduce_fusion,1.34991
"product_reduce_(1696,)",sub,convert_reduce_fusion,1.485625
"product_reduce_(1696,)",sub,convert_reduce_fusion,1.347053
"product_reduce_(1696,)",sub,convert_reduce_fusion,1.345714
"product_reduce_(1696,)",sub,convert_reduce_fusion,1.347143
"product_reduce_(1696,)",sub,convert_reduce_fusion,1.347232
"product_reduce_(1696,)",sub,convert_reduce_fusion,1.357143
"product_reduce_(1696,)",sub,convert_reduce_fusion,1.347143
"product_reduce_(1696,)",sub,convert_reduce_fusion,1.347054
"product_reduce_(1696,)",sub,convert_reduce_fusion,1.347143
"product_reduce_(1728,)",main,jit_kernel_with_params(4467537995004565743),1.991429
"product_reduce_(1728,)",main,jit_kernel_with_params(4467537995004565743),1.992768
"product_reduce_(1728,)",main,jit_kernel_with_params(4467537995004565743),1.990089
"product_reduce_(1728,)",main,jit_kernel_with_params(4467537995004565743),1.988661
"product_reduce_(1728,)",main,jit_kernel_with_params(4467537995004565743),1.995714
"product_reduce_(1728,)",main,jit_kernel_with_params(4467537995004565743),1.987232
"product_reduce_(1728,)",main,jit_kernel_with_params(4467537995004565743),1.992858
"product_reduce_(1728,)",main,jit_kernel_with_params(4467537995004565743),1.99134
"product_reduce_(1728,)",main,jit_kernel_with_params(4467537995004565743),1.99
"product_reduce_(1728,)",main,jit_kernel_with_params(4467537995004565743),1.99009
"product_reduce_(1728,)",sub,convert_reduce_fusion,1.348572
"product_reduce_(1728,)",sub,convert_reduce_fusion,1.348661
"product_reduce_(1728,)",sub,convert_reduce_fusion,1.348483
"product_reduce_(1728,)",sub,convert_reduce_fusion,1.347143
"product_reduce_(1728,)",sub,convert_reduce_fusion,1.352946
"product_reduce_(1728,)",sub,convert_reduce_fusion,1.345625
"product_reduce_(1728,)",sub,convert_reduce_fusion,1.349911
"product_reduce_(1728,)",sub,convert_reduce_fusion,1.347143
"product_reduce_(1728,)",sub,convert_reduce_fusion,1.347054
"product_reduce_(1728,)",sub,convert_reduce_fusion,1.348482
"product_reduce_(1760,)",main,jit_kernel_with_params(14735113761037459545),2.027143
"product_reduce_(1760,)",main,jit_kernel_with_params(14735113761037459545),1.991429
"product_reduce_(1760,)",main,jit_kernel_with_params(14735113761037459545),2.041339
"product_reduce_(1760,)",main,jit_kernel_with_params(14735113761037459545),1.992857
"product_reduce_(1760,)",main,jit_kernel_with_params(14735113761037459545),2.08009
"product_reduce_(1760,)",main,jit_kernel_with_params(14735113761037459545),1.989911
"product_reduce_(1760,)",main,jit_kernel_with_params(14735113761037459545),1.99
"product_reduce_(1760,)",main,jit_kernel_with_params(14735113761037459545),2.057233
"product_reduce_(1760,)",main,jit_kernel_with_params(14735113761037459545),1.99134
"product_reduce_(1760,)",main,jit_kernel_with_params(14735113761037459545),1.990089
"product_reduce_(1760,)",sub,convert_reduce_fusion,1.384196
"product_reduce_(1760,)",sub,convert_reduce_fusion,1.348572
"product_reduce_(1760,)",sub,convert_reduce_fusion,1.397233
"product_reduce_(1760,)",sub,convert_reduce_fusion,1.349911
"product_reduce_(1760,)",sub,convert_reduce_fusion,1.347143
"product_reduce_(1760,)",sub,convert_reduce_fusion,1.345804
"product_reduce_(1760,)",sub,convert_reduce_fusion,1.347054
"product_reduce_(1760,)",sub,convert_reduce_fusion,1.347142
"product_reduce_(1760,)",sub,convert_reduce_fusion,1.347143
"product_reduce_(1760,)",sub,convert_reduce_fusion,1.348482
"product_reduce_(1792,)",main,jit_kernel_with_params(7699538267679588364),2.004285
"product_reduce_(1792,)",main,jit_kernel_with_params(7699538267679588364),2.005714
"product_reduce_(1792,)",main,jit_kernel_with_params(7699538267679588364),2.144375
"product_reduce_(1792,)",main,jit_kernel_with_params(7699538267679588364),2.002857
"product_reduce_(1792,)",main,jit_kernel_with_params(7699538267679588364),2.005714
"product_reduce_(1792,)",main,jit_kernel_with_params(7699538267679588364),2.005625
"product_reduce_(1792,)",main,jit_kernel_with_params(7699538267679588364),2.085715
"product_reduce_(1792,)",main,jit_kernel_with_params(7699538267679588364),2.005714
"product_reduce_(1792,)",main,jit_kernel_with_params(7699538267679588364),2.004285
"product_reduce_(1792,)",main,jit_kernel_with_params(7699538267679588364),2.001517
"product_reduce_(1792,)",sub,convert_reduce_fusion,1.361339
"product_reduce_(1792,)",sub,convert_reduce_fusion,1.362857
"product_reduce_(1792,)",sub,convert_reduce_fusion,1.502768
"product_reduce_(1792,)",sub,convert_reduce_fusion,1.36
"product_reduce_(1792,)",sub,convert_reduce_fusion,1.362857
"product_reduce_(1792,)",sub,convert_reduce_fusion,1.361428
"product_reduce_(1792,)",sub,convert_reduce_fusion,1.442857
"product_reduce_(1792,)",sub,convert_reduce_fusion,1.36
"product_reduce_(1792,)",sub,convert_reduce_fusion,1.361339
"product_reduce_(1792,)",sub,convert_reduce_fusion,1.359911
"product_reduce_(1824,)",main,jit_kernel_with_params(417200164642092053),1.991517
"product_reduce_(1824,)",main,jit_kernel_with_params(417200164642092053),1.991518
"product_reduce_(1824,)",main,jit_kernel_with_params(417200164642092053),1.988572
"product_reduce_(1824,)",main,jit_kernel_with_params(417200164642092053),2.115804
"product_reduce_(1824,)",main,jit_kernel_with_params(417200164642092053),1.991428
"product_reduce_(1824,)",main,jit_kernel_with_params(417200164642092053),1.992857
"product_reduce_(1824,)",main,jit_kernel_with_params(417200164642092053),2.154286
"product_reduce_(1824,)",main,jit_kernel_with_params(417200164642092053),2.065714
"product_reduce_(1824,)",main,jit_kernel_with_params(417200164642092053),1.992857
"product_reduce_(1824,)",main,jit_kernel_with_params(417200164642092053),1.992857
"product_reduce_(1824,)",sub,convert_reduce_fusion,1.35
"product_reduce_(1824,)",sub,convert_reduce_fusion,1.35
"product_reduce_(1824,)",sub,convert_reduce_fusion,1.345714
"product_reduce_(1824,)",sub,convert_reduce_fusion,1.34991
"product_reduce_(1824,)",sub,convert_reduce_fusion,1.348572
"product_reduce_(1824,)",sub,convert_reduce_fusion,1.34991
"product_reduce_(1824,)",sub,convert_reduce_fusion,1.511428
"product_reduce_(1824,)",sub,convert_reduce_fusion,1.422857
"product_reduce_(1824,)",sub,convert_reduce_fusion,1.34991
"product_reduce_(1824,)",sub,convert_reduce_fusion,1.350089
"product_reduce_(1856,)",main,jit_kernel_with_params(8753432324584295099),2.004286
"product_reduce_(1856,)",main,jit_kernel_with_params(8753432324584295099),2.054285
"product_reduce_(1856,)",main,jit_kernel_with_params(8753432324584295099),2.001518
"product_reduce_(1856,)",main,jit_kernel_with_params(8753432324584295099),2.004286
"product_reduce_(1856,)",main,jit_kernel_with_params(8753432324584295099),2.002857
"product_reduce_(1856,)",main,jit_kernel_with_params(8753432324584295099),2.065714
"product_reduce_(1856,)",main,jit_kernel_with_params(8753432324584295099),2.005714
"product_reduce_(1856,)",main,jit_kernel_with_params(8753432324584295099),2.147142
"product_reduce_(1856,)",main,jit_kernel_with_params(8753432324584295099),2.005625
"product_reduce_(1856,)",main,jit_kernel_with_params(8753432324584295099),2.002857
"product_reduce_(1856,)",sub,convert_reduce_fusion,1.361518
"product_reduce_(1856,)",sub,convert_reduce_fusion,1.411429
"product_reduce_(1856,)",sub,convert_reduce_fusion,1.359911
"product_reduce_(1856,)",sub,convert_reduce_fusion,1.361339
"product_reduce_(1856,)",sub,convert_reduce_fusion,1.36
"product_reduce_(1856,)",sub,convert_reduce_fusion,1.358571
"product_reduce_(1856,)",sub,convert_reduce_fusion,1.360089
"product_reduce_(1856,)",sub,convert_reduce_fusion,1.504375
"product_reduce_(1856,)",sub,convert_reduce_fusion,1.361428
"product_reduce_(1856,)",sub,convert_reduce_fusion,1.36
"product_reduce_(1888,)",main,jit_kernel_with_params(2527355561759706049),1.992857
"product_reduce_(1888,)",main,jit_kernel_with_params(2527355561759706049),2.1
"product_reduce_(1888,)",main,jit_kernel_with_params(2527355561759706049),1.992768
"product_reduce_(1888,)",main,jit_kernel_with_params(2527355561759706049),1.992857
"product_reduce_(1888,)",main,jit_kernel_with_params(2527355561759706049),2.148572
"product_reduce_(1888,)",main,jit_kernel_with_params(2527355561759706049),1.99
"product_reduce_(1888,)",main,jit_kernel_with_params(2527355561759706049),2.077143
"product_reduce_(1888,)",main,jit_kernel_with_params(2527355561759706049),1.998571
"product_reduce_(1888,)",main,jit_kernel_with_params(2527355561759706049),1.992946
"product_reduce_(1888,)",main,jit_kernel_with_params(2527355561759706049),1.992947
"product_reduce_(1888,)",sub,convert_reduce_fusion,1.349911
"product_reduce_(1888,)",sub,convert_reduce_fusion,1.457143
"product_reduce_(1888,)",sub,convert_reduce_fusion,1.348661
"product_reduce_(1888,)",sub,convert_reduce_fusion,1.347054
"product_reduce_(1888,)",sub,convert_reduce_fusion,1.347232
"product_reduce_(1888,)",sub,convert_reduce_fusion,1.347232
"product_reduce_(1888,)",sub,convert_reduce_fusion,1.347143
"product_reduce_(1888,)",sub,convert_reduce_fusion,1.347054
"product_reduce_(1888,)",sub,convert_reduce_fusion,1.351339
"product_reduce_(1888,)",sub,convert_reduce_fusion,1.348571
"product_reduce_(1920,)",main,jit_kernel_with_params(10179096192321427408),1.988572
"product_reduce_(1920,)",main,jit_kernel_with_params(10179096192321427408),1.99
"product_reduce_(1920,)",main,jit_kernel_with_params(10179096192321427408),1.988572
"product_reduce_(1920,)",main,jit_kernel_with_params(10179096192321427408),1.988661
"product_reduce_(1920,)",main,jit_kernel_with_params(10179096192321427408),1.997233
"product_reduce_(1920,)",main,jit_kernel_with_params(10179096192321427408),1.988571
"product_reduce_(1920,)",main,jit_kernel_with_params(10179096192321427408),1.988571
"product_reduce_(1920,)",main,jit_kernel_with_params(10179096192321427408),1.99
"product_reduce_(1920,)",main,jit_kernel_with_params(10179096192321427408),2.024196
"product_reduce_(1920,)",main,jit_kernel_with_params(10179096192321427408),1.988572
"product_reduce_(1920,)",sub,convert_reduce_fusion,1.345714
"product_reduce_(1920,)",sub,convert_reduce_fusion,1.347054
"product_reduce_(1920,)",sub,convert_reduce_fusion,1.345714
"product_reduce_(1920,)",sub,convert_reduce_fusion,1.347143
"product_reduce_(1920,)",sub,convert_reduce_fusion,1.347142
"product_reduce_(1920,)",sub,convert_reduce_fusion,1.345715
"product_reduce_(1920,)",sub,convert_reduce_fusion,1.345714
"product_reduce_(1920,)",sub,convert_reduce_fusion,1.347054
"product_reduce_(1920,)",sub,convert_reduce_fusion,1.380089
"product_reduce_(1920,)",sub,convert_reduce_fusion,1.345715
"product_reduce_(1952,)",main,jit_kernel_with_params(17600718984262880111),1.991339
"product_reduce_(1952,)",main,jit_kernel_with_params(17600718984262880111),2.141429
"product_reduce_(1952,)",main,jit_kernel_with_params(17600718984262880111),1.991429
"product_reduce_(1952,)",main,jit_kernel_with_params(17600718984262880111),1.990089
"product_reduce_(1952,)",main,jit_kernel_with_params(17600718984262880111),1.992857
"product_reduce_(1952,)",main,jit_kernel_with_params(17600718984262880111),1.991339
"product_reduce_(1952,)",main,jit_kernel_with_params(17600718984262880111),1.991429
"product_reduce_(1952,)",main,jit_kernel_with_params(17600718984262880111),1.991517
"product_reduce_(1952,)",main,jit_kernel_with_params(17600718984262880111),1.99
"product_reduce_(1952,)",main,jit_kernel_with_params(17600718984262880111),1.992857
"product_reduce_(1952,)",sub,convert_reduce_fusion,1.347143
"product_reduce_(1952,)",sub,convert_reduce_fusion,1.498482
"product_reduce_(1952,)",sub,convert_reduce_fusion,1.348572
"product_reduce_(1952,)",sub,convert_reduce_fusion,1.348482
"product_reduce_(1952,)",sub,convert_reduce_fusion,1.349911
"product_reduce_(1952,)",sub,convert_reduce_fusion,1.347143
"product_reduce_(1952,)",sub,convert_reduce_fusion,1.348572
"product_reduce_(1952,)",sub,convert_reduce_fusion,1.35
"product_reduce_(1952,)",sub,convert_reduce_fusion,1.347053
"product_reduce_(1952,)",sub,convert_reduce_fusion,1.349911
"product_reduce_(1984,)",main,jit_kernel_with_params(10354897462270719217),1.991428
"product_reduce_(1984,)",main,jit_kernel_with_params(10354897462270719217),2.031429
"product_reduce_(1984,)",main,jit_kernel_with_params(10354897462270719217),1.991428
"product_reduce_(1984,)",main,jit_kernel_with_params(10354897462270719217),1.997054
"product_reduce_(1984,)",main,jit_kernel_with_params(10354897462270719217),1.994196
"product_reduce_(1984,)",main,jit_kernel_with_params(10354897462270719217),1.99
"product_reduce_(1984,)",main,jit_kernel_with_params(10354897462270719217),1.99866
"product_reduce_(1984,)",main,jit_kernel_with_params(10354897462270719217),1.991518
"product_reduce_(1984,)",main,jit_kernel_with_params(10354897462270719217),1.991428
"product_reduce_(1984,)",main,jit_kernel_with_params(10354897462270719217),1.990089
"product_reduce_(1984,)",sub,convert_reduce_fusion,1.348572
"product_reduce_(1984,)",sub,convert_reduce_fusion,1.345803
"product_reduce_(1984,)",sub,convert_reduce_fusion,1.348572
"product_reduce_(1984,)",sub,convert_reduce_fusion,1.347143
"product_reduce_(1984,)",sub,convert_reduce_fusion,1.35
"product_reduce_(1984,)",sub,convert_reduce_fusion,1.347232
"product_reduce_(1984,)",sub,convert_reduce_fusion,1.348482
"product_reduce_(1984,)",sub,convert_reduce_fusion,1.35
"product_reduce_(1984,)",sub,convert_reduce_fusion,1.348572
"product_reduce_(1984,)",sub,convert_reduce_fusion,1.348482
"product_reduce_(2016,)",main,jit_kernel_with_params(7457725672791399624),2.032858
"product_reduce_(2016,)",main,jit_kernel_with_params(7457725672791399624),2.002857
"product_reduce_(2016,)",main,jit_kernel_with_params(7457725672791399624),2.004285
"product_reduce_(2016,)",main,jit_kernel_with_params(7457725672791399624),2.001428
"product_reduce_(2016,)",main,jit_kernel_with_params(7457725672791399624),2.00134
"product_reduce_(2016,)",main,jit_kernel_with_params(7457725672791399624),2.0
"product_reduce_(2016,)",main,jit_kernel_with_params(7457725672791399624),2.001429
"product_reduce_(2016,)",main,jit_kernel_with_params(7457725672791399624),2.002857
"product_reduce_(2016,)",main,jit_kernel_with_params(7457725672791399624),2.174286
"product_reduce_(2016,)",main,jit_kernel_with_params(7457725672791399624),2.000089
"product_reduce_(2016,)",sub,convert_reduce_fusion,1.389911
"product_reduce_(2016,)",sub,convert_reduce_fusion,1.358482
"product_reduce_(2016,)",sub,convert_reduce_fusion,1.36
"product_reduce_(2016,)",sub,convert_reduce_fusion,1.358482
"product_reduce_(2016,)",sub,convert_reduce_fusion,1.357232
"product_reduce_(2016,)",sub,convert_reduce_fusion,1.357143
"product_reduce_(2016,)",sub,convert_reduce_fusion,1.358482
"product_reduce_(2016,)",sub,convert_reduce_fusion,1.357232
"product_reduce_(2016,)",sub,convert_reduce_fusion,1.36
"product_reduce_(2016,)",sub,convert_reduce_fusion,1.358571
"product_reduce_(2048,)",main,jit_kernel_with_params(7524088812155448948),1.992857
"product_reduce_(2048,)",main,jit_kernel_with_params(7524088812155448948),1.987232
"product_reduce_(2048,)",main,jit_kernel_with_params(7524088812155448948),2.114285
"product_reduce_(2048,)",main,jit_kernel_with_params(7524088812155448948),2.114286
"product_reduce_(2048,)",main,jit_kernel_with_params(7524088812155448948),1.99
"product_reduce_(2048,)",main,jit_kernel_with_params(7524088812155448948),1.991339
"product_reduce_(2048,)",main,jit_kernel_with_params(7524088812155448948),1.991428
"product_reduce_(2048,)",main,jit_kernel_with_params(7524088812155448948),1.988482
"product_reduce_(2048,)",main,jit_kernel_with_params(7524088812155448948),1.988572
"product_reduce_(2048,)",main,jit_kernel_with_params(7524088812155448948),1.991428
"product_reduce_(2048,)",sub,convert_reduce_fusion,1.348483
"product_reduce_(2048,)",sub,convert_reduce_fusion,1.345625
"product_reduce_(2048,)",sub,convert_reduce_fusion,1.344286
"product_reduce_(2048,)",sub,convert_reduce_fusion,1.471429
"product_reduce_(2048,)",sub,convert_reduce_fusion,1.347232
"product_reduce_(2048,)",sub,convert_reduce_fusion,1.347143
"product_reduce_(2048,)",sub,convert_reduce_fusion,1.348572
"product_reduce_(2048,)",sub,convert_reduce_fusion,1.344286
"product_reduce_(2048,)",sub,convert_reduce_fusion,1.345714
"product_reduce_(2048,)",sub,convert_reduce_fusion,1.348572
"product_reduce_(2080,)",main,jit_kernel_with_params(11346538010413272447),2.148572
"product_reduce_(2080,)",main,jit_kernel_with_params(11346538010413272447),2.014286
"product_reduce_(2080,)",main,jit_kernel_with_params(11346538010413272447),2.018572
"product_reduce_(2080,)",main,jit_kernel_with_params(11346538010413272447),2.014286
"product_reduce_(2080,)",main,jit_kernel_with_params(11346538010413272447),2.081339
"product_reduce_(2080,)",main,jit_kernel_with_params(11346538010413272447),2.012947
"product_reduce_(2080,)",main,jit_kernel_with_params(11346538010413272447),2.017143
"product_reduce_(2080,)",main,jit_kernel_with_params(11346538010413272447),2.077143
"product_reduce_(2080,)",main,jit_kernel_with_params(11346538010413272447),2.018661
"product_reduce_(2080,)",main,jit_kernel_with_params(11346538010413272447),2.015803
"product_reduce_(2080,)",sub,convert_reduce_fusion,1.505714
"product_reduce_(2080,)",sub,convert_reduce_fusion,1.371429
"product_reduce_(2080,)",sub,convert_reduce_fusion,1.375803
"product_reduce_(2080,)",sub,convert_reduce_fusion,1.371429
"product_reduce_(2080,)",sub,convert_reduce_fusion,1.437233
"product_reduce_(2080,)",sub,convert_reduce_fusion,1.371339
"product_reduce_(2080,)",sub,convert_reduce_fusion,1.374285
"product_reduce_(2080,)",sub,convert_reduce_fusion,1.434286
"product_reduce_(2080,)",sub,convert_reduce_fusion,1.377054
"product_reduce_(2080,)",sub,convert_reduce_fusion,1.374196
"product_reduce_(2112,)",main,jit_kernel_with_params(2971476282561204005),2.014286
"product_reduce_(2112,)",main,jit_kernel_with_params(2971476282561204005),2.015625
"product_reduce_(2112,)",main,jit_kernel_with_params(2971476282561204005),2.014197
"product_reduce_(2112,)",main,jit_kernel_with_params(2971476282561204005),2.012768
"product_reduce_(2112,)",main,jit_kernel_with_params(2971476282561204005),2.014197
"product_reduce_(2112,)",main,jit_kernel_with_params(2971476282561204005),2.04991
"product_reduce_(2112,)",main,jit_kernel_with_params(2971476282561204005),2.015714
"product_reduce_(2112,)",main,jit_kernel_with_params(2971476282561204005),2.012768
"product_reduce_(2112,)",main,jit_kernel_with_params(2971476282561204005),2.157143
"product_reduce_(2112,)",main,jit_kernel_with_params(2971476282561204005),2.017054
"product_reduce_(2112,)",sub,convert_reduce_fusion,1.371429
"product_reduce_(2112,)",sub,convert_reduce_fusion,1.371518
"product_reduce_(2112,)",sub,convert_reduce_fusion,1.37
"product_reduce_(2112,)",sub,convert_reduce_fusion,1.368661
"product_reduce_(2112,)",sub,convert_reduce_fusion,1.37
"product_reduce_(2112,)",sub,convert_reduce_fusion,1.405804
"product_reduce_(2112,)",sub,convert_reduce_fusion,1.372768
"product_reduce_(2112,)",sub,convert_reduce_fusion,1.36866
"product_reduce_(2112,)",sub,convert_reduce_fusion,1.371518
"product_reduce_(2112,)",sub,convert_reduce_fusion,1.372858
"product_reduce_(2144,)",main,jit_kernel_with_params(14515769235733393882),2.001518
"product_reduce_(2144,)",main,jit_kernel_with_params(14515769235733393882),2.002857
"product_reduce_(2144,)",main,jit_kernel_with_params(14515769235733393882),2.002946
"product_reduce_(2144,)",main,jit_kernel_with_params(14515769235733393882),2.001428
"product_reduce_(2144,)",main,jit_kernel_with_params(14515769235733393882),2.001518
"product_reduce_(2144,)",main,jit_kernel_with_params(14515769235733393882),2.002857
"product_reduce_(2144,)",main,jit_kernel_with_params(14515769235733393882),2.058482
"product_reduce_(2144,)",main,jit_kernel_with_params(14515769235733393882),2.002857
"product_reduce_(2144,)",main,jit_kernel_with_params(14515769235733393882),2.002857
"product_reduce_(2144,)",main,jit_kernel_with_params(14515769235733393882),2.002857
"product_reduce_(2144,)",sub,convert_reduce_fusion,1.359911
"product_reduce_(2144,)",sub,convert_reduce_fusion,1.36
"product_reduce_(2144,)",sub,convert_reduce_fusion,1.361429
"product_reduce_(2144,)",sub,convert_reduce_fusion,1.358482
"product_reduce_(2144,)",sub,convert_reduce_fusion,1.359911
"product_reduce_(2144,)",sub,convert_reduce_fusion,1.36
"product_reduce_(2144,)",sub,convert_reduce_fusion,1.414375
"product_reduce_(2144,)",sub,convert_reduce_fusion,1.36
"product_reduce_(2144,)",sub,convert_reduce_fusion,1.36
"product_reduce_(2144,)",sub,convert_reduce_fusion,1.36
"product_reduce_(2176,)",main,jit_kernel_with_params(3494998629788365138),2.005715
"product_reduce_(2176,)",main,jit_kernel_with_params(3494998629788365138),2.002857
"product_reduce_(2176,)",main,jit_kernel_with_params(3494998629788365138),2.057143
"product_reduce_(2176,)",main,jit_kernel_with_params(3494998629788365138),2.004286
"product_reduce_(2176,)",main,jit_kernel_with_params(3494998629788365138),2.002858
"product_reduce_(2176,)",main,jit_kernel_with_params(3494998629788365138),2.002858
"product_reduce_(2176,)",main,jit_kernel_with_params(3494998629788365138),2.004286
"product_reduce_(2176,)",main,jit_kernel_with_params(3494998629788365138),2.164286
"product_reduce_(2176,)",main,jit_kernel_with_params(3494998629788365138),2.004286
"product_reduce_(2176,)",main,jit_kernel_with_params(3494998629788365138),2.178482
"product_reduce_(2176,)",sub,convert_reduce_fusion,1.360089
"product_reduce_(2176,)",sub,convert_reduce_fusion,1.36
"product_reduce_(2176,)",sub,convert_reduce_fusion,1.414286
"product_reduce_(2176,)",sub,convert_reduce_fusion,1.361518
"product_reduce_(2176,)",sub,convert_reduce_fusion,1.36
"product_reduce_(2176,)",sub,convert_reduce_fusion,1.36
"product_reduce_(2176,)",sub,convert_reduce_fusion,1.361339
"product_reduce_(2176,)",sub,convert_reduce_fusion,1.521339
"product_reduce_(2176,)",sub,convert_reduce_fusion,1.36134
"product_reduce_(2176,)",sub,convert_reduce_fusion,1.534375
"product_reduce_(2208,)",main,jit_kernel_with_params(16836860852226213583),2.004286
"product_reduce_(2208,)",main,jit_kernel_with_params(16836860852226213583),2.007143
"product_reduce_(2208,)",main,jit_kernel_with_params(16836860852226213583),2.097232
"product_reduce_(2208,)",main,jit_kernel_with_params(16836860852226213583),2.005625
"product_reduce_(2208,)",main,jit_kernel_with_params(16836860852226213583),2.014285
"product_reduce_(2208,)",main,jit_kernel_with_params(16836860852226213583),2.244286
"product_reduce_(2208,)",main,jit_kernel_with_params(16836860852226213583),2.005714
"product_reduce_(2208,)",main,jit_kernel_with_params(16836860852226213583),2.008661
"product_reduce_(2208,)",main,jit_kernel_with_params(16836860852226213583),2.082857
"product_reduce_(2208,)",main,jit_kernel_with_params(16836860852226213583),2.008482
"product_reduce_(2208,)",sub,convert_reduce_fusion,1.361339
"product_reduce_(2208,)",sub,convert_reduce_fusion,1.364375
"product_reduce_(2208,)",sub,convert_reduce_fusion,1.361518
"product_reduce_(2208,)",sub,convert_reduce_fusion,1.361429
"product_reduce_(2208,)",sub,convert_reduce_fusion,1.362857
"product_reduce_(2208,)",sub,convert_reduce_fusion,1.601339
"product_reduce_(2208,)",sub,convert_reduce_fusion,1.362857
"product_reduce_(2208,)",sub,convert_reduce_fusion,1.367143
"product_reduce_(2208,)",sub,convert_reduce_fusion,1.44
"product_reduce_(2208,)",sub,convert_reduce_fusion,1.364286
"product_reduce_(2240,)",main,jit_kernel_with_params(17862763178928485077),2.121518
"product_reduce_(2240,)",main,jit_kernel_with_params(17862763178928485077),2.012857
"product_reduce_(2240,)",main,jit_kernel_with_params(17862763178928485077),2.128482
"product_reduce_(2240,)",main,jit_kernel_with_params(17862763178928485077),2.014286
"product_reduce_(2240,)",main,jit_kernel_with_params(17862763178928485077),2.012768
"product_reduce_(2240,)",main,jit_kernel_with_params(17862763178928485077),2.011429
"product_reduce_(2240,)",main,jit_kernel_with_params(17862763178928485077),2.01
"product_reduce_(2240,)",main,jit_kernel_with_params(17862763178928485077),2.012857
"product_reduce_(2240,)",main,jit_kernel_with_params(17862763178928485077),2.00991
"product_reduce_(2240,)",main,jit_kernel_with_params(17862763178928485077),2.087143
"product_reduce_(2240,)",sub,convert_reduce_fusion,1.479911
"product_reduce_(2240,)",sub,convert_reduce_fusion,1.369911
"product_reduce_(2240,)",sub,convert_reduce_fusion,1.484285
"product_reduce_(2240,)",sub,convert_reduce_fusion,1.368572
"product_reduce_(2240,)",sub,convert_reduce_fusion,1.36866
"product_reduce_(2240,)",sub,convert_reduce_fusion,1.368572
"product_reduce_(2240,)",sub,convert_reduce_fusion,1.367232
"product_reduce_(2240,)",sub,convert_reduce_fusion,1.369911
"product_reduce_(2240,)",sub,convert_reduce_fusion,1.365804
"product_reduce_(2240,)",sub,convert_reduce_fusion,1.444375
"product_reduce_(2272,)",main,jit_kernel_with_params(3741812144675827519),2.014286
"product_reduce_(2272,)",main,jit_kernel_with_params(3741812144675827519),2.015715
"product_reduce_(2272,)",main,jit_kernel_with_params(3741812144675827519),2.014375
"product_reduce_(2272,)",main,jit_kernel_with_params(3741812144675827519),2.017054
"product_reduce_(2272,)",main,jit_kernel_with_params(3741812144675827519),2.014286
"product_reduce_(2272,)",main,jit_kernel_with_params(3741812144675827519),2.037143
"product_reduce_(2272,)",main,jit_kernel_with_params(3741812144675827519),2.014375
"product_reduce_(2272,)",main,jit_kernel_with_params(3741812144675827519),2.167053
"product_reduce_(2272,)",main,jit_kernel_with_params(3741812144675827519),2.045714
"product_reduce_(2272,)",main,jit_kernel_with_params(3741812144675827519),2.015714
"product_reduce_(2272,)",sub,convert_reduce_fusion,1.371428
"product_reduce_(2272,)",sub,convert_reduce_fusion,1.372858
"product_reduce_(2272,)",sub,convert_reduce_fusion,1.372858
"product_reduce_(2272,)",sub,convert_reduce_fusion,1.372857
"product_reduce_(2272,)",sub,convert_reduce_fusion,1.371429
"product_reduce_(2272,)",sub,convert_reduce_fusion,1.394286
"product_reduce_(2272,)",sub,convert_reduce_fusion,1.372858
"product_reduce_(2272,)",sub,convert_reduce_fusion,1.371518
"product_reduce_(2272,)",sub,convert_reduce_fusion,1.371429
"product_reduce_(2272,)",sub,convert_reduce_fusion,1.372768
"product_reduce_(2304,)",main,jit_kernel_with_params(18015506228705810994),2.002858
"product_reduce_(2304,)",main,jit_kernel_with_params(18015506228705810994),2.005625
"product_reduce_(2304,)",main,jit_kernel_with_params(18015506228705810994),2.004285
"product_reduce_(2304,)",main,jit_kernel_with_params(18015506228705810994),2.001428
"product_reduce_(2304,)",main,jit_kernel_with_params(18015506228705810994),2.194197
"product_reduce_(2304,)",main,jit_kernel_with_params(18015506228705810994),2.002768
"product_reduce_(2304,)",main,jit_kernel_with_params(18015506228705810994),2.001428
"product_reduce_(2304,)",main,jit_kernel_with_params(18015506228705810994),2.002767
"product_reduce_(2304,)",main,jit_kernel_with_params(18015506228705810994),2.025714
"product_reduce_(2304,)",main,jit_kernel_with_params(18015506228705810994),2.125714
"product_reduce_(2304,)",sub,convert_reduce_fusion,1.36
"product_reduce_(2304,)",sub,convert_reduce_fusion,1.36009
"product_reduce_(2304,)",sub,convert_reduce_fusion,1.361339
"product_reduce_(2304,)",sub,convert_reduce_fusion,1.35866
"product_reduce_(2304,)",sub,convert_reduce_fusion,1.55
"product_reduce_(2304,)",sub,convert_reduce_fusion,1.358572
"product_reduce_(2304,)",sub,convert_reduce_fusion,1.35866
"product_reduce_(2304,)",sub,convert_reduce_fusion,1.358571
"product_reduce_(2304,)",sub,convert_reduce_fusion,1.382857
"product_reduce_(2304,)",sub,convert_reduce_fusion,1.357232
"product_reduce_(2336,)",main,jit_kernel_with_params(15284512849460752635),2.054286
"product_reduce_(2336,)",main,jit_kernel_with_params(15284512849460752635),2.007143
"product_reduce_(2336,)",main,jit_kernel_with_params(15284512849460752635),2.004197
"product_reduce_(2336,)",main,jit_kernel_with_params(15284512849460752635),2.005714
"product_reduce_(2336,)",main,jit_kernel_with_params(15284512849460752635),2.130089
"product_reduce_(2336,)",main,jit_kernel_with_params(15284512849460752635),2.041429
"product_reduce_(2336,)",main,jit_kernel_with_params(15284512849460752635),2.042857
"product_reduce_(2336,)",main,jit_kernel_with_params(15284512849460752635),2.084375
"product_reduce_(2336,)",main,jit_kernel_with_params(15284512849460752635),2.007143
"product_reduce_(2336,)",main,jit_kernel_with_params(15284512849460752635),2.004197
"product_reduce_(2336,)",sub,convert_reduce_fusion,1.411429
"product_reduce_(2336,)",sub,convert_reduce_fusion,1.362857
"product_reduce_(2336,)",sub,convert_reduce_fusion,1.360089
"product_reduce_(2336,)",sub,convert_reduce_fusion,1.362857
"product_reduce_(2336,)",sub,convert_reduce_fusion,1.488482
"product_reduce_(2336,)",sub,convert_reduce_fusion,1.398482
"product_reduce_(2336,)",sub,convert_reduce_fusion,1.4
"product_reduce_(2336,)",sub,convert_reduce_fusion,1.36
"product_reduce_(2336,)",sub,convert_reduce_fusion,1.364196
"product_reduce_(2336,)",sub,convert_reduce_fusion,1.360089
"product_reduce_(2368,)",main,jit_kernel_with_params(14791366733118730515),2.012768
"product_reduce_(2368,)",main,jit_kernel_with_params(14791366733118730515),2.137143
"product_reduce_(2368,)",main,jit_kernel_with_params(14791366733118730515),2.002857
"product_reduce_(2368,)",main,jit_kernel_with_params(14791366733118730515),2.005715
"product_reduce_(2368,)",main,jit_kernel_with_params(14791366733118730515),2.004196
"product_reduce_(2368,)",main,jit_kernel_with_params(14791366733118730515),2.002857
"product_reduce_(2368,)",main,jit_kernel_with_params(14791366733118730515),2.005714
"product_reduce_(2368,)",main,jit_kernel_with_params(14791366733118730515),2.011429
"product_reduce_(2368,)",main,jit_kernel_with_params(14791366733118730515),2.098572
"product_reduce_(2368,)",main,jit_kernel_with_params(14791366733118730515),2.158572
"product_reduce_(2368,)",sub,convert_reduce_fusion,1.362857
"product_reduce_(2368,)",sub,convert_reduce_fusion,1.494286
"product_reduce_(2368,)",sub,convert_reduce_fusion,1.36
"product_reduce_(2368,)",sub,convert_reduce_fusion,1.362857
"product_reduce_(2368,)",sub,convert_reduce_fusion,1.36009
"product_reduce_(2368,)",sub,convert_reduce_fusion,1.36
"product_reduce_(2368,)",sub,convert_reduce_fusion,1.362857
"product_reduce_(2368,)",sub,convert_reduce_fusion,1.361429
"product_reduce_(2368,)",sub,convert_reduce_fusion,1.455804
"product_reduce_(2368,)",sub,convert_reduce_fusion,1.362858
"product_reduce_(2400,)",main,jit_kernel_with_params(16579980763276531581),2.224285
"product_reduce_(2400,)",main,jit_kernel_with_params(16579980763276531581),2.014285
"product_reduce_(2400,)",main,jit_kernel_with_params(16579980763276531581),2.011518
"product_reduce_(2400,)",main,jit_kernel_with_params(16579980763276531581),2.012768
"product_reduce_(2400,)",main,jit_kernel_with_params(16579980763276531581),2.014375
"product_reduce_(2400,)",main,jit_kernel_with_params(16579980763276531581),2.012767
"product_reduce_(2400,)",main,jit_kernel_with_params(16579980763276531581),2.011428
"product_reduce_(2400,)",main,jit_kernel_with_params(16579980763276531581),2.111429
"product_reduce_(2400,)",main,jit_kernel_with_params(16579980763276531581),2.074196
"product_reduce_(2400,)",main,jit_kernel_with_params(16579980763276531581),2.012857
"product_reduce_(2400,)",sub,convert_reduce_fusion,1.581518
"product_reduce_(2400,)",sub,convert_reduce_fusion,1.371428
"product_reduce_(2400,)",sub,convert_reduce_fusion,1.37
"product_reduce_(2400,)",sub,convert_reduce_fusion,1.368661
"product_reduce_(2400,)",sub,convert_reduce_fusion,1.372858
"product_reduce_(2400,)",sub,convert_reduce_fusion,1.368661
"product_reduce_(2400,)",sub,convert_reduce_fusion,1.368572
"product_reduce_(2400,)",sub,convert_reduce_fusion,1.468571
"product_reduce_(2400,)",sub,convert_reduce_fusion,1.43
"product_reduce_(2400,)",sub,convert_reduce_fusion,1.369911
"product_reduce_(2432,)",main,jit_kernel_with_params(6439489298184041046),2.012768
"product_reduce_(2432,)",main,jit_kernel_with_params(6439489298184041046),2.012857
"product_reduce_(2432,)",main,jit_kernel_with_params(6439489298184041046),2.019911
"product_reduce_(2432,)",main,jit_kernel_with_params(6439489298184041046),2.012857
"product_reduce_(2432,)",main,jit_kernel_with_params(6439489298184041046),2.152947
"product_reduce_(2432,)",main,jit_kernel_with_params(6439489298184041046),2.015714
"product_reduce_(2432,)",main,jit_kernel_with_params(6439489298184041046),2.014286
"product_reduce_(2432,)",main,jit_kernel_with_params(6439489298184041046),2.017143
"product_reduce_(2432,)",main,jit_kernel_with_params(6439489298184041046),2.017143
"product_reduce_(2432,)",main,jit_kernel_with_params(6439489298184041046),2.015714
"product_reduce_(2432,)",sub,convert_reduce_fusion,1.368661
"product_reduce_(2432,)",sub,convert_reduce_fusion,1.370089
"product_reduce_(2432,)",sub,convert_reduce_fusion,1.374286
"product_reduce_(2432,)",sub,convert_reduce_fusion,1.369911
"product_reduce_(2432,)",sub,convert_reduce_fusion,1.511339
"product_reduce_(2432,)",sub,convert_reduce_fusion,1.372768
"product_reduce_(2432,)",sub,convert_reduce_fusion,1.371428
"product_reduce_(2432,)",sub,convert_reduce_fusion,1.371429
"product_reduce_(2432,)",sub,convert_reduce_fusion,1.374286
"product_reduce_(2432,)",sub,convert_reduce_fusion,1.372768
"product_reduce_(2464,)",main,jit_kernel_with_params(8228056424472810039),2.012946
"product_reduce_(2464,)",main,jit_kernel_with_params(8228056424472810039),2.091429
"product_reduce_(2464,)",main,jit_kernel_with_params(8228056424472810039),2.014286
"product_reduce_(2464,)",main,jit_kernel_with_params(8228056424472810039),2.014286
"product_reduce_(2464,)",main,jit_kernel_with_params(8228056424472810039),2.014286
"product_reduce_(2464,)",main,jit_kernel_with_params(8228056424472810039),2.014286
"product_reduce_(2464,)",main,jit_kernel_with_params(8228056424472810039),2.014286
"product_reduce_(2464,)",main,jit_kernel_with_params(8228056424472810039),2.014286
"product_reduce_(2464,)",main,jit_kernel_with_params(8228056424472810039),2.014286
"product_reduce_(2464,)",main,jit_kernel_with_params(8228056424472810039),2.082946
"product_reduce_(2464,)",sub,convert_reduce_fusion,1.371339
"product_reduce_(2464,)",sub,convert_reduce_fusion,1.448571
"product_reduce_(2464,)",sub,convert_reduce_fusion,1.371429
"product_reduce_(2464,)",sub,convert_reduce_fusion,1.371429
"product_reduce_(2464,)",sub,convert_reduce_fusion,1.371428
"product_reduce_(2464,)",sub,convert_reduce_fusion,1.371428
"product_reduce_(2464,)",sub,convert_reduce_fusion,1.371428
"product_reduce_(2464,)",sub,convert_reduce_fusion,1.371429
"product_reduce_(2464,)",sub,convert_reduce_fusion,1.371428
"product_reduce_(2464,)",sub,convert_reduce_fusion,1.441429
"product_reduce_(2496,)",main,jit_kernel_with_params(7047758802826705166),2.002857
"product_reduce_(2496,)",main,jit_kernel_with_params(7047758802826705166),2.007143
"product_reduce_(2496,)",main,jit_kernel_with_params(7047758802826705166),2.004285
"product_reduce_(2496,)",main,jit_kernel_with_params(7047758802826705166),2.005625
"product_reduce_(2496,)",main,jit_kernel_with_params(7047758802826705166),2.122857
"product_reduce_(2496,)",main,jit_kernel_with_params(7047758802826705166),2.004285
"product_reduce_(2496,)",main,jit_kernel_with_params(7047758802826705166),2.002858
"product_reduce_(2496,)",main,jit_kernel_with_params(7047758802826705166),2.002946
"product_reduce_(2496,)",main,jit_kernel_with_params(7047758802826705166),2.161428
"product_reduce_(2496,)",main,jit_kernel_with_params(7047758802826705166),2.102767
"product_reduce_(2496,)",sub,convert_reduce_fusion,1.36
"product_reduce_(2496,)",sub,convert_reduce_fusion,1.364196
"product_reduce_(2496,)",sub,convert_reduce_fusion,1.361339
"product_reduce_(2496,)",sub,convert_reduce_fusion,1.361428
"product_reduce_(2496,)",sub,convert_reduce_fusion,1.48
"product_reduce_(2496,)",sub,convert_reduce_fusion,1.361339
"product_reduce_(2496,)",sub,convert_reduce_fusion,1.36
"product_reduce_(2496,)",sub,convert_reduce_fusion,1.361428
"product_reduce_(2496,)",sub,convert_reduce_fusion,1.359911
"product_reduce_(2496,)",sub,convert_reduce_fusion,1.458571
"product_reduce_(2528,)",main,jit_kernel_with_params(12067963946185787837),2.004286
"product_reduce_(2528,)",main,jit_kernel_with_params(12067963946185787837),2.004286
"product_reduce_(2528,)",main,jit_kernel_with_params(12067963946185787837),2.002858
"product_reduce_(2528,)",main,jit_kernel_with_params(12067963946185787837),2.002946
"product_reduce_(2528,)",main,jit_kernel_with_params(12067963946185787837),2.002946
"product_reduce_(2528,)",main,jit_kernel_with_params(12067963946185787837),2.004286
"product_reduce_(2528,)",main,jit_kernel_with_params(12067963946185787837),2.005714
"product_reduce_(2528,)",main,jit_kernel_with_params(12067963946185787837),2.005803
"product_reduce_(2528,)",main,jit_kernel_with_params(12067963946185787837),2.002858
"product_reduce_(2528,)",main,jit_kernel_with_params(12067963946185787837),2.005625
"product_reduce_(2528,)",sub,convert_reduce_fusion,1.361518
"product_reduce_(2528,)",sub,convert_reduce_fusion,1.36134
"product_reduce_(2528,)",sub,convert_reduce_fusion,1.36
"product_reduce_(2528,)",sub,convert_reduce_fusion,1.361429
"product_reduce_(2528,)",sub,convert_reduce_fusion,1.361429
"product_reduce_(2528,)",sub,convert_reduce_fusion,1.361518
"product_reduce_(2528,)",sub,convert_reduce_fusion,1.36134
"product_reduce_(2528,)",sub,convert_reduce_fusion,1.361518
"product_reduce_(2528,)",sub,convert_reduce_fusion,1.36
"product_reduce_(2528,)",sub,convert_reduce_fusion,1.361428
"product_reduce_(2560,)",main,jit_kernel_with_params(16324545485659090899),2.005714
"product_reduce_(2560,)",main,jit_kernel_with_params(16324545485659090899),2.005803
"product_reduce_(2560,)",main,jit_kernel_with_params(16324545485659090899),2.14
"product_reduce_(2560,)",main,jit_kernel_with_params(16324545485659090899),2.007143
"product_reduce_(2560,)",main,jit_kernel_with_params(16324545485659090899),2.005803
"product_reduce_(2560,)",main,jit_kernel_with_params(16324545485659090899),2.005625
"product_reduce_(2560,)",main,jit_kernel_with_params(16324545485659090899),2.174375
"product_reduce_(2560,)",main,jit_kernel_with_params(16324545485659090899),2.005714
"product_reduce_(2560,)",main,jit_kernel_with_params(16324545485659090899),2.145714
"product_reduce_(2560,)",main,jit_kernel_with_params(16324545485659090899),2.034375
"product_reduce_(2560,)",sub,convert_reduce_fusion,1.362857
"product_reduce_(2560,)",sub,convert_reduce_fusion,1.364286
"product_reduce_(2560,)",sub,convert_reduce_fusion,1.497143
"product_reduce_(2560,)",sub,convert_reduce_fusion,1.364197
"product_reduce_(2560,)",sub,convert_reduce_fusion,1.364286
"product_reduce_(2560,)",sub,convert_reduce_fusion,1.361429
"product_reduce_(2560,)",sub,convert_reduce_fusion,1.364286
"product_reduce_(2560,)",sub,convert_reduce_fusion,1.362857
"product_reduce_(2560,)",sub,convert_reduce_fusion,1.502857
"product_reduce_(2560,)",sub,convert_reduce_fusion,1.392857
"product_reduce_(2592,)",main,jit_kernel_with_params(14100257056326851384),2.014196
"product_reduce_(2592,)",main,jit_kernel_with_params(14100257056326851384),2.014286
"product_reduce_(2592,)",main,jit_kernel_with_params(14100257056326851384),2.087143
"product_reduce_(2592,)",main,jit_kernel_with_params(14100257056326851384),2.172857
"product_reduce_(2592,)",main,jit_kernel_with_params(14100257056326851384),2.035804
"product_reduce_(2592,)",main,jit_kernel_with_params(14100257056326851384),2.014286
"product_reduce_(2592,)",main,jit_kernel_with_params(14100257056326851384),2.052858
"product_reduce_(2592,)",main,jit_kernel_with_params(14100257056326851384),2.014286
"product_reduce_(2592,)",main,jit_kernel_with_params(14100257056326851384),2.031429
"product_reduce_(2592,)",main,jit_kernel_with_params(14100257056326851384),2.014286
"product_reduce_(2592,)",sub,convert_reduce_fusion,1.37
"product_reduce_(2592,)",sub,convert_reduce_fusion,1.371428
"product_reduce_(2592,)",sub,convert_reduce_fusion,1.444375
"product_reduce_(2592,)",sub,convert_reduce_fusion,1.371429
"product_reduce_(2592,)",sub,convert_reduce_fusion,1.371429
"product_reduce_(2592,)",sub,convert_reduce_fusion,1.371429
"product_reduce_(2592,)",sub,convert_reduce_fusion,1.410089
"product_reduce_(2592,)",sub,convert_reduce_fusion,1.371429
"product_reduce_(2592,)",sub,convert_reduce_fusion,1.388572
"product_reduce_(2592,)",sub,convert_reduce_fusion,1.371428
"product_reduce_(2624,)",main,jit_kernel_with_params(5712166100299991441),2.1
"product_reduce_(2624,)",main,jit_kernel_with_params(5712166100299991441),2.014286
"product_reduce_(2624,)",main,jit_kernel_with_params(5712166100299991441),2.015625
"product_reduce_(2624,)",main,jit_kernel_with_params(5712166100299991441),2.012767
"product_reduce_(2624,)",main,jit_kernel_with_params(5712166100299991441),2.011517
"product_reduce_(2624,)",main,jit_kernel_with_params(5712166100299991441),2.012767
"product_reduce_(2624,)",main,jit_kernel_with_params(5712166100299991441),2.017232
"product_reduce_(2624,)",main,jit_kernel_with_params(5712166100299991441),2.012768
"product_reduce_(2624,)",main,jit_kernel_with_params(5712166100299991441),2.214285
"product_reduce_(2624,)",main,jit_kernel_with_params(5712166100299991441),2.014197
"product_reduce_(2624,)",sub,convert_reduce_fusion,1.457143
"product_reduce_(2624,)",sub,convert_reduce_fusion,1.371428
"product_reduce_(2624,)",sub,convert_reduce_fusion,1.371518
"product_reduce_(2624,)",sub,convert_reduce_fusion,1.368661
"product_reduce_(2624,)",sub,convert_reduce_fusion,1.37
"product_reduce_(2624,)",sub,convert_reduce_fusion,1.368661
"product_reduce_(2624,)",sub,convert_reduce_fusion,1.375714
"product_reduce_(2624,)",sub,convert_reduce_fusion,1.368661
"product_reduce_(2624,)",sub,convert_reduce_fusion,1.571429
"product_reduce_(2624,)",sub,convert_reduce_fusion,1.37
"product_reduce_(2656,)",main,jit_kernel_with_params(2418693137987371176),2.002857
"product_reduce_(2656,)",main,jit_kernel_with_params(2418693137987371176),2.001429
"product_reduce_(2656,)",main,jit_kernel_with_params(2418693137987371176),2.002857
"product_reduce_(2656,)",main,jit_kernel_with_params(2418693137987371176),2.002947
"product_reduce_(2656,)",main,jit_kernel_with_params(2418693137987371176),2.052857
"product_reduce_(2656,)",main,jit_kernel_with_params(2418693137987371176),2.000089
"product_reduce_(2656,)",main,jit_kernel_with_params(2418693137987371176),2.002947
"product_reduce_(2656,)",main,jit_kernel_with_params(2418693137987371176),2.225714
"product_reduce_(2656,)",main,jit_kernel_with_params(2418693137987371176),2.004286
"product_reduce_(2656,)",main,jit_kernel_with_params(2418693137987371176),2.004197
"product_reduce_(2656,)",sub,convert_reduce_fusion,1.36
"product_reduce_(2656,)",sub,convert_reduce_fusion,1.35866
"product_reduce_(2656,)",sub,convert_reduce_fusion,1.36
"product_reduce_(2656,)",sub,convert_reduce_fusion,1.361428
"product_reduce_(2656,)",sub,convert_reduce_fusion,1.40991
"product_reduce_(2656,)",sub,convert_reduce_fusion,1.358572
"product_reduce_(2656,)",sub,convert_reduce_fusion,1.361428
"product_reduce_(2656,)",sub,convert_reduce_fusion,1.582857
"product_reduce_(2656,)",sub,convert_reduce_fusion,1.361339
"product_reduce_(2656,)",sub,convert_reduce_fusion,1.360089
"product_reduce_(2688,)",main,jit_kernel_with_params(16099102711495853580),2.005625
"product_reduce_(2688,)",main,jit_kernel_with_params(16099102711495853580),2.027232
"product_reduce_(2688,)",main,jit_kernel_with_params(16099102711495853580),2.005625
"product_reduce_(2688,)",main,jit_kernel_with_params(16099102711495853580),2.192768
"product_reduce_(2688,)",main,jit_kernel_with_params(16099102711495853580),2.005714
"product_reduce_(2688,)",main,jit_kernel_with_params(16099102711495853580),2.112857
"product_reduce_(2688,)",main,jit_kernel_with_params(16099102711495853580),2.005625
"product_reduce_(2688,)",main,jit_kernel_with_params(16099102711495853580),2.131518
"product_reduce_(2688,)",main,jit_kernel_with_params(16099102711495853580),2.002857
"product_reduce_(2688,)",main,jit_kernel_with_params(16099102711495853580),2.004196
"product_reduce_(2688,)",sub,convert_reduce_fusion,1.361428
"product_reduce_(2688,)",sub,convert_reduce_fusion,1.36
"product_reduce_(2688,)",sub,convert_reduce_fusion,1.36
"product_reduce_(2688,)",sub,convert_reduce_fusion,1.548661
"product_reduce_(2688,)",sub,convert_reduce_fusion,1.362857
"product_reduce_(2688,)",sub,convert_reduce_fusion,1.469911
"product_reduce_(2688,)",sub,convert_reduce_fusion,1.361429
"product_reduce_(2688,)",sub,convert_reduce_fusion,1.362857
"product_reduce_(2688,)",sub,convert_reduce_fusion,1.36
"product_reduce_(2688,)",sub,convert_reduce_fusion,1.36009
"product_reduce_(2720,)",main,jit_kernel_with_params(16567120290073880558),2.005715
"product_reduce_(2720,)",main,jit_kernel_with_params(16567120290073880558),2.004197
"product_reduce_(2720,)",main,jit_kernel_with_params(16567120290073880558),2.005714
"product_reduce_(2720,)",main,jit_kernel_with_params(16567120290073880558),2.008482
"product_reduce_(2720,)",main,jit_kernel_with_params(16567120290073880558),2.005715
"product_reduce_(2720,)",main,jit_kernel_with_params(16567120290073880558),2.007143
"product_reduce_(2720,)",main,jit_kernel_with_params(16567120290073880558),2.005714
"product_reduce_(2720,)",main,jit_kernel_with_params(16567120290073880558),2.005625
"product_reduce_(2720,)",main,jit_kernel_with_params(16567120290073880558),2.080089
"product_reduce_(2720,)",main,jit_kernel_with_params(16567120290073880558),2.007054
"product_reduce_(2720,)",sub,convert_reduce_fusion,1.361518
"product_reduce_(2720,)",sub,convert_reduce_fusion,1.360089
"product_reduce_(2720,)",sub,convert_reduce_fusion,1.362857
"product_reduce_(2720,)",sub,convert_reduce_fusion,1.364286
"product_reduce_(2720,)",sub,convert_reduce_fusion,1.362857
"product_reduce_(2720,)",sub,convert_reduce_fusion,1.364375
"product_reduce_(2720,)",sub,convert_reduce_fusion,1.362857
"product_reduce_(2720,)",sub,convert_reduce_fusion,1.361429
"product_reduce_(2720,)",sub,convert_reduce_fusion,1.367143
"product_reduce_(2720,)",sub,convert_reduce_fusion,1.362946
"product_reduce_(2752,)",main,jit_kernel_with_params(2292349329043259779),2.017143
"product_reduce_(2752,)",main,jit_kernel_with_params(2292349329043259779),2.017053
"product_reduce_(2752,)",main,jit_kernel_with_params(2292349329043259779),2.015714
"product_reduce_(2752,)",main,jit_kernel_with_params(2292349329043259779),2.014286
"product_reduce_(2752,)",main,jit_kernel_with_params(2292349329043259779),2.015803
"product_reduce_(2752,)",main,jit_kernel_with_params(2292349329043259779),2.017143
"product_reduce_(2752,)",main,jit_kernel_with_params(2292349329043259779),2.14134
"product_reduce_(2752,)",main,jit_kernel_with_params(2292349329043259779),2.017232
"product_reduce_(2752,)",main,jit_kernel_with_params(2292349329043259779),2.017054
"product_reduce_(2752,)",main,jit_kernel_with_params(2292349329043259779),2.015714
"product_reduce_(2752,)",sub,convert_reduce_fusion,1.374285
"product_reduce_(2752,)",sub,convert_reduce_fusion,1.372857
"product_reduce_(2752,)",sub,convert_reduce_fusion,1.372947
"product_reduce_(2752,)",sub,convert_reduce_fusion,1.371429
"product_reduce_(2752,)",sub,convert_reduce_fusion,1.374197
"product_reduce_(2752,)",sub,convert_reduce_fusion,1.374286
"product_reduce_(2752,)",sub,convert_reduce_fusion,1.497232
"product_reduce_(2752,)",sub,convert_reduce_fusion,1.372947
"product_reduce_(2752,)",sub,convert_reduce_fusion,1.372857
"product_reduce_(2752,)",sub,convert_reduce_fusion,1.372768
"product_reduce_(2784,)",main,jit_kernel_with_params(15221999728885619117),2.052768
"product_reduce_(2784,)",main,jit_kernel_with_params(15221999728885619117),2.015714
"product_reduce_(2784,)",main,jit_kernel_with_params(15221999728885619117),2.012857
"product_reduce_(2784,)",main,jit_kernel_with_params(15221999728885619117),2.012768
"product_reduce_(2784,)",main,jit_kernel_with_params(15221999728885619117),2.070089
"product_reduce_(2784,)",main,jit_kernel_with_params(15221999728885619117),2.014286
"product_reduce_(2784,)",main,jit_kernel_with_params(15221999728885619117),2.014196
"product_reduce_(2784,)",main,jit_kernel_with_params(15221999728885619117),2.012857
"product_reduce_(2784,)",main,jit_kernel_with_params(15221999728885619117),2.014286
"product_reduce_(2784,)",main,jit_kernel_with_params(15221999728885619117),2.012946
"product_reduce_(2784,)",sub,convert_reduce_fusion,1.40866
"product_reduce_(2784,)",sub,convert_reduce_fusion,1.372768
"product_reduce_(2784,)",sub,convert_reduce_fusion,1.370089
"product_reduce_(2784,)",sub,convert_reduce_fusion,1.368661
"product_reduce_(2784,)",sub,convert_reduce_fusion,1.371339
"product_reduce_(2784,)",sub,convert_reduce_fusion,1.371429
"product_reduce_(2784,)",sub,convert_reduce_fusion,1.37
"product_reduce_(2784,)",sub,convert_reduce_fusion,1.369911
"product_reduce_(2784,)",sub,convert_reduce_fusion,1.371428
"product_reduce_(2784,)",sub,convert_reduce_fusion,1.371339
"product_reduce_(2816,)",main,jit_kernel_with_params(2884749466612472090),2.004197
"product_reduce_(2816,)",main,jit_kernel_with_params(2884749466612472090),2.004286
"product_reduce_(2816,)",main,jit_kernel_with_params(2884749466612472090),2.005715
"product_reduce_(2816,)",main,jit_kernel_with_params(2884749466612472090),2.004375
"product_reduce_(2816,)",main,jit_kernel_with_params(2884749466612472090),2.004196
"product_reduce_(2816,)",main,jit_kernel_with_params(2884749466612472090),2.071518
"product_reduce_(2816,)",main,jit_kernel_with_params(2884749466612472090),2.032857
"product_reduce_(2816,)",main,jit_kernel_with_params(2884749466612472090),2.002947
"product_reduce_(2816,)",main,jit_kernel_with_params(2884749466612472090),2.002946
"product_reduce_(2816,)",main,jit_kernel_with_params(2884749466612472090),2.004286
"product_reduce_(2816,)",sub,convert_reduce_fusion,1.360089
"product_reduce_(2816,)",sub,convert_reduce_fusion,1.361339
"product_reduce_(2816,)",sub,convert_reduce_fusion,1.362857
"product_reduce_(2816,)",sub,convert_reduce_fusion,1.362768
"product_reduce_(2816,)",sub,convert_reduce_fusion,1.360089
"product_reduce_(2816,)",sub,convert_reduce_fusion,1.362857
"product_reduce_(2816,)",sub,convert_reduce_fusion,1.390089
"product_reduce_(2816,)",sub,convert_reduce_fusion,1.361429
"product_reduce_(2816,)",sub,convert_reduce_fusion,1.361428
"product_reduce_(2816,)",sub,convert_reduce_fusion,1.361339
"product_reduce_(2848,)",main,jit_kernel_with_params(11758513351448417477),2.005714
"product_reduce_(2848,)",main,jit_kernel_with_params(11758513351448417477),2.007143
"product_reduce_(2848,)",main,jit_kernel_with_params(11758513351448417477),2.002857
"product_reduce_(2848,)",main,jit_kernel_with_params(11758513351448417477),2.005714
"product_reduce_(2848,)",main,jit_kernel_with_params(11758513351448417477),2.002857
"product_reduce_(2848,)",main,jit_kernel_with_params(11758513351448417477),2.002857
"product_reduce_(2848,)",main,jit_kernel_with_params(11758513351448417477),2.007053
"product_reduce_(2848,)",main,jit_kernel_with_params(11758513351448417477),2.002946
"product_reduce_(2848,)",main,jit_kernel_with_params(11758513351448417477),2.002857
"product_reduce_(2848,)",main,jit_kernel_with_params(11758513351448417477),2.067143
"product_reduce_(2848,)",sub,convert_reduce_fusion,1.362858
"product_reduce_(2848,)",sub,convert_reduce_fusion,1.36
"product_reduce_(2848,)",sub,convert_reduce_fusion,1.36
"product_reduce_(2848,)",sub,convert_reduce_fusion,1.362857
"product_reduce_(2848,)",sub,convert_reduce_fusion,1.36
"product_reduce_(2848,)",sub,convert_reduce_fusion,1.36
"product_reduce_(2848,)",sub,convert_reduce_fusion,1.362947
"product_reduce_(2848,)",sub,convert_reduce_fusion,1.361429
"product_reduce_(2848,)",sub,convert_reduce_fusion,1.36
"product_reduce_(2848,)",sub,convert_reduce_fusion,1.424375
"product_reduce_(2880,)",main,jit_kernel_with_params(6282029257243383801),2.192768
"product_reduce_(2880,)",main,jit_kernel_with_params(6282029257243383801),2.004286
"product_reduce_(2880,)",main,jit_kernel_with_params(6282029257243383801),2.004286
"product_reduce_(2880,)",main,jit_kernel_with_params(6282029257243383801),2.005625
"product_reduce_(2880,)",main,jit_kernel_with_params(6282029257243383801),2.022857
"product_reduce_(2880,)",main,jit_kernel_with_params(6282029257243383801),2.081518
"product_reduce_(2880,)",main,jit_kernel_with_params(6282029257243383801),2.002858
"product_reduce_(2880,)",main,jit_kernel_with_params(6282029257243383801),2.004375
"product_reduce_(2880,)",main,jit_kernel_with_params(6282029257243383801),2.004375
"product_reduce_(2880,)",main,jit_kernel_with_params(6282029257243383801),2.005714
"product_reduce_(2880,)",sub,convert_reduce_fusion,1.54866
"product_reduce_(2880,)",sub,convert_reduce_fusion,1.361339
"product_reduce_(2880,)",sub,convert_reduce_fusion,1.361518
"product_reduce_(2880,)",sub,convert_reduce_fusion,1.361429
"product_reduce_(2880,)",sub,convert_reduce_fusion,1.361429
"product_reduce_(2880,)",sub,convert_reduce_fusion,1.361339
"product_reduce_(2880,)",sub,convert_reduce_fusion,1.36
"product_reduce_(2880,)",sub,convert_reduce_fusion,1.362768
"product_reduce_(2880,)",sub,convert_reduce_fusion,1.362768
"product_reduce_(2880,)",sub,convert_reduce_fusion,1.362857
"product_reduce_(2912,)",main,jit_kernel_with_params(9333862951268104004),2.181518
"product_reduce_(2912,)",main,jit_kernel_with_params(9333862951268104004),2.012857
"product_reduce_(2912,)",main,jit_kernel_with_params(9333862951268104004),2.017143
"product_reduce_(2912,)",main,jit_kernel_with_params(9333862951268104004),2.012857
"product_reduce_(2912,)",main,jit_kernel_with_params(9333862951268104004),2.011518
"product_reduce_(2912,)",main,jit_kernel_with_params(9333862951268104004),2.002946
"product_reduce_(2912,)",main,jit_kernel_with_params(9333862951268104004),2.011518
"product_reduce_(2912,)",main,jit_kernel_with_params(9333862951268104004),2.01
"product_reduce_(2912,)",main,jit_kernel_with_params(9333862951268104004),2.017143
"product_reduce_(2912,)",main,jit_kernel_with_params(9333862951268104004),2.129911
"product_reduce_(2912,)",sub,convert_reduce_fusion,1.539911
"product_reduce_(2912,)",sub,convert_reduce_fusion,1.36991
"product_reduce_(2912,)",sub,convert_reduce_fusion,1.374285
"product_reduce_(2912,)",sub,convert_reduce_fusion,1.370089
"product_reduce_(2912,)",sub,convert_reduce_fusion,1.37
"product_reduce_(2912,)",sub,convert_reduce_fusion,1.361428
"product_reduce_(2912,)",sub,convert_reduce_fusion,1.37
"product_reduce_(2912,)",sub,convert_reduce_fusion,1.367232
"product_reduce_(2912,)",sub,convert_reduce_fusion,1.374285
"product_reduce_(2912,)",sub,convert_reduce_fusion,1.485804
"product_reduce_(2944,)",main,jit_kernel_with_params(17321398589444682464),2.107232
"product_reduce_(2944,)",main,jit_kernel_with_params(17321398589444682464),2.017143
"product_reduce_(2944,)",main,jit_kernel_with_params(17321398589444682464),2.014375
"product_reduce_(2944,)",main,jit_kernel_with_params(17321398589444682464),2.017143
"product_reduce_(2944,)",main,jit_kernel_with_params(17321398589444682464),2.028571
"product_reduce_(2944,)",main,jit_kernel_with_params(17321398589444682464),2.022768
"product_reduce_(2944,)",main,jit_kernel_with_params(17321398589444682464),2.017054
"product_reduce_(2944,)",main,jit_kernel_with_params(17321398589444682464),2.015715
"product_reduce_(2944,)",main,jit_kernel_with_params(17321398589444682464),2.014286
"product_reduce_(2944,)",main,jit_kernel_with_params(17321398589444682464),2.017143
"product_reduce_(2944,)",sub,convert_reduce_fusion,1.465625
"product_reduce_(2944,)",sub,convert_reduce_fusion,1.374286
"product_reduce_(2944,)",sub,convert_reduce_fusion,1.372857
"product_reduce_(2944,)",sub,convert_reduce_fusion,1.374286
"product_reduce_(2944,)",sub,convert_reduce_fusion,1.385714
"product_reduce_(2944,)",sub,convert_reduce_fusion,1.37
"product_reduce_(2944,)",sub,convert_reduce_fusion,1.372857
"product_reduce_(2944,)",sub,convert_reduce_fusion,1.372946
"product_reduce_(2944,)",sub,convert_reduce_fusion,1.371428
"product_reduce_(2944,)",sub,convert_reduce_fusion,1.374285
"product_reduce_(2976,)",main,jit_kernel_with_params(17515315916144313969),2.008571
"product_reduce_(2976,)",main,jit_kernel_with_params(17515315916144313969),2.007232
"product_reduce_(2976,)",main,jit_kernel_with_params(17515315916144313969),2.008661
"product_reduce_(2976,)",main,jit_kernel_with_params(17515315916144313969),2.007233
"product_reduce_(2976,)",main,jit_kernel_with_params(17515315916144313969),2.167233
"product_reduce_(2976,)",main,jit_kernel_with_params(17515315916144313969),2.005714
"product_reduce_(2976,)",main,jit_kernel_with_params(17515315916144313969),2.011428
"product_reduce_(2976,)",main,jit_kernel_with_params(17515315916144313969),2.147143
"product_reduce_(2976,)",main,jit_kernel_with_params(17515315916144313969),2.010089
"product_reduce_(2976,)",main,jit_kernel_with_params(17515315916144313969),2.007143
"product_reduce_(2976,)",sub,convert_reduce_fusion,1.365714
"product_reduce_(2976,)",sub,convert_reduce_fusion,1.365625
"product_reduce_(2976,)",sub,convert_reduce_fusion,1.367143
"product_reduce_(2976,)",sub,convert_reduce_fusion,1.365625
"product_reduce_(2976,)",sub,convert_reduce_fusion,1.367053
"product_reduce_(2976,)",sub,convert_reduce_fusion,1.362857
"product_reduce_(2976,)",sub,convert_reduce_fusion,1.368571
"product_reduce_(2976,)",sub,convert_reduce_fusion,1.504375
"product_reduce_(2976,)",sub,convert_reduce_fusion,1.368482
"product_reduce_(2976,)",sub,convert_reduce_fusion,1.364197
"product_reduce_(3008,)",main,jit_kernel_with_params(3485943782118796952),2.021429
"product_reduce_(3008,)",main,jit_kernel_with_params(3485943782118796952),2.002858
"product_reduce_(3008,)",main,jit_kernel_with_params(3485943782118796952),2.007053
"product_reduce_(3008,)",main,jit_kernel_with_params(3485943782118796952),2.002857
"product_reduce_(3008,)",main,jit_kernel_with_params(3485943782118796952),2.002946
"product_reduce_(3008,)",main,jit_kernel_with_params(3485943782118796952),2.111518
"product_reduce_(3008,)",main,jit_kernel_with_params(3485943782118796952),2.002857
"product_reduce_(3008,)",main,jit_kernel_with_params(3485943782118796952),2.15
"product_reduce_(3008,)",main,jit_kernel_with_params(3485943782118796952),2.007232
"product_reduce_(3008,)",main,jit_kernel_with_params(3485943782118796952),2.004286
"product_reduce_(3008,)",sub,convert_reduce_fusion,1.378661
"product_reduce_(3008,)",sub,convert_reduce_fusion,1.36
"product_reduce_(3008,)",sub,convert_reduce_fusion,1.362947
"product_reduce_(3008,)",sub,convert_reduce_fusion,1.36
"product_reduce_(3008,)",sub,convert_reduce_fusion,1.361428
"product_reduce_(3008,)",sub,convert_reduce_fusion,1.47
"product_reduce_(3008,)",sub,convert_reduce_fusion,1.36
"product_reduce_(3008,)",sub,convert_reduce_fusion,1.507053
"product_reduce_(3008,)",sub,convert_reduce_fusion,1.365625
"product_reduce_(3008,)",sub,convert_reduce_fusion,1.361339
"product_reduce_(3040,)",main,jit_kernel_with_params(17311157936435645236),2.008482
"product_reduce_(3040,)",main,jit_kernel_with_params(17311157936435645236),2.198482
"product_reduce_(3040,)",main,jit_kernel_with_params(17311157936435645236),2.014286
"product_reduce_(3040,)",main,jit_kernel_with_params(17311157936435645236),2.004197
"product_reduce_(3040,)",main,jit_kernel_with_params(17311157936435645236),2.011339
"product_reduce_(3040,)",main,jit_kernel_with_params(17311157936435645236),2.004286
"product_reduce_(3040,)",main,jit_kernel_with_params(17311157936435645236),2.137233
"product_reduce_(3040,)",main,jit_kernel_with_params(17311157936435645236),2.231429
"product_reduce_(3040,)",main,jit_kernel_with_params(17311157936435645236),2.004286
"product_reduce_(3040,)",main,jit_kernel_with_params(17311157936435645236),2.004375
"product_reduce_(3040,)",sub,convert_reduce_fusion,1.360089
"product_reduce_(3040,)",sub,convert_reduce_fusion,1.554375
"product_reduce_(3040,)",sub,convert_reduce_fusion,1.36
"product_reduce_(3040,)",sub,convert_reduce_fusion,1.360089
"product_reduce_(3040,)",sub,convert_reduce_fusion,1.36
"product_reduce_(3040,)",sub,convert_reduce_fusion,1.36134
"product_reduce_(3040,)",sub,convert_reduce_fusion,1.361517
"product_reduce_(3040,)",sub,convert_reduce_fusion,1.588572
"product_reduce_(3040,)",sub,convert_reduce_fusion,1.361518
"product_reduce_(3040,)",sub,convert_reduce_fusion,1.362768
"product_reduce_(3072,)",main,jit_kernel_with_params(12950955897123108174),2.162857
"product_reduce_(3072,)",main,jit_kernel_with_params(12950955897123108174),2.005714
"product_reduce_(3072,)",main,jit_kernel_with_params(12950955897123108174),2.002858
"product_reduce_(3072,)",main,jit_kernel_with_params(12950955897123108174),2.004196
"product_reduce_(3072,)",main,jit_kernel_with_params(12950955897123108174),2.174196
"product_reduce_(3072,)",main,jit_kernel_with_params(12950955897123108174),2.002857
"product_reduce_(3072,)",main,jit_kernel_with_params(12950955897123108174),2.007143
"product_reduce_(3072,)",main,jit_kernel_with_params(12950955897123108174),2.004196
"product_reduce_(3072,)",main,jit_kernel_with_params(12950955897123108174),2.045714
"product_reduce_(3072,)",main,jit_kernel_with_params(12950955897123108174),2.002857
"product_reduce_(3072,)",sub,convert_reduce_fusion,1.361518
"product_reduce_(3072,)",sub,convert_reduce_fusion,1.362857
"product_reduce_(3072,)",sub,convert_reduce_fusion,1.36
"product_reduce_(3072,)",sub,convert_reduce_fusion,1.36009
"product_reduce_(3072,)",sub,convert_reduce_fusion,1.53
"product_reduce_(3072,)",sub,convert_reduce_fusion,1.36
"product_reduce_(3072,)",sub,convert_reduce_fusion,1.364196
"product_reduce_(3072,)",sub,convert_reduce_fusion,1.36009
"product_reduce_(3072,)",sub,convert_reduce_fusion,1.402857
"product_reduce_(3072,)",sub,convert_reduce_fusion,1.36
"product_reduce_(3104,)",main,jit_kernel_with_params(3593220169586499487),2.157143
"product_reduce_(3104,)",main,jit_kernel_with_params(3593220169586499487),2.012857
"product_reduce_(3104,)",main,jit_kernel_with_params(3593220169586499487),2.014375
"product_reduce_(3104,)",main,jit_kernel_with_params(3593220169586499487),2.165714
"product_reduce_(3104,)",main,jit_kernel_with_params(3593220169586499487),2.058661
"product_reduce_(3104,)",main,jit_kernel_with_params(3593220169586499487),2.010089
"product_reduce_(3104,)",main,jit_kernel_with_params(3593220169586499487),2.014286
"product_reduce_(3104,)",main,jit_kernel_with_params(3593220169586499487),2.092768
"product_reduce_(3104,)",main,jit_kernel_with_params(3593220169586499487),2.011428
"product_reduce_(3104,)",main,jit_kernel_with_params(3593220169586499487),2.015715
"product_reduce_(3104,)",sub,convert_reduce_fusion,1.514286
"product_reduce_(3104,)",sub,convert_reduce_fusion,1.369911
"product_reduce_(3104,)",sub,convert_reduce_fusion,1.372857
"product_reduce_(3104,)",sub,convert_reduce_fusion,1.522857
"product_reduce_(3104,)",sub,convert_reduce_fusion,1.417053
"product_reduce_(3104,)",sub,convert_reduce_fusion,1.368482
"product_reduce_(3104,)",sub,convert_reduce_fusion,1.371428
"product_reduce_(3104,)",sub,convert_reduce_fusion,1.448661
"product_reduce_(3104,)",sub,convert_reduce_fusion,1.368571
"product_reduce_(3104,)",sub,convert_reduce_fusion,1.372768
"product_reduce_(3136,)",main,jit_kernel_with_params(5366303033269763561),2.094286
"product_reduce_(3136,)",main,jit_kernel_with_params(5366303033269763561),2.01134
"product_reduce_(3136,)",main,jit_kernel_with_params(5366303033269763561),2.011429
"product_reduce_(3136,)",main,jit_kernel_with_params(5366303033269763561),2.011339
"product_reduce_(3136,)",main,jit_kernel_with_params(5366303033269763561),2.168483
"product_reduce_(3136,)",main,jit_kernel_with_params(5366303033269763561),2.017143
"product_reduce_(3136,)",main,jit_kernel_with_params(5366303033269763561),2.011429
"product_reduce_(3136,)",main,jit_kernel_with_params(5366303033269763561),2.074375
"product_reduce_(3136,)",main,jit_kernel_with_params(5366303033269763561),2.011518
"product_reduce_(3136,)",main,jit_kernel_with_params(5366303033269763561),2.00991
"product_reduce_(3136,)",sub,convert_reduce_fusion,1.451428
"product_reduce_(3136,)",sub,convert_reduce_fusion,1.367143
"product_reduce_(3136,)",sub,convert_reduce_fusion,1.368571
"product_reduce_(3136,)",sub,convert_reduce_fusion,1.367143
"product_reduce_(3136,)",sub,convert_reduce_fusion,1.524286
"product_reduce_(3136,)",sub,convert_reduce_fusion,1.367143
"product_reduce_(3136,)",sub,convert_reduce_fusion,1.368571
"product_reduce_(3136,)",sub,convert_reduce_fusion,1.432857
"product_reduce_(3136,)",sub,convert_reduce_fusion,1.367232
"product_reduce_(3136,)",sub,convert_reduce_fusion,1.365804
"product_reduce_(3168,)",main,jit_kernel_with_params(16662122089677319413),2.012768
"product_reduce_(3168,)",main,jit_kernel_with_params(16662122089677319413),2.118571
"product_reduce_(3168,)",main,jit_kernel_with_params(16662122089677319413),2.011518
"product_reduce_(3168,)",main,jit_kernel_with_params(16662122089677319413),2.011517
"product_reduce_(3168,)",main,jit_kernel_with_params(16662122089677319413),2.198482
"product_reduce_(3168,)",main,jit_kernel_with_params(16662122089677319413),2.014286
"product_reduce_(3168,)",main,jit_kernel_with_params(16662122089677319413),2.011429
"product_reduce_(3168,)",main,jit_kernel_with_params(16662122089677319413),2.01
"product_reduce_(3168,)",main,jit_kernel_with_params(16662122089677319413),2.011517
"product_reduce_(3168,)",main,jit_kernel_with_params(16662122089677319413),2.00866
"product_reduce_(3168,)",sub,convert_reduce_fusion,1.37
"product_reduce_(3168,)",sub,convert_reduce_fusion,1.475803
"product_reduce_(3168,)",sub,convert_reduce_fusion,1.37
"product_reduce_(3168,)",sub,convert_reduce_fusion,1.367232
"product_reduce_(3168,)",sub,convert_reduce_fusion,1.554375
"product_reduce_(3168,)",sub,convert_reduce_fusion,1.371428
"product_reduce_(3168,)",sub,convert_reduce_fusion,1.368571
"product_reduce_(3168,)",sub,convert_reduce_fusion,1.367232
"product_reduce_(3168,)",sub,convert_reduce_fusion,1.37
"product_reduce_(3168,)",sub,convert_reduce_fusion,1.367143
"product_reduce_(3200,)",main,jit_kernel_with_params(12317426523269240680),2.011518
"product_reduce_(3200,)",main,jit_kernel_with_params(12317426523269240680),2.014197
"product_reduce_(3200,)",main,jit_kernel_with_params(12317426523269240680),2.172857
"product_reduce_(3200,)",main,jit_kernel_with_params(12317426523269240680),2.125803
"product_reduce_(3200,)",main,jit_kernel_with_params(12317426523269240680),2.148482
"product_reduce_(3200,)",main,jit_kernel_with_params(12317426523269240680),2.012768
"product_reduce_(3200,)",main,jit_kernel_with_params(12317426523269240680),2.011518
"product_reduce_(3200,)",main,jit_kernel_with_params(12317426523269240680),2.012857
"product_reduce_(3200,)",main,jit_kernel_with_params(12317426523269240680),2.012768
"product_reduce_(3200,)",main,jit_kernel_with_params(12317426523269240680),2.014286
"product_reduce_(3200,)",sub,convert_reduce_fusion,1.37
"product_reduce_(3200,)",sub,convert_reduce_fusion,1.37
"product_reduce_(3200,)",sub,convert_reduce_fusion,1.372857
"product_reduce_(3200,)",sub,convert_reduce_fusion,1.484286
"product_reduce_(3200,)",sub,convert_reduce_fusion,1.504286
"product_reduce_(3200,)",sub,convert_reduce_fusion,1.36866
"product_reduce_(3200,)",sub,convert_reduce_fusion,1.37
"product_reduce_(3200,)",sub,convert_reduce_fusion,1.369911
"product_reduce_(3200,)",sub,convert_reduce_fusion,1.36866
"product_reduce_(3200,)",sub,convert_reduce_fusion,1.371429
"product_reduce_(3232,)",main,jit_kernel_with_params(7870759763266615246),2.015714
"product_reduce_(3232,)",main,jit_kernel_with_params(7870759763266615246),2.012947
"product_reduce_(3232,)",main,jit_kernel_with_params(7870759763266615246),2.012857
"product_reduce_(3232,)",main,jit_kernel_with_params(7870759763266615246),2.122767
"product_reduce_(3232,)",main,jit_kernel_with_params(7870759763266615246),2.010089
"product_reduce_(3232,)",main,jit_kernel_with_params(7870759763266615246),2.012857
"product_reduce_(3232,)",main,jit_kernel_with_params(7870759763266615246),2.014286
"product_reduce_(3232,)",main,jit_kernel_with_params(7870759763266615246),2.014196
"product_reduce_(3232,)",main,jit_kernel_with_params(7870759763266615246),2.014196
"product_reduce_(3232,)",main,jit_kernel_with_params(7870759763266615246),2.011429
"product_reduce_(3232,)",sub,convert_reduce_fusion,1.372767
"product_reduce_(3232,)",sub,convert_reduce_fusion,1.371339
"product_reduce_(3232,)",sub,convert_reduce_fusion,1.37009
"product_reduce_(3232,)",sub,convert_reduce_fusion,1.478571
"product_reduce_(3232,)",sub,convert_reduce_fusion,1.368482
"product_reduce_(3232,)",sub,convert_reduce_fusion,1.369911
"product_reduce_(3232,)",sub,convert_reduce_fusion,1.371429
"product_reduce_(3232,)",sub,convert_reduce_fusion,1.37
"product_reduce_(3232,)",sub,convert_reduce_fusion,1.37
"product_reduce_(3232,)",sub,convert_reduce_fusion,1.368571
"product_reduce_(3264,)",main,jit_kernel_with_params(18328104127446252350),2.008571
"product_reduce_(3264,)",main,jit_kernel_with_params(18328104127446252350),2.008572
"product_reduce_(3264,)",main,jit_kernel_with_params(18328104127446252350),2.01
"product_reduce_(3264,)",main,jit_kernel_with_params(18328104127446252350),2.007232
"product_reduce_(3264,)",main,jit_kernel_with_params(18328104127446252350),2.00866
"product_reduce_(3264,)",main,jit_kernel_with_params(18328104127446252350),2.007143
"product_reduce_(3264,)",main,jit_kernel_with_params(18328104127446252350),2.008482
"product_reduce_(3264,)",main,jit_kernel_with_params(18328104127446252350),2.008482
"product_reduce_(3264,)",main,jit_kernel_with_params(18328104127446252350),2.007232
"product_reduce_(3264,)",main,jit_kernel_with_params(18328104127446252350),2.028572
"product_reduce_(3264,)",sub,convert_reduce_fusion,1.365714
"product_reduce_(3264,)",sub,convert_reduce_fusion,1.364286
"product_reduce_(3264,)",sub,convert_reduce_fusion,1.367053
"product_reduce_(3264,)",sub,convert_reduce_fusion,1.365625
"product_reduce_(3264,)",sub,convert_reduce_fusion,1.367143
"product_reduce_(3264,)",sub,convert_reduce_fusion,1.364375
"product_reduce_(3264,)",sub,convert_reduce_fusion,1.364286
"product_reduce_(3264,)",sub,convert_reduce_fusion,1.364285
"product_reduce_(3264,)",sub,convert_reduce_fusion,1.365625
"product_reduce_(3264,)",sub,convert_reduce_fusion,1.385714
"product_reduce_(3296,)",main,jit_kernel_with_params(3392744002409393469),2.03009
"product_reduce_(3296,)",main,jit_kernel_with_params(3392744002409393469),2.017143
"product_reduce_(3296,)",main,jit_kernel_with_params(3392744002409393469),2.014375
"product_reduce_(3296,)",main,jit_kernel_with_params(3392744002409393469),2.011518
"product_reduce_(3296,)",main,jit_kernel_with_params(3392744002409393469),2.014286
"product_reduce_(3296,)",main,jit_kernel_with_params(3392744002409393469),2.182768
"product_reduce_(3296,)",main,jit_kernel_with_params(3392744002409393469),2.015715
"product_reduce_(3296,)",main,jit_kernel_with_params(3392744002409393469),2.012857
"product_reduce_(3296,)",main,jit_kernel_with_params(3392744002409393469),2.014197
"product_reduce_(3296,)",main,jit_kernel_with_params(3392744002409393469),2.012947
"product_reduce_(3296,)",sub,convert_reduce_fusion,1.372768
"product_reduce_(3296,)",sub,convert_reduce_fusion,1.374286
"product_reduce_(3296,)",sub,convert_reduce_fusion,1.372857
"product_reduce_(3296,)",sub,convert_reduce_fusion,1.37
"product_reduce_(3296,)",sub,convert_reduce_fusion,1.371428
"product_reduce_(3296,)",sub,convert_reduce_fusion,1.538571
"product_reduce_(3296,)",sub,convert_reduce_fusion,1.372768
"product_reduce_(3296,)",sub,convert_reduce_fusion,1.37009
"product_reduce_(3296,)",sub,convert_reduce_fusion,1.37
"product_reduce_(3296,)",sub,convert_reduce_fusion,1.371339
"product_reduce_(3328,)",main,jit_kernel_with_params(17513826128852909312),2.057054
"product_reduce_(3328,)",main,jit_kernel_with_params(17513826128852909312),2.054285
"product_reduce_(3328,)",main,jit_kernel_with_params(17513826128852909312),2.194196
"product_reduce_(3328,)",main,jit_kernel_with_params(17513826128852909312),2.097053
"product_reduce_(3328,)",main,jit_kernel_with_params(17513826128852909312),2.057053
"product_reduce_(3328,)",main,jit_kernel_with_params(17513826128852909312),2.058482
"product_reduce_(3328,)",main,jit_kernel_with_params(17513826128852909312),2.055714
"product_reduce_(3328,)",main,jit_kernel_with_params(17513826128852909312),2.094285
"product_reduce_(3328,)",main,jit_kernel_with_params(17513826128852909312),2.055803
"product_reduce_(3328,)",main,jit_kernel_with_params(17513826128852909312),2.057143
"product_reduce_(3328,)",sub,convert_reduce_fusion,1.412857
"product_reduce_(3328,)",sub,convert_reduce_fusion,1.411428
"product_reduce_(3328,)",sub,convert_reduce_fusion,1.55
"product_reduce_(3328,)",sub,convert_reduce_fusion,1.452857
"product_reduce_(3328,)",sub,convert_reduce_fusion,1.412857
"product_reduce_(3328,)",sub,convert_reduce_fusion,1.414375
"product_reduce_(3328,)",sub,convert_reduce_fusion,1.412946
"product_reduce_(3328,)",sub,convert_reduce_fusion,1.451429
"product_reduce_(3328,)",sub,convert_reduce_fusion,1.414197
"product_reduce_(3328,)",sub,convert_reduce_fusion,1.414286
"product_reduce_(3360,)",main,jit_kernel_with_params(3684251991221517622),2.168571
"product_reduce_(3360,)",main,jit_kernel_with_params(3684251991221517622),2.015803
"product_reduce_(3360,)",main,jit_kernel_with_params(3684251991221517622),2.014196
"product_reduce_(3360,)",main,jit_kernel_with_params(3684251991221517622),2.08
"product_reduce_(3360,)",main,jit_kernel_with_params(3684251991221517622),2.125804
"product_reduce_(3360,)",main,jit_kernel_with_params(3684251991221517622),2.168571
"product_reduce_(3360,)",main,jit_kernel_with_params(3684251991221517622),2.014286
"product_reduce_(3360,)",main,jit_kernel_with_params(3684251991221517622),2.177142
"product_reduce_(3360,)",main,jit_kernel_with_params(3684251991221517622),2.015714
"product_reduce_(3360,)",main,jit_kernel_with_params(3684251991221517622),2.012857
"product_reduce_(3360,)",sub,convert_reduce_fusion,1.368482
"product_reduce_(3360,)",sub,convert_reduce_fusion,1.374196
"product_reduce_(3360,)",sub,convert_reduce_fusion,1.37
"product_reduce_(3360,)",sub,convert_reduce_fusion,1.437143
"product_reduce_(3360,)",sub,convert_reduce_fusion,1.375714
"product_reduce_(3360,)",sub,convert_reduce_fusion,1.368571
"product_reduce_(3360,)",sub,convert_reduce_fusion,1.37
"product_reduce_(3360,)",sub,convert_reduce_fusion,1.375803
"product_reduce_(3360,)",sub,convert_reduce_fusion,1.372768
"product_reduce_(3360,)",sub,convert_reduce_fusion,1.36991
"product_reduce_(3392,)",main,jit_kernel_with_params(6991390657852966442),2.014375
"product_reduce_(3392,)",main,jit_kernel_with_params(6991390657852966442),2.012857
"product_reduce_(3392,)",main,jit_kernel_with_params(6991390657852966442),2.011429
"product_reduce_(3392,)",main,jit_kernel_with_params(6991390657852966442),2.027143
"product_reduce_(3392,)",main,jit_kernel_with_params(6991390657852966442),2.021429
"product_reduce_(3392,)",main,jit_kernel_with_params(6991390657852966442),2.17
"product_reduce_(3392,)",main,jit_kernel_with_params(6991390657852966442),2.011429
"product_reduce_(3392,)",main,jit_kernel_with_params(6991390657852966442),2.037143
"product_reduce_(3392,)",main,jit_kernel_with_params(6991390657852966442),2.014196
"product_reduce_(3392,)",main,jit_kernel_with_params(6991390657852966442),2.012947
"product_reduce_(3392,)",sub,convert_reduce_fusion,1.372947
"product_reduce_(3392,)",sub,convert_reduce_fusion,1.370089
"product_reduce_(3392,)",sub,convert_reduce_fusion,1.368571
"product_reduce_(3392,)",sub,convert_reduce_fusion,1.384196
"product_reduce_(3392,)",sub,convert_reduce_fusion,1.371428
"product_reduce_(3392,)",sub,convert_reduce_fusion,1.37
"product_reduce_(3392,)",sub,convert_reduce_fusion,1.368571
"product_reduce_(3392,)",sub,convert_reduce_fusion,1.367143
"product_reduce_(3392,)",sub,convert_reduce_fusion,1.368571
"product_reduce_(3392,)",sub,convert_reduce_fusion,1.371339
"product_reduce_(3424,)",main,jit_kernel_with_params(14281092735667204170),2.008572
"product_reduce_(3424,)",main,jit_kernel_with_params(14281092735667204170),2.011339
"product_reduce_(3424,)",main,jit_kernel_with_params(14281092735667204170),2.114286
"product_reduce_(3424,)",main,jit_kernel_with_params(14281092735667204170),2.01
"product_reduce_(3424,)",main,jit_kernel_with_params(14281092735667204170),2.014286
"product_reduce_(3424,)",main,jit_kernel_with_params(14281092735667204170),2.014286
"product_reduce_(3424,)",main,jit_kernel_with_params(14281092735667204170),2.014197
"product_reduce_(3424,)",main,jit_kernel_with_params(14281092735667204170),2.01009
"product_reduce_(3424,)",main,jit_kernel_with_params(14281092735667204170),2.009911
"product_reduce_(3424,)",main,jit_kernel_with_params(14281092735667204170),2.008571
"product_reduce_(3424,)",sub,convert_reduce_fusion,1.365714
"product_reduce_(3424,)",sub,convert_reduce_fusion,1.367143
"product_reduce_(3424,)",sub,convert_reduce_fusion,1.471428
"product_reduce_(3424,)",sub,convert_reduce_fusion,1.367053
"product_reduce_(3424,)",sub,convert_reduce_fusion,1.368571
"product_reduce_(3424,)",sub,convert_reduce_fusion,1.368571
"product_reduce_(3424,)",sub,convert_reduce_fusion,1.37
"product_reduce_(3424,)",sub,convert_reduce_fusion,1.368482
"product_reduce_(3424,)",sub,convert_reduce_fusion,1.365803
"product_reduce_(3424,)",sub,convert_reduce_fusion,1.365714
"product_reduce_(3456,)",main,jit_kernel_with_params(16645272243251959663),2.012768
"product_reduce_(3456,)",main,jit_kernel_with_params(16645272243251959663),2.015625
"product_reduce_(3456,)",main,jit_kernel_with_params(16645272243251959663),2.012768
"product_reduce_(3456,)",main,jit_kernel_with_params(16645272243251959663),2.011429
"product_reduce_(3456,)",main,jit_kernel_with_params(16645272243251959663),2.024197
"product_reduce_(3456,)",main,jit_kernel_with_params(16645272243251959663),2.014285
"product_reduce_(3456,)",main,jit_kernel_with_params(16645272243251959663),2.01134
"product_reduce_(3456,)",main,jit_kernel_with_params(16645272243251959663),2.044196
"product_reduce_(3456,)",main,jit_kernel_with_params(16645272243251959663),2.010089
"product_reduce_(3456,)",main,jit_kernel_with_params(16645272243251959663),2.011518
"product_reduce_(3456,)",sub,convert_reduce_fusion,1.36866
"product_reduce_(3456,)",sub,convert_reduce_fusion,1.371517
"product_reduce_(3456,)",sub,convert_reduce_fusion,1.36866
"product_reduce_(3456,)",sub,convert_reduce_fusion,1.368572
"product_reduce_(3456,)",sub,convert_reduce_fusion,1.374285
"product_reduce_(3456,)",sub,convert_reduce_fusion,1.371429
"product_reduce_(3456,)",sub,convert_reduce_fusion,1.367143
"product_reduce_(3456,)",sub,convert_reduce_fusion,1.400089
"product_reduce_(3456,)",sub,convert_reduce_fusion,1.368482
"product_reduce_(3456,)",sub,convert_reduce_fusion,1.37
"product_reduce_(3488,)",main,jit_kernel_with_params(14753917496130139862),2.051429
"product_reduce_(3488,)",main,jit_kernel_with_params(14753917496130139862),2.011428
"product_reduce_(3488,)",main,jit_kernel_with_params(14753917496130139862),2.010089
"product_reduce_(3488,)",main,jit_kernel_with_params(14753917496130139862),2.010089
"product_reduce_(3488,)",main,jit_kernel_with_params(14753917496130139862),2.010089
"product_reduce_(3488,)",main,jit_kernel_with_params(14753917496130139862),2.010089
"product_reduce_(3488,)",main,jit_kernel_with_params(14753917496130139862),2.01
"product_reduce_(3488,)",main,jit_kernel_with_params(14753917496130139862),2.2
"product_reduce_(3488,)",main,jit_kernel_with_params(14753917496130139862),2.207143
"product_reduce_(3488,)",main,jit_kernel_with_params(14753917496130139862),2.008571
"product_reduce_(3488,)",sub,convert_reduce_fusion,1.408571
"product_reduce_(3488,)",sub,convert_reduce_fusion,1.368572
"product_reduce_(3488,)",sub,convert_reduce_fusion,1.368482
"product_reduce_(3488,)",sub,convert_reduce_fusion,1.368482
"product_reduce_(3488,)",sub,convert_reduce_fusion,1.368482
"product_reduce_(3488,)",sub,convert_reduce_fusion,1.368482
"product_reduce_(3488,)",sub,convert_reduce_fusion,1.367054
"product_reduce_(3488,)",sub,convert_reduce_fusion,1.557143
"product_reduce_(3488,)",sub,convert_reduce_fusion,1.564375
"product_reduce_(3488,)",sub,convert_reduce_fusion,1.365714
"product_reduce_(3520,)",main,jit_kernel_with_params(8592924640235539965),2.021429
"product_reduce_(3520,)",main,jit_kernel_with_params(8592924640235539965),2.009911
"product_reduce_(3520,)",main,jit_kernel_with_params(8592924640235539965),2.005714
"product_reduce_(3520,)",main,jit_kernel_with_params(8592924640235539965),2.044375
"product_reduce_(3520,)",main,jit_kernel_with_params(8592924640235539965),2.007054
"product_reduce_(3520,)",main,jit_kernel_with_params(8592924640235539965),2.007054
"product_reduce_(3520,)",main,jit_kernel_with_params(8592924640235539965),2.009911
"product_reduce_(3520,)",main,jit_kernel_with_params(8592924640235539965),2.008482
"product_reduce_(3520,)",main,jit_kernel_with_params(8592924640235539965),2.005715
"product_reduce_(3520,)",main,jit_kernel_with_params(8592924640235539965),2.009911
"product_reduce_(3520,)",sub,convert_reduce_fusion,1.378482
"product_reduce_(3520,)",sub,convert_reduce_fusion,1.365804
"product_reduce_(3520,)",sub,convert_reduce_fusion,1.362857
"product_reduce_(3520,)",sub,convert_reduce_fusion,1.364197
"product_reduce_(3520,)",sub,convert_reduce_fusion,1.362946
"product_reduce_(3520,)",sub,convert_reduce_fusion,1.362947
"product_reduce_(3520,)",sub,convert_reduce_fusion,1.365804
"product_reduce_(3520,)",sub,convert_reduce_fusion,1.364286
"product_reduce_(3520,)",sub,convert_reduce_fusion,1.362857
"product_reduce_(3520,)",sub,convert_reduce_fusion,1.365804
"product_reduce_(3552,)",main,jit_kernel_with_params(7779578282660449260),2.012858
"product_reduce_(3552,)",main,jit_kernel_with_params(7779578282660449260),2.012857
"product_reduce_(3552,)",main,jit_kernel_with_params(7779578282660449260),2.014286
"product_reduce_(3552,)",main,jit_kernel_with_params(7779578282660449260),2.014286
"product_reduce_(3552,)",main,jit_kernel_with_params(7779578282660449260),2.011517
"product_reduce_(3552,)",main,jit_kernel_with_params(7779578282660449260),2.012768
"product_reduce_(3552,)",main,jit_kernel_with_params(7779578282660449260),2.012857
"product_reduce_(3552,)",main,jit_kernel_with_params(7779578282660449260),2.011428
"product_reduce_(3552,)",main,jit_kernel_with_params(7779578282660449260),2.011518
"product_reduce_(3552,)",main,jit_kernel_with_params(7779578282660449260),2.031429
"product_reduce_(3552,)",sub,convert_reduce_fusion,1.369911
"product_reduce_(3552,)",sub,convert_reduce_fusion,1.36991
"product_reduce_(3552,)",sub,convert_reduce_fusion,1.371428
"product_reduce_(3552,)",sub,convert_reduce_fusion,1.371428
"product_reduce_(3552,)",sub,convert_reduce_fusion,1.37
"product_reduce_(3552,)",sub,convert_reduce_fusion,1.368572
"product_reduce_(3552,)",sub,convert_reduce_fusion,1.36991
"product_reduce_(3552,)",sub,convert_reduce_fusion,1.368571
"product_reduce_(3552,)",sub,convert_reduce_fusion,1.37
"product_reduce_(3552,)",sub,convert_reduce_fusion,1.388572
"product_reduce_(3584,)",main,jit_kernel_with_params(12382829521577229255),2.198661
"product_reduce_(3584,)",main,jit_kernel_with_params(12382829521577229255),2.002946
"product_reduce_(3584,)",main,jit_kernel_with_params(12382829521577229255),2.007053
"product_reduce_(3584,)",main,jit_kernel_with_params(12382829521577229255),2.005714
"product_reduce_(3584,)",main,jit_kernel_with_params(12382829521577229255),2.007232
"product_reduce_(3584,)",main,jit_kernel_with_params(12382829521577229255),2.004286
"product_reduce_(3584,)",main,jit_kernel_with_params(12382829521577229255),2.008661
"product_reduce_(3584,)",main,jit_kernel_with_params(12382829521577229255),2.09866
"product_reduce_(3584,)",main,jit_kernel_with_params(12382829521577229255),2.008482
"product_reduce_(3584,)",main,jit_kernel_with_params(12382829521577229255),2.004286
"product_reduce_(3584,)",sub,convert_reduce_fusion,1.557053
"product_reduce_(3584,)",sub,convert_reduce_fusion,1.361428
"product_reduce_(3584,)",sub,convert_reduce_fusion,1.362947
"product_reduce_(3584,)",sub,convert_reduce_fusion,1.362857
"product_reduce_(3584,)",sub,convert_reduce_fusion,1.365625
"product_reduce_(3584,)",sub,convert_reduce_fusion,1.361518
"product_reduce_(3584,)",sub,convert_reduce_fusion,1.364375
"product_reduce_(3584,)",sub,convert_reduce_fusion,1.362857
"product_reduce_(3584,)",sub,convert_reduce_fusion,1.364286
"product_reduce_(3584,)",sub,convert_reduce_fusion,1.361339
"product_reduce_(3616,)",main,jit_kernel_with_params(13695309368902756064),2.017143
"product_reduce_(3616,)",main,jit_kernel_with_params(13695309368902756064),2.015804
"product_reduce_(3616,)",main,jit_kernel_with_params(13695309368902756064),2.014286
"product_reduce_(3616,)",main,jit_kernel_with_params(13695309368902756064),2.182768
"product_reduce_(3616,)",main,jit_kernel_with_params(13695309368902756064),2.012857
"product_reduce_(3616,)",main,jit_kernel_with_params(13695309368902756064),2.012857
"product_reduce_(3616,)",main,jit_kernel_with_params(13695309368902756064),2.017232
"product_reduce_(3616,)",main,jit_kernel_with_params(13695309368902756064),2.012857
"product_reduce_(3616,)",main,jit_kernel_with_params(13695309368902756064),2.015714
"product_reduce_(3616,)",main,jit_kernel_with_params(13695309368902756064),2.202857
"product_reduce_(3616,)",sub,convert_reduce_fusion,1.374285
"product_reduce_(3616,)",sub,convert_reduce_fusion,1.374196
"product_reduce_(3616,)",sub,convert_reduce_fusion,1.371428
"product_reduce_(3616,)",sub,convert_reduce_fusion,1.538571
"product_reduce_(3616,)",sub,convert_reduce_fusion,1.370089
"product_reduce_(3616,)",sub,convert_reduce_fusion,1.369911
"product_reduce_(3616,)",sub,convert_reduce_fusion,1.375714
"product_reduce_(3616,)",sub,convert_reduce_fusion,1.370089
"product_reduce_(3616,)",sub,convert_reduce_fusion,1.372768
"product_reduce_(3616,)",sub,convert_reduce_fusion,1.56
"product_reduce_(3648,)",main,jit_kernel_with_params(16587707350420122718),2.008571
"product_reduce_(3648,)",main,jit_kernel_with_params(16587707350420122718),2.015804
"product_reduce_(3648,)",main,jit_kernel_with_params(16587707350420122718),2.008661
"product_reduce_(3648,)",main,jit_kernel_with_params(16587707350420122718),2.008482
"product_reduce_(3648,)",main,jit_kernel_with_params(16587707350420122718),2.042857
"product_reduce_(3648,)",main,jit_kernel_with_params(16587707350420122718),2.008482
"product_reduce_(3648,)",main,jit_kernel_with_params(16587707350420122718),2.008482
"product_reduce_(3648,)",main,jit_kernel_with_params(16587707350420122718),2.005714
"product_reduce_(3648,)",main,jit_kernel_with_params(16587707350420122718),2.008482
"product_reduce_(3648,)",main,jit_kernel_with_params(16587707350420122718),2.007143
"product_reduce_(3648,)",sub,convert_reduce_fusion,1.365714
"product_reduce_(3648,)",sub,convert_reduce_fusion,1.374197
"product_reduce_(3648,)",sub,convert_reduce_fusion,1.367143
"product_reduce_(3648,)",sub,convert_reduce_fusion,1.364286
"product_reduce_(3648,)",sub,convert_reduce_fusion,1.4
"product_reduce_(3648,)",sub,convert_reduce_fusion,1.364285
"product_reduce_(3648,)",sub,convert_reduce_fusion,1.364286
"product_reduce_(3648,)",sub,convert_reduce_fusion,1.362857
"product_reduce_(3648,)",sub,convert_reduce_fusion,1.364286
"product_reduce_(3648,)",sub,convert_reduce_fusion,1.364375
"product_reduce_(3680,)",main,jit_kernel_with_params(5782543681760693488),2.014286
"product_reduce_(3680,)",main,jit_kernel_with_params(5782543681760693488),2.015804
"product_reduce_(3680,)",main,jit_kernel_with_params(5782543681760693488),2.017054
"product_reduce_(3680,)",main,jit_kernel_with_params(5782543681760693488),2.012857
"product_reduce_(3680,)",main,jit_kernel_with_params(5782543681760693488),2.014286
"product_reduce_(3680,)",main,jit_kernel_with_params(5782543681760693488),2.018571
"product_reduce_(3680,)",main,jit_kernel_with_params(5782543681760693488),2.015625
"product_reduce_(3680,)",main,jit_kernel_with_params(5782543681760693488),2.014375
"product_reduce_(3680,)",main,jit_kernel_with_params(5782543681760693488),2.015715
"product_reduce_(3680,)",main,jit_kernel_with_params(5782543681760693488),2.022857
"product_reduce_(3680,)",sub,convert_reduce_fusion,1.371429
"product_reduce_(3680,)",sub,convert_reduce_fusion,1.374196
"product_reduce_(3680,)",sub,convert_reduce_fusion,1.372857
"product_reduce_(3680,)",sub,convert_reduce_fusion,1.370089
"product_reduce_(3680,)",sub,convert_reduce_fusion,1.37
"product_reduce_(3680,)",sub,convert_reduce_fusion,1.375625
"product_reduce_(3680,)",sub,convert_reduce_fusion,1.37
"product_reduce_(3680,)",sub,convert_reduce_fusion,1.372857
"product_reduce_(3680,)",sub,convert_reduce_fusion,1.372768
"product_reduce_(3680,)",sub,convert_reduce_fusion,1.371429
"product_reduce_(3712,)",main,jit_kernel_with_params(7805289625969980544),2.017143
"product_reduce_(3712,)",main,jit_kernel_with_params(7805289625969980544),2.015804
"product_reduce_(3712,)",main,jit_kernel_with_params(7805289625969980544),2.015803
"product_reduce_(3712,)",main,jit_kernel_with_params(7805289625969980544),2.211428
"product_reduce_(3712,)",main,jit_kernel_with_params(7805289625969980544),2.017054
"product_reduce_(3712,)",main,jit_kernel_with_params(7805289625969980544),2.267232
"product_reduce_(3712,)",main,jit_kernel_with_params(7805289625969980544),2.017143
"product_reduce_(3712,)",main,jit_kernel_with_params(7805289625969980544),2.015714
"product_reduce_(3712,)",main,jit_kernel_with_params(7805289625969980544),2.017143
"product_reduce_(3712,)",main,jit_kernel_with_params(7805289625969980544),2.015803
"product_reduce_(3712,)",sub,convert_reduce_fusion,1.374286
"product_reduce_(3712,)",sub,convert_reduce_fusion,1.374196
"product_reduce_(3712,)",sub,convert_reduce_fusion,1.374196
"product_reduce_(3712,)",sub,convert_reduce_fusion,1.568571
"product_reduce_(3712,)",sub,convert_reduce_fusion,1.372858
"product_reduce_(3712,)",sub,convert_reduce_fusion,1.625625
"product_reduce_(3712,)",sub,convert_reduce_fusion,1.374286
"product_reduce_(3712,)",sub,convert_reduce_fusion,1.372768
"product_reduce_(3712,)",sub,convert_reduce_fusion,1.374286
"product_reduce_(3712,)",sub,convert_reduce_fusion,1.374196
"product_reduce_(3744,)",main,jit_kernel_with_params(17208322395750656928),2.025714
"product_reduce_(3744,)",main,jit_kernel_with_params(17208322395750656928),2.192858
"product_reduce_(3744,)",main,jit_kernel_with_params(17208322395750656928),2.16991
"product_reduce_(3744,)",main,jit_kernel_with_params(17208322395750656928),2.01
"product_reduce_(3744,)",main,jit_kernel_with_params(17208322395750656928),2.012768
"product_reduce_(3744,)",main,jit_kernel_with_params(17208322395750656928),2.035803
"product_reduce_(3744,)",main,jit_kernel_with_params(17208322395750656928),2.01
"product_reduce_(3744,)",main,jit_kernel_with_params(17208322395750656928),2.014286
"product_reduce_(3744,)",main,jit_kernel_with_params(17208322395750656928),2.01
"product_reduce_(3744,)",main,jit_kernel_with_params(17208322395750656928),2.009911
"product_reduce_(3744,)",sub,convert_reduce_fusion,1.368661
"product_reduce_(3744,)",sub,convert_reduce_fusion,1.549911
"product_reduce_(3744,)",sub,convert_reduce_fusion,1.368571
"product_reduce_(3744,)",sub,convert_reduce_fusion,1.367054
"product_reduce_(3744,)",sub,convert_reduce_fusion,1.368661
"product_reduce_(3744,)",sub,convert_reduce_fusion,1.367054
"product_reduce_(3744,)",sub,convert_reduce_fusion,1.367054
"product_reduce_(3744,)",sub,convert_reduce_fusion,1.371429
"product_reduce_(3744,)",sub,convert_reduce_fusion,1.367054
"product_reduce_(3744,)",sub,convert_reduce_fusion,1.365803
"product_reduce_(3776,)",main,jit_kernel_with_params(17349999106128854481),2.011518
"product_reduce_(3776,)",main,jit_kernel_with_params(17349999106128854481),2.004285
"product_reduce_(3776,)",main,jit_kernel_with_params(17349999106128854481),2.008482
"product_reduce_(3776,)",main,jit_kernel_with_params(17349999106128854481),2.014285
"product_reduce_(3776,)",main,jit_kernel_with_params(17349999106128854481),2.007232
"product_reduce_(3776,)",main,jit_kernel_with_params(17349999106128854481),2.014286
"product_reduce_(3776,)",main,jit_kernel_with_params(17349999106128854481),2.012946
"product_reduce_(3776,)",main,jit_kernel_with_params(17349999106128854481),2.124286
"product_reduce_(3776,)",main,jit_kernel_with_params(17349999106128854481),2.249911
"product_reduce_(3776,)",main,jit_kernel_with_params(17349999106128854481),2.017143
"product_reduce_(3776,)",sub,convert_reduce_fusion,1.37
"product_reduce_(3776,)",sub,convert_reduce_fusion,1.361518
"product_reduce_(3776,)",sub,convert_reduce_fusion,1.364286
"product_reduce_(3776,)",sub,convert_reduce_fusion,1.371429
"product_reduce_(3776,)",sub,convert_reduce_fusion,1.365625
"product_reduce_(3776,)",sub,convert_reduce_fusion,1.371429
"product_reduce_(3776,)",sub,convert_reduce_fusion,1.37134
"product_reduce_(3776,)",sub,convert_reduce_fusion,1.481518
"product_reduce_(3776,)",sub,convert_reduce_fusion,1.605803
"product_reduce_(3776,)",sub,convert_reduce_fusion,1.374286
"product_reduce_(3808,)",main,jit_kernel_with_params(1077257117971960863),2.01009
"product_reduce_(3808,)",main,jit_kernel_with_params(1077257117971960863),2.012768
"product_reduce_(3808,)",main,jit_kernel_with_params(1077257117971960863),2.012768
"product_reduce_(3808,)",main,jit_kernel_with_params(1077257117971960863),2.011429
"product_reduce_(3808,)",main,jit_kernel_with_params(1077257117971960863),2.011428
"product_reduce_(3808,)",main,jit_kernel_with_params(1077257117971960863),2.014285
"product_reduce_(3808,)",main,jit_kernel_with_params(1077257117971960863),2.01
"product_reduce_(3808,)",main,jit_kernel_with_params(1077257117971960863),2.011429
"product_reduce_(3808,)",main,jit_kernel_with_params(1077257117971960863),2.011518
"product_reduce_(3808,)",main,jit_kernel_with_params(1077257117971960863),2.011517
"product_reduce_(3808,)",sub,convert_reduce_fusion,1.368482
"product_reduce_(3808,)",sub,convert_reduce_fusion,1.36866
"product_reduce_(3808,)",sub,convert_reduce_fusion,1.36866
"product_reduce_(3808,)",sub,convert_reduce_fusion,1.368571
"product_reduce_(3808,)",sub,convert_reduce_fusion,1.368571
"product_reduce_(3808,)",sub,convert_reduce_fusion,1.37
"product_reduce_(3808,)",sub,convert_reduce_fusion,1.367053
"product_reduce_(3808,)",sub,convert_reduce_fusion,1.368571
"product_reduce_(3808,)",sub,convert_reduce_fusion,1.37
"product_reduce_(3808,)",sub,convert_reduce_fusion,1.37
"product_reduce_(3840,)",main,jit_kernel_with_params(4463723156744917441),2.008661
"product_reduce_(3840,)",main,jit_kernel_with_params(4463723156744917441),2.012857
"product_reduce_(3840,)",main,jit_kernel_with_params(4463723156744917441),2.162858
"product_reduce_(3840,)",main,jit_kernel_with_params(4463723156744917441),2.012768
"product_reduce_(3840,)",main,jit_kernel_with_params(4463723156744917441),2.012768
"product_reduce_(3840,)",main,jit_kernel_with_params(4463723156744917441),2.014286
"product_reduce_(3840,)",main,jit_kernel_with_params(4463723156744917441),2.011429
"product_reduce_(3840,)",main,jit_kernel_with_params(4463723156744917441),2.011518
"product_reduce_(3840,)",main,jit_kernel_with_params(4463723156744917441),2.011428
"product_reduce_(3840,)",main,jit_kernel_with_params(4463723156744917441),2.165714
"product_reduce_(3840,)",sub,convert_reduce_fusion,1.367143
"product_reduce_(3840,)",sub,convert_reduce_fusion,1.36991
"product_reduce_(3840,)",sub,convert_reduce_fusion,1.52
"product_reduce_(3840,)",sub,convert_reduce_fusion,1.368661
"product_reduce_(3840,)",sub,convert_reduce_fusion,1.368661
"product_reduce_(3840,)",sub,convert_reduce_fusion,1.368571
"product_reduce_(3840,)",sub,convert_reduce_fusion,1.368571
"product_reduce_(3840,)",sub,convert_reduce_fusion,1.37
"product_reduce_(3840,)",sub,convert_reduce_fusion,1.368571
"product_reduce_(3840,)",sub,convert_reduce_fusion,1.368661
"product_reduce_(3872,)",main,jit_kernel_with_params(369557664506413359),2.014286
"product_reduce_(3872,)",main,jit_kernel_with_params(369557664506413359),2.13009
"product_reduce_(3872,)",main,jit_kernel_with_params(369557664506413359),2.057143
"product_reduce_(3872,)",main,jit_kernel_with_params(369557664506413359),2.011339
"product_reduce_(3872,)",main,jit_kernel_with_params(369557664506413359),2.014286
"product_reduce_(3872,)",main,jit_kernel_with_params(369557664506413359),2.158661
"product_reduce_(3872,)",main,jit_kernel_with_params(369557664506413359),2.012857
"product_reduce_(3872,)",main,jit_kernel_with_params(369557664506413359),2.012857
"product_reduce_(3872,)",main,jit_kernel_with_params(369557664506413359),2.048572
"product_reduce_(3872,)",main,jit_kernel_with_params(369557664506413359),2.012946
"product_reduce_(3872,)",sub,convert_reduce_fusion,1.37
"product_reduce_(3872,)",sub,convert_reduce_fusion,1.372768
"product_reduce_(3872,)",sub,convert_reduce_fusion,1.414286
"product_reduce_(3872,)",sub,convert_reduce_fusion,1.367143
"product_reduce_(3872,)",sub,convert_reduce_fusion,1.371429
"product_reduce_(3872,)",sub,convert_reduce_fusion,1.517054
"product_reduce_(3872,)",sub,convert_reduce_fusion,1.370089
"product_reduce_(3872,)",sub,convert_reduce_fusion,1.370089
"product_reduce_(3872,)",sub,convert_reduce_fusion,1.405714
"product_reduce_(3872,)",sub,convert_reduce_fusion,1.371339
"product_reduce_(3904,)",main,jit_kernel_with_params(6328119652804624475),2.005715
"product_reduce_(3904,)",main,jit_kernel_with_params(6328119652804624475),2.002857
"product_reduce_(3904,)",main,jit_kernel_with_params(6328119652804624475),2.005714
"product_reduce_(3904,)",main,jit_kernel_with_params(6328119652804624475),2.034197
"product_reduce_(3904,)",main,jit_kernel_with_params(6328119652804624475),2.002947
"product_reduce_(3904,)",main,jit_kernel_with_params(6328119652804624475),2.037143
"product_reduce_(3904,)",main,jit_kernel_with_params(6328119652804624475),2.04
"product_reduce_(3904,)",main,jit_kernel_with_params(6328119652804624475),2.002947
"product_reduce_(3904,)",main,jit_kernel_with_params(6328119652804624475),2.008482
"product_reduce_(3904,)",main,jit_kernel_with_params(6328119652804624475),2.004375
"product_reduce_(3904,)",sub,convert_reduce_fusion,1.364286
"product_reduce_(3904,)",sub,convert_reduce_fusion,1.36
"product_reduce_(3904,)",sub,convert_reduce_fusion,1.362857
"product_reduce_(3904,)",sub,convert_reduce_fusion,1.39
"product_reduce_(3904,)",sub,convert_reduce_fusion,1.361429
"product_reduce_(3904,)",sub,convert_reduce_fusion,1.394285
"product_reduce_(3904,)",sub,convert_reduce_fusion,1.397142
"product_reduce_(3904,)",sub,convert_reduce_fusion,1.361429
"product_reduce_(3904,)",sub,convert_reduce_fusion,1.364286
"product_reduce_(3904,)",sub,convert_reduce_fusion,1.362768
"product_reduce_(3936,)",main,jit_kernel_with_params(4364889292212828505),2.228571
"product_reduce_(3936,)",main,jit_kernel_with_params(4364889292212828505),2.171518
"product_reduce_(3936,)",main,jit_kernel_with_params(4364889292212828505),2.014285
"product_reduce_(3936,)",main,jit_kernel_with_params(4364889292212828505),2.154286
"product_reduce_(3936,)",main,jit_kernel_with_params(4364889292212828505),2.015714
"product_reduce_(3936,)",main,jit_kernel_with_params(4364889292212828505),2.012857
"product_reduce_(3936,)",main,jit_kernel_with_params(4364889292212828505),2.035714
"product_reduce_(3936,)",main,jit_kernel_with_params(4364889292212828505),2.012857
"product_reduce_(3936,)",main,jit_kernel_with_params(4364889292212828505),2.088661
"product_reduce_(3936,)",main,jit_kernel_with_params(4364889292212828505),2.011517
"product_reduce_(3936,)",sub,convert_reduce_fusion,1.585714
"product_reduce_(3936,)",sub,convert_reduce_fusion,1.371428
"product_reduce_(3936,)",sub,convert_reduce_fusion,1.371428
"product_reduce_(3936,)",sub,convert_reduce_fusion,1.511429
"product_reduce_(3936,)",sub,convert_reduce_fusion,1.372768
"product_reduce_(3936,)",sub,convert_reduce_fusion,1.369911
"product_reduce_(3936,)",sub,convert_reduce_fusion,1.392947
"product_reduce_(3936,)",sub,convert_reduce_fusion,1.369911
"product_reduce_(3936,)",sub,convert_reduce_fusion,1.447143
"product_reduce_(3936,)",sub,convert_reduce_fusion,1.37
"product_reduce_(3968,)",main,jit_kernel_with_params(6241284471825694892),2.042946
"product_reduce_(3968,)",main,jit_kernel_with_params(6241284471825694892),2.015625
"product_reduce_(3968,)",main,jit_kernel_with_params(6241284471825694892),2.015803
"product_reduce_(3968,)",main,jit_kernel_with_params(6241284471825694892),2.02009
"product_reduce_(3968,)",main,jit_kernel_with_params(6241284471825694892),2.018571
"product_reduce_(3968,)",main,jit_kernel_with_params(6241284471825694892),2.015714
"product_reduce_(3968,)",main,jit_kernel_with_params(6241284471825694892),2.017142
"product_reduce_(3968,)",main,jit_kernel_with_params(6241284471825694892),2.105803
"product_reduce_(3968,)",main,jit_kernel_with_params(6241284471825694892),2.015715
"product_reduce_(3968,)",main,jit_kernel_with_params(6241284471825694892),2.227143
"product_reduce_(3968,)",sub,convert_reduce_fusion,1.374286
"product_reduce_(3968,)",sub,convert_reduce_fusion,1.371518
"product_reduce_(3968,)",sub,convert_reduce_fusion,1.374197
"product_reduce_(3968,)",sub,convert_reduce_fusion,1.375803
"product_reduce_(3968,)",sub,convert_reduce_fusion,1.375625
"product_reduce_(3968,)",sub,convert_reduce_fusion,1.372946
"product_reduce_(3968,)",sub,convert_reduce_fusion,1.374286
"product_reduce_(3968,)",sub,convert_reduce_fusion,1.375714
"product_reduce_(3968,)",sub,convert_reduce_fusion,1.372768
"product_reduce_(3968,)",sub,convert_reduce_fusion,1.584375
"product_reduce_(4000,)",main,jit_kernel_with_params(17750857372795652379),2.012857
"product_reduce_(4000,)",main,jit_kernel_with_params(17750857372795652379),2.011517
"product_reduce_(4000,)",main,jit_kernel_with_params(17750857372795652379),2.012947
"product_reduce_(4000,)",main,jit_kernel_with_params(17750857372795652379),2.014286
"product_reduce_(4000,)",main,jit_kernel_with_params(17750857372795652379),2.154285
"product_reduce_(4000,)",main,jit_kernel_with_params(17750857372795652379),2.011518
"product_reduce_(4000,)",main,jit_kernel_with_params(17750857372795652379),2.012857
"product_reduce_(4000,)",main,jit_kernel_with_params(17750857372795652379),2.011518
"product_reduce_(4000,)",main,jit_kernel_with_params(17750857372795652379),2.014285
"product_reduce_(4000,)",main,jit_kernel_with_params(17750857372795652379),2.011518
"product_reduce_(4000,)",sub,convert_reduce_fusion,1.36991
"product_reduce_(4000,)",sub,convert_reduce_fusion,1.37
"product_reduce_(4000,)",sub,convert_reduce_fusion,1.371339
"product_reduce_(4000,)",sub,convert_reduce_fusion,1.371429
"product_reduce_(4000,)",sub,convert_reduce_fusion,1.371429
"product_reduce_(4000,)",sub,convert_reduce_fusion,1.37
"product_reduce_(4000,)",sub,convert_reduce_fusion,1.36991
"product_reduce_(4000,)",sub,convert_reduce_fusion,1.37
"product_reduce_(4000,)",sub,convert_reduce_fusion,1.371429
"product_reduce_(4000,)",sub,convert_reduce_fusion,1.37
"product_reduce_(4032,)",main,jit_kernel_with_params(3392124819829315808),2.017142
"product_reduce_(4032,)",main,jit_kernel_with_params(3392124819829315808),2.008571
"product_reduce_(4032,)",main,jit_kernel_with_params(3392124819829315808),2.252767
"product_reduce_(4032,)",main,jit_kernel_with_params(3392124819829315808),2.075715
"product_reduce_(4032,)",main,jit_kernel_with_params(3392124819829315808),2.007232
"product_reduce_(4032,)",main,jit_kernel_with_params(3392124819829315808),2.017143
"product_reduce_(4032,)",main,jit_kernel_with_params(3392124819829315808),2.017053
"product_reduce_(4032,)",main,jit_kernel_with_params(3392124819829315808),2.072947
"product_reduce_(4032,)",main,jit_kernel_with_params(3392124819829315808),2.062768
"product_reduce_(4032,)",main,jit_kernel_with_params(3392124819829315808),2.015715
"product_reduce_(4032,)",sub,convert_reduce_fusion,1.372946
"product_reduce_(4032,)",sub,convert_reduce_fusion,1.365715
"product_reduce_(4032,)",sub,convert_reduce_fusion,1.608661
"product_reduce_(4032,)",sub,convert_reduce_fusion,1.432947
"product_reduce_(4032,)",sub,convert_reduce_fusion,1.365625
"product_reduce_(4032,)",sub,convert_reduce_fusion,1.374286
"product_reduce_(4032,)",sub,convert_reduce_fusion,1.371518
"product_reduce_(4032,)",sub,convert_reduce_fusion,1.364196
"product_reduce_(4032,)",sub,convert_reduce_fusion,1.418572
"product_reduce_(4032,)",sub,convert_reduce_fusion,1.372768
"product_reduce_(4064,)",main,jit_kernel_with_params(15645251207576075963),2.171428
"product_reduce_(4064,)",main,jit_kernel_with_params(15645251207576075963),2.124197
"product_reduce_(4064,)",main,jit_kernel_with_params(15645251207576075963),2.017143
"product_reduce_(4064,)",main,jit_kernel_with_params(15645251207576075963),2.008572
"product_reduce_(4064,)",main,jit_kernel_with_params(15645251207576075963),2.007143
"product_reduce_(4064,)",main,jit_kernel_with_params(15645251207576075963),2.179911
"product_reduce_(4064,)",main,jit_kernel_with_params(15645251207576075963),2.002946
"product_reduce_(4064,)",main,jit_kernel_with_params(15645251207576075963),2.021429
"product_reduce_(4064,)",main,jit_kernel_with_params(15645251207576075963),2.058661
"product_reduce_(4064,)",main,jit_kernel_with_params(15645251207576075963),2.005714
"product_reduce_(4064,)",sub,convert_reduce_fusion,1.371428
"product_reduce_(4064,)",sub,convert_reduce_fusion,1.480089
"product_reduce_(4064,)",sub,convert_reduce_fusion,1.37
"product_reduce_(4064,)",sub,convert_reduce_fusion,1.365714
"product_reduce_(4064,)",sub,convert_reduce_fusion,1.364375
"product_reduce_(4064,)",sub,convert_reduce_fusion,1.371429
"product_reduce_(4064,)",sub,convert_reduce_fusion,1.361429
"product_reduce_(4064,)",sub,convert_reduce_fusion,1.371428
"product_reduce_(4064,)",sub,convert_reduce_fusion,1.417054
"product_reduce_(4064,)",sub,convert_reduce_fusion,1.362857
"product_reduce_(4096,)",main,jit_kernel_with_params(11392713614337316857),2.002857
"product_reduce_(4096,)",main,jit_kernel_with_params(11392713614337316857),2.171518
"product_reduce_(4096,)",main,jit_kernel_with_params(11392713614337316857),2.011429
"product_reduce_(4096,)",main,jit_kernel_with_params(11392713614337316857),2.001429
"product_reduce_(4096,)",main,jit_kernel_with_params(11392713614337316857),2.001518
"product_reduce_(4096,)",main,jit_kernel_with_params(11392713614337316857),2.008482
"product_reduce_(4096,)",main,jit_kernel_with_params(11392713614337316857),2.002857
"product_reduce_(4096,)",main,jit_kernel_with_params(11392713614337316857),2.000089
"product_reduce_(4096,)",main,jit_kernel_with_params(11392713614337316857),2.009911
"product_reduce_(4096,)",main,jit_kernel_with_params(11392713614337316857),2.0
"product_reduce_(4096,)",sub,convert_reduce_fusion,1.36
"product_reduce_(4096,)",sub,convert_reduce_fusion,1.361429
"product_reduce_(4096,)",sub,convert_reduce_fusion,1.368572
"product_reduce_(4096,)",sub,convert_reduce_fusion,1.358482
"product_reduce_(4096,)",sub,convert_reduce_fusion,1.35991
"product_reduce_(4096,)",sub,convert_reduce_fusion,1.364286
"product_reduce_(4096,)",sub,convert_reduce_fusion,1.36
"product_reduce_(4096,)",sub,convert_reduce_fusion,1.358572
"product_reduce_(4096,)",sub,convert_reduce_fusion,1.357232
"product_reduce_(4096,)",sub,convert_reduce_fusion,1.357143
