kernel_name,dur(us)
matmul_linear_1,1.3068838999999999
matmul_linear_2,1.5885357
matmul_linear_3,1.6233214
matmul_linear_4,1.7705803
matmul_linear_5,1.9364375000000003
matmul_linear_6,2.1204286
matmul_linear_7,2.3604644
matmul_linear_8,2.4382946999999997
matmul_linear_9,2.5858662
matmul_linear_10,2.8697144
matmul_linear_11,2.9287144
matmul_linear_12,3.0945712999999997
matmul_linear_13,3.3279912000000005
matmul_linear_14,3.5464106
matmul_linear_15,3.5340001
matmul_linear_16,3.7297322
matmul_linear_17,1.4648838999999998
matmul_linear_18,1.7524376
matmul_linear_19,2.117982
matmul_linear_20,2.4354374000000005
matmul_linear_21,2.759
matmul_linear_22,3.0558572000000006
matmul_linear_23,3.3742768999999995
matmul_linear_24,3.7050092
matmul_linear_25,3.6954375999999995
matmul_linear_26,4.0297499000000006
matmul_linear_27,4.2724019
matmul_linear_28,4.5041339
matmul_linear_29,4.7566875
matmul_linear_30,5.131259099999999
matmul_linear_31,5.335125
matmul_linear_32,5.589580199999999
matmul_linear_33,1.6605625
matmul_linear_34,1.7659821
matmul_linear_35,2.6000178
matmul_linear_36,2.980134
matmul_linear_37,3.4344373
matmul_linear_38,3.772125
matmul_linear_39,4.1821250999999995
matmul_linear_40,4.5428481
matmul_linear_41,4.8546965
matmul_linear_42,5.26525
matmul_linear_43,5.6114554
matmul_linear_44,6.0463752
matmul_linear_45,6.413874900000001
matmul_linear_46,6.7675804
matmul_linear_47,6.9274551
matmul_linear_48,7.2010178
matmul_linear_49,1.7757498999999999
matmul_linear_50,2.3825716
matmul_linear_51,2.9018482999999997
matmul_linear_52,3.4267232
matmul_linear_53,3.9976160999999997
matmul_linear_54,4.500848
matmul_linear_55,5.0251605999999995
matmul_linear_56,5.546285800000001
matmul_linear_57,6.072875
matmul_linear_58,6.7312678
matmul_linear_59,6.7788657
matmul_linear_60,7.244982500000001
matmul_linear_61,7.774571499999999
matmul_linear_62,8.1812587
matmul_linear_63,8.6668573
matmul_linear_64,9.1431607
matmul_linear_65,1.9366873999999998
matmul_linear_66,2.4362857
matmul_linear_67,3.2397231999999994
matmul_linear_68,3.8621341
matmul_linear_69,4.7876873
matmul_linear_70,5.4094465
matmul_linear_71,6.0128839
matmul_linear_72,6.582848200000001
matmul_linear_73,7.230553500000001
matmul_linear_74,7.6281342
matmul_linear_75,8.196428500000001
matmul_linear_76,8.5944197
matmul_linear_77,9.222276699999998
matmul_linear_78,9.7810001
matmul_linear_79,10.1972409
matmul_linear_80,10.698865999999999
matmul_linear_81,1.8575536
matmul_linear_82,2.8963036000000004
matmul_linear_83,3.5908572999999997
matmul_linear_84,4.3934105
matmul_linear_85,5.0445714
matmul_linear_86,6.0084554
matmul_linear_87,6.7555447
matmul_linear_88,7.1375625
matmul_linear_89,7.832285799999999
matmul_linear_90,8.4817053
matmul_linear_91,9.1632946
matmul_linear_92,9.780705299999997
matmul_linear_93,10.4324107
matmul_linear_94,11.1091338
matmul_linear_95,11.7725624
matmul_linear_96,12.4181339
matmul_linear_97,2.0951071
matmul_linear_98,3.0141158
matmul_linear_99,3.8422860000000005
matmul_linear_100,4.7151426999999995
matmul_linear_101,5.5773038
matmul_linear_102,6.428419600000001
matmul_linear_103,7.972821400000001
matmul_linear_104,8.659982
matmul_linear_105,9.3209909
matmul_linear_106,10.048277
matmul_linear_107,10.736294699999998
matmul_linear_108,11.4320268
matmul_linear_109,12.115535999999999
matmul_linear_110,12.750410699999998
matmul_linear_111,13.5220089
matmul_linear_112,14.1335714
matmul_linear_113,2.4091159
matmul_linear_114,3.272143
matmul_linear_115,4.171562400000001
matmul_linear_116,5.1178483
matmul_linear_117,6.114294599999999
matmul_linear_118,7.0535357
matmul_linear_119,8.0115537
matmul_linear_120,8.8960268
matmul_linear_121,9.6988482
matmul_linear_122,10.5354286
matmul_linear_123,11.316018000000001
matmul_linear_124,12.2232766
matmul_linear_125,12.9927235
matmul_linear_126,13.837437499999998
matmul_linear_127,14.6497143
matmul_linear_128,15.459857099999999
matmul_linear_129,2.5609823
matmul_linear_130,3.7474107000000005
matmul_linear_131,4.9356874999999985
matmul_linear_132,6.0350176
matmul_linear_133,7.0682767
matmul_linear_134,8.1211161
matmul_linear_135,9.1251341
matmul_linear_136,10.1907231
matmul_linear_137,11.6223123
matmul_linear_138,12.420857000000002
matmul_linear_139,13.293580500000001
matmul_linear_140,14.185294800000003
matmul_linear_141,15.066589400000002
matmul_linear_142,15.9648571
matmul_linear_143,16.7749911
matmul_linear_144,17.6991606
matmul_linear_145,2.5935894
matmul_linear_146,4.1569818000000005
matmul_linear_147,5.309151699999999
matmul_linear_148,6.475571700000001
matmul_linear_149,7.6007054
matmul_linear_150,8.773392699999999
matmul_linear_151,9.935580400000001
matmul_linear_152,11.036312500000001
matmul_linear_153,12.1565981
matmul_linear_154,12.690830299999998
matmul_linear_155,13.6909999
matmul_linear_156,14.7247321
matmul_linear_157,15.770598199999998
matmul_linear_158,16.721017800000002
matmul_linear_159,17.6871339
matmul_linear_160,18.780151699999998
matmul_linear_161,2.8118840000000005
matmul_linear_162,4.3484105
matmul_linear_163,5.57475
matmul_linear_164,6.889107
matmul_linear_165,8.1358394
matmul_linear_166,9.3992769
matmul_linear_167,10.656152
matmul_linear_168,11.907410700000002
matmul_linear_169,12.871294699999998
matmul_linear_170,13.9069998
matmul_linear_171,15.908312599999999
matmul_linear_172,16.900321400000003
matmul_linear_173,17.9765893
matmul_linear_174,18.9940267
matmul_linear_175,20.6276876
matmul_linear_176,21.127732100000003
matmul_linear_177,2.9061519000000002
matmul_linear_178,4.403294600000001
matmul_linear_179,5.930830300000001
matmul_linear_180,7.2633036
matmul_linear_181,8.7831431
matmul_linear_182,10.1309824
matmul_linear_183,11.542830499999999
matmul_linear_184,12.849991
matmul_linear_185,14.275990899999996
matmul_linear_186,15.6433925
matmul_linear_187,17.020428599999995
matmul_linear_188,17.161151699999998
matmul_linear_189,18.303116100000004
matmul_linear_190,19.512544400000003
matmul_linear_191,20.5425804
matmul_linear_192,21.737821399999998
matmul_linear_193,3.0458661
matmul_linear_194,5.0584285
matmul_linear_195,6.713124900000001
matmul_linear_196,8.156026800000001
matmul_linear_197,9.6462768
matmul_linear_198,11.136571400000001
matmul_linear_199,12.555303799999999
matmul_linear_200,13.937410700000001
matmul_linear_201,15.290705599999999
matmul_linear_202,16.4344107
matmul_linear_203,17.8089822
matmul_linear_204,19.0361249
matmul_linear_205,20.9871341
matmul_linear_206,22.198589
matmul_linear_207,24.018874899999997
matmul_linear_208,26.3148391
matmul_linear_209,3.0832767999999993
matmul_linear_210,4.7660978
matmul_linear_211,7.032723299999999
matmul_linear_212,8.5850178
matmul_linear_213,10.2288483
matmul_linear_214,11.6928573
matmul_linear_215,13.4950176
matmul_linear_216,14.809687700000001
matmul_linear_217,16.147000000000002
matmul_linear_218,17.415714299999998
matmul_linear_219,18.7908661
matmul_linear_220,20.198990900000002
matmul_linear_221,21.453722900000002
matmul_linear_222,22.360151699999996
matmul_linear_223,23.5697323
matmul_linear_224,25.134009
matmul_linear_225,3.2985715
matmul_linear_226,5.6248662000000005
matmul_linear_227,7.307267899999999
matmul_linear_228,9.0328753
matmul_linear_229,10.746338999999999
matmul_linear_230,12.3738661
matmul_linear_231,14.1795717
matmul_linear_232,15.6441521
matmul_linear_233,17.050151800000002
matmul_linear_234,18.463696399999996
matmul_linear_235,19.882598100000003
matmul_linear_236,21.3665715
matmul_linear_237,22.7376963
matmul_linear_238,24.2842946
matmul_linear_239,27.433732
matmul_linear_240,29.915973099999995
matmul_linear_241,3.2928571
matmul_linear_242,5.2273035000000005
matmul_linear_243,7.291571299999998
matmul_linear_244,9.029285699999999
matmul_linear_245,10.6907143
matmul_linear_246,12.472464299999999
matmul_linear_247,14.2069999
matmul_linear_248,15.989437599999997
matmul_linear_249,17.5752589
matmul_linear_250,19.3965981
matmul_linear_251,21.178607300000003
matmul_linear_252,24.354687300000002
matmul_linear_253,26.1794732
matmul_linear_254,28.0609734
matmul_linear_255,29.933160699999995
matmul_linear_256,28.286839300000004
matmul_linear_257,1.6033213
matmul_linear_258,1.8291339
matmul_linear_259,2.0250177000000003
matmul_linear_260,2.2658658000000003
matmul_linear_261,2.505152
matmul_linear_262,2.7434108000000004
matmul_linear_263,2.9694287
matmul_linear_264,3.2335713
matmul_linear_265,3.4111252
matmul_linear_266,3.7101341
matmul_linear_267,3.9622856000000004
matmul_linear_268,4.197125
matmul_linear_269,4.3845536
matmul_linear_270,4.6084195999999995
matmul_linear_271,4.857964400000001
matmul_linear_272,5.0970001
matmul_linear_273,1.7325982
matmul_linear_274,2.2488481999999994
matmul_linear_275,2.7003037999999995
matmul_linear_276,3.1651339999999997
matmul_linear_277,3.6629909999999994
matmul_linear_278,4.1631428
matmul_linear_279,4.587999900000001
matmul_linear_280,5.0497235
matmul_linear_281,5.5735535
matmul_linear_282,5.9965357
matmul_linear_283,6.4359999000000006
matmul_linear_284,6.9728572
matmul_linear_285,7.327419699999998
matmul_linear_286,7.7304194
matmul_linear_287,8.2398393
matmul_linear_288,8.6217144
matmul_linear_289,1.7174194
matmul_linear_290,2.4525536
matmul_linear_291,3.4745893000000003
matmul_linear_292,3.8759642
matmul_linear_293,4.2486874
matmul_linear_294,4.7702592
matmul_linear_295,5.157589199999999
matmul_linear_296,5.6256962999999995
matmul_linear_297,6.441312300000002
matmul_linear_298,6.8681518
matmul_linear_299,7.2654197
matmul_linear_300,7.6088661
matmul_linear_301,8.0574553
matmul_linear_302,8.4452946
matmul_linear_303,8.849428699999999
matmul_linear_304,9.280589299999999
matmul_linear_305,2.3087323
matmul_linear_306,2.6866249000000004
matmul_linear_307,3.3134021
matmul_linear_308,4.3594644
matmul_linear_309,5.0232676
matmul_linear_310,5.7494195999999995
matmul_linear_311,6.4577322
matmul_linear_312,7.056
matmul_linear_313,7.6630267000000005
matmul_linear_314,8.297883799999997
matmul_linear_315,8.9180267
matmul_linear_316,9.541303799999998
matmul_linear_317,10.1155893
matmul_linear_318,10.745437499999998
matmul_linear_319,11.3397054
matmul_linear_320,11.9708571
matmul_linear_321,2.3447052999999998
matmul_linear_322,3.3595802999999997
matmul_linear_323,4.0516786
matmul_linear_324,4.8054197
matmul_linear_325,6.096160599999999
matmul_linear_326,7.575267799999999
matmul_linear_327,8.126312600000002
matmul_linear_328,8.738839299999999
matmul_linear_329,9.3957679
matmul_linear_330,9.940553300000001
matmul_linear_331,10.5345627
matmul_linear_332,11.0608301
matmul_linear_333,11.7005804
matmul_linear_334,12.286616
matmul_linear_335,12.9338303
matmul_linear_336,13.484151699999998
matmul_linear_337,2.5205805000000003
matmul_linear_338,3.5791787999999998
matmul_linear_339,4.4152589
matmul_linear_340,5.2857144
matmul_linear_341,6.161285899999999
matmul_linear_342,7.5961517
matmul_linear_343,8.383142800000002
matmul_linear_344,9.2124286
matmul_linear_345,10.0007052
matmul_linear_346,10.820848100000001
matmul_linear_347,11.665714300000001
matmul_linear_348,12.457446299999999
matmul_linear_349,13.2777233
matmul_linear_350,14.390276799999999
matmul_linear_351,15.147884100000002
matmul_linear_352,16.0249999
matmul_linear_353,2.7204021000000003
matmul_linear_354,4.228607200000001
matmul_linear_355,5.2271518
matmul_linear_356,6.162321400000001
matmul_linear_357,7.143142899999999
matmul_linear_358,8.0998214
matmul_linear_359,10.7058929
matmul_linear_360,11.539276800000001
matmul_linear_361,12.2685359
matmul_linear_362,13.134446399999998
matmul_linear_363,13.840723
matmul_linear_364,15.9333123
matmul_linear_365,15.435874899999998
matmul_linear_366,16.194991199999997
matmul_linear_367,18.1497321
matmul_linear_368,19.039276499999996
matmul_linear_369,2.7005714999999997
matmul_linear_370,4.498393
matmul_linear_371,5.5765804
matmul_linear_372,6.6860089
matmul_linear_373,7.719866000000001
matmul_linear_374,10.364018000000002
matmul_linear_375,11.7714283
matmul_linear_376,11.2647054
matmul_linear_377,12.3218663
matmul_linear_378,13.2633929
matmul_linear_379,14.928312599999998
matmul_linear_380,15.760723200000001
matmul_linear_381,16.9300268
matmul_linear_382,17.7808481
matmul_linear_383,18.6315716
matmul_linear_384,20.3003127
matmul_linear_385,3.3348661
matmul_linear_386,5.1742678
matmul_linear_387,6.3723128
matmul_linear_388,7.556169499999998
matmul_linear_389,8.720437500000001
matmul_linear_390,9.950553500000002
matmul_linear_391,12.1275447
matmul_linear_392,13.1274106
matmul_linear_393,15.1901605
matmul_linear_394,16.0645984
matmul_linear_395,17.143982200000004
matmul_linear_396,19.8543927
matmul_linear_397,20.7777054
matmul_linear_398,23.294169599999996
matmul_linear_399,22.425544700000003
matmul_linear_400,25.2176964
matmul_linear_401,3.4132947000000002
matmul_linear_402,5.393312300000001
matmul_linear_403,6.6742767
matmul_linear_404,7.984276600000001
matmul_linear_405,9.258856999999999
matmul_linear_406,11.8824376
matmul_linear_407,12.981696399999999
matmul_linear_408,14.0920086
matmul_linear_409,15.2601428
matmul_linear_410,15.7498481
matmul_linear_411,17.7221518
matmul_linear_412,18.7612946
matmul_linear_413,20.7412947
matmul_linear_414,21.0128842
matmul_linear_415,22.1489554
matmul_linear_416,24.0328751
matmul_linear_417,3.6395536
matmul_linear_418,6.0448482
matmul_linear_419,7.5035624
matmul_linear_420,8.8897321
matmul_linear_421,10.3598751
matmul_linear_422,13.1791427
matmul_linear_423,14.4291247
matmul_linear_424,15.521740799999998
matmul_linear_425,16.7972946
matmul_linear_426,17.962696700000002
matmul_linear_427,24.705723
matmul_linear_428,23.533178499999998
matmul_linear_429,26.826009
matmul_linear_430,27.8699999
matmul_linear_431,26.8658751
matmul_linear_432,30.212294599999996
matmul_linear_433,3.6289733999999996
matmul_linear_434,5.2922947
matmul_linear_435,7.7355803
matmul_linear_436,9.468830200000001
matmul_linear_437,11.2371519
matmul_linear_438,12.965580300000003
matmul_linear_439,16.241589299999998
matmul_linear_440,18.305428400000004
matmul_linear_441,20.1458482
matmul_linear_442,22.127732100000003
matmul_linear_443,24.0428482
matmul_linear_444,21.7164196
matmul_linear_445,24.143009
matmul_linear_446,25.364821600000003
matmul_linear_447,26.728267799999998
matmul_linear_448,28.0259732
matmul_linear_449,4.260446499999999
matmul_linear_450,6.9643037
matmul_linear_451,8.6171073
matmul_linear_452,10.2713212
matmul_linear_453,13.8544196
matmul_linear_454,15.1941071
matmul_linear_455,16.6615715
matmul_linear_456,18.0051337
matmul_linear_457,19.4275893
matmul_linear_458,20.7582858
matmul_linear_459,22.181464199999997
matmul_linear_460,23.5928841
matmul_linear_461,31.2897321
matmul_linear_462,32.557133900000004
matmul_linear_463,33.7227322
matmul_linear_464,34.9954284
matmul_linear_465,4.2963036
matmul_linear_466,6.2517412
matmul_linear_467,8.958883799999999
matmul_linear_468,10.6739823
matmul_linear_469,14.600384000000002
matmul_linear_470,16.0618305
matmul_linear_471,17.574008799999998
matmul_linear_472,19.029750099999998
matmul_linear_473,20.507973099999997
matmul_linear_474,21.9974375
matmul_linear_475,23.455035799999997
matmul_linear_476,24.996848300000003
matmul_linear_477,26.5054554
matmul_linear_478,28.9216875
matmul_linear_479,30.247812400000004
matmul_linear_480,31.7665716
matmul_linear_481,4.4981964
matmul_linear_482,7.911295
matmul_linear_483,9.2704553
matmul_linear_484,11.282562400000002
matmul_linear_485,15.7405893
matmul_linear_486,17.3485534
matmul_linear_487,18.846536
matmul_linear_488,20.4767233
matmul_linear_489,22.1325983
matmul_linear_490,23.609125000000002
matmul_linear_491,25.2024106
matmul_linear_492,29.301009099999998
matmul_linear_493,28.4624375
matmul_linear_494,29.9854464
matmul_linear_495,38.563419700000004
matmul_linear_496,39.9567229
matmul_linear_497,4.4991429
matmul_linear_498,7.3401428
matmul_linear_499,9.4504376
matmul_linear_500,11.652428699999998
matmul_linear_501,13.741875000000002
matmul_linear_502,15.946553499999998
matmul_linear_503,20.7722858
matmul_linear_504,23.344714399999997
matmul_linear_505,25.859705399999996
matmul_linear_506,28.2988482
matmul_linear_507,30.733741099999996
matmul_linear_508,33.28100930000001
matmul_linear_509,35.815285599999996
matmul_linear_510,38.350419599999995
matmul_linear_511,40.929410700000005
matmul_linear_512,35.63940189999999
matmul_linear_513,1.8254017999999999
matmul_linear_514,2.1205625
matmul_linear_515,2.4128481
matmul_linear_516,2.7464284
matmul_linear_517,2.9837051
matmul_linear_518,3.3457410000000003
matmul_linear_519,3.6878304
matmul_linear_520,3.9341250000000003
matmul_linear_521,4.276999900000001
matmul_linear_522,4.484419600000001
matmul_linear_523,4.8401339
matmul_linear_524,5.0495803
matmul_linear_525,5.4102768999999995
matmul_linear_526,5.770446399999999
matmul_linear_527,5.984276899999999
matmul_linear_528,6.3269644
matmul_linear_529,1.9397677999999998
matmul_linear_530,2.6908839
matmul_linear_531,3.2678392
matmul_linear_532,3.8370091000000004
matmul_linear_533,4.4984731
matmul_linear_534,5.0431338
matmul_linear_535,5.644732
matmul_linear_536,6.2418212
matmul_linear_537,6.957437400000001
matmul_linear_538,7.568455299999999
matmul_linear_539,8.1276699
matmul_linear_540,8.648267899999999
matmul_linear_541,9.1906964
matmul_linear_542,9.8462947
matmul_linear_543,10.379696200000001
matmul_linear_544,10.953428500000001
matmul_linear_545,2.1134465000000002
matmul_linear_546,2.8940001000000004
matmul_linear_547,4.200580199999999
matmul_linear_548,4.791259
matmul_linear_549,5.260446499999999
matmul_linear_550,5.830142800000001
matmul_linear_551,7.056142599999999
matmul_linear_552,7.6158389
matmul_linear_553,8.049875100000001
matmul_linear_554,8.543
matmul_linear_555,8.965714100000001
matmul_linear_556,9.4429732
matmul_linear_557,9.9264465
matmul_linear_558,10.4424107
matmul_linear_559,10.824017999999999
matmul_linear_560,11.362008900000001
matmul_linear_561,2.511
matmul_linear_562,3.3974197000000004
matmul_linear_563,4.1005802
matmul_linear_564,5.3229731000000005
matmul_linear_565,6.5661338
matmul_linear_566,7.376714199999999
matmul_linear_567,8.0514377
matmul_linear_568,8.8428571
matmul_linear_569,9.6904286
matmul_linear_570,10.371410599999999
matmul_linear_571,11.1460357
matmul_linear_572,11.9101519
matmul_linear_573,12.6502858
matmul_linear_574,13.9499908
matmul_linear_575,14.601571299999998
matmul_linear_576,15.530741299999999
matmul_linear_577,3.079143
matmul_linear_578,4.0365893999999996
matmul_linear_579,4.914562600000001
matmul_linear_580,5.7825446
matmul_linear_581,8.900009
matmul_linear_582,9.6065894
matmul_linear_583,10.287392800000001
matmul_linear_584,10.9011429
matmul_linear_585,11.661106999999998
matmul_linear_586,12.4554553
matmul_linear_587,13.094285600000001
matmul_linear_588,15.147276999999999
matmul_linear_589,15.851705299999997
matmul_linear_590,15.061017800000002
matmul_linear_591,17.1786876
matmul_linear_592,18.0164018
matmul_linear_593,2.8935983999999997
matmul_linear_594,4.7727322999999995
matmul_linear_595,5.755705299999999
matmul_linear_596,6.7461696
matmul_linear_597,7.734875100000001
matmul_linear_598,9.447419499999999
matmul_linear_599,10.4066875
matmul_linear_600,11.3328662
matmul_linear_601,12.262401700000002
matmul_linear_602,13.2088661
matmul_linear_603,15.1228749
matmul_linear_604,15.8570176
matmul_linear_605,16.9321519
matmul_linear_606,17.9346874
matmul_linear_607,18.639527
matmul_linear_608,20.5005624
matmul_linear_609,3.3882678
matmul_linear_610,5.204687399999999
matmul_linear_611,6.4365892
matmul_linear_612,7.683562500000001
matmul_linear_613,8.803723200000002
matmul_linear_614,11.2530177
matmul_linear_615,13.578857099999999
matmul_linear_616,14.389732200000001
matmul_linear_617,17.4931609
matmul_linear_618,18.580419499999998
matmul_linear_619,17.147428700000003
matmul_linear_620,19.933259
matmul_linear_621,20.876276700000002
matmul_linear_622,24.0371339
matmul_linear_623,22.593553500000002
matmul_linear_624,25.624428400000006
matmul_linear_625,3.4301518
matmul_linear_626,5.7085626000000005
matmul_linear_627,6.889848000000001
matmul_linear_628,9.372991
matmul_linear_629,11.254723199999997
matmul_linear_630,12.8851787
matmul_linear_631,13.5118662
matmul_linear_632,14.9681252
matmul_linear_633,16.0302857
matmul_linear_634,17.2874731
matmul_linear_635,18.2710268
matmul_linear_636,19.326330300000002
matmul_linear_637,21.7011696
matmul_linear_638,22.679535500000004
matmul_linear_639,23.800223500000005
matmul_linear_640,24.9034199
matmul_linear_641,4.0932677
matmul_linear_642,6.450571399999999
matmul_linear_643,7.7436964
matmul_linear_644,9.035857099999998
matmul_linear_645,12.7838661
matmul_linear_646,13.803419400000001
matmul_linear_647,14.969419599999998
matmul_linear_648,16.0614017
matmul_linear_649,18.9031429
matmul_linear_650,22.716553499999996
matmul_linear_651,26.759553699999998
matmul_linear_652,24.777008900000002
matmul_linear_653,28.6888569
matmul_linear_654,29.664151800000003
matmul_linear_655,30.527723
matmul_linear_656,31.780821300000003
matmul_linear_657,4.081267899999999
matmul_linear_658,7.0611518
matmul_linear_659,8.528428400000001
matmul_linear_660,12.7599999
matmul_linear_661,13.987151799999998
matmul_linear_662,15.2461516
matmul_linear_663,16.505857
matmul_linear_664,17.6913036
matmul_linear_665,18.937133999999997
matmul_linear_666,21.9661338
matmul_linear_667,23.257964100000002
matmul_linear_668,24.732017899999995
matmul_linear_669,25.7958484
matmul_linear_670,27.1315893
matmul_linear_671,28.3908569
matmul_linear_672,29.765731999999996
matmul_linear_673,4.755991
matmul_linear_674,7.599714400000001
matmul_linear_675,9.1970268
matmul_linear_676,13.872732099999999
matmul_linear_677,15.193419699999998
matmul_linear_678,16.570821700000003
matmul_linear_679,18.016169499999997
matmul_linear_680,19.324732
matmul_linear_681,20.6805715
matmul_linear_682,21.9956071
matmul_linear_683,26.5635179
matmul_linear_684,27.9936963
matmul_linear_685,34.44085700000001
matmul_linear_686,35.653259000000006
matmul_linear_687,36.829446499999996
matmul_linear_688,37.8958841
matmul_linear_689,4.7991518
matmul_linear_690,7.475142699999999
matmul_linear_691,9.5992947
matmul_linear_692,11.6765714
matmul_linear_693,15.4935535
matmul_linear_694,17.8828393
matmul_linear_695,20.287125
matmul_linear_696,22.682589200000002
matmul_linear_697,25.1297322
matmul_linear_698,27.552723399999998
matmul_linear_699,30.011991000000005
matmul_linear_700,28.239009
matmul_linear_701,29.7002768
matmul_linear_702,31.148616100000005
matmul_linear_703,32.6207325
matmul_linear_704,34.0058661
matmul_linear_705,5.2731072999999995
matmul_linear_706,8.801267699999999
matmul_linear_707,10.5464283
matmul_linear_708,16.0795714
matmul_linear_709,17.6522677
matmul_linear_710,19.102741
matmul_linear_711,20.741107000000003
matmul_linear_712,22.1331607
matmul_linear_713,23.737267700000004
matmul_linear_714,25.3301603
matmul_linear_715,26.8254377
matmul_linear_716,31.8901429
matmul_linear_717,34.22655350000001
matmul_linear_718,35.9854823
matmul_linear_719,39.62629460000001
matmul_linear_720,44.1220265
matmul_linear_721,5.317446599999999
matmul_linear_722,7.701294499999999
matmul_linear_723,15.255901900000001
matmul_linear_724,17.1949999
matmul_linear_725,18.8304377
matmul_linear_726,20.4615892
matmul_linear_727,22.056553700000002
matmul_linear_728,23.708714399999998
matmul_linear_729,29.624428299999998
matmul_linear_730,27.0868838
matmul_linear_731,28.721169699999997
matmul_linear_732,34.1261426
matmul_linear_733,35.7592676
matmul_linear_734,36.348856999999995
matmul_linear_735,39.903142700000004
matmul_linear_736,39.8876073
matmul_linear_737,6.4211338
matmul_linear_738,8.908892999999999
matmul_linear_739,11.434018
matmul_linear_740,13.7981606
matmul_linear_741,20.073991099999997
matmul_linear_742,21.776009
matmul_linear_743,23.727009000000002
matmul_linear_744,25.4243035
matmul_linear_745,31.481731899999993
matmul_linear_746,33.4631518
matmul_linear_747,39.622740900000004
matmul_linear_748,36.5806785
matmul_linear_749,42.9890001
matmul_linear_750,44.6252946
matmul_linear_751,44.22858960000001
matmul_linear_752,43.9805715
matmul_linear_753,6.475562399999999
matmul_linear_754,8.9678571
matmul_linear_755,11.432883799999999
matmul_linear_756,13.9712858
matmul_linear_757,19.8016875
matmul_linear_758,22.899973
matmul_linear_759,25.989455300000003
matmul_linear_760,29.097276900000004
matmul_linear_761,32.2711609
matmul_linear_762,35.42312489999999
matmul_linear_763,38.5645713
matmul_linear_764,41.6801696
matmul_linear_765,44.781276899999995
matmul_linear_766,47.9243125
matmul_linear_767,51.0445534
matmul_linear_768,44.296018100000005
matmul_linear_769,2.2627230999999997
matmul_linear_770,2.4268039000000003
matmul_linear_771,2.8788482
matmul_linear_772,3.1627144
matmul_linear_773,3.4733305999999997
matmul_linear_774,3.9271428999999998
matmul_linear_775,4.2273127
matmul_linear_776,4.5962855000000005
matmul_linear_777,5.0571252
matmul_linear_778,5.4144108
matmul_linear_779,5.6972413
matmul_linear_780,6.120285699999999
matmul_linear_781,6.7958306
matmul_linear_782,7.215133799999999
matmul_linear_783,7.5858571999999995
matmul_linear_784,7.844866099999999
matmul_linear_785,2.0760089
matmul_linear_786,3.1004464
matmul_linear_787,3.8798661
matmul_linear_788,4.6411606
matmul_linear_789,5.372759
matmul_linear_790,6.1010266
matmul_linear_791,7.088249899999999
matmul_linear_792,7.835884
matmul_linear_793,8.4828303
matmul_linear_794,9.2203037
matmul_linear_795,9.9175713
matmul_linear_796,10.5509643
matmul_linear_797,11.2794553
matmul_linear_798,11.983705400000002
matmul_linear_799,12.7171519
matmul_linear_800,13.4047947
matmul_linear_801,2.5855622999999994
matmul_linear_802,3.3644197
matmul_linear_803,4.971142599999999
matmul_linear_804,5.603866099999999
matmul_linear_805,7.4484464
matmul_linear_806,7.854580099999998
matmul_linear_807,8.444714199999998
matmul_linear_808,9.0322949
matmul_linear_809,9.5531339
matmul_linear_810,10.1048748
matmul_linear_811,10.685982
matmul_linear_812,11.2447141
matmul_linear_813,11.758866200000002
matmul_linear_814,12.2842769
matmul_linear_815,14.0721427
matmul_linear_816,14.768437800000001
matmul_linear_817,2.6675625
matmul_linear_818,4.055589299999999
matmul_linear_819,4.9655448
matmul_linear_820,6.955410799999998
matmul_linear_821,7.858732199999999
matmul_linear_822,8.7165624
matmul_linear_823,9.590464200000001
matmul_linear_824,10.5164018
matmul_linear_825,11.3424106
matmul_linear_826,12.2324107
matmul_linear_827,14.040115899999998
matmul_linear_828,14.813312400000001
matmul_linear_829,15.798973100000001
matmul_linear_830,16.6013037
matmul_linear_831,17.3964464
matmul_linear_832,18.3651518
matmul_linear_833,3.8325893
matmul_linear_834,4.8095716
matmul_linear_835,5.695696400000001
matmul_linear_836,6.709124699999999
matmul_linear_837,9.759750200000001
matmul_linear_838,11.616571099999998
matmul_linear_839,12.329991
matmul_linear_840,13.095268
matmul_linear_841,16.0741339
matmul_linear_842,14.7252769
matmul_linear_843,15.393741199999997
matmul_linear_844,18.2075626
matmul_linear_845,19.1297322
matmul_linear_846,21.993866
matmul_linear_847,20.3874018
matmul_linear_848,23.2757322
matmul_linear_849,3.3975357
matmul_linear_850,5.500857099999999
matmul_linear_851,6.6942947
matmul_linear_852,7.7339644
matmul_linear_853,8.7589912
matmul_linear_854,11.1326875
matmul_linear_855,12.2364553
matmul_linear_856,14.7098661
matmul_linear_857,15.5927142
matmul_linear_858,16.8925537
matmul_linear_859,17.861169500000003
matmul_linear_860,18.8887143
matmul_linear_861,21.1541428
matmul_linear_862,22.222821200000002
matmul_linear_863,23.3205983
matmul_linear_864,24.3322855
matmul_linear_865,4.1644554
matmul_linear_866,6.2227321
matmul_linear_867,7.4113037
matmul_linear_868,8.6627321
matmul_linear_869,12.3243035
matmul_linear_870,13.3544286
matmul_linear_871,16.5091605
matmul_linear_872,17.626000400000002
matmul_linear_873,21.1145713
matmul_linear_874,22.2583038
matmul_linear_875,26.1844375
matmul_linear_876,24.026169700000004
matmul_linear_877,27.984142900000002
matmul_linear_878,28.8582678
matmul_linear_879,29.797294799999996
matmul_linear_880,30.785142999999998
matmul_linear_881,4.077589399999999
matmul_linear_882,7.157553700000001
matmul_linear_883,9.158687599999999
matmul_linear_884,11.245839100000001
matmul_linear_885,13.3265537
matmul_linear_886,15.0161247
matmul_linear_887,16.167303599999997
matmul_linear_888,17.9352947
matmul_linear_889,19.1470358
matmul_linear_890,22.1347053
matmul_linear_891,23.3440087
matmul_linear_892,24.6519554
matmul_linear_893,26.0534465
matmul_linear_894,27.224312599999998
matmul_linear_895,28.4280178
matmul_linear_896,29.6518571
matmul_linear_897,4.8153033999999995
matmul_linear_898,7.623866100000001
matmul_linear_899,9.0382947
matmul_linear_900,14.077839599999999
matmul_linear_901,15.273812099999997
matmul_linear_902,16.5885981
matmul_linear_903,17.7582679
matmul_linear_904,19.1159999
matmul_linear_905,24.501276899999997
matmul_linear_906,25.9525802
matmul_linear_907,27.3634645
matmul_linear_908,28.8619821
matmul_linear_909,35.016562500000006
matmul_linear_910,36.103419800000005
matmul_linear_911,37.012143
matmul_linear_912,38.14140189999999
matmul_linear_913,4.790571299999999
matmul_linear_914,8.3872768
matmul_linear_915,9.9145624
matmul_linear_916,15.3765717
matmul_linear_917,16.757125000000002
matmul_linear_918,18.0824286
matmul_linear_919,19.4610177
matmul_linear_920,20.8423125
matmul_linear_921,22.292669699999998
matmul_linear_922,26.167571399999996
matmul_linear_923,27.696723199999997
matmul_linear_924,29.0916964
matmul_linear_925,30.5362858
matmul_linear_926,31.955973400000005
matmul_linear_927,35.5872232
matmul_linear_928,34.852
matmul_linear_929,6.443696300000001
matmul_linear_930,8.8738395
matmul_linear_931,11.2998571
matmul_linear_932,16.8308482
matmul_linear_933,18.210982100000003
matmul_linear_934,19.6765626
matmul_linear_935,21.1168483
matmul_linear_936,22.5414017
matmul_linear_937,28.579848300000002
matmul_linear_938,30.1453124
matmul_linear_939,31.752294800000005
matmul_linear_940,33.44401789999999
matmul_linear_941,35.223428600000005
matmul_linear_942,36.9547142
matmul_linear_943,40.9927141
matmul_linear_944,45.4920001
matmul_linear_945,6.3885537999999995
matmul_linear_946,8.7860178
matmul_linear_947,11.391866
matmul_linear_948,15.646303499999998
matmul_linear_949,18.5101249
matmul_linear_950,21.3590087
matmul_linear_951,24.2171875
matmul_linear_952,27.1664377
matmul_linear_953,29.951267800000004
matmul_linear_954,32.910893
matmul_linear_955,35.772116000000004
matmul_linear_956,33.706839200000005
matmul_linear_957,35.5795716
matmul_linear_958,37.2425713
matmul_linear_959,41.2378573
matmul_linear_960,40.662687500000004
matmul_linear_961,6.171410799999999
matmul_linear_962,10.5557499
matmul_linear_963,17.8264197
matmul_linear_964,19.579875
matmul_linear_965,21.1734195
matmul_linear_966,22.796410700000003
matmul_linear_967,24.5734375
matmul_linear_968,26.2456877
matmul_linear_969,33.2388839
matmul_linear_970,35.019696200000006
matmul_linear_971,42.1252856
matmul_linear_972,38.0724464
matmul_linear_973,39.807178500000006
matmul_linear_974,44.6077054
matmul_linear_975,46.4882412
matmul_linear_976,51.3542679
matmul_linear_977,6.244276599999999
matmul_linear_978,10.533580099999998
matmul_linear_979,19.038964399999998
matmul_linear_980,20.825169699999996
matmul_linear_981,22.5998214
matmul_linear_982,24.3884107
matmul_linear_983,26.191312599999996
matmul_linear_984,27.982124799999998
matmul_linear_985,35.503026899999995
matmul_linear_986,37.3977234
matmul_linear_987,45.0271521
matmul_linear_988,40.65257150000001
matmul_linear_989,48.287116
matmul_linear_990,45.0102771
matmul_linear_991,46.7304464
matmul_linear_992,51.72441980000001
matmul_linear_993,7.7500178
matmul_linear_994,10.590259
matmul_linear_995,13.4295893
matmul_linear_996,19.716732099999998
matmul_linear_997,23.4040267
matmul_linear_998,26.9844377
matmul_linear_999,27.803267800000004
matmul_linear_1000,29.828249700000004
matmul_linear_1001,37.7547141
matmul_linear_1002,46.2585627
matmul_linear_1003,47.8735892
matmul_linear_1004,43.2105446
matmul_linear_1005,51.3677322
matmul_linear_1006,53.1565447
matmul_linear_1007,55.5485805
matmul_linear_1008,57.69229469999999
matmul_linear_1009,7.810428499999999
matmul_linear_1010,10.6494197
matmul_linear_1011,13.5885534
matmul_linear_1012,20.0018392
matmul_linear_1013,23.6866875
matmul_linear_1014,27.479687299999995
matmul_linear_1015,31.116999800000002
matmul_linear_1016,34.904026900000005
matmul_linear_1017,38.535151899999995
matmul_linear_1018,42.2861428
matmul_linear_1019,45.9424285
matmul_linear_1020,49.7049732
matmul_linear_1021,53.3553036
matmul_linear_1022,56.4767145
matmul_linear_1023,58.3240356
matmul_linear_1024,58.1452678
matmul_linear_1025,2.6522767999999997
matmul_linear_1026,2.8487499
matmul_linear_1027,3.2233125
matmul_linear_1028,3.5464104999999995
matmul_linear_1029,3.9911338
matmul_linear_1030,4.3817322
matmul_linear_1031,4.8883035999999995
matmul_linear_1032,5.2898483999999995
matmul_linear_1033,5.6941162
matmul_linear_1034,6.6390180999999995
matmul_linear_1035,7.060598200000001
matmul_linear_1036,7.427580400000001
matmul_linear_1037,7.822856999999999
matmul_linear_1038,8.2382587
matmul_linear_1039,8.650875000000001
matmul_linear_1040,9.0528211
matmul_linear_1041,2.4161607999999997
matmul_linear_1042,3.5818663
matmul_linear_1043,4.3462856
matmul_linear_1044,5.2194196
matmul_linear_1045,6.577571399999999
matmul_linear_1046,7.3810089
matmul_linear_1047,8.1853123
matmul_linear_1048,9.001553699999999
matmul_linear_1049,9.839991
matmul_linear_1050,10.6640269
matmul_linear_1051,11.4521518
matmul_linear_1052,12.265723400000002
matmul_linear_1053,13.0906962
matmul_linear_1054,13.889437399999997
matmul_linear_1055,15.158142899999998
matmul_linear_1056,16.1195714
matmul_linear_1057,3.0777052
matmul_linear_1058,4.0512766000000004
matmul_linear_1059,5.765294599999999
matmul_linear_1060,7.9586963
matmul_linear_1061,8.6586964
matmul_linear_1062,9.330437299999998
matmul_linear_1063,9.9619912
matmul_linear_1064,10.5148482
matmul_linear_1065,11.200116099999999
matmul_linear_1066,11.8548752
matmul_linear_1067,12.496277000000001
matmul_linear_1068,14.779866100000001
matmul_linear_1069,15.458143100000001
matmul_linear_1070,16.096169800000002
matmul_linear_1071,16.582401700000002
matmul_linear_1072,17.214696500000002
matmul_linear_1073,3.3606963999999997
matmul_linear_1074,4.708857200000001
matmul_linear_1075,5.7694016
matmul_linear_1076,8.1040448
matmul_linear_1077,9.046732299999999
matmul_linear_1078,10.077276600000001
matmul_linear_1079,11.0851697
matmul_linear_1080,12.139857300000001
matmul_linear_1081,14.2172856
matmul_linear_1082,15.346884100000002
matmul_linear_1083,16.298277000000002
matmul_linear_1084,17.155133999999997
matmul_linear_1085,18.4163392
matmul_linear_1086,19.3250447
matmul_linear_1087,20.182267799999998
matmul_linear_1088,22.224562399999996
matmul_linear_1089,4.511312800000001
matmul_linear_1090,5.742696499999999
matmul_linear_1091,6.8468574
matmul_linear_1092,8.179277000000003
matmul_linear_1093,11.479
matmul_linear_1094,14.3965713
matmul_linear_1095,14.483383899999998
matmul_linear_1096,15.275991199999998
matmul_linear_1097,16.2135712
matmul_linear_1098,19.8672855
matmul_linear_1099,20.823615999999998
matmul_linear_1100,21.3274197
matmul_linear_1101,22.2507143
matmul_linear_1102,23.2861516
matmul_linear_1103,23.8777231
matmul_linear_1104,27.4266965
matmul_linear_1105,4.0869912
matmul_linear_1106,6.630401999999999
matmul_linear_1107,7.9642322000000005
matmul_linear_1108,9.0887233
matmul_linear_1109,13.076981999999997
matmul_linear_1110,14.649848
matmul_linear_1111,16.0337232
matmul_linear_1112,17.1775982
matmul_linear_1113,18.3576965
matmul_linear_1114,21.305124900000003
matmul_linear_1115,22.4408393
matmul_linear_1116,23.5970357
matmul_linear_1117,24.788741100000003
matmul_linear_1118,26.035267800000003
matmul_linear_1119,27.330285800000002
matmul_linear_1120,28.4367143
matmul_linear_1121,5.9164285
matmul_linear_1122,7.3557232
matmul_linear_1123,8.7664197
matmul_linear_1124,13.5380267
matmul_linear_1125,14.7454464
matmul_linear_1126,15.8292947
matmul_linear_1127,21.3085894
matmul_linear_1128,22.7385804
matmul_linear_1129,24.1665806
matmul_linear_1130,25.4494285
matmul_linear_1131,26.875285599999994
matmul_linear_1132,28.2923125
matmul_linear_1133,29.7378393
matmul_linear_1134,31.1687322
matmul_linear_1135,31.3484198
matmul_linear_1136,32.516285700000005
matmul_linear_1137,4.855116100000001
matmul_linear_1138,8.340294700000001
matmul_linear_1139,10.771866
matmul_linear_1140,13.1557142
matmul_linear_1141,16.2651788
matmul_linear_1142,17.6026963
matmul_linear_1143,18.8610268
matmul_linear_1144,23.049598300000003
matmul_linear_1145,24.421874800000005
matmul_linear_1146,25.825410700000003
matmul_linear_1147,27.230294499999996
matmul_linear_1148,28.665848200000006
matmul_linear_1149,30.098125
matmul_linear_1150,31.4386962
matmul_linear_1151,35.1228839
matmul_linear_1152,34.2503124
matmul_linear_1153,5.7866966
matmul_linear_1154,9.1288661
matmul_linear_1155,15.447276800000001
matmul_linear_1156,16.8723125
matmul_linear_1157,18.2081697
matmul_linear_1158,19.6572767
matmul_linear_1159,21.0921605
matmul_linear_1160,22.517964400000004
matmul_linear_1161,28.912874999999996
matmul_linear_1162,30.464142900000002
matmul_linear_1163,32.1111427
matmul_linear_1164,33.7151251
matmul_linear_1165,35.3901341
matmul_linear_1166,39.7798839
matmul_linear_1167,41.3408572
matmul_linear_1168,40.276437599999994
matmul_linear_1169,5.8003124999999995
matmul_linear_1170,10.0284286
matmul_linear_1171,16.7604286
matmul_linear_1172,18.531009
matmul_linear_1173,20.0460268
matmul_linear_1174,21.4816875
matmul_linear_1175,22.917562500000003
matmul_linear_1176,24.4811251
matmul_linear_1177,31.201883999999996
matmul_linear_1178,30.799143000000004
matmul_linear_1179,32.47341959999999
matmul_linear_1180,34.017857299999996
matmul_linear_1181,35.7751339
matmul_linear_1182,40.1717052
matmul_linear_1183,41.715312499999996
matmul_linear_1184,40.6451519
matmul_linear_1185,7.4531072
matmul_linear_1186,10.306017800000001
matmul_linear_1187,14.760598000000002
matmul_linear_1188,20.0838482
matmul_linear_1189,21.6471248
matmul_linear_1190,23.230866
matmul_linear_1191,24.795008799999998
matmul_linear_1192,26.4031699
matmul_linear_1193,33.8672858
matmul_linear_1194,35.458732
matmul_linear_1195,36.8121337
matmul_linear_1196,38.6867232
matmul_linear_1197,40.5172858
matmul_linear_1198,45.758875
matmul_linear_1199,47.330571299999995
matmul_linear_1200,46.162714300000005
matmul_linear_1201,7.585624900000001
matmul_linear_1202,10.3476875
matmul_linear_1203,14.937267699999998
matmul_linear_1204,18.3456966
matmul_linear_1205,21.728428700000002
matmul_linear_1206,25.075312500000003
matmul_linear_1207,28.462142600000004
matmul_linear_1208,31.8082858
matmul_linear_1209,36.263428700000006
matmul_linear_1210,38.161705399999995
matmul_linear_1211,46.2289823
matmul_linear_1212,39.058749999999996
matmul_linear_1213,40.8484288
matmul_linear_1214,46.032696400000006
matmul_linear_1215,47.690009100000005
matmul_linear_1216,46.6089999
matmul_linear_1217,7.368259099999999
matmul_linear_1218,12.5118574
matmul_linear_1219,21.5640179
matmul_linear_1220,23.3510177
matmul_linear_1221,25.2191338
matmul_linear_1222,34.2162856
matmul_linear_1223,28.9008749
matmul_linear_1224,45.0868482
matmul_linear_1225,39.28942860000001
matmul_linear_1226,48.360562699999996
matmul_linear_1227,49.9761252
matmul_linear_1228,51.579133999999996
matmul_linear_1229,46.2423036
matmul_linear_1230,48.4666963
matmul_linear_1231,54.2125896
matmul_linear_1232,52.7634195
matmul_linear_1233,7.4490091
matmul_linear_1234,12.333285700000001
matmul_linear_1235,22.787990900000004
matmul_linear_1236,24.9004288
matmul_linear_1237,26.871000300000002
matmul_linear_1238,36.4347054
matmul_linear_1239,38.5537053
matmul_linear_1240,47.9542857
matmul_linear_1241,41.907740999999994
matmul_linear_1242,51.6322678
matmul_linear_1243,53.41112489999999
matmul_linear_1244,55.086000200000015
matmul_linear_1245,56.8561608
matmul_linear_1246,48.720428399999996
matmul_linear_1247,54.529571399999995
matmul_linear_1248,53.1645446
matmul_linear_1249,9.1465805
matmul_linear_1250,12.3418569
matmul_linear_1251,19.0181787
matmul_linear_1252,23.2314197
matmul_linear_1253,27.698160900000005
matmul_linear_1254,31.898553500000002
matmul_linear_1255,36.205839299999994
matmul_linear_1256,51.441866299999994
matmul_linear_1257,44.6751249
matmul_linear_1258,55.26013390000001
matmul_linear_1259,57.016848
matmul_linear_1260,58.8332766
matmul_linear_1261,60.706419800000006
matmul_linear_1262,62.5139018
matmul_linear_1263,58.0895448
matmul_linear_1264,65.4457232
matmul_linear_1265,9.075982100000001
matmul_linear_1266,12.396741
matmul_linear_1267,19.1786518
matmul_linear_1268,23.598276600000002
matmul_linear_1269,27.9718128
matmul_linear_1270,32.237134
matmul_linear_1271,36.6093034
matmul_linear_1272,40.943035599999995
matmul_linear_1273,45.271160800000004
matmul_linear_1274,49.6408838
matmul_linear_1275,54.0327412
matmul_linear_1276,61.9740092
matmul_linear_1277,63.9735803
matmul_linear_1278,66.1108659
matmul_linear_1279,68.04270519999999
matmul_linear_1280,65.51828559999998
matmul_linear_1281,2.6581874999999995
matmul_linear_1282,3.1027144
matmul_linear_1283,3.549259
matmul_linear_1284,4.0359733
matmul_linear_1285,4.5875803
matmul_linear_1286,5.0971517
matmul_linear_1287,5.5448573
matmul_linear_1288,6.0362591000000005
matmul_linear_1289,7.1820446
matmul_linear_1290,7.596142899999999
matmul_linear_1291,8.097571399999998
matmul_linear_1292,8.6174018
matmul_linear_1293,9.0711429
matmul_linear_1294,9.5764552
matmul_linear_1295,10.0192769
matmul_linear_1296,10.5342588
matmul_linear_1297,2.7259819999999997
matmul_linear_1298,4.0352945
matmul_linear_1299,4.979277
matmul_linear_1300,5.9944283
matmul_linear_1301,7.5825715
matmul_linear_1302,8.5875625
matmul_linear_1303,9.5005356
matmul_linear_1304,10.404883899999998
matmul_linear_1305,11.4233929
matmul_linear_1306,12.4027144
matmul_linear_1307,14.1079913
matmul_linear_1308,14.923437399999997
matmul_linear_1309,15.9926874
matmul_linear_1310,16.977160700000002
matmul_linear_1311,17.7619911
matmul_linear_1312,19.422865899999998
matmul_linear_1313,3.5504552999999994
matmul_linear_1314,4.711535799999998
matmul_linear_1315,6.3851518999999985
matmul_linear_1316,7.0384376
matmul_linear_1317,7.752883600000001
matmul_linear_1318,10.7052856
matmul_linear_1319,11.3553123
matmul_linear_1320,12.1699999
matmul_linear_1321,12.783026799999998
matmul_linear_1322,13.502133699999998
matmul_linear_1323,14.143973200000001
matmul_linear_1324,16.8376788
matmul_linear_1325,17.581741100000002
matmul_linear_1326,18.366830399999998
matmul_linear_1327,18.9037145
matmul_linear_1328,19.706116
matmul_linear_1329,3.5893037000000008
matmul_linear_1330,5.4870001
matmul_linear_1331,6.6374375
matmul_linear_1332,9.260884
matmul_linear_1333,10.4369911
matmul_linear_1334,12.988464200000001
matmul_linear_1335,14.2078661
matmul_linear_1336,15.338571499999997
matmul_linear_1337,16.483535600000003
matmul_linear_1338,18.889419699999998
matmul_linear_1339,20.0658842
matmul_linear_1340,21.1998569
matmul_linear_1341,22.3695624
matmul_linear_1342,23.481857399999996
matmul_linear_1343,24.5341785
matmul_linear_1344,25.721285799999997
matmul_linear_1345,5.2094285
matmul_linear_1346,6.657143100000001
matmul_linear_1347,7.817285700000001
matmul_linear_1348,9.0791251
matmul_linear_1349,13.1264196
matmul_linear_1350,16.482714399999995
matmul_linear_1351,17.9155805
matmul_linear_1352,19.274000100000002
matmul_linear_1353,20.5021428
matmul_linear_1354,19.336705100000003
matmul_linear_1355,20.2825626
matmul_linear_1356,24.4808751
matmul_linear_1357,25.6416966
matmul_linear_1358,26.4801428
matmul_linear_1359,27.043
matmul_linear_1360,28.244857200000002
matmul_linear_1361,4.7595712
matmul_linear_1362,7.4227143
matmul_linear_1363,8.7346964
matmul_linear_1364,13.6273124
matmul_linear_1365,14.831267800000001
matmul_linear_1366,16.832151599999996
matmul_linear_1367,18.2722856
matmul_linear_1368,19.662160500000002
matmul_linear_1369,20.8939823
matmul_linear_1370,24.2787232
matmul_linear_1371,25.5587145
matmul_linear_1372,26.988687600000002
matmul_linear_1373,28.4425537
matmul_linear_1374,29.798017800000004
matmul_linear_1375,31.099589400000003
matmul_linear_1376,32.4785714
matmul_linear_1377,6.719151800000001
matmul_linear_1378,8.558705299999998
matmul_linear_1379,14.223714300000001
matmul_linear_1380,15.666580300000001
matmul_linear_1381,17.0288482
matmul_linear_1382,18.3148929
matmul_linear_1383,23.411151999999998
matmul_linear_1384,25.7432857
matmul_linear_1385,27.9817057
matmul_linear_1386,30.1685716
matmul_linear_1387,32.4334283
matmul_linear_1388,34.6921607
matmul_linear_1389,36.9991428
matmul_linear_1390,39.267865799999996
matmul_linear_1391,44.293553499999994
matmul_linear_1392,38.6525445
matmul_linear_1393,6.7195625
matmul_linear_1394,9.572
matmul_linear_1395,12.3302591
matmul_linear_1396,17.5039998
matmul_linear_1397,18.7994374
matmul_linear_1398,20.142026899999998
matmul_linear_1399,21.4898481
matmul_linear_1400,25.8458126
matmul_linear_1401,28.0789554
matmul_linear_1402,30.410571499999996
matmul_linear_1403,32.6307322
matmul_linear_1404,34.9786965
matmul_linear_1405,37.188009
matmul_linear_1406,39.533473099999995
matmul_linear_1407,44.386250000000004
matmul_linear_1408,39.1349733
matmul_linear_1409,6.6658663
matmul_linear_1410,10.4464464
matmul_linear_1411,17.7509018
matmul_linear_1412,19.518455300000003
matmul_linear_1413,21.089991199999996
matmul_linear_1414,22.507384100000003
matmul_linear_1415,23.955125
matmul_linear_1416,25.545241
matmul_linear_1417,29.4497143
matmul_linear_1418,34.470134099999996
matmul_linear_1419,36.4189909
matmul_linear_1420,38.2171339
matmul_linear_1421,40.0403036
matmul_linear_1422,41.9896249
matmul_linear_1423,43.89925900000001
matmul_linear_1424,45.7010001
matmul_linear_1425,6.7281251
matmul_linear_1426,11.2731163
matmul_linear_1427,19.4570178
matmul_linear_1428,21.0944553
matmul_linear_1429,22.7198659
matmul_linear_1430,24.3745535
matmul_linear_1431,26.078848200000003
matmul_linear_1432,27.6208483
matmul_linear_1433,35.5391427
matmul_linear_1434,34.913892999999995
matmul_linear_1435,36.8101338
matmul_linear_1436,38.65859830000001
matmul_linear_1437,40.4943036
matmul_linear_1438,42.4324286
matmul_linear_1439,44.3705627
matmul_linear_1440,46.1552857
matmul_linear_1441,8.6726874
matmul_linear_1442,11.7332945
matmul_linear_1443,21.387383800000002
matmul_linear_1444,23.2819911
matmul_linear_1445,25.018428399999998
matmul_linear_1446,34.0530002
matmul_linear_1447,35.8409909
matmul_linear_1448,44.7857229
matmul_linear_1449,38.8355893
matmul_linear_1450,48.0678659
matmul_linear_1451,40.589009100000006
matmul_linear_1452,43.2387322
matmul_linear_1453,45.9237142
matmul_linear_1454,52.95
matmul_linear_1455,55.290714300000005
matmul_linear_1456,58.2734196
matmul_linear_1457,8.568982299999998
matmul_linear_1458,11.6838391
matmul_linear_1459,17.1281606
matmul_linear_1460,20.9211072
matmul_linear_1461,26.6867053
matmul_linear_1462,36.5231429
matmul_linear_1463,38.413276700000004
matmul_linear_1464,48.167267800000005
matmul_linear_1465,41.735294700000004
matmul_linear_1466,51.5308842
matmul_linear_1467,53.3255712
matmul_linear_1468,43.4441247
matmul_linear_1469,46.2138571
matmul_linear_1470,53.1627141
matmul_linear_1471,55.510580299999994
matmul_linear_1472,58.4734194
matmul_linear_1473,8.594865800000001
matmul_linear_1474,15.691732199999999
matmul_linear_1475,24.7785805
matmul_linear_1476,27.0471341
matmul_linear_1477,29.0422857
matmul_linear_1478,39.6195714
matmul_linear_1479,41.7243216
matmul_linear_1480,52.2222769
matmul_linear_1481,45.179580400000006
matmul_linear_1482,55.9121517
matmul_linear_1483,57.789026899999996
matmul_linear_1484,59.40613390000001
matmul_linear_1485,91.83129459999999
matmul_linear_1486,98.3485625
matmul_linear_1487,104.8793926
matmul_linear_1488,59.63100000000001
matmul_linear_1489,8.5622857
matmul_linear_1490,15.6541249
matmul_linear_1491,18.288125
matmul_linear_1492,28.5641429
matmul_linear_1493,30.719812399999995
matmul_linear_1494,42.0367141
matmul_linear_1495,44.196455400000005
matmul_linear_1496,55.567535899999996
matmul_linear_1497,47.9452946
matmul_linear_1498,59.412151800000004
matmul_linear_1499,61.2567408
matmul_linear_1500,63.12785710000001
matmul_linear_1501,65.12801780000001
matmul_linear_1502,98.69487529999999
matmul_linear_1503,105.22529469999999
matmul_linear_1504,60.1305445
matmul_linear_1505,10.4408303
matmul_linear_1506,13.9844196
matmul_linear_1507,21.699705099999996
matmul_linear_1508,26.4775982
matmul_linear_1509,33.1025803
matmul_linear_1510,45.19198229999999
matmul_linear_1511,47.50026809999999
matmul_linear_1512,59.51630350000001
matmul_linear_1513,51.26425880000001
matmul_linear_1514,63.728544600000006
matmul_linear_1515,65.6211519
matmul_linear_1516,67.532
matmul_linear_1517,69.664982
matmul_linear_1518,71.5555535
matmul_linear_1519,66.145875
matmul_linear_1520,80.0945803
matmul_linear_1521,10.438553500000001
matmul_linear_1522,14.123580199999997
matmul_linear_1523,21.915607
matmul_linear_1524,26.953750000000003
matmul_linear_1525,31.941276600000002
matmul_linear_1526,36.8451429
matmul_linear_1527,41.9146965
matmul_linear_1528,62.9021696
matmul_linear_1529,54.1367231
matmul_linear_1530,67.1538663
matmul_linear_1531,69.20400900000001
matmul_linear_1532,71.3296966
matmul_linear_1533,73.52397330000001
matmul_linear_1534,75.72655370000001
matmul_linear_1535,77.9335804
matmul_linear_1536,80.5785714
matmul_linear_1537,3.0045715
matmul_linear_1538,3.4772678999999997
matmul_linear_1539,4.0177232
matmul_linear_1540,4.4278661
matmul_linear_1541,5.039017899999999
matmul_linear_1542,5.545696600000001
matmul_linear_1543,6.880152
matmul_linear_1544,7.390401800000001
matmul_linear_1545,7.9543126
matmul_linear_1546,8.505562399999999
matmul_linear_1547,8.9882766
matmul_linear_1548,9.5290177
matmul_linear_1549,10.035285399999998
matmul_linear_1550,10.5839823
matmul_linear_1551,11.970732199999999
matmul_linear_1552,12.5518749
matmul_linear_1553,3.0945356
matmul_linear_1554,4.4158482999999995
matmul_linear_1555,5.5232411
matmul_linear_1556,7.340866
matmul_linear_1557,8.367419600000002
matmul_linear_1558,9.4567056
matmul_linear_1559,10.490464300000003
matmul_linear_1560,12.5122947
matmul_linear_1561,13.4634108
matmul_linear_1562,14.754481899999998
matmul_linear_1563,15.694410600000001
matmul_linear_1564,16.6056697
matmul_linear_1565,18.4905893
matmul_linear_1566,19.5561607
matmul_linear_1567,20.552687499999998
matmul_linear_1568,21.617964100000002
matmul_linear_1569,3.9950177000000004
matmul_linear_1570,5.1972945
matmul_linear_1571,8.8655357
matmul_linear_1572,8.122589299999998
matmul_linear_1573,11.241303599999998
matmul_linear_1574,11.985571499999999
matmul_linear_1575,12.7323036
matmul_linear_1576,13.4694195
matmul_linear_1577,14.278303499999998
matmul_linear_1578,15.056428399999998
matmul_linear_1579,15.8243035
matmul_linear_1580,16.4550268
matmul_linear_1581,17.328696400000002
matmul_linear_1582,18.0184373
matmul_linear_1583,21.0881072
matmul_linear_1584,22.119580399999997
matmul_linear_1585,4.265276500000001
matmul_linear_1586,6.2062945
matmul_linear_1587,7.3910088
matmul_linear_1588,10.3954286
matmul_linear_1589,11.5903392
matmul_linear_1590,12.9232766
matmul_linear_1591,14.2458214
matmul_linear_1592,17.1595448
matmul_linear_1593,18.2772857
matmul_linear_1594,19.7422588
matmul_linear_1595,20.982294600000003
matmul_linear_1596,22.120142899999998
matmul_linear_1597,24.9811427
matmul_linear_1598,26.2051786
matmul_linear_1599,27.507732300000004
matmul_linear_1600,28.678259100000002
matmul_linear_1601,5.9464018
matmul_linear_1602,7.3110089
matmul_linear_1603,8.690544599999999
matmul_linear_1604,13.459437599999998
matmul_linear_1605,14.5888393
matmul_linear_1606,16.0769999
matmul_linear_1607,17.646428800000002
matmul_linear_1608,28.969883900000003
matmul_linear_1609,22.9787143
matmul_linear_1610,35.231705399999996
matmul_linear_1611,22.7470358
matmul_linear_1612,23.7797144
matmul_linear_1613,24.8983034
matmul_linear_1614,25.920464400000004
matmul_linear_1615,30.645678600000004
matmul_linear_1616,31.769142999999996
matmul_linear_1617,5.2083126
matmul_linear_1618,8.568446600000001
matmul_linear_1619,10.077580399999999
matmul_linear_1620,15.783446399999999
matmul_linear_1621,16.9927144
matmul_linear_1622,16.461821399999998
matmul_linear_1623,18.0178573
matmul_linear_1624,29.2414463
matmul_linear_1625,23.4674732
matmul_linear_1626,35.508009099999995
matmul_linear_1627,26.710866
matmul_linear_1628,27.819839100000003
matmul_linear_1629,31.8397412
matmul_linear_1630,33.168401900000006
matmul_linear_1631,34.7000803
matmul_linear_1632,36.160875
matmul_linear_1633,7.508830300000001
matmul_linear_1634,9.5395713
matmul_linear_1635,16.3534197
matmul_linear_1636,17.763017799999997
matmul_linear_1637,19.269268
matmul_linear_1638,20.6095446
matmul_linear_1639,23.1626964
matmul_linear_1640,28.647830300000003
matmul_linear_1641,31.2454021
matmul_linear_1642,33.655562599999996
matmul_linear_1643,36.1710182
matmul_linear_1644,38.691705299999995
matmul_linear_1645,41.1738393
matmul_linear_1646,43.6927322
matmul_linear_1647,46.1709999
matmul_linear_1648,48.716285600000006
matmul_linear_1649,7.5424465
matmul_linear_1650,10.708732000000001
matmul_linear_1651,18.2827053
matmul_linear_1652,19.755723200000002
matmul_linear_1653,21.263303800000003
matmul_linear_1654,22.761990900000004
matmul_linear_1655,24.249035900000003
matmul_linear_1656,28.780294499999997
matmul_linear_1657,31.326312199999997
matmul_linear_1658,33.81903569999999
matmul_linear_1659,36.342303599999994
matmul_linear_1660,38.8994286
matmul_linear_1661,41.4298661
matmul_linear_1662,43.921732399999996
matmul_linear_1663,46.387562599999995
matmul_linear_1664,48.924973400000006
matmul_linear_1665,7.3455715999999995
matmul_linear_1666,11.7553037
matmul_linear_1667,20.3365625
matmul_linear_1668,22.1035714
matmul_linear_1669,23.6969822
matmul_linear_1670,25.258580399999996
matmul_linear_1671,26.887607099999997
matmul_linear_1672,28.4741696
matmul_linear_1673,52.37859810000001
matmul_linear_1674,57.546009100000006
matmul_linear_1675,62.6734376
matmul_linear_1676,67.91169620000001
matmul_linear_1677,72.9314373
matmul_linear_1678,47.1332855
matmul_linear_1679,49.0358841
matmul_linear_1680,51.1041784
matmul_linear_1681,7.4979642
matmul_linear_1682,13.517723100000001
matmul_linear_1683,22.1974197
matmul_linear_1684,24.244839300000002
matmul_linear_1685,25.987151700000005
matmul_linear_1686,27.766874899999998
matmul_linear_1687,29.436428600000006
matmul_linear_1688,31.2865536
matmul_linear_1689,40.3849907
matmul_linear_1690,57.787866199999996
matmul_linear_1691,62.9338752
matmul_linear_1692,68.1752768
matmul_linear_1693,73.2523302
matmul_linear_1694,47.5878573
matmul_linear_1695,49.5298394
matmul_linear_1696,51.60486589999999
matmul_linear_1697,9.5904374
matmul_linear_1698,13.177705600000001
matmul_linear_1699,24.4248838
matmul_linear_1700,26.3312768
matmul_linear_1701,28.2069822
matmul_linear_1702,30.0559731
matmul_linear_1703,32.0109911
matmul_linear_1704,33.9872859
matmul_linear_1705,43.8572855
matmul_linear_1706,46.020401699999994
matmul_linear_1707,48.7035625
matmul_linear_1708,47.9061248
matmul_linear_1709,50.7795893
matmul_linear_1710,53.8209911
matmul_linear_1711,68.0885895
matmul_linear_1712,71.86510719999998
matmul_linear_1713,9.6485983
matmul_linear_1714,13.205160699999999
matmul_linear_1715,19.1805803
matmul_linear_1716,23.698991
matmul_linear_1717,30.2733033
matmul_linear_1718,32.1897323
matmul_linear_1719,34.2509998
matmul_linear_1720,36.374580400000006
matmul_linear_1721,47.1129824
matmul_linear_1722,49.3408928
matmul_linear_1723,60.405866
matmul_linear_1724,48.058830300000004
matmul_linear_1725,51.0401606
matmul_linear_1726,53.90027680000001
matmul_linear_1727,68.23499999999999
matmul_linear_1728,72.0246784
matmul_linear_1729,9.6004464
matmul_linear_1730,17.7612946
matmul_linear_1731,28.4354017
matmul_linear_1732,30.611991
matmul_linear_1733,32.7936965
matmul_linear_1734,34.77844639999999
matmul_linear_1735,36.9934464
matmul_linear_1736,39.056285700000004
matmul_linear_1737,50.884330399999996
matmul_linear_1738,53.1688125
matmul_linear_1739,65.2871251
matmul_linear_1740,56.944562399999995
matmul_linear_1741,101.4464555
matmul_linear_1742,108.73541049999999
matmul_linear_1743,64.4215626
matmul_linear_1744,67.2195803
matmul_linear_1745,9.6594196
matmul_linear_1746,17.7308659
matmul_linear_1747,20.569991
matmul_linear_1748,23.525856999999995
matmul_linear_1749,26.295124800000004
matmul_linear_1750,39.1239998
matmul_linear_1751,41.813303600000005
matmul_linear_1752,44.417294600000005
matmul_linear_1753,46.864741300000006
matmul_linear_1754,49.4589912
matmul_linear_1755,52.1139911
matmul_linear_1756,60.8024553
matmul_linear_1757,73.6671519
matmul_linear_1758,109.02887510000001
matmul_linear_1759,64.88939289999999
matmul_linear_1760,67.73511599999999
matmul_linear_1761,11.7181696
matmul_linear_1762,15.702973
matmul_linear_1763,24.5613213
matmul_linear_1764,34.83782119999999
matmul_linear_1765,37.2031518
matmul_linear_1766,39.57272329999999
matmul_linear_1767,42.032017999999994
matmul_linear_1768,44.372008900000004
matmul_linear_1769,57.85113419999999
matmul_linear_1770,60.5452947
matmul_linear_1771,74.3092766
matmul_linear_1772,64.91341969999999
matmul_linear_1773,78.52115180000001
matmul_linear_1774,80.8512947
matmul_linear_1775,89.9584286
matmul_linear_1776,94.9124644
matmul_linear_1777,11.7279911
matmul_linear_1778,15.792151899999999
matmul_linear_1779,24.8363125
matmul_linear_1780,30.456598400000008
matmul_linear_1781,40.952723199999994
matmul_linear_1782,43.6029822
matmul_linear_1783,46.44455369999999
matmul_linear_1784,49.3838214
matmul_linear_1785,52.0775267
matmul_linear_1786,54.927321500000005
matmul_linear_1787,57.736133699999996
matmul_linear_1788,60.4765357
matmul_linear_1789,63.2661338
matmul_linear_1790,66.69117859999999
matmul_linear_1791,80.95357140000002
matmul_linear_1792,95.11341970000001
matmul_linear_1793,2.9433037
matmul_linear_1794,3.7524017
matmul_linear_1795,4.3682947
matmul_linear_1796,5.0012769
matmul_linear_1797,5.5327143
matmul_linear_1798,7.0622945999999995
matmul_linear_1799,7.675294699999999
matmul_linear_1800,8.302276699999998
matmul_linear_1801,8.9624196
matmul_linear_1802,9.4575536
matmul_linear_1803,10.139250100000002
matmul_linear_1804,10.764598000000001
matmul_linear_1805,11.349455299999999
matmul_linear_1806,11.933553499999999
matmul_linear_1807,13.4989732
matmul_linear_1808,13.224428499999998
matmul_linear_1809,3.4045445
matmul_linear_1810,4.9207053
matmul_linear_1811,6.9774287
matmul_linear_1812,8.2603839
matmul_linear_1813,9.4802679
matmul_linear_1814,10.684687400000001
matmul_linear_1815,11.859000100000001
matmul_linear_1816,13.039008999999998
matmul_linear_1817,15.221740899999997
matmul_linear_1818,16.5655803
matmul_linear_1819,17.7044465
matmul_linear_1820,18.9467054
matmul_linear_1821,21.0274288
matmul_linear_1822,22.1850088
matmul_linear_1823,23.4130178
matmul_linear_1824,24.587723399999998
matmul_linear_1825,4.464143
matmul_linear_1826,5.5847322
matmul_linear_1827,8.149696500000001
matmul_linear_1828,8.5787231
matmul_linear_1829,9.5474732
matmul_linear_1830,10.406848
matmul_linear_1831,11.331866100000001
matmul_linear_1832,12.109312300000001
matmul_linear_1833,15.849410800000001
matmul_linear_1834,16.659116
matmul_linear_1835,17.486142800000003
matmul_linear_1836,18.3970002
matmul_linear_1837,19.179607299999997
matmul_linear_1838,20.0902769
matmul_linear_1839,23.475562500000002
matmul_linear_1840,24.5321252
matmul_linear_1841,4.4899909000000005
matmul_linear_1842,6.9081874
matmul_linear_1843,8.1874464
matmul_linear_1844,11.5457053
matmul_linear_1845,13.039830499999999
matmul_linear_1846,14.493455299999999
matmul_linear_1847,20.3683038
matmul_linear_1848,22.908267900000006
matmul_linear_1849,20.506839
matmul_linear_1850,22.2517054
matmul_linear_1851,23.5677234
matmul_linear_1852,24.8622678
matmul_linear_1853,28.1094107
matmul_linear_1854,29.4674197
matmul_linear_1855,30.8948661
matmul_linear_1856,32.392857
matmul_linear_1857,6.7008571
matmul_linear_1858,8.087553699999999
matmul_linear_1859,9.4651519
matmul_linear_1860,14.989839099999998
matmul_linear_1861,13.8101159
matmul_linear_1862,15.2161427
matmul_linear_1863,16.685696299999996
matmul_linear_1864,33.17943749999999
matmul_linear_1865,36.6977055
matmul_linear_1866,24.007142899999998
matmul_linear_1867,25.2228747
matmul_linear_1868,26.210571300000005
matmul_linear_1869,27.4062769
matmul_linear_1870,28.3934465
matmul_linear_1871,33.87417860000001
matmul_linear_1872,35.2552945
matmul_linear_1873,5.6292857000000005
matmul_linear_1874,9.2845625
matmul_linear_1875,15.9952858
matmul_linear_1876,17.3571338
matmul_linear_1877,18.685124899999998
matmul_linear_1878,26.1525535
matmul_linear_1879,29.7458573
matmul_linear_1880,33.364294799999996
matmul_linear_1881,36.9651607
matmul_linear_1882,40.6018662
matmul_linear_1883,29.3854197
matmul_linear_1884,30.937259
matmul_linear_1885,35.22885719999999
matmul_linear_1886,36.8312678
matmul_linear_1887,38.570705700000005
matmul_linear_1888,40.1711341
matmul_linear_1889,8.837142799999999
matmul_linear_1890,10.619714100000001
matmul_linear_1891,18.257883800000002
matmul_linear_1892,19.751535600000004
matmul_linear_1893,21.1809911
matmul_linear_1894,22.666410600000003
matmul_linear_1895,25.9275716
matmul_linear_1896,43.6105804
matmul_linear_1897,35.1320181
matmul_linear_1898,37.9606965
matmul_linear_1899,40.688866299999994
matmul_linear_1900,43.625580400000004
matmul_linear_1901,46.50786600000001
matmul_linear_1902,49.186723099999995
matmul_linear_1903,51.99846429999999
matmul_linear_1904,54.870000000000005
matmul_linear_1905,8.353124900000001
matmul_linear_1906,11.8704195
matmul_linear_1907,20.5255535
matmul_linear_1908,22.1625714
matmul_linear_1909,23.8251427
matmul_linear_1910,25.301991
matmul_linear_1911,27.0436963
matmul_linear_1912,43.800160500000004
matmul_linear_1913,35.19528570000001
matmul_linear_1914,38.0210268
matmul_linear_1915,40.865875100000004
matmul_linear_1916,43.7032947
matmul_linear_1917,46.576964200000006
matmul_linear_1918,49.515696399999996
matmul_linear_1919,52.250151900000006
matmul_linear_1920,55.04817860000001
matmul_linear_1921,8.082865900000002
matmul_linear_1922,13.002008700000001
matmul_linear_1923,22.775455599999997
matmul_linear_1924,24.496268
matmul_linear_1925,26.231714400000005
matmul_linear_1926,27.880839399999996
matmul_linear_1927,29.626410500000002
matmul_linear_1928,31.353303700000005
matmul_linear_1929,60.00687479999999
matmul_linear_1930,66.0625624
matmul_linear_1931,71.9684016
matmul_linear_1932,77.9371251
matmul_linear_1933,83.74669659999999
matmul_linear_1934,51.62686620000001
matmul_linear_1935,54.005991200000004
matmul_linear_1936,56.024723300000005
matmul_linear_1937,8.0605447
matmul_linear_1938,14.9592858
matmul_linear_1939,17.3382858
matmul_linear_1940,26.852696700000003
matmul_linear_1941,28.7384554
matmul_linear_1942,30.600562499999995
matmul_linear_1943,32.4862767
matmul_linear_1944,34.3314552
matmul_linear_1945,44.8382857
matmul_linear_1946,66.21315139999999
matmul_linear_1947,72.2622857
matmul_linear_1948,78.1640264
matmul_linear_1949,84.1558663
matmul_linear_1950,52.22617859999999
matmul_linear_1951,54.4782768
matmul_linear_1952,56.6531251
matmul_linear_1953,10.699723299999999
matmul_linear_1954,14.502276599999998
matmul_linear_1955,27.226446400000004
matmul_linear_1956,29.259857099999998
matmul_linear_1957,31.1689823
matmul_linear_1958,33.1265356
matmul_linear_1959,35.172312399999996
matmul_linear_1960,37.192446399999994
matmul_linear_1961,48.518142700000006
matmul_linear_1962,50.75387490000001
matmul_linear_1963,49.7753036
matmul_linear_1964,52.9827321
matmul_linear_1965,68.3488391
matmul_linear_1966,72.4698213
matmul_linear_1967,76.69485730000001
matmul_linear_1968,80.94570519999999
matmul_linear_1969,10.654571399999998
matmul_linear_1970,14.5484198
matmul_linear_1971,20.079973
matmul_linear_1972,22.816857300000002
matmul_linear_1973,25.567883799999997
matmul_linear_1974,38.3306874
matmul_linear_1975,40.8497232
matmul_linear_1976,43.465303500000005
matmul_linear_1977,45.91428570000001
matmul_linear_1978,48.368277000000006
matmul_linear_1979,50.801419800000005
matmul_linear_1980,53.234741099999994
matmul_linear_1981,68.6032769
matmul_linear_1982,72.8007231
matmul_linear_1983,76.9830355
matmul_linear_1984,81.16872350000001
matmul_linear_1985,10.6277053
matmul_linear_1986,19.7858394
matmul_linear_1987,22.571696600000003
matmul_linear_1988,34.1281427
matmul_linear_1989,36.245285700000004
matmul_linear_1990,38.4237051
matmul_linear_1991,45.9261606
matmul_linear_1992,48.8865626
matmul_linear_1993,56.4345623
matmul_linear_1994,58.949731799999995
matmul_linear_1995,72.42171429999999
matmul_linear_1996,62.967285700000005
matmul_linear_1997,116.5230177
matmul_linear_1998,124.90741070000001
matmul_linear_1999,70.5140003
matmul_linear_2000,73.6141428
matmul_linear_2001,10.624446299999999
matmul_linear_2002,19.7928571
matmul_linear_2003,22.574018000000002
matmul_linear_2004,25.6502858
matmul_linear_2005,40.70614260000001
matmul_linear_2006,43.3230088
matmul_linear_2007,46.0262409
matmul_linear_2008,48.899839300000004
matmul_linear_2009,51.5598661
matmul_linear_2010,54.36183940000001
matmul_linear_2011,57.09058030000001
matmul_linear_2012,60.142856900000005
matmul_linear_2013,62.9602947
matmul_linear_2014,125.1978572
matmul_linear_2015,71.09274119999999
matmul_linear_2016,74.1189823
matmul_linear_2017,13.072580299999998
matmul_linear_2018,17.4473039
matmul_linear_2019,25.243151599999997
matmul_linear_2020,28.7644374
matmul_linear_2021,32.280294500000004
matmul_linear_2022,35.7655806
matmul_linear_2023,51.5884285
matmul_linear_2024,54.7900091
matmul_linear_2025,57.75127680000001
matmul_linear_2026,60.77029469999999
matmul_linear_2027,63.779392699999995
matmul_linear_2028,71.47715170000001
matmul_linear_2029,86.94257139999999
matmul_linear_2030,89.3466875
matmul_linear_2031,101.44386610000001
matmul_linear_2032,107.03641970000001
matmul_linear_2033,13.047973100000002
matmul_linear_2034,17.4995891
matmul_linear_2035,25.288455499999998
matmul_linear_2036,28.7312679
matmul_linear_2037,45.7534465
matmul_linear_2038,48.749017699999996
matmul_linear_2039,51.802848299999994
matmul_linear_2040,54.914160700000004
matmul_linear_2041,57.913749700000004
matmul_linear_2042,60.8547143
matmul_linear_2043,63.97012490000001
matmul_linear_2044,66.82055349999999
matmul_linear_2045,69.921732
matmul_linear_2046,73.66443760000001
matmul_linear_2047,89.82442859999999
matmul_linear_2048,107.2049731
matmul_linear_2049,3.2908837999999996
matmul_linear_2050,4.0947231
matmul_linear_2051,4.6403035
matmul_linear_2052,5.411714399999999
matmul_linear_2053,6.017991199999999
matmul_linear_2054,7.821571400000001
matmul_linear_2055,8.449562599999998
matmul_linear_2056,9.0864465
matmul_linear_2057,9.7820984
matmul_linear_2058,10.564991099999999
matmul_linear_2059,11.0837142
matmul_linear_2060,11.7375715
matmul_linear_2061,12.412124899999998
matmul_linear_2062,13.056884200000002
matmul_linear_2063,13.723017899999999
matmul_linear_2064,14.371
matmul_linear_2065,3.7308569
matmul_linear_2066,5.304982099999999
matmul_linear_2067,7.7326876
matmul_linear_2068,9.061133900000002
matmul_linear_2069,10.3577142
matmul_linear_2070,11.707018
matmul_linear_2071,13.074178600000002
matmul_linear_2072,14.3182943
matmul_linear_2073,16.6616873
matmul_linear_2074,16.9611427
matmul_linear_2075,19.4793036
matmul_linear_2076,20.6455714
matmul_linear_2077,23.0549909
matmul_linear_2078,23.438687699999996
matmul_linear_2079,24.593580399999997
matmul_linear_2080,26.952741100000004
matmul_linear_2081,4.9797321
matmul_linear_2082,6.322
matmul_linear_2083,8.655847999999999
matmul_linear_2084,9.091723300000002
matmul_linear_2085,10.141982
matmul_linear_2086,11.134133899999998
matmul_linear_2087,12.2016967
matmul_linear_2088,13.172866099999998
matmul_linear_2089,14.1064109
matmul_linear_2090,15.13775
matmul_linear_2091,19.396276800000003
matmul_linear_2092,20.2682589
matmul_linear_2093,21.3358571
matmul_linear_2094,22.220562800000003
matmul_linear_2095,23.0724287
matmul_linear_2096,24.018259099999998
matmul_linear_2097,5.1008752
matmul_linear_2098,7.5925714
matmul_linear_2099,8.953874899999999
matmul_linear_2100,10.6199909
matmul_linear_2101,17.031115900000003
matmul_linear_2102,19.716107299999997
matmul_linear_2103,22.3396964
matmul_linear_2104,24.960116199999995
matmul_linear_2105,22.466428399999998
matmul_linear_2106,24.132151600000004
matmul_linear_2107,25.5814374
matmul_linear_2108,27.0370091
matmul_linear_2109,28.7484196
matmul_linear_2110,30.233741399999996
matmul_linear_2111,31.6301606
matmul_linear_2112,35.1325802
matmul_linear_2113,7.343125000000001
matmul_linear_2114,9.0401341
matmul_linear_2115,15.2689822
matmul_linear_2116,16.7272677
matmul_linear_2117,15.051142800000003
matmul_linear_2118,28.474821300000002
matmul_linear_2119,32.388268100000005
matmul_linear_2120,36.2730089
matmul_linear_2121,20.877821499999996
matmul_linear_2122,22.400428400000003
matmul_linear_2123,27.5817142
matmul_linear_2124,28.7807055
matmul_linear_2125,30.046017800000005
matmul_linear_2126,31.1404196
matmul_linear_2127,32.363991
matmul_linear_2128,33.5817233
matmul_linear_2129,6.4021425999999995
matmul_linear_2130,10.4688303
matmul_linear_2131,17.664990999999997
matmul_linear_2132,19.365723
matmul_linear_2133,20.8596876
matmul_linear_2134,28.622160800000007
matmul_linear_2135,32.605303500000005
matmul_linear_2136,36.4770177
matmul_linear_2137,40.464178600000004
matmul_linear_2138,44.434393
matmul_linear_2139,32.3161339
matmul_linear_2140,34.26829449999999
matmul_linear_2141,35.969562399999994
matmul_linear_2142,37.69200909999999
matmul_linear_2143,39.785857
matmul_linear_2144,44.603589400000004
matmul_linear_2145,9.704125
matmul_linear_2146,11.7458484
matmul_linear_2147,20.3276964
matmul_linear_2148,21.914696499999998
matmul_linear_2149,23.5280268
matmul_linear_2150,25.1105893
matmul_linear_2151,42.6428482
matmul_linear_2152,35.1414017
matmul_linear_2153,38.1645716
matmul_linear_2154,41.2611073
matmul_linear_2155,44.297553699999995
matmul_linear_2156,47.301893099999994
matmul_linear_2157,50.395115999999994
matmul_linear_2158,53.417258700000005
matmul_linear_2159,56.5557232
matmul_linear_2160,59.6472766
matmul_linear_2161,9.178009
matmul_linear_2162,12.9812589
matmul_linear_2163,22.6675982
matmul_linear_2164,24.486125
matmul_linear_2165,26.194428700000003
matmul_linear_2166,27.9143035
matmul_linear_2167,29.666419700000006
matmul_linear_2168,35.22884810000001
matmul_linear_2169,38.3124464
matmul_linear_2170,41.38313409999999
matmul_linear_2171,44.4598303
matmul_linear_2172,47.5164283
matmul_linear_2173,50.573848
matmul_linear_2174,53.560705500000005
matmul_linear_2175,56.7304462
matmul_linear_2176,59.7937054
matmul_linear_2177,9.0201427
matmul_linear_2178,14.419705299999999
matmul_linear_2179,25.323437700000003
matmul_linear_2180,27.257124800000003
matmul_linear_2181,29.149687600000004
matmul_linear_2182,30.9994463
matmul_linear_2183,33.0122946
matmul_linear_2184,34.842294700000004
matmul_linear_2185,65.91432119999999
matmul_linear_2186,72.3555535
matmul_linear_2187,78.87228569999999
matmul_linear_2188,85.41458939999998
matmul_linear_2189,50.0305447
matmul_linear_2190,52.1769642
matmul_linear_2191,54.616294700000005
matmul_linear_2192,61.622866099999996
matmul_linear_2193,9.1223037
matmul_linear_2194,16.6122769
matmul_linear_2195,19.3361429
matmul_linear_2196,22.1335624
matmul_linear_2197,24.8045358
matmul_linear_2198,33.9218658
matmul_linear_2199,39.4257233
matmul_linear_2200,41.721553500000006
matmul_linear_2201,44.224312399999995
matmul_linear_2202,72.5543127
matmul_linear_2203,79.1480089
matmul_linear_2204,85.654714
matmul_linear_2205,50.7089018
matmul_linear_2206,52.875848
matmul_linear_2207,55.1565981
matmul_linear_2208,62.1841338
matmul_linear_2209,11.7572855
matmul_linear_2210,19.4190982
matmul_linear_2211,22.188268
matmul_linear_2212,32.6227052
matmul_linear_2213,34.7154375
matmul_linear_2214,36.71099100000001
matmul_linear_2215,38.8219914
matmul_linear_2216,40.8690002
matmul_linear_2217,53.844991099999994
matmul_linear_2218,56.2010091
matmul_linear_2219,65.0766876
matmul_linear_2220,69.66899989999999
matmul_linear_2221,74.23627680000001
matmul_linear_2222,78.78997329999999
matmul_linear_2223,83.35131240000001
matmul_linear_2224,87.95628580000002
matmul_linear_2225,11.7527052
matmul_linear_2226,19.3974373
matmul_linear_2227,22.2908482
matmul_linear_2228,25.3125626
matmul_linear_2229,39.9841784
matmul_linear_2230,42.4365536
matmul_linear_2231,45.262696600000005
matmul_linear_2232,48.0501341
matmul_linear_2233,50.7597234
matmul_linear_2234,53.380133799999996
matmul_linear_2235,56.1814466
matmul_linear_2236,69.7290268
matmul_linear_2237,74.43940180000001
matmul_linear_2238,79.0254465
matmul_linear_2239,83.5146073
matmul_linear_2240,88.2072858
matmul_linear_2241,11.7944376
matmul_linear_2242,21.9200177
matmul_linear_2243,25.1369731
matmul_linear_2244,37.871116
matmul_linear_2245,40.280821700000004
matmul_linear_2246,42.6355803
matmul_linear_2247,45.1022947
matmul_linear_2248,47.5112767
matmul_linear_2249,62.499303600000005
matmul_linear_2250,65.1675714
matmul_linear_2251,80.29714319999998
matmul_linear_2252,69.5295982
matmul_linear_2253,127.9582948
matmul_linear_2254,68.29870529999998
matmul_linear_2255,71.49656239999999
matmul_linear_2256,80.546991
matmul_linear_2257,11.719187299999998
matmul_linear_2258,21.9802856
matmul_linear_2259,25.180125300000004
matmul_linear_2260,28.2111429
matmul_linear_2261,45.3895894
matmul_linear_2262,48.2007234
matmul_linear_2263,51.1101428
matmul_linear_2264,53.9224285
matmul_linear_2265,56.871714399999995
matmul_linear_2266,59.77198219999999
matmul_linear_2267,62.6771964
matmul_linear_2268,65.9963121
matmul_linear_2269,68.94243730000001
matmul_linear_2270,68.9257232
matmul_linear_2271,72.16972319999999
matmul_linear_2272,81.15656249999999
matmul_linear_2273,14.4291426
matmul_linear_2274,24.2398393
matmul_linear_2275,28.081160699999998
matmul_linear_2276,31.903017900000002
matmul_linear_2277,35.707294700000006
matmul_linear_2278,39.6503215
matmul_linear_2279,43.5561605
matmul_linear_2280,47.5734466
matmul_linear_2281,64.9705447
matmul_linear_2282,68.47931259999999
matmul_linear_2283,72.19628559999998
matmul_linear_2284,75.8085802
matmul_linear_2285,79.65900909999999
matmul_linear_2286,83.251857
matmul_linear_2287,110.26916080000001
matmul_linear_2288,116.24142849999998
matmul_linear_2289,14.474142699999998
matmul_linear_2290,19.1804375
matmul_linear_2291,27.9104555
matmul_linear_2292,31.547999800000003
matmul_linear_2293,50.5918215
matmul_linear_2294,53.8432855
matmul_linear_2295,57.035018
matmul_linear_2296,60.493446399999996
matmul_linear_2297,63.5751338
matmul_linear_2298,66.91915149999998
matmul_linear_2299,70.0868485
matmul_linear_2300,73.34226790000001
matmul_linear_2301,76.6905537
matmul_linear_2302,80.5854555
matmul_linear_2303,98.7687143
matmul_linear_2304,116.55012529999999
matmul_linear_2305,3.2194463
matmul_linear_2306,4.133553699999999
matmul_linear_2307,5.0206073
matmul_linear_2308,5.7890001
matmul_linear_2309,6.4207144
matmul_linear_2310,7.2001518
matmul_linear_2311,9.109749699999998
matmul_linear_2312,9.881133899999998
matmul_linear_2313,10.592267900000001
matmul_linear_2314,11.360401799999998
matmul_linear_2315,12.0825447
matmul_linear_2316,12.815249900000001
matmul_linear_2317,13.631991
matmul_linear_2318,14.2112857
matmul_linear_2319,15.0866071
matmul_linear_2320,15.732740999999999
matmul_linear_2321,3.8884108
matmul_linear_2322,5.7641517
matmul_linear_2323,7.2254019
matmul_linear_2324,9.790616199999999
matmul_linear_2325,11.353133900000001
matmul_linear_2326,12.7499909
matmul_linear_2327,14.181455500000002
matmul_linear_2328,15.668401900000001
matmul_linear_2329,17.1204195
matmul_linear_2330,18.5972946
matmul_linear_2331,21.312437499999998
matmul_linear_2332,22.603285600000003
matmul_linear_2333,24.4107143
matmul_linear_2334,25.614419700000003
matmul_linear_2335,26.9845893
matmul_linear_2336,29.5785804
matmul_linear_2337,4.7340002
matmul_linear_2338,7.0214018
matmul_linear_2339,9.1037321
matmul_linear_2340,10.0312856
matmul_linear_2341,11.066839000000002
matmul_linear_2342,12.0108484
matmul_linear_2343,13.1221251
matmul_linear_2344,14.181571400000001
matmul_linear_2345,15.312883700000004
matmul_linear_2346,16.2755626
matmul_linear_2347,17.443803499999998
matmul_linear_2348,22.030830200000004
matmul_linear_2349,23.0430358
matmul_linear_2350,24.080687499999996
matmul_linear_2351,24.985615799999998
matmul_linear_2352,26.0149999
matmul_linear_2353,5.360589500000001
matmul_linear_2354,8.2335713
matmul_linear_2355,9.7735895
matmul_linear_2356,15.805169800000002
matmul_linear_2357,18.7412768
matmul_linear_2358,21.6137052
matmul_linear_2359,24.5591696
matmul_linear_2360,27.515714399999997
matmul_linear_2361,22.5220002
matmul_linear_2362,35.4040267
matmul_linear_2363,38.3349913
matmul_linear_2364,29.882455600000004
matmul_linear_2365,31.8341785
matmul_linear_2366,33.422999999999995
matmul_linear_2367,34.987562499999996
matmul_linear_2368,38.8820177
matmul_linear_2369,8.0688392
matmul_linear_2370,9.8934285
matmul_linear_2371,16.6930272
matmul_linear_2372,18.268428500000002
matmul_linear_2373,16.169142600000004
matmul_linear_2374,17.9087143
matmul_linear_2375,19.592571799999998
matmul_linear_2376,21.223124900000002
matmul_linear_2377,22.754151800000002
matmul_linear_2378,24.3915893
matmul_linear_2379,26.152687500000003
matmul_linear_2380,27.7125717
matmul_linear_2381,32.6401427
matmul_linear_2382,34.002419599999996
matmul_linear_2383,35.40957160000001
matmul_linear_2384,36.6387228
matmul_linear_2385,7.029008999999999
matmul_linear_2386,11.1851696
matmul_linear_2387,19.391116099999998
matmul_linear_2388,20.992428600000004
matmul_linear_2389,22.611401899999997
matmul_linear_2390,31.624821299999997
matmul_linear_2391,36.012151800000005
matmul_linear_2392,40.3407143
matmul_linear_2393,44.6082945
matmul_linear_2394,49.1274283
matmul_linear_2395,56.5295626
matmul_linear_2396,37.1469822
matmul_linear_2397,39.4305804
matmul_linear_2398,41.3951249
matmul_linear_2399,43.1525893
matmul_linear_2400,48.444
matmul_linear_2401,10.709607199999999
matmul_linear_2402,12.832990999999998
matmul_linear_2403,22.1661609
matmul_linear_2404,24.0242589
matmul_linear_2405,25.803517900000003
matmul_linear_2406,27.450723099999998
matmul_linear_2407,31.064419699999995
matmul_linear_2408,38.88003569999999
matmul_linear_2409,42.2731517
matmul_linear_2410,45.6204644
matmul_linear_2411,49.047419500000004
matmul_linear_2412,52.40126789999999
matmul_linear_2413,55.7833035
matmul_linear_2414,59.1608753
matmul_linear_2415,62.514669500000004
matmul_linear_2416,65.89468729999999
matmul_linear_2417,10.0107143
matmul_linear_2418,15.269428499999998
matmul_linear_2419,17.8981431
matmul_linear_2420,26.8822676
matmul_linear_2421,28.690402
matmul_linear_2422,30.472428499999996
matmul_linear_2423,32.4023931
matmul_linear_2424,38.988723
matmul_linear_2425,42.4384197
matmul_linear_2426,45.7047143
matmul_linear_2427,49.150741
matmul_linear_2428,52.459705299999996
matmul_linear_2429,55.9056073
matmul_linear_2430,59.3512855
matmul_linear_2431,62.7168125
matmul_linear_2432,66.06813389999999
matmul_linear_2433,9.922437300000002
matmul_linear_2434,15.8471698
matmul_linear_2435,27.660580099999997
matmul_linear_2436,29.838723199999997
matmul_linear_2437,31.9523927
matmul_linear_2438,33.8853125
matmul_linear_2439,35.812866199999995
matmul_linear_2440,37.9641338
matmul_linear_2441,72.83027670000001
matmul_linear_2442,79.9786075
matmul_linear_2443,87.2717321
matmul_linear_2444,94.4605359
matmul_linear_2445,54.664964299999994
matmul_linear_2446,57.158187299999994
matmul_linear_2447,59.48431250000001
matmul_linear_2448,67.2194552
matmul_linear_2449,10.0320448
matmul_linear_2450,18.289866099999998
matmul_linear_2451,21.1662768
matmul_linear_2452,24.0522856
matmul_linear_2453,37.643419900000005
matmul_linear_2454,40.1054371
matmul_linear_2455,42.8412677
matmul_linear_2456,45.5553037
matmul_linear_2457,48.1265714
matmul_linear_2458,80.1798571
matmul_linear_2459,87.41544640000001
matmul_linear_2460,94.8058659
matmul_linear_2461,55.4047234
matmul_linear_2462,57.89853569999999
matmul_linear_2463,60.199116200000006
matmul_linear_2464,67.85355369999999
matmul_linear_2465,12.893410600000001
matmul_linear_2466,20.9157142
matmul_linear_2467,24.198
matmul_linear_2468,35.6655536
matmul_linear_2469,38.0084107
matmul_linear_2470,40.061705499999995
matmul_linear_2471,42.4254198
matmul_linear_2472,44.801732400000006
matmul_linear_2473,58.837901699999996
matmul_linear_2474,61.2531431
matmul_linear_2475,72.2089912
matmul_linear_2476,77.2378482
matmul_linear_2477,67.97941949999999
matmul_linear_2478,71.95441059999999
matmul_linear_2479,75.9098841
matmul_linear_2480,79.7778481
matmul_linear_2481,12.878151800000001
matmul_linear_2482,21.029017900000003
matmul_linear_2483,24.1059999
matmul_linear_2484,27.397991100000002
matmul_linear_2485,43.506303700000004
matmul_linear_2486,46.356125000000006
matmul_linear_2487,49.2476875
matmul_linear_2488,52.31955359999999
matmul_linear_2489,55.1781429
matmul_linear_2490,58.075419499999995
matmul_linear_2491,60.906883900000004
matmul_linear_2492,77.4674555
matmul_linear_2493,68.09502660000001
matmul_linear_2494,72.09284819999999
matmul_linear_2495,76.14013410000003
matmul_linear_2496,79.9588662
matmul_linear_2497,12.9234197
matmul_linear_2498,24.074286
matmul_linear_2499,27.466571499999997
matmul_linear_2500,30.8867232
matmul_linear_2501,44.1037233
matmul_linear_2502,46.4797144
matmul_linear_2503,49.1068572
matmul_linear_2504,51.770464600000004
matmul_linear_2505,68.333268
matmul_linear_2506,71.1540267
matmul_linear_2507,73.7446968
matmul_linear_2508,75.81129480000001
matmul_linear_2509,141.4599019
matmul_linear_2510,80.5524109
matmul_linear_2511,83.9161786
matmul_linear_2512,87.29358049999999
matmul_linear_2513,12.837848400000002
matmul_linear_2514,24.099312500000003
matmul_linear_2515,27.394732000000005
matmul_linear_2516,30.950874999999996
matmul_linear_2517,34.4311431
matmul_linear_2518,52.622571199999996
matmul_linear_2519,55.8155624
matmul_linear_2520,59.028999999999996
matmul_linear_2521,62.176857299999995
matmul_linear_2522,65.41328580000001
matmul_linear_2523,68.63600890000001
matmul_linear_2524,72.0136964
matmul_linear_2525,75.4028394
matmul_linear_2526,81.2054285
matmul_linear_2527,84.6037052
matmul_linear_2528,87.9954463
matmul_linear_2529,15.7058393
matmul_linear_2530,26.662723399999997
matmul_linear_2531,30.629562500000002
matmul_linear_2532,34.775098199999995
matmul_linear_2533,38.8258393
matmul_linear_2534,42.950482199999996
matmul_linear_2535,47.2609822
matmul_linear_2536,66.92170519999999
matmul_linear_2537,70.8751427
matmul_linear_2538,74.52844639999999
matmul_linear_2539,78.34654459999999
matmul_linear_2540,82.3757232
matmul_linear_2541,86.28228569999999
matmul_linear_2542,90.41771429999999
matmul_linear_2543,88.9854374
matmul_linear_2544,93.40101770000001
matmul_linear_2545,15.7611429
matmul_linear_2546,20.957160499999997
matmul_linear_2547,30.426848200000002
matmul_linear_2548,34.351035499999995
matmul_linear_2549,38.1639998
matmul_linear_2550,58.8729999
matmul_linear_2551,62.306607199999995
matmul_linear_2552,66.04185709999999
matmul_linear_2553,69.4387231
matmul_linear_2554,72.86641979999999
matmul_linear_2555,76.3272591
matmul_linear_2556,79.7005626
matmul_linear_2557,83.39099119999999
matmul_linear_2558,87.6406965
matmul_linear_2559,91.531259
matmul_linear_2560,93.5695179
matmul_linear_2561,3.6595534
matmul_linear_2562,4.634152
matmul_linear_2563,5.613134099999999
matmul_linear_2564,6.2542947
matmul_linear_2565,6.9906875
matmul_linear_2566,7.812696299999999
matmul_linear_2567,9.9429375
matmul_linear_2568,10.7085893
matmul_linear_2569,11.4888571
matmul_linear_2570,12.2249734
matmul_linear_2571,13.0055534
matmul_linear_2572,13.755830300000003
matmul_linear_2573,14.648009000000002
matmul_linear_2574,15.4267231
matmul_linear_2575,16.2212588
matmul_linear_2576,16.901000099999997
matmul_linear_2577,4.3967142
matmul_linear_2578,6.1865983
matmul_linear_2579,7.8301519000000015
matmul_linear_2580,10.646883899999999
matmul_linear_2581,12.3020001
matmul_linear_2582,13.7715804
matmul_linear_2583,15.349428500000002
matmul_linear_2584,16.857446399999997
matmul_linear_2585,18.508267699999998
matmul_linear_2586,20.0031427
matmul_linear_2587,21.604705300000003
matmul_linear_2588,24.414303600000004
matmul_linear_2589,26.2226966
matmul_linear_2590,27.5061339
matmul_linear_2591,29.161848300000003
matmul_linear_2592,31.9672768
matmul_linear_2593,5.9037054
matmul_linear_2594,7.5079823
matmul_linear_2595,10.0934287
matmul_linear_2596,11.3539999
matmul_linear_2597,12.513857
matmul_linear_2598,13.770678600000002
matmul_linear_2599,14.985437399999999
matmul_linear_2600,16.3055624
matmul_linear_2601,17.5164375
matmul_linear_2602,18.8183304
matmul_linear_2603,22.662553699999997
matmul_linear_2604,23.6166966
matmul_linear_2605,24.692866
matmul_linear_2606,25.680428500000005
matmul_linear_2607,26.7750001
matmul_linear_2608,27.8154375
matmul_linear_2609,5.9478572000000005
matmul_linear_2610,8.971294699999998
matmul_linear_2611,15.1494553
matmul_linear_2612,16.943857
matmul_linear_2613,20.084116
matmul_linear_2614,23.2265802
matmul_linear_2615,26.361990899999995
matmul_linear_2616,29.591562399999997
matmul_linear_2617,35.0571518
matmul_linear_2618,38.2342589
matmul_linear_2619,30.2045623
matmul_linear_2620,31.949285600000003
matmul_linear_2621,33.982018
matmul_linear_2622,35.6464017
matmul_linear_2623,37.410035799999996
matmul_linear_2624,39.35731249999999
matmul_linear_2625,8.7875715
matmul_linear_2626,10.632723100000002
matmul_linear_2627,18.260973200000002
matmul_linear_2628,19.792008900000006
matmul_linear_2629,29.1751518
matmul_linear_2630,20.835151800000002
matmul_linear_2631,22.8358574
matmul_linear_2632,24.413151699999997
matmul_linear_2633,26.454848300000002
matmul_linear_2634,28.3744196
matmul_linear_2635,30.315160600000002
matmul_linear_2636,32.263294900000005
matmul_linear_2637,35.1881162
matmul_linear_2638,36.6698483
matmul_linear_2639,38.0285894
matmul_linear_2640,39.47640200000001
matmul_linear_2641,7.5078659000000005
matmul_linear_2642,12.3898571
matmul_linear_2643,21.1177232
matmul_linear_2644,23.034990999999998
matmul_linear_2645,24.7744465
matmul_linear_2646,34.0455623
matmul_linear_2647,38.5902767
matmul_linear_2648,43.2800089
matmul_linear_2649,47.8998481
matmul_linear_2650,52.712446299999996
matmul_linear_2651,38.127151600000005
matmul_linear_2652,39.7962949
matmul_linear_2653,42.0794197
matmul_linear_2654,44.2512681
matmul_linear_2655,46.0114108
matmul_linear_2656,48.322446299999996
matmul_linear_2657,11.597259000000001
matmul_linear_2658,13.880160799999999
matmul_linear_2659,24.3151428
matmul_linear_2660,26.031428299999998
matmul_linear_2661,27.9865536
matmul_linear_2662,29.793294599999996
matmul_linear_2663,33.116866099999996
matmul_linear_2664,41.6062947
matmul_linear_2665,45.1962769
matmul_linear_2666,48.7009822
matmul_linear_2667,52.261142899999996
matmul_linear_2668,55.9688838
matmul_linear_2669,59.6571339
matmul_linear_2670,63.176830300000006
matmul_linear_2671,66.71870550000001
matmul_linear_2672,70.41701800000001
matmul_linear_2673,9.0111339
matmul_linear_2674,16.5514018
matmul_linear_2675,19.3585624
matmul_linear_2676,22.3446784
matmul_linear_2677,31.0822946
matmul_linear_2678,33.044991100000004
matmul_linear_2679,35.1702945
matmul_linear_2680,41.7094374
matmul_linear_2681,45.3465715
matmul_linear_2682,48.868428699999996
matmul_linear_2683,52.50870540000001
matmul_linear_2684,56.117017999999995
matmul_linear_2685,59.686553700000005
matmul_linear_2686,63.282241
matmul_linear_2687,66.98214270000001
matmul_linear_2688,70.7134464
matmul_linear_2689,10.7429823
matmul_linear_2690,17.1485538
matmul_linear_2691,30.3575535
matmul_linear_2692,32.470151900000005
matmul_linear_2693,34.5761428
matmul_linear_2694,36.5777055
matmul_linear_2695,38.7152947
matmul_linear_2696,40.76858029999999
matmul_linear_2697,78.18414299999999
matmul_linear_2698,85.95883920000001
matmul_linear_2699,93.73214279999999
matmul_linear_2700,55.598732299999995
matmul_linear_2701,58.754294400000006
matmul_linear_2702,61.4658482
matmul_linear_2703,64.01413400000001
matmul_linear_2704,67.0594019
matmul_linear_2705,10.730446099999998
matmul_linear_2706,19.696589499999998
matmul_linear_2707,22.9051248
matmul_linear_2708,25.8940181
matmul_linear_2709,40.800982100000006
matmul_linear_2710,43.6718483
matmul_linear_2711,46.3791071
matmul_linear_2712,49.1944824
matmul_linear_2713,51.85595550000001
matmul_linear_2714,86.2325717
matmul_linear_2715,94.05472289999999
matmul_linear_2716,56.2980181
matmul_linear_2717,59.507857200000004
matmul_linear_2718,62.1445892
matmul_linear_2719,64.7561159
matmul_linear_2720,67.8274375
matmul_linear_2721,13.9411429
matmul_linear_2722,23.0578661
matmul_linear_2723,26.327018
matmul_linear_2724,38.7253301
matmul_linear_2725,41.2553035
matmul_linear_2726,43.50958039999999
matmul_linear_2727,46.0245981
matmul_linear_2728,48.5772767
matmul_linear_2729,63.934428600000004
matmul_linear_2730,66.50958019999999
matmul_linear_2731,63.9219911
matmul_linear_2732,68.11399109999999
matmul_linear_2733,72.2122593
matmul_linear_2734,76.34899090000002
matmul_linear_2735,80.502045
matmul_linear_2736,84.62571430000001
matmul_linear_2737,13.8922499
matmul_linear_2738,23.156151700000002
matmul_linear_2739,26.4072767
matmul_linear_2740,29.867866100000004
matmul_linear_2741,36.0744375
matmul_linear_2742,50.3765893
matmul_linear_2743,53.704866100000004
matmul_linear_2744,56.73583010000001
matmul_linear_2745,59.9551339
matmul_linear_2746,62.9239999
matmul_linear_2747,66.1731518
matmul_linear_2748,68.25789290000002
matmul_linear_2749,72.4007321
matmul_linear_2750,76.5695623
matmul_linear_2751,80.7019821
matmul_linear_2752,84.9697232
matmul_linear_2753,13.843143000000001
matmul_linear_2754,26.086276700000003
matmul_linear_2755,29.677830399999998
matmul_linear_2756,33.5811695
matmul_linear_2757,47.8474285
matmul_linear_2758,50.401419600000004
matmul_linear_2759,53.18271430000001
matmul_linear_2760,55.8257143
matmul_linear_2761,74.08400900000001
matmul_linear_2762,76.95602679999999
matmul_linear_2763,79.6640356
matmul_linear_2764,81.9772588
matmul_linear_2765,151.9704377
matmul_linear_2766,87.7437322
matmul_linear_2767,91.06215180000001
matmul_linear_2768,103.2019998
matmul_linear_2769,13.942866200000001
matmul_linear_2770,26.1399733
matmul_linear_2771,29.768848099999996
matmul_linear_2772,33.619884
matmul_linear_2773,37.236847999999995
matmul_linear_2774,57.274303599999996
matmul_linear_2775,60.7438572
matmul_linear_2776,64.1677144
matmul_linear_2777,67.4821606
matmul_linear_2778,70.8292677
matmul_linear_2779,74.4957052
matmul_linear_2780,78.1972681
matmul_linear_2781,81.9855178
matmul_linear_2782,88.4789733
matmul_linear_2783,91.7947233
matmul_linear_2784,103.9421517
matmul_linear_2785,16.9501341
matmul_linear_2786,28.889286
matmul_linear_2787,33.2572678
matmul_linear_2788,37.5965804
matmul_linear_2789,41.8831072
matmul_linear_2790,46.3470268
matmul_linear_2791,50.755553500000005
matmul_linear_2792,72.46688379999999
matmul_linear_2793,76.4844107
matmul_linear_2794,80.5881694
matmul_linear_2795,84.63986630000002
matmul_linear_2796,88.9328659
matmul_linear_2797,93.1600178
matmul_linear_2798,97.39286609999999
matmul_linear_2799,95.62724999999999
matmul_linear_2800,100.3781248
matmul_linear_2801,17.0647144
matmul_linear_2802,22.651714199999997
matmul_linear_2803,33.0715536
matmul_linear_2804,42.0836074
matmul_linear_2805,47.2275537
matmul_linear_2806,52.2037143
matmul_linear_2807,57.215401899999996
matmul_linear_2808,71.47585720000001
matmul_linear_2809,75.1981518
matmul_linear_2810,78.9029911
matmul_linear_2811,82.52085720000001
matmul_linear_2812,86.22574119999999
matmul_linear_2813,90.00543730000001
matmul_linear_2814,94.51575
matmul_linear_2815,98.72614279999998
matmul_linear_2816,100.55841960000001
matmul_linear_2817,3.564410900000001
matmul_linear_2818,4.5968928
matmul_linear_2819,5.6494197
matmul_linear_2820,6.712678600000001
matmul_linear_2821,7.4634284
matmul_linear_2822,8.3821339
matmul_linear_2823,9.1674464
matmul_linear_2824,10.0899642
matmul_linear_2825,10.9674197
matmul_linear_2826,13.3227499
matmul_linear_2827,14.1892944
matmul_linear_2828,15.025732200000002
matmul_linear_2829,15.913134
matmul_linear_2830,16.7381428
matmul_linear_2831,17.688143000000004
matmul_linear_2832,18.543705499999998
matmul_linear_2833,4.1422769
matmul_linear_2834,6.4985536999999995
matmul_linear_2835,8.2415713
matmul_linear_2836,9.9537501
matmul_linear_2837,13.269428699999997
matmul_linear_2838,11.1084377
matmul_linear_2839,16.762169399999998
matmul_linear_2840,18.445875100000002
matmul_linear_2841,20.189866099999996
matmul_linear_2842,21.9547234
matmul_linear_2843,23.6268929
matmul_linear_2844,26.687571400000003
matmul_linear_2845,27.118857199999997
matmul_linear_2846,30.2516965
matmul_linear_2847,31.8377232
matmul_linear_2848,33.8176874
matmul_linear_2849,5.3521339999999995
matmul_linear_2850,8.066821100000002
matmul_linear_2851,9.9524285
matmul_linear_2852,11.268866
matmul_linear_2853,12.4530092
matmul_linear_2854,13.715857
matmul_linear_2855,14.931857099999998
matmul_linear_2856,16.192705500000002
matmul_linear_2857,17.304884100000002
matmul_linear_2858,18.609009000000004
matmul_linear_2859,19.8465445
matmul_linear_2860,21.098000000000003
matmul_linear_2861,22.2305894
matmul_linear_2862,23.5252854
matmul_linear_2863,28.846259100000005
matmul_linear_2864,30.0208659
matmul_linear_2865,6.137982200000001
matmul_linear_2866,9.594160800000001
matmul_linear_2867,11.257285800000002
matmul_linear_2868,13.266
matmul_linear_2869,21.919848
matmul_linear_2870,25.4366964
matmul_linear_2871,28.8592767
matmul_linear_2872,32.3225448
matmul_linear_2873,38.3928748
matmul_linear_2874,28.295419599999995
matmul_linear_2875,30.3260179
matmul_linear_2876,34.9004198
matmul_linear_2877,37.1108572
matmul_linear_2878,39.1158573
matmul_linear_2879,40.9068929
matmul_linear_2880,43.086294599999995
matmul_linear_2881,7.7858481
matmul_linear_2882,11.801714200000001
matmul_linear_2883,19.5982855
matmul_linear_2884,21.3911427
matmul_linear_2885,18.479267800000002
matmul_linear_2886,20.663732099999997
matmul_linear_2887,22.360116400000003
matmul_linear_2888,24.1352768
matmul_linear_2889,26.089464500000002
matmul_linear_2890,27.869848100000002
matmul_linear_2891,29.8739731
matmul_linear_2892,31.656151900000005
matmul_linear_2893,33.5928216
matmul_linear_2894,35.399009
matmul_linear_2895,37.277446499999996
matmul_linear_2896,42.12257150000001
matmul_linear_2897,8.1485357
matmul_linear_2898,13.0697144
matmul_linear_2899,22.8449909
matmul_linear_2900,24.650714299999997
matmul_linear_2901,26.5739643
matmul_linear_2902,37.15001779999999
matmul_linear_2903,42.3241428
matmul_linear_2904,47.3998392
matmul_linear_2905,52.6384196
matmul_linear_2906,57.808696399999995
matmul_linear_2907,36.754134199999996
matmul_linear_2908,42.8751606
matmul_linear_2909,45.638973400000005
matmul_linear_2910,47.740446500000004
matmul_linear_2911,49.6135624
matmul_linear_2912,52.385982
matmul_linear_2913,12.6352589
matmul_linear_2914,14.8628484
matmul_linear_2915,26.0684106
matmul_linear_2916,28.179000000000002
matmul_linear_2917,30.004571200000004
matmul_linear_2918,31.851562600000005
matmul_linear_2919,29.9021519
matmul_linear_2920,45.4637055
matmul_linear_2921,49.4280178
matmul_linear_2922,53.4045984
matmul_linear_2923,57.2248391
matmul_linear_2924,61.22360739999999
matmul_linear_2925,65.1905628
matmul_linear_2926,69.06973239999999
matmul_linear_2927,73.038866
matmul_linear_2928,77.0058574
matmul_linear_2929,9.8396963
matmul_linear_2930,17.8897233
matmul_linear_2931,20.8251427
matmul_linear_2932,23.911437400000004
matmul_linear_2933,36.9947142
matmul_linear_2934,39.7005626
matmul_linear_2935,42.5225982
matmul_linear_2936,45.569277
matmul_linear_2937,49.6238483
matmul_linear_2938,53.5775716
matmul_linear_2939,57.568008799999994
matmul_linear_2940,61.4712678
matmul_linear_2941,65.39985720000001
matmul_linear_2942,69.36200889999999
matmul_linear_2943,73.3322678
matmul_linear_2944,77.2139822
matmul_linear_2945,11.7896965
matmul_linear_2946,18.30917
matmul_linear_2947,32.5865626
matmul_linear_2948,34.9699824
matmul_linear_2949,37.1268214
matmul_linear_2950,39.2708662
matmul_linear_2951,41.5018573
matmul_linear_2952,43.8424286
matmul_linear_2953,41.9658659
matmul_linear_2954,45.220125
matmul_linear_2955,48.6324642
matmul_linear_2956,51.814857
matmul_linear_2957,55.1350087
matmul_linear_2958,65.53558050000001
matmul_linear_2959,68.05525899999999
matmul_linear_2960,71.4146964
matmul_linear_2961,11.8307232
matmul_linear_2962,21.251723000000002
matmul_linear_2963,24.475714000000004
matmul_linear_2964,27.7661606
matmul_linear_2965,31.124875100000004
matmul_linear_2966,46.928009100000004
matmul_linear_2967,50.0014554
matmul_linear_2968,53.0007499
matmul_linear_2969,55.8447233
matmul_linear_2970,94.73600889999999
matmul_linear_2971,103.2724287
matmul_linear_2972,60.1467234
matmul_linear_2973,63.5772947
matmul_linear_2974,66.3731695
matmul_linear_2975,68.78885679999999
matmul_linear_2976,72.254973
matmul_linear_2977,14.949428399999999
matmul_linear_2978,24.594883900000003
matmul_linear_2979,30.045008799999998
matmul_linear_2980,41.738812700000004
matmul_linear_2981,44.2765712
matmul_linear_2982,46.6184463
matmul_linear_2983,49.1055715
matmul_linear_2984,51.90470539999999
matmul_linear_2985,54.353991099999995
matmul_linear_2986,56.9852857
matmul_linear_2987,69.129875
matmul_linear_2988,73.6278214
matmul_linear_2989,78.1221428
matmul_linear_2990,82.52196430000001
matmul_linear_2991,87.0085622
matmul_linear_2992,91.4083304
matmul_linear_2993,14.965705300000002
matmul_linear_2994,24.7070002
matmul_linear_2995,30.3125535
matmul_linear_2996,34.66741089999999
matmul_linear_2997,38.9142858
matmul_linear_2998,43.0809911
matmul_linear_2999,57.6332677
matmul_linear_3000,61.11843759999999
matmul_linear_3001,64.2551428
matmul_linear_3002,67.5809912
matmul_linear_3003,70.942991
matmul_linear_3004,73.756125
matmul_linear_3005,78.2842856
matmul_linear_3006,82.6745535
matmul_linear_3007,87.1974464
matmul_linear_3008,91.6270001
matmul_linear_3009,14.8543304
matmul_linear_3010,28.0152859
matmul_linear_3011,31.7804464
matmul_linear_3012,35.794151899999996
matmul_linear_3013,51.423857299999995
matmul_linear_3014,53.986687200000006
matmul_linear_3015,56.858134099999994
matmul_linear_3016,68.65127670000001
matmul_linear_3017,79.5898569
matmul_linear_3018,82.60697329999999
matmul_linear_3019,102.62310740000001
matmul_linear_3020,105.1848482
matmul_linear_3021,167.22471439999998
matmul_linear_3022,80.6751516
matmul_linear_3023,84.9509642
matmul_linear_3024,89.3338749
matmul_linear_3025,14.9824196
matmul_linear_3026,28.0858395
matmul_linear_3027,31.9077143
matmul_linear_3028,35.8633304
matmul_linear_3029,39.6920092
matmul_linear_3030,61.4762946
matmul_linear_3031,65.04572299999998
matmul_linear_3032,68.7493214
matmul_linear_3033,72.278107
matmul_linear_3034,75.9781429
matmul_linear_3035,79.58283930000002
matmul_linear_3036,83.4152767
matmul_linear_3037,87.1960265
matmul_linear_3038,81.11670519999998
matmul_linear_3039,85.4590178
matmul_linear_3040,89.9017053
matmul_linear_3041,18.278008800000002
matmul_linear_3042,31.097714200000002
matmul_linear_3043,35.783732199999996
matmul_linear_3044,40.3949822
matmul_linear_3045,44.996705299999995
matmul_linear_3046,49.77158059999999
matmul_linear_3047,54.437875
matmul_linear_3048,78.13083909999999
matmul_linear_3049,82.3825805
matmul_linear_3050,86.93644649999999
matmul_linear_3051,91.26671429999999
matmul_linear_3052,95.76174119999999
matmul_linear_3053,100.1134284
matmul_linear_3054,104.63685699999999
matmul_linear_3055,102.8018482
matmul_linear_3056,150.8291341
matmul_linear_3057,18.3672857
matmul_linear_3058,24.3378482
matmul_linear_3059,39.7080179
matmul_linear_3060,45.4291789
matmul_linear_3061,50.832419800000004
matmul_linear_3062,56.21370520000001
matmul_linear_3063,61.607428600000006
matmul_linear_3064,77.22215200000001
matmul_linear_3065,80.94769649999999
matmul_linear_3066,84.8468569
matmul_linear_3067,88.6959823
matmul_linear_3068,92.5721518
matmul_linear_3069,96.62944630000001
matmul_linear_3070,101.5668929
matmul_linear_3071,106.0057232
matmul_linear_3072,150.9818482
matmul_linear_3073,3.9422946999999993
matmul_linear_3074,5.0295714
matmul_linear_3075,6.156589500000001
matmul_linear_3076,7.3199911
matmul_linear_3077,8.3635713
matmul_linear_3078,9.3848394
matmul_linear_3079,10.4292946
matmul_linear_3080,12.2444283
matmul_linear_3081,13.3367144
matmul_linear_3082,14.171294499999998
matmul_linear_3083,15.1175981
matmul_linear_3084,15.9570982
matmul_linear_3085,16.909134
matmul_linear_3086,17.7710181
matmul_linear_3087,18.7247146
matmul_linear_3088,19.652982100000003
matmul_linear_3089,5.031249900000001
matmul_linear_3090,7.2446606000000004
matmul_linear_3091,9.2858658
matmul_linear_3092,12.3174018
matmul_linear_3093,14.0446962
matmul_linear_3094,15.927125100000001
matmul_linear_3095,17.835866199999998
matmul_linear_3096,19.5718572
matmul_linear_3097,21.441124900000002
matmul_linear_3098,23.211857000000002
matmul_linear_3099,25.057714200000003
matmul_linear_3100,28.412580399999996
matmul_linear_3101,28.7265713
matmul_linear_3102,32.2028661
matmul_linear_3103,33.841152099999995
matmul_linear_3104,35.935330199999996
matmul_linear_3105,6.7904195000000005
matmul_linear_3106,8.613562499999999
matmul_linear_3107,11.895973299999998
matmul_linear_3108,13.716991100000001
matmul_linear_3109,15.183009000000002
matmul_linear_3110,16.5958751
matmul_linear_3111,17.174008799999996
matmul_linear_3112,18.521125100000003
matmul_linear_3113,19.9359823
matmul_linear_3114,21.456160599999997
matmul_linear_3115,22.8689998
matmul_linear_3116,27.5151787
matmul_linear_3117,28.795393
matmul_linear_3118,30.035857299999996
matmul_linear_3119,31.2348751
matmul_linear_3120,32.39884820000001
matmul_linear_3121,8.4262052
matmul_linear_3122,10.387982099999999
matmul_linear_3123,17.5992586
matmul_linear_3124,19.6334287
matmul_linear_3125,23.320160800000004
matmul_linear_3126,26.936991
matmul_linear_3127,30.586848200000002
matmul_linear_3128,37.2483124
matmul_linear_3129,27.7348662
matmul_linear_3130,29.7800091
matmul_linear_3131,31.8888482
matmul_linear_3132,36.883143
matmul_linear_3133,36.1124285
matmul_linear_3134,41.1155715
matmul_linear_3135,43.07798240000001
matmul_linear_3136,45.376312299999995
matmul_linear_3137,10.137973400000002
matmul_linear_3138,12.2858482
matmul_linear_3139,21.189277100000005
matmul_linear_3140,23.0015802
matmul_linear_3141,33.877017900000006
matmul_linear_3142,23.456964000000003
matmul_linear_3143,25.6811253
matmul_linear_3144,27.839277
matmul_linear_3145,30.296294699999997
matmul_linear_3146,32.3495803
matmul_linear_3147,34.672026699999996
matmul_linear_3148,36.6689734
matmul_linear_3149,38.9999821
matmul_linear_3150,41.2903213
matmul_linear_3151,43.4750269
matmul_linear_3152,44.9905624
matmul_linear_3153,8.6152856
matmul_linear_3154,14.3042766
matmul_linear_3155,24.585848300000002
matmul_linear_3156,26.722303699999998
matmul_linear_3157,28.631705399999998
matmul_linear_3158,39.3999912
matmul_linear_3159,44.8232948
matmul_linear_3160,50.3167233
matmul_linear_3161,55.82255369999999
matmul_linear_3162,37.3567053
matmul_linear_3163,39.7851787
matmul_linear_3164,46.47757120000001
matmul_linear_3165,44.6108749
matmul_linear_3166,50.7855716
matmul_linear_3167,53.7785714
matmul_linear_3168,55.705535499999996
matmul_linear_3169,13.547857100000002
matmul_linear_3170,16.0417232
matmul_linear_3171,28.2140178
matmul_linear_3172,30.298999900000002
matmul_linear_3173,32.325991
matmul_linear_3174,34.3408301
matmul_linear_3175,31.927124799999994
matmul_linear_3176,34.3664375
matmul_linear_3177,37.1365625
matmul_linear_3178,39.84185720000001
matmul_linear_3179,42.373678700000006
matmul_linear_3180,45.0702948
matmul_linear_3181,68.6401251
matmul_linear_3182,72.8156068
matmul_linear_3183,77.052866
matmul_linear_3184,81.129866
matmul_linear_3185,10.4225892
matmul_linear_3186,19.207277
matmul_linear_3187,22.3288841
matmul_linear_3188,25.674723399999998
matmul_linear_3189,39.789455200000006
matmul_linear_3190,42.6562592
matmul_linear_3191,45.572535599999995
matmul_linear_3192,48.2304285
matmul_linear_3193,52.3265355
matmul_linear_3194,56.4458303
matmul_linear_3195,60.570428800000016
matmul_linear_3196,64.83200000000001
matmul_linear_3197,68.939875
matmul_linear_3198,73.1481338
matmul_linear_3199,77.23871419999999
matmul_linear_3200,81.524875
matmul_linear_3201,12.3281606
matmul_linear_3202,19.8109732
matmul_linear_3203,26.669009
matmul_linear_3204,37.629437300000006
matmul_linear_3205,40.1265535
matmul_linear_3206,42.5324285
matmul_linear_3207,44.7511341
matmul_linear_3208,47.159285700000005
matmul_linear_3209,44.7583035
matmul_linear_3210,48.110839399999996
matmul_linear_3211,51.8229909
matmul_linear_3212,55.105374899999994
matmul_linear_3213,58.57056239999999
matmul_linear_3214,61.87516050000001
matmul_linear_3215,65.4499912
matmul_linear_3216,68.67571430000001
matmul_linear_3217,12.329455300000001
matmul_linear_3218,22.895982099999998
matmul_linear_3219,26.502419600000003
matmul_linear_3220,30.158991099999998
matmul_linear_3221,33.4435802
matmul_linear_3222,50.670410700000005
matmul_linear_3223,53.8134106
matmul_linear_3224,57.0025715
matmul_linear_3225,60.258008999999994
matmul_linear_3226,100.42256239999999
matmul_linear_3227,109.531009
matmul_linear_3228,64.3804197
matmul_linear_3229,68.0908571
matmul_linear_3230,71.0572766
matmul_linear_3231,73.8574553
matmul_linear_3232,83.71258030000001
matmul_linear_3233,16.0599821
matmul_linear_3234,23.5244195
matmul_linear_3235,32.284009100000006
matmul_linear_3236,45.0297319
matmul_linear_3237,47.78671430000001
matmul_linear_3238,50.191303600000005
matmul_linear_3239,52.907428700000004
matmul_linear_3240,55.4864016
matmul_linear_3241,73.94642859999999
matmul_linear_3242,76.6629375
matmul_linear_3243,74.9074464
matmul_linear_3244,79.56913410000001
matmul_linear_3245,84.5080181
matmul_linear_3246,89.224259
matmul_linear_3247,93.9932946
matmul_linear_3248,98.862134
matmul_linear_3249,16.028580499999997
matmul_linear_3250,26.6652857
matmul_linear_3251,32.5928749
matmul_linear_3252,37.2063034
matmul_linear_3253,41.6731429
matmul_linear_3254,46.0979999
matmul_linear_3255,62.0384287
matmul_linear_3256,65.5838124
matmul_linear_3257,69.17271410000001
matmul_linear_3258,72.4135713
matmul_linear_3259,76.17488369999998
matmul_linear_3260,79.8398662
matmul_linear_3261,84.64616950000001
matmul_linear_3262,89.4319911
matmul_linear_3263,94.26586590000002
matmul_linear_3264,99.08144640000002
matmul_linear_3265,16.023294500000002
matmul_linear_3266,30.2296876
matmul_linear_3267,34.2470179
matmul_linear_3268,38.2258752
matmul_linear_3269,55.4447054
matmul_linear_3270,58.242991200000006
matmul_linear_3271,69.8884375
matmul_linear_3272,73.5235626
matmul_linear_3273,85.85297320000001
matmul_linear_3274,81.0551516
matmul_linear_3275,110.6141159
matmul_linear_3276,113.4041607
matmul_linear_3277,78.138134
matmul_linear_3278,82.5767322
matmul_linear_3279,87.5514196
matmul_linear_3280,92.01458949999999
matmul_linear_3281,16.0857319
matmul_linear_3282,30.237651500000005
matmul_linear_3283,34.49340159999999
matmul_linear_3284,38.2843124
matmul_linear_3285,42.44559829999999
matmul_linear_3286,66.2924286
matmul_linear_3287,69.9539821
matmul_linear_3288,73.54483050000002
matmul_linear_3289,77.32783930000001
matmul_linear_3290,81.1505624
matmul_linear_3291,84.83187509999999
matmul_linear_3292,89.15172320000002
matmul_linear_3293,93.0061694
matmul_linear_3294,190.2933127
matmul_linear_3295,213.56386619999998
matmul_linear_3296,226.2382948
matmul_linear_3297,19.6604108
matmul_linear_3298,33.5454373
matmul_linear_3299,38.5494376
matmul_linear_3300,43.5400091
matmul_linear_3301,48.480303500000005
matmul_linear_3302,53.5408752
matmul_linear_3303,58.6897323
matmul_linear_3304,83.8912856
matmul_linear_3305,88.6856873
matmul_linear_3306,93.31788379999998
matmul_linear_3307,98.06359810000001
matmul_linear_3308,102.8784552
matmul_linear_3309,107.69256250000001
matmul_linear_3310,112.3905445
matmul_linear_3311,121.0714374
matmul_linear_3312,159.1537232
matmul_linear_3313,19.670124899999998
matmul_linear_3314,26.1452499
matmul_linear_3315,42.67156249999999
matmul_linear_3316,48.67401759999999
matmul_linear_3317,54.566312399999994
matmul_linear_3318,60.197741099999995
matmul_linear_3319,66.0197498
matmul_linear_3320,82.6848661
matmul_linear_3321,86.66901769999998
matmul_linear_3322,90.82654480000001
matmul_linear_3323,95.04769639999999
matmul_linear_3324,99.1018571
matmul_linear_3325,103.41457129999999
matmul_linear_3326,127.68660710000002
matmul_linear_3327,134.4067412
matmul_linear_3328,159.38258920000004
matmul_linear_3329,3.923616
matmul_linear_3330,5.040294600000001
matmul_linear_3331,6.2051693
matmul_linear_3332,7.298285700000001
matmul_linear_3333,8.3324106
matmul_linear_3334,9.381008999999999
matmul_linear_3335,10.345295
matmul_linear_3336,11.274866
matmul_linear_3337,12.3911428
matmul_linear_3338,13.334116
matmul_linear_3339,14.404116199999999
matmul_linear_3340,15.3621428
matmul_linear_3341,18.0315803
matmul_linear_3342,19.0211253
matmul_linear_3343,20.0641428
matmul_linear_3344,21.0405805
matmul_linear_3345,4.732723200000001
matmul_linear_3346,7.2785803
matmul_linear_3347,9.259991000000001
matmul_linear_3348,11.2876875
matmul_linear_3349,13.2971427
matmul_linear_3350,15.2741343
matmul_linear_3351,18.965008800000003
matmul_linear_3352,20.8952857
matmul_linear_3353,22.888571600000002
matmul_linear_3354,24.816732199999997
matmul_linear_3355,26.8516787
matmul_linear_3356,28.862303700000002
matmul_linear_3357,30.673580199999996
matmul_linear_3358,32.719866
matmul_linear_3359,36.2291698
matmul_linear_3360,38.6034463
matmul_linear_3361,5.891446299999999
matmul_linear_3362,9.1678571
matmul_linear_3363,11.9035713
matmul_linear_3364,13.467267900000001
matmul_linear_3365,14.906875000000003
matmul_linear_3366,16.448152
matmul_linear_3367,17.006133799999997
matmul_linear_3368,18.1458661
matmul_linear_3369,19.6819641
matmul_linear_3370,21.040848299999997
matmul_linear_3371,22.5622946
matmul_linear_3372,23.828973299999994
matmul_linear_3373,25.2419912
matmul_linear_3374,26.682169599999998
matmul_linear_3375,28.0761341
matmul_linear_3376,29.464419799999995
matmul_linear_3377,7.159545
matmul_linear_3378,11.034875099999999
matmul_linear_3379,12.889249900000001
matmul_linear_3380,21.1106963
matmul_linear_3381,25.014277
matmul_linear_3382,29.0158479
matmul_linear_3383,32.9841426
matmul_linear_3384,22.0175448
matmul_linear_3385,29.909732299999995
matmul_linear_3386,32.1939732
matmul_linear_3387,34.5677322
matmul_linear_3388,36.8929911
matmul_linear_3389,39.07400019999999
matmul_linear_3390,41.1501429
matmul_linear_3391,46.6628839
matmul_linear_3392,49.2622855
matmul_linear_3393,8.5061338
matmul_linear_3394,13.277276999999998
matmul_linear_3395,15.271017699999998
matmul_linear_3396,24.581865999999998
matmul_linear_3397,21.0648304
matmul_linear_3398,23.1361339
matmul_linear_3399,25.249990999999998
matmul_linear_3400,27.245178600000003
matmul_linear_3401,29.366143
matmul_linear_3402,31.466125000000005
matmul_linear_3403,33.5747142
matmul_linear_3404,35.7195714
matmul_linear_3405,37.657151799999994
matmul_linear_3406,39.915883900000004
matmul_linear_3407,41.893017900000004
matmul_linear_3408,43.9457053
matmul_linear_3409,9.275000100000002
matmul_linear_3410,15.476437499999998
matmul_linear_3411,17.738750000000003
matmul_linear_3412,28.4599909
matmul_linear_3413,30.3667231
matmul_linear_3414,42.3898572
matmul_linear_3415,48.3927054
matmul_linear_3416,54.2594374
matmul_linear_3417,60.168276500000005
matmul_linear_3418,38.8154555
matmul_linear_3419,41.4095712
matmul_linear_3420,44.057865899999996
matmul_linear_3421,46.5462947
matmul_linear_3422,49.220892799999994
matmul_linear_3423,57.1454377
matmul_linear_3424,59.99727670000001
matmul_linear_3425,10.7905534
matmul_linear_3426,17.39
matmul_linear_3427,19.855303499999998
matmul_linear_3428,32.343026699999996
matmul_linear_3429,34.629285700000004
matmul_linear_3430,36.60796429999999
matmul_linear_3431,33.7333929
matmul_linear_3432,36.438857199999994
matmul_linear_3433,39.2920091
matmul_linear_3434,42.071018200000005
matmul_linear_3435,44.898732300000006
matmul_linear_3436,47.691839400000006
matmul_linear_3437,50.5034198
matmul_linear_3438,53.182714499999996
matmul_linear_3439,55.9345714
matmul_linear_3440,58.720259
matmul_linear_3441,11.1274108
matmul_linear_3442,20.455857
matmul_linear_3443,24.0533032
matmul_linear_3444,27.370116000000003
matmul_linear_3445,30.8099734
matmul_linear_3446,45.650848399999994
matmul_linear_3447,48.8506964
matmul_linear_3448,46.10784829999999
matmul_linear_3449,56.7037053
matmul_linear_3450,61.299151800000004
matmul_linear_3451,65.72500869999999
matmul_linear_3452,70.264866
matmul_linear_3453,74.8127145
matmul_linear_3454,79.21388390000001
matmul_linear_3455,83.8575892
matmul_linear_3456,88.31985730000001
matmul_linear_3457,13.301392399999997
matmul_linear_3458,21.077553700000003
matmul_linear_3459,28.8169821
matmul_linear_3460,33.099857199999995
matmul_linear_3461,42.8245177
matmul_linear_3462,45.2094194
matmul_linear_3463,47.6635714
matmul_linear_3464,50.244178700000006
matmul_linear_3465,47.275294699999996
matmul_linear_3466,50.897017899999994
matmul_linear_3467,54.8035984
matmul_linear_3468,58.33927669999999
matmul_linear_3469,62.05568740000001
matmul_linear_3470,65.51626769999999
matmul_linear_3471,69.3348482
matmul_linear_3472,72.679
matmul_linear_3473,13.396115900000002
matmul_linear_3474,24.600437499999998
matmul_linear_3475,28.1341426
matmul_linear_3476,32.0364373
matmul_linear_3477,35.5388392
matmul_linear_3478,53.9000088
matmul_linear_3479,57.426723200000005
matmul_linear_3480,60.76485720000001
matmul_linear_3481,64.15944640000001
matmul_linear_3482,55.9033128
matmul_linear_3483,59.524571300000005
matmul_linear_3484,63.1781428
matmul_linear_3485,66.62698209999999
matmul_linear_3486,70.3585894
matmul_linear_3487,74.0175804
matmul_linear_3488,77.71271429999999
matmul_linear_3489,17.0762677
matmul_linear_3490,25.167303600000004
matmul_linear_3491,34.5094553
matmul_linear_3492,48.13058919999999
matmul_linear_3493,51.018580400000005
matmul_linear_3494,53.639732
matmul_linear_3495,56.4128839
matmul_linear_3496,61.263276899999994
matmul_linear_3497,78.902991
matmul_linear_3498,81.8237141
matmul_linear_3499,79.80770530000001
matmul_linear_3500,84.9726072
matmul_linear_3501,90.121411
matmul_linear_3502,95.1892679
matmul_linear_3503,100.3269732
matmul_linear_3504,105.4619733
matmul_linear_3505,17.0565803
matmul_linear_3506,28.3575267
matmul_linear_3507,34.666580499999995
matmul_linear_3508,39.778705599999995
matmul_linear_3509,44.389285599999994
matmul_linear_3510,49.2112947
matmul_linear_3511,66.0708302
matmul_linear_3512,69.8383035
matmul_linear_3513,73.54667859999999
matmul_linear_3514,77.18329450000002
matmul_linear_3515,80.9331339
matmul_linear_3516,85.164884
matmul_linear_3517,90.23074979999998
matmul_linear_3518,95.37268759999999
matmul_linear_3519,100.54158930000001
matmul_linear_3520,105.64226790000001
matmul_linear_3521,17.517134000000006
matmul_linear_3522,32.451009
matmul_linear_3523,36.597991199999996
matmul_linear_3524,41.100731700000004
matmul_linear_3525,45.2972767
matmul_linear_3526,63.8682947
matmul_linear_3527,66.8202501
matmul_linear_3528,78.7374197
matmul_linear_3529,82.67313390000001
matmul_linear_3530,86.68557140000001
matmul_linear_3531,90.77671439999999
matmul_linear_3532,95.05871440000001
matmul_linear_3533,85.4339999
matmul_linear_3534,90.21942859999999
matmul_linear_3535,104.1905535
matmul_linear_3536,108.9755803
matmul_linear_3537,17.468741299999998
matmul_linear_3538,32.46484830000001
matmul_linear_3539,36.67475
matmul_linear_3540,41.1815893
matmul_linear_3541,45.500151900000006
matmul_linear_3542,70.65815189999998
matmul_linear_3543,74.78070559999999
matmul_linear_3544,78.79699110000001
matmul_linear_3545,82.7828572
matmul_linear_3546,86.82512510000001
matmul_linear_3547,90.94569650000001
matmul_linear_3548,95.2734466
matmul_linear_3549,99.5881339
matmul_linear_3550,90.78598209999998
matmul_linear_3551,104.7065537
matmul_linear_3552,109.5035535
matmul_linear_3553,20.9411699
matmul_linear_3554,35.8820267
matmul_linear_3555,41.040875099999994
matmul_linear_3556,46.427116
matmul_linear_3557,51.5171426
matmul_linear_3558,56.90345510000001
matmul_linear_3559,62.41112510000001
matmul_linear_3560,67.9915715
matmul_linear_3561,94.58899980000001
matmul_linear_3562,99.3673484
matmul_linear_3563,104.3502948
matmul_linear_3564,109.3491606
matmul_linear_3565,114.6330001
matmul_linear_3566,119.7197412
matmul_linear_3567,129.14684800000003
matmul_linear_3568,172.65998199999999
matmul_linear_3569,20.9422767
matmul_linear_3570,27.7044286
matmul_linear_3571,45.700419700000005
matmul_linear_3572,52.075160700000005
matmul_linear_3573,58.21812490000001
matmul_linear_3574,64.2213124
matmul_linear_3575,70.38485719999998
matmul_linear_3576,88.2189823
matmul_linear_3577,92.5868394
matmul_linear_3578,96.85601779999999
matmul_linear_3579,101.28715180000002
matmul_linear_3580,105.4670088
matmul_linear_3581,130.2022681
matmul_linear_3582,136.1675537
matmul_linear_3583,143.30400000000003
matmul_linear_3584,172.8845801
matmul_linear_3585,4.2500089
matmul_linear_3586,5.5817232
matmul_linear_3587,6.7825627
matmul_linear_3588,8.267732
matmul_linear_3589,9.3787229
matmul_linear_3590,9.770723
matmul_linear_3591,10.8805446
matmul_linear_3592,11.910535600000001
matmul_linear_3593,13.042419800000001
matmul_linear_3594,14.0106964
matmul_linear_3595,15.070848000000002
matmul_linear_3596,16.186419899999997
matmul_linear_3597,17.2336073
matmul_linear_3598,20.2107051
matmul_linear_3599,21.3141249
matmul_linear_3600,22.2201248
matmul_linear_3601,5.036571599999999
matmul_linear_3602,8.1822767
matmul_linear_3603,9.7048752
matmul_linear_3604,11.914999900000002
matmul_linear_3605,11.7383127
matmul_linear_3606,12.9937054
matmul_linear_3607,14.261990999999998
matmul_linear_3608,15.5132678
matmul_linear_3609,16.774276899999997
matmul_linear_3610,18.008151700000003
matmul_linear_3611,19.249848099999998
matmul_linear_3612,20.5390268
matmul_linear_3613,21.826455099999997
matmul_linear_3614,23.079008800000004
matmul_linear_3615,24.2837142
matmul_linear_3616,25.6204375
matmul_linear_3617,6.330678600000001
matmul_linear_3618,9.6970001
matmul_linear_3619,11.794008900000001
matmul_linear_3620,13.4057231
matmul_linear_3621,14.874687599999998
matmul_linear_3622,16.1772587
matmul_linear_3623,17.741142900000003
matmul_linear_3624,19.1558392
matmul_linear_3625,20.5597143
matmul_linear_3626,21.9775444
matmul_linear_3627,23.476008999999998
matmul_linear_3628,24.9074017
matmul_linear_3629,26.3928304
matmul_linear_3630,27.9145625
matmul_linear_3631,29.3857232
matmul_linear_3632,30.923000100000003
matmul_linear_3633,7.695285600000001
matmul_linear_3634,11.667401799999997
matmul_linear_3635,13.5844463
matmul_linear_3636,15.479580200000001
matmul_linear_3637,18.012866099999997
matmul_linear_3638,20.4705801
matmul_linear_3639,23.0937054
matmul_linear_3640,25.6121343
matmul_linear_3641,31.300428699999998
matmul_linear_3642,33.7081248
matmul_linear_3643,36.1349823
matmul_linear_3644,38.4057321
matmul_linear_3645,40.8390267
matmul_linear_3646,43.2584107
matmul_linear_3647,48.650991000000005
matmul_linear_3648,47.997446499999995
matmul_linear_3649,11.5407232
matmul_linear_3650,14.253339200000003
matmul_linear_3651,16.509428500000002
matmul_linear_3652,26.0978212
matmul_linear_3653,22.0111877
matmul_linear_3654,24.0618842
matmul_linear_3655,26.2655803
matmul_linear_3656,28.247589499999997
matmul_linear_3657,30.3652946
matmul_linear_3658,32.50415160000001
matmul_linear_3659,34.5627499
matmul_linear_3660,36.655009
matmul_linear_3661,38.6427408
matmul_linear_3662,40.7074109
matmul_linear_3663,42.952830500000005
matmul_linear_3664,44.9697408
matmul_linear_3665,9.795410700000001
matmul_linear_3666,13.0348569
matmul_linear_3667,18.8935716
matmul_linear_3668,30.381875099999995
matmul_linear_3669,32.5362679
matmul_linear_3670,24.9807501
matmul_linear_3671,27.921276900000002
matmul_linear_3672,30.901884000000003
matmul_linear_3673,33.819107
matmul_linear_3674,41.3416785
matmul_linear_3675,44.042848199999995
matmul_linear_3676,46.6455802
matmul_linear_3677,49.448705399999994
matmul_linear_3678,52.012017900000004
matmul_linear_3679,59.6125625
matmul_linear_3680,62.6811607
matmul_linear_3681,15.4108485
matmul_linear_3682,18.156883999999998
matmul_linear_3683,21.056419499999997
matmul_linear_3684,34.4889821
matmul_linear_3685,36.80911619999999
matmul_linear_3686,38.952866199999995
matmul_linear_3687,35.702285599999996
matmul_linear_3688,38.619571300000004
matmul_linear_3689,41.5349642
matmul_linear_3690,44.506411
matmul_linear_3691,47.4435712
matmul_linear_3692,50.4112679
matmul_linear_3693,53.3639997
matmul_linear_3694,56.104000199999994
matmul_linear_3695,59.0478392
matmul_linear_3696,62.0252857
matmul_linear_3697,11.748866199999998
matmul_linear_3698,21.8071339
matmul_linear_3699,25.4694017
matmul_linear_3700,29.150017799999993
matmul_linear_3701,32.724848099999996
matmul_linear_3702,48.624839099999996
matmul_linear_3703,52.002259
matmul_linear_3704,48.1164196
matmul_linear_3705,52.99958019999999
matmul_linear_3706,64.0587141
matmul_linear_3707,68.6001876
matmul_linear_3708,73.41040160000001
matmul_linear_3709,78.1927234
matmul_linear_3710,82.8319736
matmul_linear_3711,87.59542860000002
matmul_linear_3712,92.3385983
matmul_linear_3713,14.305865800000001
matmul_linear_3714,22.3715624
matmul_linear_3715,30.390589499999997
matmul_linear_3716,35.21916040000001
matmul_linear_3717,39.6772949
matmul_linear_3718,47.9161517
matmul_linear_3719,50.59088380000001
matmul_linear_3720,53.19141069999999
matmul_linear_3721,49.994044499999994
matmul_linear_3722,53.7858574
matmul_linear_3723,57.81425899999999
matmul_linear_3724,61.597437699999986
matmul_linear_3725,65.42997299999999
matmul_linear_3726,69.2041428
matmul_linear_3727,73.1654643
matmul_linear_3728,76.7938659
matmul_linear_3729,14.343875
matmul_linear_3730,26.0594106
matmul_linear_3731,29.954580299999996
matmul_linear_3732,33.70958019999999
matmul_linear_3733,37.6810001
matmul_linear_3734,57.5565716
matmul_linear_3735,60.872464300000004
matmul_linear_3736,64.321411
matmul_linear_3737,67.80941979999999
matmul_linear_3738,114.3662589
matmul_linear_3739,63.6045537
matmul_linear_3740,67.609741
matmul_linear_3741,71.5826963
matmul_linear_3742,75.57841069999999
matmul_linear_3743,79.4448306
matmul_linear_3744,83.3751427
matmul_linear_3745,18.1218389
matmul_linear_3746,26.6809822
matmul_linear_3747,30.597589200000005
matmul_linear_3748,51.1319644
matmul_linear_3749,54.2247052
matmul_linear_3750,57.067017699999994
matmul_linear_3751,78.75413369999998
matmul_linear_3752,81.903866
matmul_linear_3753,84.06700869999999
matmul_linear_3754,105.671009
matmul_linear_3755,83.0550178
matmul_linear_3756,88.34057140000002
matmul_linear_3757,93.5302945
matmul_linear_3758,98.90600029999999
matmul_linear_3759,104.20200890000001
matmul_linear_3760,136.26584810000003
matmul_linear_3761,18.1374197
matmul_linear_3762,30.3645624
matmul_linear_3763,36.9885893
matmul_linear_3764,42.254321399999995
matmul_linear_3765,47.269294599999995
matmul_linear_3766,52.2084375
matmul_linear_3767,70.48672309999999
matmul_linear_3768,74.37015190000001
matmul_linear_3769,78.3557144
matmul_linear_3770,82.113125
matmul_linear_3771,86.0786874
matmul_linear_3772,88.56641959999999
matmul_linear_3773,93.7304374
matmul_linear_3774,99.0875538
matmul_linear_3775,104.3797409
matmul_linear_3776,136.52270529999998
matmul_linear_3777,18.1672857
matmul_linear_3778,34.348027
matmul_linear_3779,38.908169400000006
matmul_linear_3780,43.661276699999995
matmul_linear_3781,48.224875000000004
matmul_linear_3782,53.0749823
matmul_linear_3783,79.5477323
matmul_linear_3784,83.8905804
matmul_linear_3785,87.94982150000001
matmul_linear_3786,92.3078304
matmul_linear_3787,96.6794198
matmul_linear_3788,101.33800889999999
matmul_linear_3789,87.0426963
matmul_linear_3790,91.9205804
matmul_linear_3791,97.5093394
matmul_linear_3792,102.5239731
matmul_linear_3793,18.1983035
matmul_linear_3794,34.3755893
matmul_linear_3795,39.1205893
matmul_linear_3796,43.729848399999995
matmul_linear_3797,48.321152
matmul_linear_3798,53.2921429
matmul_linear_3799,79.67771440000001
matmul_linear_3800,83.8306963
matmul_linear_3801,88.0257145
matmul_linear_3802,92.4210267
matmul_linear_3803,96.8475715
matmul_linear_3804,101.4841337
matmul_linear_3805,106.1056789
matmul_linear_3806,96.164
matmul_linear_3807,101.37740170000001
matmul_linear_3808,106.3096071
matmul_linear_3809,22.2565625
matmul_linear_3810,38.1697055
matmul_linear_3811,43.7739821
matmul_linear_3812,49.076705399999994
matmul_linear_3813,54.590705099999994
matmul_linear_3814,60.2122945
matmul_linear_3815,65.8607055
matmul_linear_3816,71.6742768
matmul_linear_3817,100.0859911
matmul_linear_3818,105.3265982
matmul_linear_3819,110.3949911
matmul_linear_3820,115.9858483
matmul_linear_3821,121.10529470000002
matmul_linear_3822,126.67156249999998
matmul_linear_3823,136.7968573
matmul_linear_3824,143.54841949999997
matmul_linear_3825,22.303598400000002
matmul_linear_3826,29.4192859
matmul_linear_3827,48.5388659
matmul_linear_3828,55.3089554
matmul_linear_3829,61.834535800000005
matmul_linear_3830,68.2247144
matmul_linear_3831,74.68145559999999
matmul_linear_3832,93.7831697
matmul_linear_3833,98.3038483
matmul_linear_3834,102.89816059999998
matmul_linear_3835,107.417027
matmul_linear_3836,132.3115982
matmul_linear_3837,138.39597320000001
matmul_linear_3838,144.66858910000002
matmul_linear_3839,152.254277
matmul_linear_3840,143.7657233
matmul_linear_3841,4.1832946
matmul_linear_3842,5.5054286
matmul_linear_3843,6.766401900000001
matmul_linear_3844,8.2024378
matmul_linear_3845,9.4722858
matmul_linear_3846,10.5770983
matmul_linear_3847,11.6652767
matmul_linear_3848,12.936714599999998
matmul_linear_3849,14.132571500000001
matmul_linear_3850,15.242553700000002
matmul_linear_3851,16.4758931
matmul_linear_3852,17.6476963
matmul_linear_3853,18.799133899999998
matmul_linear_3854,19.9509734
matmul_linear_3855,21.1137145
matmul_linear_3856,23.8704287
matmul_linear_3857,5.063187600000001
matmul_linear_3858,8.2185716
matmul_linear_3859,10.5131251
matmul_linear_3860,12.872437600000001
matmul_linear_3861,15.2507589
matmul_linear_3862,13.965419700000002
matmul_linear_3863,15.3591252
matmul_linear_3864,16.6364463
matmul_linear_3865,18.027580499999996
matmul_linear_3866,19.338866200000002
matmul_linear_3867,20.6458659
matmul_linear_3868,22.2026963
matmul_linear_3869,23.490732100000002
matmul_linear_3870,24.811428600000003
matmul_linear_3871,26.225705500000004
matmul_linear_3872,27.597562700000005
matmul_linear_3873,6.266580500000001
matmul_linear_3874,10.041875
matmul_linear_3875,11.678267700000001
matmul_linear_3876,13.5654018
matmul_linear_3877,15.496875
matmul_linear_3878,16.9374466
matmul_linear_3879,18.4601427
matmul_linear_3880,20.048276800000004
matmul_linear_3881,21.591455
matmul_linear_3882,23.0377319
matmul_linear_3883,24.5222948
matmul_linear_3884,26.0902678
matmul_linear_3885,27.6212499
matmul_linear_3886,29.113267899999993
matmul_linear_3887,30.5898482
matmul_linear_3888,32.10114270000001
matmul_linear_3889,7.599580500000002
matmul_linear_3890,12.3197056
matmul_linear_3891,14.402151500000002
matmul_linear_3892,16.525446499999997
matmul_linear_3893,19.2989731
matmul_linear_3894,22.0757051
matmul_linear_3895,24.8207052
matmul_linear_3896,24.457982
matmul_linear_3897,26.321723400000003
matmul_linear_3898,36.52571450000001
matmul_linear_3899,39.239732200000006
matmul_linear_3900,41.941134
matmul_linear_3901,44.593981899999996
matmul_linear_3902,47.269446499999994
matmul_linear_3903,49.946830399999996
matmul_linear_3904,52.6327144
matmul_linear_3905,9.3322947
matmul_linear_3906,14.781562500000001
matmul_linear_3907,16.9922856
matmul_linear_3908,27.5957141
matmul_linear_3909,23.4639731
matmul_linear_3910,25.750276799999995
matmul_linear_3911,28.0394018
matmul_linear_3912,30.337133900000005
matmul_linear_3913,32.65712510000001
matmul_linear_3914,34.905723099999996
matmul_linear_3915,37.246312399999994
matmul_linear_3916,39.556124999999994
matmul_linear_3917,41.96057129999999
matmul_linear_3918,44.268571300000005
matmul_linear_3919,46.529285800000004
matmul_linear_3920,48.8665893
matmul_linear_3921,10.113741000000001
matmul_linear_3922,13.6118396
matmul_linear_3923,22.0165805
matmul_linear_3924,32.0435714
matmul_linear_3925,34.2096877
matmul_linear_3926,26.0888213
matmul_linear_3927,29.0048928
matmul_linear_3928,31.979410599999994
matmul_linear_3929,40.657000100000005
matmul_linear_3930,43.5931249
matmul_linear_3931,46.5274285
matmul_linear_3932,49.4314286
matmul_linear_3933,52.34502689999999
matmul_linear_3934,55.23558920000001
matmul_linear_3935,58.1395624
matmul_linear_3936,61.077830299999995
matmul_linear_3937,11.948830400000002
matmul_linear_3938,19.4455804
matmul_linear_3939,21.929017999999996
matmul_linear_3940,36.4529821
matmul_linear_3941,38.798124900000005
matmul_linear_3942,41.0134642
matmul_linear_3943,35.305018000000004
matmul_linear_3944,38.0504288
matmul_linear_3945,40.90052669999999
matmul_linear_3946,43.71469619999999
matmul_linear_3947,46.6444197
matmul_linear_3948,49.306008899999995
matmul_linear_3949,52.170169699999995
matmul_linear_3950,55.24398190000001
matmul_linear_3951,57.9738572
matmul_linear_3952,60.966571399999985
matmul_linear_3953,12.3874552
matmul_linear_3954,23.129008900000002
matmul_linear_3955,26.916866199999998
matmul_linear_3956,30.8071249
matmul_linear_3957,34.605991
matmul_linear_3958,46.0191162
matmul_linear_3959,55.0505714
matmul_linear_3960,52.70656280000001
matmul_linear_3961,56.872089300000006
matmul_linear_3962,68.91325889999999
matmul_linear_3963,73.975866
matmul_linear_3964,79.181116
matmul_linear_3965,84.130473
matmul_linear_3966,89.15384809999999
matmul_linear_3967,94.2815536
matmul_linear_3968,99.357134
matmul_linear_3969,14.8736961
matmul_linear_3970,27.0570178
matmul_linear_3971,31.9602858
matmul_linear_3972,36.66786629999999
matmul_linear_3973,41.479294700000004
matmul_linear_3974,50.6522409
matmul_linear_3975,53.337714299999995
matmul_linear_3976,56.24873219999999
matmul_linear_3977,52.557580400000006
matmul_linear_3978,56.638
matmul_linear_3979,60.878151700000004
matmul_linear_3980,64.82127679999999
matmul_linear_3981,68.9144284
matmul_linear_3982,72.7862949
matmul_linear_3983,76.9537054
matmul_linear_3984,80.7122681
matmul_linear_3985,14.941160700000001
matmul_linear_3986,27.588883600000003
matmul_linear_3987,31.578866000000005
matmul_linear_3988,35.7484464
matmul_linear_3989,39.846857
matmul_linear_3990,60.76297319999999
matmul_linear_3991,64.3998748
matmul_linear_3992,68.2875627
matmul_linear_3993,71.9838213
matmul_linear_3994,62.3233034
matmul_linear_3995,66.56042860000001
matmul_linear_3996,70.50399999999999
matmul_linear_3997,74.6854464
matmul_linear_3998,78.7104374
matmul_linear_3999,90.9777143
matmul_linear_4000,87.05683919999998
matmul_linear_4001,19.215276800000005
matmul_linear_4002,28.3024106
matmul_linear_4003,31.8255893
matmul_linear_4004,54.22271429999999
matmul_linear_4005,57.13542849999999
matmul_linear_4006,61.46601770000001
matmul_linear_4007,64.628732
matmul_linear_4008,68.1595717
matmul_linear_4009,71.0240266
matmul_linear_4010,74.5162856
matmul_linear_4011,88.5571074
matmul_linear_4012,94.1195982
matmul_linear_4013,99.80441049999999
matmul_linear_4014,131.7062767
matmul_linear_4015,139.2672857
matmul_linear_4016,146.8608302
matmul_linear_4017,19.2455717
matmul_linear_4018,32.1165623
matmul_linear_4019,36.384464200000004
matmul_linear_4020,44.786410599999996
matmul_linear_4021,50.0331073
matmul_linear_4022,55.325285900000004
matmul_linear_4023,74.45758939999999
matmul_linear_4024,78.74758059999999
matmul_linear_4025,82.823875
matmul_linear_4026,86.8061428
matmul_linear_4027,90.83429430000001
matmul_linear_4028,94.3141427
matmul_linear_4029,99.9815714
matmul_linear_4030,131.98153549999998
matmul_linear_4031,139.5107053
matmul_linear_4032,147.046125
matmul_linear_4033,19.3941429
matmul_linear_4034,36.369044599999995
matmul_linear_4035,41.0554106
matmul_linear_4036,45.91069639999999
matmul_linear_4037,50.6772859
matmul_linear_4038,71.15483020000002
matmul_linear_4039,74.5897232
matmul_linear_4040,78.5922588
matmul_linear_4041,81.8817053
matmul_linear_4042,85.77926790000001
matmul_linear_4043,89.0786965
matmul_linear_4044,93.00642839999999
matmul_linear_4045,91.6609466
matmul_linear_4046,96.8161071
matmul_linear_4047,102.5868394
matmul_linear_4048,107.7432679
matmul_linear_4049,19.542598299999998
matmul_linear_4050,36.54816089999999
matmul_linear_4051,41.136009
matmul_linear_4052,45.94284809999999
matmul_linear_4053,50.891866199999996
matmul_linear_4054,57.2120179
matmul_linear_4055,83.9687412
matmul_linear_4056,88.4915804
matmul_linear_4057,92.8775894
matmul_linear_4058,97.62440169999999
matmul_linear_4059,102.001732
matmul_linear_4060,131.1385447
matmul_linear_4061,135.80401799999999
matmul_linear_4062,111.61072310000002
matmul_linear_4063,116.49486630000001
matmul_linear_4064,122.1902499
matmul_linear_4065,23.514723299999996
matmul_linear_4066,40.4838392
matmul_linear_4067,46.17501800000001
matmul_linear_4068,52.06301790000001
matmul_linear_4069,57.8023214
matmul_linear_4070,63.6816964
matmul_linear_4071,69.64487489999999
matmul_linear_4072,75.5425357
matmul_linear_4073,106.12
matmul_linear_4074,111.85872320000001
matmul_linear_4075,117.2783928
matmul_linear_4076,122.8898481
matmul_linear_4077,128.28055360000002
matmul_linear_4078,134.025
matmul_linear_4079,134.5438572
matmul_linear_4080,141.4347143
matmul_linear_4081,23.5981251
matmul_linear_4082,31.148865999999998
matmul_linear_4083,45.9763216
matmul_linear_4084,58.600848299999996
matmul_linear_4085,65.5168482
matmul_linear_4086,72.2194198
matmul_linear_4087,79.09700000000001
matmul_linear_4088,99.3338573
matmul_linear_4089,104.13970530000002
matmul_linear_4090,108.8481161
matmul_linear_4091,133.587705
matmul_linear_4092,140.14768750000002
matmul_linear_4093,146.4715626
matmul_linear_4094,153.17172339999996
matmul_linear_4095,161.1504284
matmul_linear_4096,141.5760268
